id;nom;nom_normalise
F00001;Hadi Zaher;hadi zaher
F00002;Oussama Messaoud;oussama messaoud
F00003;Anis Sahbani;anis sahbani
F00004;Philippe Bidaud;philippe bidaud
F00005;Christophe Grand;christophe grand
F00006;Yasser Bououd;yasser bououd
F00007;Ahmed Cheikhrouhou;ahmed cheikhrouhou
F00008;Haroun Bouchrit;haroun bouchrit
F00009;Karim Kharrat;karim kharrat
F00010;Nizar Ghram;nizar ghram
F00011;Sofiene Ghram;sofiene ghram
F00012;Anis Ghorbel;anis ghorbel
F00013;Najmeddine Nouri;najmeddine nouri
F00014;Sofiene Ghorbel;sofiene ghorbel
F00015;Walid Chamekh;walid chamekh
F00016;Mehdi Triki;mehdi triki
F00017;Khaoula Ben Slimane;khaoula ben slimane
F00018;Ilyes Gouja;ilyes gouja
F00019;Ghazi Ketata;ghazi ketata
F00020;Ameni Mansouri;ameni mansouri
F00021;Oussama Mahjoub;oussama mahjoub
F00022;Moez Lachned;moez lachned
F00023;Ahmed Nabli;ahmed nabli
F00024;Khaled Frad;khaled frad
F00025;Ramzi Mrad;ramzi mrad
F00026;Khatib Chakchouk;khatib chakchouk
F00027;Karim Skik;karim skik
F00028;Omar El Matri;omar el matri
F00029;Ahmed Farhat;ahmed farhat
F00030;Kais Laouiti;kais laouiti
F00031;Elyes Jouini;elyes jouini
F00032;Hemdene Ben Othmane;hemdene ben othmane
F00033;Mohamed Ali Elloumi;mohamed ali elloumi
F00034;Yahya Bouhlel;yahya bouhlel
F00035;Amine Bouhlel;amine bouhlel
F00036;Ramla Jarrar;ramla jarrar
F00037;Firas Jabloun;firas jabloun
F00038;Nebras Jemel;nebras jemel
F00039;Anis Kallel;anis kallel
F00040;Rostom Bouazizi;rostom bouazizi
F00041;Gaetan Deremince;gaetan deremince
F00042;Marius Andra;marius andra
F00043;Amor Sahnoun;amor sahnoun
F00044;Makrem Erguez;makrem erguez
F00045;Ismail Ben Sassi;ismail ben sassi
F00046;Rodolphe Villaes;rodolphe villaes
F00047;Selim Kanzari;selim kanzari
F00048;Tahar Azizi;tahar azizi
F00049;Issam Smaali;issam smaali
F00050;Mohamed Nour Ben Yahia;mohamed nour ben yahia
F00051;Mohamed Belghith;mohamed belghith
F00052;Fakhreddine Hachfi;fakhreddine hachfi
F00053;Bechir Yakhlef;bechir yakhlef
F00054;Salwa Armani;salwa armani
F00055;Hamdi Bouslah;hamdi bouslah
F00056;Ali Boulila;ali boulila
F00057;Nacef Bouzguenda;nacef bouzguenda
F00058;Zied Loukil;zied loukil
F00059;Ferdaous Masmoudi;ferdaous masmoudi
F00060;Moslem Ben Dhaou;moslem ben dhaou
F00061;Bilel Methnani;bilel methnani
F00062;Mourad Bouabdallah;mourad bouabdallah
F00063;Aymen Talbi;aymen talbi
F00064;Dorra Kammoun;dorra kammoun
F00065;Oussama Romdhane;oussama romdhane
F00066;Karim Jouini;karim jouini
F00067;Jihed Othmani;jihed othmani
F00068;Mokhles Masmoudi;mokhles masmoudi
F00069;Anis Ben Arbia;anis ben arbia
F00070;Nidhal Abidi;nidhal abidi
F00071;Mohamed Selim Hadrich;mohamed selim hadrich
F00072;Nadhir Abidi;nadhir abidi
F00073;Seyf Hamdaoui;seyf hamdaoui
F00074;Amel Besbes;amel besbes
F00075;Kais Aribi;kais aribi
F00076;Mohamed Salouati;mohamed salouati
F00077;Mehdi Mazlout;mehdi mazlout
F00078;Walid Saghari;walid saghari
F00079;Marwen Amamou;marwen amamou
F00080;Imed Abed;imed abed
F00081;Fadoua Ouerdiane;fadoua ouerdiane
F00082;Mohamed Ali Afif;mohamed ali afif
F00083;Houssem Maiza;houssem maiza
F00084;Rochdi Zaghden;rochdi zaghden
F00085;Walid Dieff Allah;walid dieff allah
F00086;Adam Chebbi;adam chebbi
F00087;Khalil Ben Hamouda;khalil ben hamouda
F00088;Hani Hamrouni;hani hamrouni
F00089;Davide David;davide david
F00090;Ferid Kamel;ferid kamel
F00091;Mohamed Abul Heija;mohamed abul heija
F00092;Walid Meskine;walid meskine
F00093;Aida Rafrafi;aida rafrafi
F00094;Achraf Jamli;achraf jamli
F00095;Abdelmajid Mathlouthi;abdelmajid mathlouthi
F00096;Karim Yahyaoui;karim yahyaoui
F00097;Hamdi Ben Amor;hamdi ben amor
F00098;Ali Bouslama;ali bouslama
F00099;Khaled Aouij;khaled aouij
F00100;Ahmed Ben Hamida;ahmed ben hamida
F00101;Omar Chahata;omar chahata
F00102;Ahmed Rouetbi;ahmed rouetbi
F00103;Mohamed Ghmadh;mohamed ghmadh
F00104;Abdelaziz Bahri;abdelaziz bahri
F00105;Naiim Lamloumi;naiim lamloumi
F00106;Tarak Nachnouchi;tarak nachnouchi
F00107;Mohamed Methnani;mohamed methnani
F00108;Aymen Tleilia;aymen tleilia
F00109;Hatem Lefi;hatem lefi
F00110;Sawssen Bellaj;sawssen bellaj
F00111;Walid Balti;walid balti
F00112;Abderahmen Mahmoudi;abderahmen mahmoudi
F00113;Takieddine Ben Messaoud;takieddine ben messaoud
F00114;Sami Tounsi;sami tounsi
F00115;Zied Ouerdani;zied ouerdani
F00116;Seifeddine Ben Hamouda;seifeddine ben hamouda
F00117;Zohra Slim;zohra slim
F00118;Karim Beguir;karim beguir
F00119;Ahmed Ben Achballah;ahmed ben achballah
F00120;Bassem Boujelben;bassem boujelben
F00121;Zied Chabchoub;zied chabchoub
F00122;Tarek Blaiech;tarek blaiech
F00123;Mohamed Kallel;mohamed kallel
F00124;Achraf Chabbouh;achraf chabbouh
F00125;Ahmed Ben Said;ahmed ben said
F00126;Rateb Jabbar;rateb jabbar
F00127;Amine Laaroussi;amine laaroussi
F00128;Slim Ben Nasrsallah;slim ben nasrsallah
F00129;Jacer Omri;jacer omri
F00130;Mohamed Ben Hadj Aissa;mohamed ben hadj aissa
F00131;Jihed Bibani;jihed bibani
F00132;Ben Messaoud TakiEddine;ben messaoud takieddine
F00133;Wala Kasmi;wala kasmi
F00134;Mohamed Ali Boumiza;mohamed ali boumiza
F00135;Issam Bellaj;issam bellaj
F00136;Aymen Turki;aymen turki
F00137;Emna Jellouli;emna jellouli
F00138;Sofiene Horrigue;sofiene horrigue
F00139;Hajer Derouiche;hajer derouiche
F00140;Hedi Derouiche;hedi derouiche
F00141;Achraf Khelil;achraf khelil
F00142;Jacques-Yves Foucou;jacques yves foucou
F00143;Kais Assali;kais assali
F00144;Anis Wahabi;anis wahabi
F00145;Beldi Zied;beldi zied
F00146;Hichem Radoine;hichem radoine
F00147;Azzam Souelmia;azzam souelmia
F00148;Anis Maghar;anis maghar
F00149;Imen Maghar;imen maghar
F00150;Hazem Guent;hazem guent
F00151;Yassine Dimassi;yassine dimassi
F00152;Oussema Marai;oussema marai
F00153;Ghada Chelly;ghada chelly
F00154;Marwen Badri;marwen badri
F00155;Youssef El Behi;youssef el behi
F00156;Aziz Annabi;aziz annabi
F00157;Bilel Labidi;bilel labidi
F00158;Med Abdel Aziz Battikh;med abdel aziz battikh
F00159;Nour Tekaya;nour tekaya
F00160;Iskander Gafsi;iskander gafsi
F00161;Ayoub Ben younes;ayoub ben younes
F00162;Sophie Alexandra Aiachi;sophie alexandra aiachi
F00163;Hichem Moalla;hichem moalla
F00164;Yahia Moalla;yahia moalla
F00165;Imen Issaoui;imen issaoui
F00166;Mohamed Aloulou;mohamed aloulou
F00167;Hichem Ben Hammouda;hichem ben hammouda
F00168;Mohamed Amine Sammari;mohamed amine sammari
F00169;Rami Boudaya;rami boudaya
F00170;Mehdi Mabrouk;mehdi mabrouk
F00171;Faouzi Moussa;faouzi moussa
F00172;Mustapha Boughzou;mustapha boughzou
F00173;Sofiane Mabrouk;sofiane mabrouk
F00174;Bechir Afifi;bechir afifi
F00175;Mohamed Ben Sfar;mohamed ben sfar
F00176;Jihed Hannachi;jihed hannachi
F00177;Rabie Saidi;rabie saidi
F00178;Soufien Ben Hamza;soufien ben hamza
F00179;Nizar Bouguila;nizar bouguila
F00180;Bessem Jallouli;bessem jallouli
F00181;Mohamed Boujelban;mohamed boujelban
F00182;Yassine Ben Menadi;yassine ben menadi
F00183;Chedli Ben Menadi;chedli ben menadi
F00184;Sahar Ben Rached;sahar ben rached
F00185;Zeineb Chabchoub;zeineb chabchoub
F00186;Oussema Ksontini;oussema ksontini
F00187;Samed Jalouali;samed jalouali
F00188;Timothée Piette;timothee piette
F00189;Etienne Barrault;etienne barrault
F00190;Louis Hauvette;louis hauvette
F00191;Adel Jenni;adel jenni
F00192;Imed Kouki;imed kouki
F00193;Hedi Zouari;hedi zouari
F00194;Maher Heni;maher heni
F00195;Mohamed Taher Hammami;mohamed taher hammami
F00196;Aziz Ben Chedli;aziz ben chedli
F00197;Zied Ouled Ali;zied ouled ali
F00198;Mohamed Gastli;mohamed gastli
F00199;Syrine Chaalala;syrine chaalala
F00200;Neil Boussofara;neil boussofara
F00201;Foued Ben Babis;foued ben babis
F00202;Montassar Gharsa;montassar gharsa
F00203;Mahdi Houli;mahdi houli
F00204;Radhi Houli;radhi houli
F00205;Rim Besbes;rim besbes
F00206;Abdelaziz Ktari;abdelaziz ktari
F00207;Walid Messaoudia;walid messaoudia
F00208;Amine Dimassi;amine dimassi
F00209;Mohamed Amine Baatout;mohamed amine baatout
F00210;Mohamed Nadhir Belkhir;mohamed nadhir belkhir
F00211;Hafedh Dziri;hafedh dziri
F00212;Youssef Meksi;youssef meksi
F00213;Afef Bohli;afef bohli
F00214;Sami Tabbane;sami tabbane
F00215;Mahdi Ghribi;mahdi ghribi
F00216;Mohamed Sami Rahoui;mohamed sami rahoui
F00217;Mohamed Boumiza;mohamed boumiza
F00218;Houssine Midouni;houssine midouni
F00219;Amjed Ben Salah;amjed ben salah
F00220;Khaled Bouchoucha;khaled bouchoucha
F00221;Saifeddine Kacem;saifeddine kacem
F00222;AyetAllah Hlaiem;ayetallah hlaiem
F00223;Laaroussi Ben Younes;laaroussi ben younes
F00224;Nacir Bouazizi;nacir bouazizi
F00225;Ahmed Ben Marzoug;ahmed ben marzoug
F00226;Cheker Jarray;cheker jarray
F00227;Wahid Mnasri;wahid mnasri
F00228;Mohamed Amine Ghorbel;mohamed amine ghorbel
F00229;Becem Ben Mustapha;becem ben mustapha
F00230;Nader Zouari;nader zouari
F00231;Zakaria Hatira;zakaria hatira
F00232;Haythem Boughzala;haythem boughzala
F00233;Abdelhamid Kerkeni;abdelhamid kerkeni
F00234;Abdallah Najah;abdallah najah
F00235;Ines Hafi;ines hafi
F00236;Achref Ben Ouannes;achref ben ouannes
F00237;Ahmed Ben Zineb;ahmed ben zineb
F00238;Ahmed Adala;ahmed adala
F00239;Kheireddine Fradj;kheireddine fradj
F00240;Hussein Jenayah;hussein jenayah
F00241;Ellyes Chakroun;ellyes chakroun
F00242;Mahmoud Aboulrob;mahmoud aboulrob
F00243;Hidayet Ayadi;hidayet ayadi
F00244;Seifeddine Ben Achour;seifeddine ben achour
F00245;Oualid Khayatti;oualid khayatti
F00246;Oussema Maatouk;oussema maatouk
F00247;Selima Zaouali;selima zaouali
F00248;Aziz Zaouali;aziz zaouali
F00249;Mohamed Amine Grichi;mohamed amine grichi
F00250;Omar Bouattay;omar bouattay
F00251;Alexandre Borodich;alexandre borodich
F00252;Sofiene Chaieb;sofiene chaieb
F00253;Ahmed Ayadi;ahmed ayadi
F00254;Walid Mzoughi;walid mzoughi
F00255;Hela Gabsi;hela gabsi
F00256;Alaa Mokrani;alaa mokrani
F00257;Mohamed Amine Hlali;mohamed amine hlali
F00258;Houssem eddine Mrad;houssem eddine mrad
F00259;Marwan Abidi;marwan abidi
F00260;Lotfi Aguerbaoui;lotfi aguerbaoui
F00261;Zaineb Rezgui;zaineb rezgui
F00262;Mohamed Aymen Ben Elhaj Mabrouk;mohamed aymen ben elhaj mabrouk
F00263;Ines Dhaouadi;ines dhaouadi
F00264;Haykel Mrad;haykel mrad
F00265;Yazid Rahoui;yazid rahoui
F00266;Heni Sabbeh;heni sabbeh
F00267;Amine Souilhi;amine souilhi
F00268;Mohamed Mouldi Ayed;mohamed mouldi ayed
F00269;Sabri Lachaal;sabri lachaal
F00270;Mohamed Ali Jomaa;mohamed ali jomaa
F00271;Riyem Saidi;riyem saidi
F00272;Faycal Sessi;faycal sessi
F00273;Bassem Abdelhak;bassem abdelhak
F00274;Mohamed Nidham Sfar Gandoura;mohamed nidham sfar gandoura
F00275;Ahmed Khalil Abdelkhalek;ahmed khalil abdelkhalek
F00276;Boulbaba Zitouni;boulbaba zitouni
F00277;Ali Belhaj Zahi;ali belhaj zahi
F00278;Haythem Dabbabi;haythem dabbabi
F00279;Imen Hajji;imen hajji
F00280;Bechir Ben Brika;bechir ben brika
F00281;Hamza Khechine;hamza khechine
F00282;Issam Ezzeddine;issam ezzeddine
F00283;Imed Ezzeddine;imed ezzeddine
F00284;Badi Bouteraa;badi bouteraa
F00285;Khaoula Ben Ahmed;khaoula ben ahmed
F00286;Syrine Ayari;syrine ayari
F00287;Ghofrane Ayari;ghofrane ayari
F00288;Souleima Ben Temim;souleima ben temim
F00289;Mehdi Merai;mehdi merai
F00290;Slim Amamou;slim amamou
F00291;Nabegh Bechir Hatira;nabegh bechir hatira
F00292;Hassen Marzouki;hassen marzouki
F00293;Mehdi Nakouri;mehdi nakouri
F00294;Hazem Mhiri;hazem mhiri
F00295;Amine Allah Manai;amine allah manai
F00296;Khaled Dridi;khaled dridi
F00297;Elyes Elloumi;elyes elloumi
F00298;Ali ABid;ali abid
F00299;Mehdi Zaabar;mehdi zaabar
F00300;Ahmed Nouisser;ahmed nouisser
F00301;Mohamed Hatem Haddad;mohamed hatem haddad
F00302;Kacem Ghozzi;kacem ghozzi
F00303;Nebyl Ben Attia;nebyl ben attia
F00304;Syrine Boudriga;syrine boudriga
F00305;Mohamed Ala eddine Ben Trad;mohamed ala eddine ben trad
F00306;Kaouther Selmi;kaouther selmi
F00307;Khalil Ben Salah;khalil ben salah
F00308;Youssef Boufaied;youssef boufaied
F00309;Mustapha Gharbi;mustapha gharbi
F00310;Marwen Sami;marwen sami
F00311;Skander Amor;skander amor
F00312;Ahmed Ben Hssouna;ahmed ben hssouna
F00313;Nourhane Amara;nourhane amara
F00314;Noomane Lahimer;noomane lahimer
F00315;Maher Hanafi;maher hanafi
F00316;Latifa El Ghezal;latifa el ghezal
F00317;Mohamed Jaidane;mohamed jaidane
F00318;Mohamed Mekki Maalej;mohamed mekki maalej
F00319;Skander Ben Sassi;skander ben sassi
F00320;Chahrazed Remadi;chahrazed remadi
F00321;Makrem Hermassi;makrem hermassi
F00322;Mohamed Aziz CHAHED;mohamed aziz chahed
F00323;Mohamed Itheb Ben Abbes;mohamed itheb ben abbes
F00324;Oussama Ouda;oussama ouda
F00325;Mohamed Chebbi;mohamed chebbi
F00326;Nasreddine Cherih;nasreddine cherih
F00327;Marouane El Behi;marouane el behi
F00328;Sami Guetari;sami guetari
F00329;Nadia Bouslimi Guetari;nadia bouslimi guetari
F00330;Makrem Dhifalli;makrem dhifalli
F00331;Aymen Gatri;aymen gatri
F00332;Mounir Bezzarga;mounir bezzarga
F00333;Wajdi El Fehem;wajdi el fehem
F00334;Hassen Maiz;hassen maiz
F00335;Khaled Ben Ali;khaled ben ali
F00336;Fatma Ghizaoui;fatma ghizaoui
F00337;Mohamed Ben Hadj Hmida;mohamed ben hadj hmida
F00338;Wajih Gafsi;wajih gafsi
F00339;Mariem Gannouni;mariem gannouni
F00340;Yasmine Dahloul;yasmine dahloul
F00341;Sarra Khemakhem;sarra khemakhem
F00342;Firas Rhaiem;firas rhaiem
F00343;Anis Mezghani;anis mezghani
F00344;Wassim Khiari;wassim khiari
F00345;Mohamed Amine Ouni;mohamed amine ouni
F00346;Khaled Dhifallah Ennefii;khaled dhifallah ennefii
F00347;Mohamed Farouk Ben Achour;mohamed farouk ben achour
F00348;Zaroui Montasar Mannai Karim;zaroui montasar mannai karim
F00349;Haroun Moula;haroun moula
F00350;Amine Riahi;amine riahi
F00351;Mohamed Ali Hammami Hamad;mohamed ali hammami hamad
F00352;Mohamed Hamad Abden El Mra;mohamed hamad abden el mra
F00353;Ahmed EL KADHI;ahmed el kadhi
F00354;Mohamed BOUABIDI;mohamed bouabidi
F00355;Ayoub KHAMESSI;ayoub khamessi
F00356;Jelassi Mohamed Amine;jelassi mohamed amine
F00357;Baklouti Bassem;baklouti bassem
F00358;Ben Salah Slim;ben salah slim
F00359;Nouri Houssem Eddine;nouri houssem eddine
F00360;Karim Jelliti;karim jelliti
F00361;Slim MOalla;slim moalla
F00362;Salma Moalla;salma moalla
F00363;Fares Bouguecha;fares bouguecha
F00364;Chehrazade Remadi;chehrazade remadi
F00365;Mohamed Amine Hlaili;mohamed amine hlaili
F00366;Fares Belghith;fares belghith
F00367;Abdelrahman Ghariani;abdelrahman ghariani
F00368;Abdelhamid Boukhari;abdelhamid boukhari
F00369;Kalfat Sarra;kalfat sarra
F00370;Mohamed Karim Sakrani;mohamed karim sakrani
F00371;Safwen Bouali;safwen bouali
F00372;Cherif Redissi;cherif redissi
F00373;Amine Troudi;amine troudi
F00374;Adel Jeridi;adel jeridi
F00375;Youssef Cherif;youssef cherif
F00376;Olfa Kilani ep Feki;olfa kilani ep feki
F00377;Takwa Mrabet;takwa mrabet
F00378;Safa Ben Khedher;safa ben khedher
F00379;Mohamed Amine Bourkhis;mohamed amine bourkhis
F00380;Perrine Mihelic;perrine mihelic
F00381;Joscha Raue;joscha raue
F00382;Mehemed Bougsea;mehemed bougsea
F00383;Mohamed Aziz Belhadj;mohamed aziz belhadj
F00384;Jrad Nada Boukhalfa;jrad nada boukhalfa
F00385;Mohamed Bhibah;mohamed bhibah
F00386;Mehdi Gabsi;mehdi gabsi
F00387;Mohamed Amine Boubakri;mohamed amine boubakri
F00388;Walid Bousnina;walid bousnina
F00389;Aymen Hammemi;aymen hammemi
F00390;Chamseddine Bezzaouia;chamseddine bezzaouia
F00391;Wassim Jouini;wassim jouini
F00392;Mohamed Fares Oueslati;mohamed fares oueslati
F00393;Borhen Jlidi;borhen jlidi
F00394;Ahmed Taktak;ahmed taktak
F00395;Nabil Gazdar;nabil gazdar
F00396;Zied Abbes;zied abbes
F00397;Ahmed Dhieb;ahmed dhieb
F00398;Anoir Dhieb;anoir dhieb
F00399;Bassem Bouguerra;bassem bouguerra
F00400;Nebil Jridet;nebil jridet
F00401;Yahia Mgarrech;yahia mgarrech
F00402;Wassim ben Hmida;wassim ben hmida
F00403;Azza Attia;azza attia
F00404;Houda Bakir;houda bakir
F00405;Jihed Makni;jihed makni
F00406;Edriss Kharroubi Essaied;edriss kharroubi essaied
F00407;Rachid Kharroubi Essaied;rachid kharroubi essaied
F00408;Donia Fayach;donia fayach
F00409;Ahmed Nsiri;ahmed nsiri
F00410;Sana Hafsa;sana hafsa
F00411;Mohamed Taghouti;mohamed taghouti
F00412;Mehdi Taghouti;mehdi taghouti
F00413;Souheil Guessoum;souheil guessoum
F00414;Amine Staali;amine staali
F00415;Ahmed Boughaleb;ahmed boughaleb
F00416;Jaafar Saied;jaafar saied
F00417;Mohamed Mnif;mohamed mnif
F00418;Boubaker Selmi;boubaker selmi
F00419;Mohamed Dhaouafi;mohamed dhaouafi
F00420;Lotfi Darragi;lotfi darragi
F00421;Hugh Bosely;hugh bosely
F00422;Tarek Chehidi;tarek chehidi
F00423;Aymen Ben Hassine;aymen ben hassine
F00424;Hichem Ben Fadhl;hichem ben fadhl
F00425;Amine Ben Abderrahman;amine ben abderrahman
F00426;Mohamed Aymen Ben Hadj Mabrouk;mohamed aymen ben hadj mabrouk
F00427;Assad Ben Mrad;assad ben mrad
F00428;Nour Alaya;nour alaya
F00429;Skander Gafsi;skander gafsi
F00430;Assil Talmoudi;assil talmoudi
F00431;Ayoub Ben Thabet;ayoub ben thabet
F00432;Ahmed Chlagou;ahmed chlagou
F00433;Hishem Zarrad;hishem zarrad
F00434;Hamza SAIDI;hamza saidi
F00435;Nour Abbous;nour abbous
F00436;Ali Saidi;ali saidi
F00437;Rim ELFAHEM;rim elfahem
F00438;Iskander EL AMRI;iskander el amri
F00439;Khouloud Kaabi;khouloud kaabi
F00440;Meriem Amamou;meriem amamou
F00441;Borhen Mansouri Khmaiess;borhen mansouri khmaiess
F00442;Ahmed;ahmed
F00443;Amine Gara;amine gara
F00444;Mariem Ouanes;mariem ouanes
F00445;Mohamed Bechir Chniti;mohamed bechir chniti
F00446;Nedra Neffeti;nedra neffeti
F00447;Amen Allah Missaoui;amen allah missaoui
F00448;Hassen Missaoui;hassen missaoui
F00449;Asma Gaabal;asma gaabal
F00450;Achref Mabrouk;achref mabrouk
F00451;Wissem hakiri;wissem hakiri
F00452;Mohamed Guediche;mohamed guediche
F00453;Rabii Jhinaoui;rabii jhinaoui
F00454;Nivine Mussi;nivine mussi
F00455;Walid Labidi;walid labidi
F00456;Khemais Ben Mustapha;khemais ben mustapha
F00457;Amal Baccara;amal baccara
F00458;Ala eddine Soltani;ala eddine soltani
F00459;Saief Eddine Djibali;saief eddine djibali
F00460;Adel Ayari;adel ayari
F00461;Moez Ben Mbarka;moez ben mbarka
F00462;Adam Jabeur;adam jabeur
F00463;Henda Sahnoun;henda sahnoun
F00464;Oussama Gmati;oussama gmati
F00465;Ahmed Chaari;ahmed chaari
F00466;Ahmed Aouiti;ahmed aouiti
F00467;Haythem Khalifa;haythem khalifa
F00468;Mohamed Anane;mohamed anane
F00469;Saber Gharsellaoui;saber gharsellaoui
F00470;Haythem Zouari;haythem zouari
F00471;Amr Bakr;amr bakr
F00472;Fédi Belkacem;fedi belkacem
F00473;Aymen Saadani;aymen saadani
F00474;Hamza Guesmi;hamza guesmi
F00475;Nadim Kharraz;nadim kharraz
F00476;Safa Bouhajar;safa bouhajar
F00477;Anouer Kebir;anouer kebir
F00478;Amel Torkhani;amel torkhani
F00479;Noureddine Loukil;noureddine loukil
F00480;Mohamed Zammel;mohamed zammel
F00481;Mohamed Sami Adouani;mohamed sami adouani
F00482;Boutheina Hamdi;boutheina hamdi
F00483;Anas Ben Amar;anas ben amar
F00484;Firas Yahyaoui;firas yahyaoui
F00485;Faouzi Zorgati;faouzi zorgati
F00486;Walid Haouari;walid haouari
F00487;Nizar Jeridi;nizar jeridi
F00488;Ahmed Ben Boubaker;ahmed ben boubaker
F00489;Mehdi Braiek;mehdi braiek
F00490;Khalil Zineb;khalil zineb
F00491;Khaled Khelifi;khaled khelifi
F00492;Nidhal Meghirbi;nidhal meghirbi
F00493;Hamdi Ben Ammar;hamdi ben ammar
F00494;Skander Essid;skander essid
F00495;Ayoub Rebeh;ayoub rebeh
F00496;Nasreddine Riahi;nasreddine riahi
F00497;Houcine Jhimi;houcine jhimi
F00498;Ali Jhimi;ali jhimi
F00499;Mohamed Khalloufi;mohamed khalloufi
F00500;Riadh Ellouze;riadh ellouze
F00501;Tarek Kammoun;tarek kammoun
F00502;Farouk Kamoun;farouk kamoun
F00503;Mohamed Ben Laroussi Limame;mohamed ben laroussi limame
F00504;Mohamed Ben Mahmoud;mohamed ben mahmoud
F00505;Chaker Lafi;chaker lafi
F00506;Salem Khalifa;salem khalifa
F00507;Bechir Yahya;bechir yahya
F00508;Maya Touati;maya touati
F00509;Meher Khelifi;meher khelifi
F00510;Moufid Ben Hmida;moufid ben hmida
F00511;Shady Achouri;shady achouri
F00512;Issam Essefi;issam essefi
F00513;Imededdine Essefi;imededdine essefi
F00514;Iheb Beji;iheb beji
F00515;Amine Rahmouni;amine rahmouni
F00516;Amine Sammary;amine sammary
F00517;Leith Glissa;leith glissa
F00518;Nasreddine Somaali;nasreddine somaali
F00519;Marwa Khmissi;marwa khmissi
F00520;Kais Ben Ayed;kais ben ayed
F00521;Meriem ElMay;meriem elmay
F00522;Naoufel Elarayedh;naoufel elarayedh
F00523;Wael Dhouib;wael dhouib
F00524;Imen Khanfir Kallel;imen khanfir kallel
F00525;Sonda Ammar Bouhamed;sonda ammar bouhamed
F00526;Amir Matallaoui;amir matallaoui
F00527;Nadjib Mammeri;nadjib mammeri
F00528;Hamza Nechi;hamza nechi
F00529;Jihed Rahmouni;jihed rahmouni
F00530;Jihen Rahmouni;jihen rahmouni
F00531;Mohamed Amine Ouichka;mohamed amine ouichka
F00532;Selim Snoussi;selim snoussi
F00533;Radhi Khaled Bouloussa;radhi khaled bouloussa
F00534;Ahmed Dridi;ahmed dridi
F00535;Abdelkarim Feddal;abdelkarim feddal
F00536;Achref Riahi;achref riahi
F00537;Mohamed Amine Boubakeri;mohamed amine boubakeri
F00538;Slim Ben Salah;slim ben salah
F00539;Ekram Mzoughi;ekram mzoughi
F00540;Tejeddine Mta'allah;tejeddine mta allah
F00541;Chamseddine Amaimia;chamseddine amaimia
F00542;Syrine Zitouni;syrine zitouni
F00543;Selim Lakhdhar;selim lakhdhar
F00544;Dhafer Ben Amor;dhafer ben amor
F00545;Fares Ben Amor;fares ben amor
F00546;Nidhal Ben Amor;nidhal ben amor
F00547;Montassar Gharssa;montassar gharssa
F00548;Abdelrahmen Ghariani;abdelrahmen ghariani
F00549;Hamza Said;hamza said
F00550;Iskander ELameri;iskander elameri
F00551;Olfa Kilani Feki;olfa kilani feki
F00552;Maher Chakroun;maher chakroun
F00553;Taha Cabani;taha cabani
F00554;Foued Manaa;foued manaa
F00555;Sami Turki;sami turki
F00556;Kais Khadhraoui;kais khadhraoui
F00557;Walid Mnif;walid mnif
F00558;Mohamed Ali Midani;mohamed ali midani
F00559;Sonia Hachicha;sonia hachicha
F00560;Khalil Manai;khalil manai
F00561;Houssem Nouri;houssem nouri
F00562;Malik Nouira;malik nouira
F00563;Rania Khelil;rania khelil
F00564;Bacem Bergaoui;bacem bergaoui
F00565;Mourad Othmane;mourad othmane
F00566;Mohamed Achref Gabsi;mohamed achref gabsi
F00567;Makrem Gharbi;makrem gharbi
F00568;Hatem Drira;hatem drira
F00569;Karim Sellami;karim sellami
F00570;Mohamed Ben Hmida;mohamed ben hmida
F00571;Mohamed Achref Ben Sghaier;mohamed achref ben sghaier
F00572;Taha Khaled;taha khaled
F00573;Haythem Zouaoui;haythem zouaoui
F00574;Hajer ELhedi;hajer elhedi
F00575;Alaeddine Jalel;alaeddine jalel
F00576;Amjed Teraa;amjed teraa
F00577;Omar Ouertani;omar ouertani
F00578;Laroussi Ben Younes;laroussi ben younes
F00579;Salah Meziou;salah meziou
F00580;Amira Ben Mim;amira ben mim
F00581;Bassem Lamouchi;bassem lamouchi
F00582;Walid Zniti;walid zniti
F00583;Manel Snoussi;manel snoussi
F00584;Aymen Znaidi;aymen znaidi
F00585;Zied Houfi;zied houfi
F00586;Meher Attiaoui;meher attiaoui
F00587;Anis Khayat;anis khayat
F00588;Mohamed Ayadi;mohamed ayadi
F00589;Jeau-Paul Grossenbacher;jeau paul grossenbacher
F00590;Mohamed Aymen Saadani;mohamed aymen saadani
F00591;Sarra Kalfet;sarra kalfet
F00592;Hedi Michau;hedi michau
F00593;Firas Mezghani;firas mezghani
F00594;Ayet Elmouna Chemli;ayet elmouna chemli
F00595;Walid Ammar;walid ammar
F00596;Ahmed Fessi;ahmed fessi
F00597;Achref Mattar;achref mattar
F00598;Salsabil Thabti;salsabil thabti
F00599;Mehdi Bhouri;mehdi bhouri
F00600;Olfa Bousselmi;olfa bousselmi
F00601;Chaima Belhajamor;chaima belhajamor
F00602;Amir Ben Hajhassine;amir ben hajhassine
F00603;Mourad Hammami;mourad hammami
F00604;Tarek Nakbi;tarek nakbi
F00605;Mohamed Kaddech;mohamed kaddech
F00606;Mehdi Boudhraa;mehdi boudhraa
F00607;Saeed Zarrouk;saeed zarrouk
F00608;Imen Yahyaoui;imen yahyaoui
F00609;Ahmed Cheriha;ahmed cheriha
F00610;Ahmed Ben Hamouda;ahmed ben hamouda
F00611;Tarek Talbi;tarek talbi
F00612;Houssem Sellami;houssem sellami
F00613;Oussema Noureddine Metoui;oussema noureddine metoui
F00614;Mourad Masmoudi;mourad masmoudi
F00615;Malek Aloulou;malek aloulou
F00616;Moez Affes;moez affes
F00617;Aymen Bouchoucha;aymen bouchoucha
F00618;Mohamed Said Elbehi;mohamed said elbehi
F00619;Sabrine Ibrahim;sabrine ibrahim
F00620;Achref Dawahi;achref dawahi
F00621;Omar Trabelsi;omar trabelsi
F00622;Mohamed Amine Jendoubi;mohamed amine jendoubi
F00623;Ahmed Nemlaghi;ahmed nemlaghi
F00624;Mohamed Amine Guettat;mohamed amine guettat
F00625;Mohamed Ali Salmi;mohamed ali salmi
F00626;Hela Agrebi;hela agrebi
F00627;Anas Zouabi;anas zouabi
F00628;Achref Chouchene;achref chouchene
F00629;Yasmine Ben Ameur;yasmine ben ameur
F00630;Seif Souilem;seif souilem
F00631;Siwar Boufares;siwar boufares
F00632;Mahmoud Hammami;mahmoud hammami
F00633;Yassine Boutabba;yassine boutabba
F00634;Karim Hermi;karim hermi
F00635;Sami Ben Chaalia;sami ben chaalia
F00636;Khalil Ben Ali;khalil ben ali
F00637;Abdeljalil Ghattas;abdeljalil ghattas
F00638;Moez Hammami;moez hammami
F00639;Hamza Amiri;hamza amiri
F00640;Mohamed Bessa;mohamed bessa
F00641;Issam Trabelsi;issam trabelsi
F00642;Amine Ennouri;amine ennouri
F00643;Moez Beddi;moez beddi
F00644;Anis Abidi;anis abidi
F00645;Hafidha Grissa;hafidha grissa
F00646;Raouf Fathallah;raouf fathallah
F00647;Olfa Benchaabane;olfa benchaabane
F00648;Chedia Benchaabane;chedia benchaabane
F00649;Sabri Fehri;sabri fehri
F00650;Raouf Medimagh;raouf medimagh
F00651;Karim Medimagh;karim medimagh
F00652;Haifa Elkamel;haifa elkamel
F00653;Oualid Sebai;oualid sebai
F00654;Karim Chabrak;karim chabrak
F00655;Markrem Gharbi;markrem gharbi
F00656;Karim Boughanmi;karim boughanmi
F00657;Ilyes Karma;ilyes karma
F00658;Amal Torkhani;amal torkhani
F00659;Amal Selami;amal selami
F00660;Zakaria Karim Mekni;zakaria karim mekni
F00661;Faiz Baccour;faiz baccour
F00662;Aymen Karoui;aymen karoui
F00663;Saber Bellaj;saber bellaj
F00664;Iyed Benhassen;iyed benhassen
F00665;Ouanes Taha Boumiza;ouanes taha boumiza
F00666;Sirine Kallel;sirine kallel
F00667;Kaouther Mouelhi;kaouther mouelhi
F00668;Hamza Arfaoui;hamza arfaoui
F00669;Amine Mliki;amine mliki
F00670;Mohamed Wajih Allani;mohamed wajih allani
F00671;Jaafar Nasri;jaafar nasri
F00672;Anis Nasraoui;anis nasraoui
F00673;Mehdi Doghri;mehdi doghri
F00674;Hasna Kourda;hasna kourda
F00675;Emna Makni;emna makni
F00676;Salma Amor;salma amor
F00677;Abdelbari Ben Yagouta;abdelbari ben yagouta
F00678;Wrida Ben Yaghouta;wrida ben yaghouta
F00679;Mohamed Sahlaoui;mohamed sahlaoui
F00680;Nesrine Tekitek;nesrine tekitek
F00681;Nidhal Tekitek;nidhal tekitek
F00682;Abir Fares;abir fares
F00683;Lotfi Ben Mosbah;lotfi ben mosbah
F00684;Aziz Ben Mosbah;aziz ben mosbah
F00685;Zied Chaabane;zied chaabane
F00686;Haifa Fodha;haifa fodha
F00687;Bechir Taboubi;bechir taboubi
F00688;Mohamed Hedi Ben Hamed;mohamed hedi ben hamed
F00689;Moez Aousji;moez aousji
F00690;Amine Rekhiss;amine rekhiss
F00691;Yassine Khlass;yassine khlass
F00692;Mohamed Seifeddine Bouarada;mohamed seifeddine bouarada
F00693;Houssem Sahli;houssem sahli
F00694;Sonia Othman;sonia othman
F00695;Alaa Guidara;alaa guidara
F00696;Youssef Said Berklay Alkisel;youssef said berklay alkisel
F00697;Ahmed Abdarrahman;ahmed abdarrahman
F00698;Ines Soyah;ines soyah
F00699;Zeineb Bouassida;zeineb bouassida
F00700;Chiheb Karoui;chiheb karoui
F00701;Hakim Yahyaoui;hakim yahyaoui
F00702;Mohamed Ben Arfa;mohamed ben arfa
F00703;Aymen Hammami;aymen hammami
F00704;Abir Ben Achour;abir ben achour
F00705;Mehdi Dellagi;mehdi dellagi
F00706;Dorra Ismail;dorra ismail
F00707;Mehdi Zorgati;mehdi zorgati
F00708;Becem Jebali;becem jebali
F00709;Youssef Omrani;youssef omrani
F00710;Riadh Felhi;riadh felhi
F00711;Emna Hamdi;emna hamdi
F00712;Amine Hammi;amine hammi
F00713;Abdelhamid Ben Rabah;abdelhamid ben rabah
F00714;Seifeddine Trabelsi;seifeddine trabelsi
F00715;Meriem Lejmi;meriem lejmi
F00716;Selim Thmouni;selim thmouni
F00717;Selim Mraidi;selim mraidi
F00718;Atef Sedraoui;atef sedraoui
F00719;Molka Kouraychi;molka kouraychi
F00720;Manel Salhi;manel salhi
F00721;Mokhles Souissi;mokhles souissi
F00722;Manel Alayet;manel alayet
F00723;Ahmed Melki;ahmed melki
F00724;Houssem Ben Ghozzi;houssem ben ghozzi
F00725;Hamdi Marrouchi;hamdi marrouchi
F00726;Yassine Ben Mansour;yassine ben mansour
F00727;Hadhemi Ragoubi;hadhemi ragoubi
F00728;Foudhaili Ragoubi;foudhaili ragoubi
F00729;Fethi Zoghlami;fethi zoghlami
F00730;Adel Jridi;adel jridi
F00731;Mehdi Touati;mehdi touati
F00732;Yassine Touati;yassine touati
F00733;Sofiane Jait;sofiane jait
F00734;Marwa Khnissi;marwa khnissi
F00735;Mehdi Bouzouita;mehdi bouzouita
F00736;Hamed Baltagi;hamed baltagi
F00737;Chema Zoghlami;chema zoghlami
F00738;Hela Kamoun;hela kamoun
F00739;Firas Hammami;firas hammami
F00740;Mohamed Maalej;mohamed maalej
F00741;Faten Maalej;faten maalej
F00742;Houssem Amara;houssem amara
F00743;Hamdi Boujneh;hamdi boujneh
F00744;Hedi Harzallah;hedi harzallah
F00745;Salma Ben Hamida;salma ben hamida
F00746;Cyrine Ben Hamida;cyrine ben hamida
F00747;Abdelkader Slama;abdelkader slama
F00748;Ahmed Gharbi;ahmed gharbi
F00749;Karim Harmouni;karim harmouni
F00750;Sarah Arbi;sarah arbi
F00751;Amen Ben Mlouka;amen ben mlouka
F00752;Aziza Inoubli;aziza inoubli
F00753;Ali Bouslimi;ali bouslimi
F00754;Majdouline Mansour;majdouline mansour
F00755;Majed Jabri;majed jabri
F00756;Sahbi Mansour;sahbi mansour
F00757;Fayçal Derouiche;faycal derouiche
F00758;Lamia Chouk;lamia chouk
F00759;Ghaith Souissi;ghaith souissi
F00760;Hakim Njim;hakim njim
F00761;Omar Zouari;omar zouari
F00762;Hakim Loukil;hakim loukil
F00763;Mohamed Aymen Jomaa;mohamed aymen jomaa
F00764;Yassine Zrigue;yassine zrigue
F00765;Molka Ayadi;molka ayadi
F00766;Imen Farah;imen farah
F00767;Ezzedine Cherif;ezzedine cherif
F00768;Alaeddine Jrad;alaeddine jrad
F00769;Adam Abdelmoula;adam abdelmoula
F00770;Insaf Ayari;insaf ayari
F00771;Josha Raue;josha raue
F00772;Imen Hbiri;imen hbiri
F00773;Abdelaziz Kallel;abdelaziz kallel
F00774;Zied Said;zied said
F00775;Zeineb Ben Salah;zeineb ben salah
F00776;Bilel Said;bilel said
F00777;Mohamed Chaabane;mohamed chaabane
F00778;Narjess Ben Slimane;narjess ben slimane
F00779;Mohamed Ali Belajouza;mohamed ali belajouza
F00780;Jamel Gasri;jamel gasri
F00781;Nesrine Ben Guirat;nesrine ben guirat
F00782;Wajih Abidi;wajih abidi
F00783;Khaled Ben Younes;khaled ben younes
F00784;Ahmed Mnasri;ahmed mnasri
F00785;Ali Benzaied;ali benzaied
F00786;Mohammed Ben Hammed;mohammed ben hammed
F00787;Sonia Laribi;sonia laribi
F00788;Marwen Khemiss;marwen khemiss
F00789;Rabie Radhouan;rabie radhouan
F00790;Idriss Ben Ali;idriss ben ali
F00791;Adel Ben Merteh;adel ben merteh
F00792;Yassine Hamdaoui;yassine hamdaoui
F00793;Ahmed Abassi;ahmed abassi
F00794;Anis Hachani;anis hachani
F00795;Habib Ben Debba;habib ben debba
F00796;Hamdi Karray;hamdi karray
F00797;Safa Othmani;safa othmani
F00798;Anis Hasnaoui;anis hasnaoui
F00799;Rihab Ghodbane;rihab ghodbane
F00800;Kheireddine Fredj;kheireddine fredj
F00801;Daniel Doppler;daniel doppler
F00802;Aymen Aouadi;aymen aouadi
F00803;Sondess Khedhiri;sondess khedhiri
F00804;Houssem Fatnassi;houssem fatnassi
F00805;Saif Eddine Kouti;saif eddine kouti
F00806;Alaeddine Jedda;alaeddine jedda
F00807;Montassar Elkamel;montassar elkamel
F00808;Khouloud Masmoudi;khouloud masmoudi
F00809;Sofiene Hadhri;sofiene hadhri
F00810;Aymen Montacer;aymen montacer
F00811;Imen Selmi;imen selmi
F00812;Amen Allah Souli;amen allah souli
F00813;Amira Mahdi;amira mahdi
F00814;Amal Bououd;amal bououd
F00815;Mohamed Zouhaier Zammel;mohamed zouhaier zammel
F00816;Youssef Barketi;youssef barketi
F00817;Abdelrahman Ferchichi;abdelrahman ferchichi
F00818;Ramzi Frad;ramzi frad
F00819;Walid Driss;walid driss
F00820;Mohamed Mzid;mohamed mzid
F00821;Mohamed Farouk Mhenni;mohamed farouk mhenni
F00822;Mohamed Ahmed Mhenni;mohamed ahmed mhenni
F00823;Amira Mhenni;amira mhenni
F00824;Mourad Elfelah;mourad elfelah
F00825;Moncef Ben Rejeb;moncef ben rejeb
F00826;Amani Abid;amani abid
F00827;Asma Bayouli;asma bayouli
F00828;Ameni Ben Hmida;ameni ben hmida
F00829;Haythem Cherif;haythem cherif
F00830;Noureddine Tayebi;noureddine tayebi
F00831;Kais Ben Amar;kais ben amar
F00832;Haythem Benna;haythem benna
F00833;Wajih Hajji;wajih hajji
F00834;Amine Ben Abdallah;amine ben abdallah
F00835;Habib Wenish;habib wenish
F00836;Ramzi Hamrouni;ramzi hamrouni
F00837;Hedi Akrout;hedi akrout
F00838;Mohamed Amine Hamdi;mohamed amine hamdi
F00839;Mohamed Hedi Achour;mohamed hedi achour
F00840;Yosr Naija;yosr naija
F00841;Yassine Achour;yassine achour
F00842;Karim Zehani;karim zehani
F00843;Mohamed Wassim Benzarti;mohamed wassim benzarti
F00844;Maya Mathari;maya mathari
F00845;Mourad Mathari;mourad mathari
F00846;Nesrine Chemkhi;nesrine chemkhi
F00847;Mohamed Guinoubi;mohamed guinoubi
F00848;Abdelhay Najjar;abdelhay najjar
F00849;Wael Aouididi;wael aouididi
F00850;Wael Moula;wael moula
F00851;Naima Moula;naima moula
F00852;Sabri Mhimdi;sabri mhimdi
F00853;Henda Zribi;henda zribi
F00854;Jamel Hattay;jamel hattay
F00855;Samir Belaid;samir belaid
F00856;Mohsen Machhout;mohsen machhout
F00857;Ali Sakka;ali sakka
F00858;Sahbi Agrebi;sahbi agrebi
F00859;Arslene Rouatbi;arslene rouatbi
F00860;Ridha Rouatbi;ridha rouatbi
F00861;Haythem Besghaier;haythem besghaier
F00862;Khaled Guedria;khaled guedria
F00863;Mansour Mechmech;mansour mechmech
F00864;Hend Kefi;hend kefi
F00865;Emna Hussein;emna hussein
F00866;Racem Smaouo;racem smaouo
F00867;Aymen Ben Amor;aymen ben amor
F00868;Walid Ben Djemaa;walid ben djemaa
F00869;Abdelaziz Ben Chaabane;abdelaziz ben chaabane
F00870;Noureddine Louki;noureddine louki
F00871;Achref Kechaou;achref kechaou
F00872;Fedi Belkacem;fedi belkacem
F00873;Cyrine Bouaziz;cyrine bouaziz
F00874;Mohamed Ben Hammed;mohamed ben hammed
F00875;Reda Mansouri;reda mansouri
F00876;Dorra Kamoun;dorra kamoun
F00877;Fatma Ben Soltane;fatma ben soltane
F00878;Wael Kanzari;wael kanzari
F00879;Mohamed Salah Karouia;mohamed salah karouia
F00880;Abdeljalil Karouia;abdeljalil karouia
F00881;Slim Ouichtati;slim ouichtati
F00882;Mourad Karouia;mourad karouia
F00883;Mohamed Selim Bessi;mohamed selim bessi
F00884;Nidhal Ayari;nidhal ayari
F00885;Marwa Sboui;marwa sboui
F00886;Mahmoud Ayari;mahmoud ayari
F00887;Ahmed Salah;ahmed salah
F00888;Soumaya Dridi;soumaya dridi
F00889;Zied Gharsallah;zied gharsallah
F00890;Hassine Labaied;hassine labaied
F00891;Malek Hamza;malek hamza
F00892;Nedhir Jemmali;nedhir jemmali
F00893;Skander Kacem;skander kacem
F00894;Jamoussi Ahmed;jamoussi ahmed
F00895;Jihed Bouguerra;jihed bouguerra
F00896;Yassine Abbes;yassine abbes
F00897;Oussema Samet;oussema samet
F00898;Haithem Kchaou;haithem kchaou
F00899;Chehir Dhawedi;chehir dhawedi
F00900;Jaweher Chatbri;jaweher chatbri
F00901;Youssef Gaaliche;youssef gaaliche
F00902;Ahmed Mrabet;ahmed mrabet
F00903;Khalil Ben Zineb;khalil ben zineb
F00904;Oussama Ben Zineb;oussama ben zineb
F00905;Walid M'sallem;walid m sallem
F00906;Ghazi Mensi;ghazi mensi
F00907;Marouen Hadhri;marouen hadhri
F00908;Khelifa Hadhri;khelifa hadhri
F00909;Mohamed Ali Kharraf;mohamed ali kharraf
F00910;Cyrine Ben Ayed;cyrine ben ayed
F00911;Mohamed Raafet Limam;mohamed raafet limam
F00912;Chaima Chaouachi;chaima chaouachi
F00913;Imed Zhir;imed zhir
F00914;Rafik Al Falah;rafik al falah
F00915;Ahdi Hidri;ahdi hidri
F00916;Saifeddine Jabbes;saifeddine jabbes
F00917;Youssef Chatti;youssef chatti
F00918;Yassine Jemal;yassine jemal
F00919;Sahbi Agerbi;sahbi agerbi
F00920;Mohamed Aloui;mohamed aloui
F00921;Rami Jegham;rami jegham
F00922;Aziz Kamarti;aziz kamarti
F00923;Akermi Abdekhalek;akermi abdekhalek
F00924;Mohamed Akermi;mohamed akermi
F00925;Tarek Saidi;tarek saidi
F00926;Saïd Ben Jlili;said ben jlili
F00927;Hamza Ben Jannet;hamza ben jannet
F00928;Mohamad Mouihbi;mohamad mouihbi
F00929;Mahmoud Jebri;mahmoud jebri
F00930;Ahmed Abida;ahmed abida
F00931;Mohamed Saïd El Behi;mohamed said el behi
F00932;Youssef Bayouli;youssef bayouli
F00933;Rayen Manaa;rayen manaa
F00934;Sherazade Amous;sherazade amous
F00935;Sendy Zardi;sendy zardi
F00936;Hichem Zidi;hichem zidi
F00937;Zied Hagu;zied hagu
F00938;Abderrahmen Masmoudi;abderrahmen masmoudi
F00939;Zied Feki;zied feki
F00940;Khawla Chedly;khawla chedly
F00941;Hind Ben Salem;hind ben salem
F00942;Wassim Toukaibri;wassim toukaibri
F00943;Sofiane Gritli;sofiane gritli
F00944;Ismail Benmiled;ismail benmiled
F00945;Mohamed Amine Belkhahla;mohamed amine belkhahla
F00946;Mohamed Nahbi;mohamed nahbi
F00947;Mouadh Mkadmi;mouadh mkadmi
F00948;Mohamed Karim Bouziz;mohamed karim bouziz
F00949;Jean Philippe Kokora;jean philippe kokora
F00950;Joseph Adai;joseph adai
F00951;Ghnichi Mohamed;ghnichi mohamed
F00952;Oussama Triki;oussama triki
F00953;Aymen Ellouze;aymen ellouze
F00954;Syrine Baghdadi;syrine baghdadi
F00955;Yosr Baghdadi;yosr baghdadi
F00956;Mayssa Ghazel;mayssa ghazel
F00957;Mohamed Ali Haddad;mohamed ali haddad
F00958;Mohamed Amine Gharbi;mohamed amine gharbi
F00959;Sami Essid;sami essid
F00960;Tarek Mnaffakh;tarek mnaffakh
F00961;Moncef Brick;moncef brick
F00962;Raed Oueslati;raed oueslati
F00963;Khalil Oueslati;khalil oueslati
F00964;Mouadh Tammah;mouadh tammah
F00965;Mohamed Khedher;mohamed khedher
F00966;Nadia Ben Hafiedh;nadia ben hafiedh
F00967;Taher Karmandi;taher karmandi
F00968;Mohamed Riadh Aissaoui;mohamed riadh aissaoui
F00969;Jihene Aissaoui;jihene aissaoui
F00970;Nesrine Aissaoui;nesrine aissaoui
F00971;Amir Khadhri;amir khadhri
F00972;Ammar El Ferjani;ammar el ferjani
F00973;Ahmed Darbi;ahmed darbi
F00974;Abdelaziz Beldy;abdelaziz beldy
F00975;Alessandro Baccini;alessandro baccini
F00976;Kevin East;kevin east
F00977;Ons Ben Ounis;ons ben ounis
F00978;Wassen Ben Ounis;wassen ben ounis
F00979;Ramzi Cherif;ramzi cherif
F00980;Hamadi Maroufi;hamadi maroufi
F00981;Slim Ben Tarek;slim ben tarek
F00982;Iheb Mansour;iheb mansour
F00983;Sonia Jebira;sonia jebira
F00984;Ramzi Nsibi;ramzi nsibi
F00985;Mohamed Ramzi Ben Youssef;mohamed ramzi ben youssef
F00986;Zoubier Ben Salah;zoubier ben salah
F00987;Halima Tounsi;halima tounsi
F00988;Mohamed Abbes Dziri;mohamed abbes dziri
F00989;Zakaria Hattouni;zakaria hattouni
F00990;Chahbi Oussama;chahbi oussama
F00991;Fares Dziri;fares dziri
F00992;Nader Zouaoui;nader zouaoui
F00993;Hamdi Belgacem;hamdi belgacem
F00994;Mariem Mastouri;mariem mastouri
F00995;Mohamed Chadli Ayachi;mohamed chadli ayachi
F00996;Marwa Dhifallah;marwa dhifallah
F00997;Najet Brik;najet brik
F00998;Nidhal Chabchoubi;nidhal chabchoubi
F00999;Mejdi M'tir;mejdi m tir
F01000;Mohamed Amine Boussarsar;mohamed amine boussarsar
F01001;Walid Kaabachi;walid kaabachi
F01002;Nabil Chaabane;nabil chaabane
F01003;Mohamed Nabi El Arbi;mohamed nabi el arbi
F01004;Bilel Ben Jmeaa;bilel ben jmeaa
F01005;Mehdy Chebbah;mehdy chebbah
F01006;Nadya Elouari;nadya elouari
F01007;Selim Doukali;selim doukali
F01008;Mohamed Ali Atig;mohamed ali atig
F01009;Imededdine Snoussi;imededdine snoussi
F01010;Wissem Labbadi;wissem labbadi
F01011;Aymen Gabsni;aymen gabsni
F01012;Seif Eddine Saâdaoui;seif eddine saadaoui
F01013;Mohamed Khlifi El Abed;mohamed khlifi el abed
F01014;Tarek Guermazi;tarek guermazi
F01015;Iheb Akrimi;iheb akrimi
F01016;Khalil Ben Romdhane;khalil ben romdhane
F01017;Nihed Ben Youssef;nihed ben youssef
F01018;Elmed Bensaoudi;elmed bensaoudi
F01019;Ichrak Ben Youssef;ichrak ben youssef
F01020;Imène Khanfir Kallel;imene khanfir kallel
F01021;Hajer El Hedi;hajer el hedi
F01022;Lotfi Benmosbah;lotfi benmosbah
F01023;Aziz Benmosbah;aziz benmosbah
F01024;Amin Ben Abdallah;amin ben abdallah
F01025;Khadija Ferjani;khadija ferjani
F01026;Nour El Houda Benzarti;nour el houda benzarti
F01027;Mohamed Ali Torjmen;mohamed ali torjmen
F01028;Mohamed Salem Bchir;mohamed salem bchir
F01029;Hichem Elloumi;hichem elloumi
F01030;Fatma Mokadmi;fatma mokadmi
F01031;Riadh Brinis;riadh brinis
F01032;Khalil Masmoudi;khalil masmoudi
F01033;Sawsan Bellaj;sawsan bellaj
F01034;Moez Bouhlel;moez bouhlel
F01035;Mhammed Bellaj;mhammed bellaj
F01036;Bassem Ben Jmeaa;bassem ben jmeaa
F01037;Mohamed Ali Ellouze;mohamed ali ellouze
F01038;Achraf Guidara;achraf guidara
F01039;Hatem Abidi;hatem abidi
F01040;Soumaya Ben Abdallah;soumaya ben abdallah
F01041;Nesria Lehiani;nesria lehiani
F01042;Salah El Amami;salah el amami
F01043;Saoussen Ayari;saoussen ayari
F01044;Anouar Nechi;anouar nechi
F01045;Mohamed Ali TBESSI;mohamed ali tbessi
F01046;Mondher Hakim;mondher hakim
F01047;Mohamed Mabrouk;mohamed mabrouk
F01048;Nermine Marzouki;nermine marzouki
F01049;Taha Grach;taha grach
F01050;Bassem Mlayah;bassem mlayah
F01051;Mohamed Aziz Hannachi;mohamed aziz hannachi
F01052;Anis Mzoughi;anis mzoughi
F01053;Fares Amor;fares amor
F01054;Zied Rouissi;zied rouissi
F01055;Yassine Timoumi;yassine timoumi
F01056;Johannes Jones;johannes jones
F01057;Jihed Jaouabi;jihed jaouabi
F01058;Oussama mariem;oussama mariem
F01059;Nabil Brahem;nabil brahem
F01060;Mariam Ouanes;mariam ouanes
F01061;Sami Chammakhi;sami chammakhi
F01062;Aymen Mechria;aymen mechria
F01063;Davide Di Majo;davide di majo
F01064;Mohamed Nawes;mohamed nawes
F01065;Yasmine Ferchichi;yasmine ferchichi
F01066;Walid Slama;walid slama
F01067;Ghizlaine Beldi;ghizlaine beldi
F01068;Anis Harzallah;anis harzallah
F01069;Med Salah Mbarek;med salah mbarek
F01070;Mohamed Elaid Karaouli;mohamed elaid karaouli
F01071;Oussama Karaouli;oussama karaouli
F01072;Yassine Karaouli;yassine karaouli
F01073;Wassim Karaouli;wassim karaouli
F01074;Selim Ben Mrad;selim ben mrad
F01075;Ghaleb Ben Ali;ghaleb ben ali
F01076;Imen Baklouti;imen baklouti
F01077;Nadhir Douma;nadhir douma
F01078;Karim Daghari;karim daghari
F01079;Afia Tech Laith Glissa;afia tech laith glissa
F01080;KLAY;klay
F01081;Class Quiz Achref Dawahi;class quiz achref dawahi
F01082;Kyteb;kyteb
F01083;Rent a tutor Abdeljalil Ghattas;rent a tutor abdeljalil ghattas
F01084;GrowApp Wael Aouididi;growapp wael aouididi
F01085;Le Comet  Tarek Mnaffakh;le comet tarek mnaffakh
F01086;iSporit Yassine Achour;isporit yassine achour
F01087;School Upgrader;school upgrader
F01088;Amine Rekhis;amine rekhis
F01089;FACTOORYA Yassine Khlass;factoorya yassine khlass
F01090;Mohamed Seifedinne Bouarada;mohamed seifedinne bouarada
F01091;Mohamed Khelil;mohamed khelil
F01092;Mejdi Mbarek;mejdi mbarek
F01093;Ghanmi Ayhem;ghanmi ayhem
F01094;Mohamed Aziz Najjar;mohamed aziz najjar
F01095;Ahmed Lachheb Lahlaoui;ahmed lachheb lahlaoui
F01096;Walid Negra;walid negra
F01097;Ali Karray;ali karray
F01098;Ali Safsafi;ali safsafi
F01099;Ichrak Aouissaoui;ichrak aouissaoui
F01100;Najeh Bedhief;najeh bedhief
F01101;Ahmed Zoghlami;ahmed zoghlami
F01102;Soumaya Atoui;soumaya atoui
F01103;Farah M'seddi;farah m seddi
F01104;Slim M'seddi;slim m seddi
F01105;Jalel Satouri;jalel satouri
F01106;Achref Hayouni;achref hayouni
F01107;Hassen Mezghani;hassen mezghani
F01108;Sarra Ben Helal;sarra ben helal
F01109;Med slim BOUAZIZ;med slim bouaziz
F01110;Ali Ajili;ali ajili
F01111;Yosr Jazzar;yosr jazzar
F01112;Sami Khouaja;sami khouaja
F01113;Naji Bou Habib;naji bou habib
F01114;Nabil Fatmi;nabil fatmi
F01115;Ameur Baccoucha;ameur baccoucha
F01116;Sadok Maamar;sadok maamar
F01117;Hassen Mchaalia;hassen mchaalia
F01118;Ons Ayari;ons ayari
F01119;Mohamed Nejib Youssef;mohamed nejib youssef
F01120;Jalel Dahas;jalel dahas
F01121;souhir Zaoui;souhir zaoui
F01122;Sami Hamila;sami hamila
F01123;Maher Cheour;maher cheour
F01124;Moetaz Torkhani;moetaz torkhani
F01125;Hichème Kaboudi;hicheme kaboudi
F01126;Mohamed Wissem Landolsi;mohamed wissem landolsi
F01127;Walid Landolsi;walid landolsi
F01128;Imen Gaida;imen gaida
F01129;Heni Mechichi;heni mechichi
F01130;Abderrahmen Ben Gdara;abderrahmen ben gdara
F01131;Taher Ghrissi;taher ghrissi
F01132;Hakim Chemam;hakim chemam
F01133;Khalil Jelassi;khalil jelassi
F01134;Radhouane Slimani;radhouane slimani
F01135;Saif eddine Souilmi;saif eddine souilmi
F01136;Yasser Souilmi;yasser souilmi
F01137;Hamza Beji;hamza beji
F01138;Tommy Piedbois;tommy piedbois
F01139;Moncef Ben Rajeb;moncef ben rajeb
F01140;Yahyaoui Faouzi;yahyaoui faouzi
F01141;khalil ben said;khalil ben said
F01142;Fatma Essafi;fatma essafi
F01143;Walid Baltagi;walid baltagi
F01144;Chekib Chakroun;chekib chakroun
F01145;Chedi Chakroun;chedi chakroun
F01146;Mohamed Ali Tarhouni;mohamed ali tarhouni
F01147;Nour El Houda Kaouach;nour el houda kaouach
F01148;Hichem Mathlouthi;hichem mathlouthi
F01149;Zina Douar;zina douar
F01150;Brahim Douar;brahim douar
F01151;Ali Toumi;ali toumi
F01152;Mongi Kaddoussi;mongi kaddoussi
F01153;Dorsaf Touil;dorsaf touil
F01154;Mohamed Torkhani;mohamed torkhani
F01155;Talel Mouaada;talel mouaada
F01156;Mohamed El kamel;mohamed el kamel
F01157;Mohamed Baazaoui;mohamed baazaoui
F01158;Mounir Ghlaiel;mounir ghlaiel
F01159;Aymen El Amri;aymen el amri
F01160;Achraf Ammar;achraf ammar
F01161;Houssem Baaka;houssem baaka
F01162;Aya Achour;aya achour
F01163;Bilal Nsib;bilal nsib
F01164;Yesmine Ben Ameur;yesmine ben ameur
F01165;Mohamed Ali Rekik;mohamed ali rekik
F01166;Hatem Rabeh;hatem rabeh
F01167;Adel Fardi;adel fardi
F01168;Ayoub Belfekih;ayoub belfekih
F01169;Ahmed Aziz Chaker;ahmed aziz chaker
F01170;Mourad CHAKER;mourad chaker
F01171;Ghada Sayeh Cherif;ghada sayeh cherif
F01172;Foued Cherif;foued cherif
F01173;Malek Othmane;malek othmane
F01174;Houssem Lahbacha;houssem lahbacha
F01175;Imen Jabri;imen jabri
F01176;Bilel Amdouni;bilel amdouni
F01177;Neceur Kaleche;neceur kaleche
F01178;Radhouane Farhat;radhouane farhat
F01179;Hatem Ammar;hatem ammar
F01180;Ahmed Khlif;ahmed khlif
F01181;Tawfik Twil;tawfik twil
F01182;Fatma Twil;fatma twil
F01183;Hichem Sfayhi;hichem sfayhi
F01184;Yousser Boulifa;yousser boulifa
F01185;Chaima Ishak;chaima ishak
F01186;Abdelmonam Kouka;abdelmonam kouka
F01187;Ayed Akrout;ayed akrout
F01188;Selim Tekaya;selim tekaya
F01189;Mohamed Ghazouani;mohamed ghazouani
F01190;Achraf Aouadi;achraf aouadi
F01191;Rim Bourguiba;rim bourguiba
F01192;Hamza Gassem;hamza gassem
F01193;Hatem Hamdi;hatem hamdi
F01194;Abdel Karim Ben Abdel Malek;abdel karim ben abdel malek
F01195;Wafa Gabsi;wafa gabsi
F01196;Mohamed Khalil Liouane;mohamed khalil liouane
F01197;Khouloud Bouazizi;khouloud bouazizi
F01198;Zayneb Ghodhbani;zayneb ghodhbani
F01199;Wajdi Darmoul;wajdi darmoul
F01200;Selim Themouni;selim themouni
F01201;Yamina Rachdi;yamina rachdi
F01202;Wafi Bouassida;wafi bouassida
F01203;Mounir Bouassida;mounir bouassida
F01204;Tarek Ben Sassi;tarek ben sassi
F01205;Mohamed Amine Ben Sassi;mohamed amine ben sassi
F01206;Mohamed Ali Kammoun;mohamed ali kammoun
F01207;Ali Boukhachem;ali boukhachem
F01208;Bechir Gtari;bechir gtari
F01209;Firas Gaffari;firas gaffari
F01210;Houssem Akrout;houssem akrout
F01211;Bilel Knaissi;bilel knaissi
F01212;Mootaz Billeh Chaabani;mootaz billeh chaabani
F01213;Akram Mrad;akram mrad
F01214;Malek Zlitni;malek zlitni
F01215;Youssef Fakhfakh;youssef fakhfakh
F01216;Zied Agrebi Orabi;zied agrebi orabi
F01217;Mohamed Debbabi;mohamed debbabi
F01218;Ismail Talbi;ismail talbi
F01219;Brahim Jrah;brahim jrah
F01220;Mohamed Ali Taoues;mohamed ali taoues
F01221;Nidhal Jammali;nidhal jammali
F01222;Selsebil Ben El Haj Sghaier;selsebil ben el haj sghaier
F01223;Gadus Niyonzima;gadus niyonzima
F01224;Joshua King Isezerano;joshua king isezerano
F01225;Sarah mellouli;sarah mellouli
F01226;Melek Gharbi;melek gharbi
F01227;Bilel Ouersighni;bilel ouersighni
F01228;Ibtihel Haddedi;ibtihel haddedi
F01229;Skander Haddedi;skander haddedi
F01230;Tarek Berrehouma;tarek berrehouma
F01231;Mohamed Ben Rhouma;mohamed ben rhouma
F01232;Zied Ben Amar;zied ben amar
F01233;hanene Moalla;hanene moalla
F01234;Jamila Khlif;jamila khlif
F01235;Wajdi Moalla;wajdi moalla
F01236;Salma Aouini;salma aouini
F01237;Evolutik;evolutik
F01238;HOMEJEK;homejek
F01239;Smelsy.com Med slim Bouaziz;smelsy com med slim bouaziz
F01240;Fouita Abdelhay Najjar;fouita abdelhay najjar
F01241;Eventizer;eventizer
F01242;conception et vente d'un;conception et vente d un
F01243;système de télégestion;systeme de telegestion
F01244;Zribi Hinda;zribi hinda
F01245;d'énergie électrique;d energie electrique
F01246;Youssef Said;youssef said
F01247;Travaris Berkay Alkisel;travaris berkay alkisel
F01248;Ahmad Abd Arrahman;ahmad abd arrahman
F01249;El Food Lab;el food lab
F01250;Co-Solar;co solar
F01251;Yessin Boutabba;yessin boutabba
F01252;Services voitures épaves Slim M'seddi;services voitures epaves slim m seddi
F01253;Fantastic Mall Mohamed El kamel;fantastic mall mohamed el kamel
F01254;Saber Ben Ahmed;saber ben ahmed
F01255;Sahbi Ben Fredj;sahbi ben fredj
F01256;Nemine Marzouki;nemine marzouki
F01257;D-WEE Taha Grach;d wee taha grach
F01258;Nour Ehore Ghoseh Amal;nour ehore ghoseh amal
F01259;Helmi Mash;helmi mash
F01260;GHAYTH Bouygatta Lafalfa Rash Edouard Guilhot Daniel Balleger;ghayth bouygatta lafalfa rash edouard guilhot daniel balleger
F01261;Ahmed Miffes;ahmed miffes
F01262;Abdereazak Ahlou Al Cherif Amri Kekasae;abdereazak ahlou al cherif amri kekasae
F01263;Meeki Musselderb Karman Rokkane;meeki musselderb karman rokkane
F01264;Mierten Nebi Zainib Nebi Taha Haitie;mierten nebi zainib nebi taha haitie
F01265;Aymen Tabi Nour Bourataize;aymen tabi nour bourataize
F01266;Mohamed Ali Ben Aleya;mohamed ali ben aleya
F01267;Khaled Bouchousha;khaled bouchousha
F01268;Ahmed Didi Wassim Ioani Mohamed Diyan Koutini;ahmed didi wassim ioani mohamed diyan koutini
F01269;Omar Bacar Cager Bouchousha;omar bacar cager bouchousha
F01270;Ramzi Zefani;ramzi zefani
F01271;Raith Bensi Abdalah Bakke;raith bensi abdalah bakke
F01272;Mohamed Hanoun Ouannes Wassim Khalfa;mohamed hanoun ouannes wassim khalfa
F01273;Mohamed Salah Zaggar;mohamed salah zaggar
F01274;Wald Saad;wald saad
F01275;Marwa Ben Aissa;marwa ben aissa
F01276;Wissem Bougulla Loc Lafhiq;wissem bougulla loc lafhiq
F01277;Karmir Jabali Maker Chukai Wael Kaiso;karmir jabali maker chukai wael kaiso
F01278;Khaled Saddani;khaled saddani
F01279;Ahmed Trad;ahmed trad
F01280;Fatin Maslei Sandari Elbawi;fatin maslei sandari elbawi
F01281;Karmir Ben Abdalaziz Arwa Bel Hiji Taha Beri Amal Guzman;karmir ben abdalaziz arwa bel hiji taha beri amal guzman
F01282;Hamdil Ben Amor;hamdil ben amor
F01283;Ahmed Allesch Waet Allesch;ahmed allesch waet allesch
F01284;Sarra Fehail Firas Dheouad Malik Ahmed;sarra fehail firas dheouad malik ahmed
F01285;Karim Jelliti Issam Essefi Ali Sakka;karim jelliti issam essefi ali sakka
F01286;Siem Ouled Hsin;siem ouled hsin
F01287;Maher Amara Safa Bouhajar;maher amara safa bouhajar
F01288;Syrine Zgueb;syrine zgueb
F01289;Mohamed Belghith Younes Ben Mabrouk;mohamed belghith younes ben mabrouk
F01290;Mohamed Aziz Elmabrouk;mohamed aziz elmabrouk
F01291;Mohamed Harbaoui;mohamed harbaoui
F01292;Omar Guizani Maher Bouzid;omar guizani maher bouzid
F01293;Salem Mosbah;salem mosbah
F01294;Amine Mlika;amine mlika
F01295;Inès Béjar;ines bejar
F01296;Andolsi Jihed;andolsi jihed
F01297;Yassine Jalloul;yassine jalloul
F01298;Chea Srun;chea srun
F01299;Ahmed Turki;ahmed turki
F01300;Mustapha Turki;mustapha turki
F01301;Mohamed Riadh Bhar;mohamed riadh bhar
F01302;Khadija Mahjoub;khadija mahjoub
F01303;Hatem Sellami;hatem sellami
F01304;Makrem Zannouni;makrem zannouni
F01305;Kais Jrad;kais jrad
F01306;Ayed Guembri;ayed guembri
F01307;Abdessattar Tajouri;abdessattar tajouri
F01308;Nawfel Ben Moussa;nawfel ben moussa
F01309;Kelboussi Rami;kelboussi rami
F01310;Marwen Bousmina;marwen bousmina
F01311;Insaf Hamdi;insaf hamdi
F01312;Selma Belkhodja;selma belkhodja
F01313;Fondateur non lisible dans l’OCR;fondateur non lisible dans l ocr
F01314;Sami Mlaiki;sami mlaiki
F01315;David Simb;david simb
F01316;Ouassim Bouzid;ouassim bouzid
F01317;Ramzi Abidi;ramzi abidi
F01318;Wafa Abbes;wafa abbes
F01319;Oussama Jrad;oussama jrad
F01320;Taha Yassine Chahed;taha yassine chahed
F01321;Hamed Khalil Maaref;hamed khalil maaref
F01322;Slim Maaref;slim maaref
F01323;Ons Bouali;ons bouali
F01324;Yasser Belguesmi;yasser belguesmi
F01325;Bouallagui Dorsaf;bouallagui dorsaf
F01326;Sahar Awad;sahar awad
F01327;Tamer Shawer;tamer shawer
F01328;Chokri Samaali;chokri samaali
F01329;Oussema Dhaouadi;oussema dhaouadi
F01330;Hedi Hrigua;hedi hrigua
F01331;Oussama Hlaoui;oussama hlaoui
F01332;Inès Gharbi;ines gharbi
F01333;Anouer Kalel;anouer kalel
F01334;Mohamed Ali Said;mohamed ali said
F01335;Amina Triki;amina triki
F01336;Zahra Shiri;zahra shiri
F01337;Hassen Ouerghemmi;hassen ouerghemmi
F01338;Mehdi Tatar;mehdi tatar
F01339;Khalil Chelly;khalil chelly
F01340;Maroua Ben Charrada;maroua ben charrada
F01341;Belhaj Ines;belhaj ines
F01342;Seifeddine Miladi;seifeddine miladi
F01343;Slim Sghir;slim sghir
F01344;Houcem Hajji;houcem hajji
F01345;Wajdi Bechaouech;wajdi bechaouech
F01346;Rassil Rnouma;rassil rnouma
F01347;Enkhsanaa Achour;enkhsanaa achour
F01348;Sami Ben Salem;sami ben salem
F01349;Wafa Cherid;wafa cherid
F01350;Samir Chafai;samir chafai
F01351;Mohamed Salah Nachi;mohamed salah nachi
F01352;Malek Redissi;malek redissi
F01353;Fares Kotti;fares kotti
F01354;Youssef Mejri;youssef mejri
F01355;Makrem Cherni;makrem cherni
F01356;Sdiri Mahdi;sdiri mahdi
F01357;Manel Ouerhani;manel ouerhani
F01358;Ghada Jandoubi;ghada jandoubi
F01359;Lauret Hanout;lauret hanout
F01360;Haithem Ben Jemia Zied Ouled Ali;haithem ben jemia zied ouled ali
F01361;Samia Mbarek;samia mbarek
F01362;Ahmad Hentati Mahdi Ghribi;ahmad hentati mahdi ghribi
F01363;Rudolph Cerqueira;rudolph cerqueira
F01364;Mohamed Amine Ibrahim;mohamed amine ibrahim
F01365;Walid Chaabene;walid chaabene
F01366;Ahmed Choucheni Mohamed Choucheni;ahmed choucheni mohamed choucheni
F01367;Naziha Ouanes Mohamed Boumiza Med Amine Jebabli;naziha ouanes mohamed boumiza med amine jebabli
F01368;Khaled Ben Brahim Samia Cherif;khaled ben brahim samia cherif
F01369;Khaoula Habouria;khaoula habouria
F01370;Fares Horchani;fares horchani
F01371;Ahmed Elmi Mohamed Jbalia Souhaib Rejeb Wajdi Tayachi;ahmed elmi mohamed jbalia souhaib rejeb wajdi tayachi
F01372;Ahmed Badaoui Ibtissem Kadri;ahmed badaoui ibtissem kadri
F01373;Raouf Ben Aissa Youssef Zied Elhechmi Mohamed Aziz Belaweid Mohamed Wassim Benzarti Najla Ghrairi;raouf ben aissa youssef zied elhechmi mohamed aziz belaweid mohamed wassim benzarti najla ghrairi
F01374;Abdellatif Najjar Mariam Labidi Mourad Blaich;abdellatif najjar mariam labidi mourad blaich
F01375;Wissem Hakiri Mohamed Guediche Wided Hakiri;wissem hakiri mohamed guediche wided hakiri
F01376;Ismail Abdellaoui Mohamed Sghaier Alaa Souid Farouk Skhiri;ismail abdellaoui mohamed sghaier alaa souid farouk skhiri
F01377;Mahmoud Aljan;mahmoud aljan
F01378;Aziz Thraya Chokri Ben Sassi;aziz thraya chokri ben sassi
F01379;Boubaker Siala Rached Ben Hmadou Mahmoud Siala;boubaker siala rached ben hmadou mahmoud siala
F01380;Youssef Ennasri;youssef ennasri
F01381;Hayfa Khalfaoui;hayfa khalfaoui
F01382;Mohamed Slim Mansouri Asma Saidi;mohamed slim mansouri asma saidi
F01383;Ahmed Slim Bouakez Khoubeib Tlili Zoubeir Zarrouk Mohamed Guenbri;ahmed slim bouakez khoubeib tlili zoubeir zarrouk mohamed guenbri
F01384;Ramzi Houidi Rim Harabi;ramzi houidi rim harabi
F01385;Amin Ben Abderrahman;amin ben abderrahman
F01386;Salaheddine Ogontayo Hammouda Houcem Marouane Skandaji;salaheddine ogontayo hammouda houcem marouane skandaji
F01387;Mustapha Messaoudi Hamza Messaoudi;mustapha messaoudi hamza messaoudi
F01388;Mohamed Naoues Yosr Salhi;mohamed naoues yosr salhi
F01389;Kalthoum Frigui Mohamed Soussi;kalthoum frigui mohamed soussi
F01390;Salah Riahi;salah riahi
F01391;Dorra Haddad zarraa Ebtissem Sahtout Sirine Berguiga;dorra haddad zarraa ebtissem sahtout sirine berguiga
F01392;Idriss Fessi;idriss fessi
F01393;Anis Boufahja Slim Rouissi;anis boufahja slim rouissi
F01394;Wael Arfaoui Sirine Ayadi Montassar Kammakh;wael arfaoui sirine ayadi montassar kammakh
F01395;Belkis Bouali;belkis bouali
F01396;Rania Makhlouf Firas Chetouane;rania makhlouf firas chetouane
F01397;Anis Kmali Rawdha Bessaoud;anis kmali rawdha bessaoud
F01398;Mohamed Wajih Bejaoui Mohamed Alaa Hamdi Mohamed Jihed Hmida Mohamed khalil Fitouri;mohamed wajih bejaoui mohamed alaa hamdi mohamed jihed hmida mohamed khalil fitouri
F01399;Nizar Hamdi Adnene Aroua;nizar hamdi adnene aroua
F01400;Ghada Sayeh Cherif Foued Cherif;ghada sayeh cherif foued cherif
F01401;Ali Ajili Yosr Jazzar;ali ajili yosr jazzar
F01402;Houssem Baaka Aya Achour Bilal Nsib;houssem baaka aya achour bilal nsib
F01403;Mohamed Debbabi Ismail Talbi;mohamed debbabi ismail talbi
F01404;Mohamed Amine Jendoubi Ahmed Nemlaghi Mohamed Badii Jendoubi;mohamed amine jendoubi ahmed nemlaghi mohamed badii jendoubi
F01405;Ahmed Ouertani Abdelkader Sellami Ahmed Ferjani Mohamed Salah Elbach;ahmed ouertani abdelkader sellami ahmed ferjani mohamed salah elbach
F01406;Yassine Ajili Nidhal Akrout;yassine ajili nidhal akrout
F01407;Aymen Zouaoui Kais Zouaoui Imen Ben Nsir Marwa Mejri;aymen zouaoui kais zouaoui imen ben nsir marwa mejri
F01408;Marouan Ariane Houda Saied;marouan ariane houda saied
F01409;Rania Fakhfakh Emna Souid Marwa Hannachi;rania fakhfakh emna souid marwa hannachi
F01410;Alexandre Cour Sami Landoulsi;alexandre cour sami landoulsi
F01411;Mehdi Mhamdi Karim Zribi;mehdi mhamdi karim zribi
F01412;Faten Hamdi;faten hamdi
F01413;Alia Belkhodja;alia belkhodja
F01414;Sassi Siwar Yasmine Selmi;sassi siwar yasmine selmi
F01415;Mohamed Omrane Mzabi Malek Mzabi;mohamed omrane mzabi malek mzabi
F01416;Hamdi Mustapha Bouchra Bel Haj Abdallah;hamdi mustapha bouchra bel haj abdallah
F01417;Mehdi Ben Abdallah Marwa Moula;mehdi ben abdallah marwa moula
F01418;Mohamed Taha Ben Mhenni Iheb Sahloul Saifeddine Ben Mhenni;mohamed taha ben mhenni iheb sahloul saifeddine ben mhenni
F01419;Khalil Zammeli Hosn el Oujoud Tebourski;khalil zammeli hosn el oujoud tebourski
F01420;Hajer Kharrat Rami Mestiri Mohamed Khalil Liouane;hajer kharrat rami mestiri mohamed khalil liouane
F01421;Sinda Bououn;sinda bououn
F01422;Ayachi Monaam Ikhlas Ayachi;ayachi monaam ikhlas ayachi
F01423;Khaireddine Mejri;khaireddine mejri
F01424;Nesrine Welhezi Oussema Khlifi Nizar Welhezi;nesrine welhezi oussema khlifi nizar welhezi
F01425;Wassim Ghozlani Nadia Redissi Amine Landoulsi Arbi Dridi;wassim ghozlani nadia redissi amine landoulsi arbi dridi
F01426;Amine Kéfi Beya Ben Saad;amine kefi beya ben saad
F01427;Hatem Abdennadher Aida Ben Hamouda;hatem abdennadher aida ben hamouda
F01428;Olfa Dhouibi;olfa dhouibi
F01429;Ahmed Najjar Yosr El Mabrouk Adel Mrabet Mohamed Soloman Oshan;ahmed najjar yosr el mabrouk adel mrabet mohamed soloman oshan
F01430;Riadh Jlassi Omar Ben Abdessamy;riadh jlassi omar ben abdessamy
F01431;Belhassen Ben Chaabane;belhassen ben chaabane
F01432;Chiheb Rais Ferdaws Abdelekbir Rania Ikbal Ouriemi;chiheb rais ferdaws abdelekbir rania ikbal ouriemi
F01433;Heni Ouni Mohamed Wajih Tagourty Badri Ahmed Teissir Abboud Taha Dahech Mahdi Chtioui;heni ouni mohamed wajih tagourty badri ahmed teissir abboud taha dahech mahdi chtioui
F01434;Moslem Cherif;moslem cherif
F01435;Majed Ben Belgacem;majed ben belgacem
F01436;Dorsaf Tabbassi Rania Allagui;dorsaf tabbassi rania allagui
F01437;Mohamed Achref Bensghaier;mohamed achref bensghaier
F01438;Jihene Aouachri Amine Methnani;jihene aouachri amine methnani
F01439;Ahlem Medini Jawher Mdini Maha Mdini;ahlem medini jawher mdini maha mdini
F01440;Amine Maalaoui;amine maalaoui
F01441;Mounir Ghlaiel Aymen El Amri;mounir ghlaiel aymen el amri
F01442;Hanene Moalla Jamila Khlif Wajdi Moalla;hanene moalla jamila khlif wajdi moalla
F01443;Ali Safsafi Ichrak Aouissaoui Najeh Bedhief;ali safsafi ichrak aouissaoui najeh bedhief
F01444;Bechir Gtari Firas Gaffari Houssem Akrout;bechir gtari firas gaffari houssem akrout
F01445;Bilel Knaissi Mootaz Billeh Chaabani;bilel knaissi mootaz billeh chaabani
F01446;Riadh Brinsi Abdallah Bakir;riadh brinsi abdallah bakir
F01447;Ramzi Zelfani;ramzi zelfani
F01448;Youssef Fakhfakh Zied Agrebi Orabi;youssef fakhfakh zied agrebi orabi
F01449;Farouk Oueslati Dorsaf Touil;farouk oueslati dorsaf touil
F01450;Moez Lachneb Ahmed Nabli Souamay Tlili Faten Manai Abd El Aziz Trabelsi;moez lachneb ahmed nabli souamay tlili faten manai abd el aziz trabelsi
F01451;Oussama Ben Mahmoud Adem Abidi;oussama ben mahmoud adem abidi
F01452;Mohamed Makni Farah Makni Wissem Allouchi;mohamed makni farah makni wissem allouchi
F01453;Mouheb Kraiem Maha Benmohamed;mouheb kraiem maha benmohamed
F01454;Mohamed Salah Mbarek;mohamed salah mbarek
F01455;Youssef Bouzariata Mohemed Rameh Amine Shiri;youssef bouzariata mohemed rameh amine shiri
F01456;Walid Saadaoui Khaled Benlatrach Raouia Magroun;walid saadaoui khaled benlatrach raouia magroun
F01457;Sofiene Rouis;sofiene rouis
F01458;Bouraoui Ben Ammar;bouraoui ben ammar
F01459;Brahim jaouad Mohamed Amroussi Oumar Rejeb;brahim jaouad mohamed amroussi oumar rejeb
F01460;Anis Zehani Anissa Zehani;anis zehani anissa zehani
F01461;Moez Beddi Ilyes Masmoudi Amine Ennouri;moez beddi ilyes masmoudi amine ennouri
F01462;Kais Malki;kais malki
F01463;Achraf Msakni Sabra Gargouri;achraf msakni sabra gargouri
F01464;Saïd Ben Jlili Hamza ben jannet;said ben jlili hamza ben jannet
F01465;Skander Chouka;skander chouka
F01466;Wissem Ben Ameur Yassine Abid Driss Nadhem Firas Makni Dorra Barkallah Taieb Kerkeny Khedhiri Salah;wissem ben ameur yassine abid driss nadhem firas makni dorra barkallah taieb kerkeny khedhiri salah
F01467;Bacem Rezgui;bacem rezgui
F01468;Hela Jelassi Anis Borchani;hela jelassi anis borchani
F01469;Maher Zaanouni;maher zaanouni
F01470;Rania Werda;rania werda
F01471;Zied Dahmani Amen Allah Dahmani;zied dahmani amen allah dahmani
F01472;Hamdi kardough Chayma Ben salem Farrah Marwa;hamdi kardough chayma ben salem farrah marwa
F01473;Mariam Ouanes Ahmed Becha Ines El Ayeb Amine Gara;mariam ouanes ahmed becha ines el ayeb amine gara
F01474;Bassem Seddik;bassem seddik
F01475;Alaa Chaibi Imen Boumiza;alaa chaibi imen boumiza
F01476;Meher Hedhli Mohamed Barki;meher hedhli mohamed barki
F01477;Adel Hamdi;adel hamdi
F01478;Khaled Mediouni Mohamed Haythem Goddi;khaled mediouni mohamed haythem goddi
F01479;Firas Yousfi Abdessalem Bazine Mehdi Maalawi;firas yousfi abdessalem bazine mehdi maalawi
F01480;Abdeljelil Lazaar Mustapha Guellaty Mohamed Zouhaier Zammel;abdeljelil lazaar mustapha guellaty mohamed zouhaier zammel
F01481;Hajer Romdhani Hafedh Ben Abdelhafidh;hajer romdhani hafedh ben abdelhafidh
F01482;Ibrahim Jlassi Mohamed Belouaer Houssem Chaabani;ibrahim jlassi mohamed belouaer houssem chaabani
F01483;Mohamed Ali Shili Moez Hammami;mohamed ali shili moez hammami
F01484;Firas Dhaouadi Maalej Ahmed;firas dhaouadi maalej ahmed
F01485;Charef Ahmed Anas Charfi;charef ahmed anas charfi
F01486;Azzez Moatez Hamza Gassab;azzez moatez hamza gassab
F01487;Aymen Bergaoui;aymen bergaoui
F01488;Souhail Msakni Sami Sghaier Ahmed Liouene;souhail msakni sami sghaier ahmed liouene
F01489;Hajer Sahnoun Faten Sahnoun;hajer sahnoun faten sahnoun
F01490;Mohamed Amir Lahmar;mohamed amir lahmar
F01491;Hichem Mokni Foued Elkamel;hichem mokni foued elkamel
F01492;Walid Trabelsi;walid trabelsi
F01493;Sarra Khemakhem Oumayma Kéfi;sarra khemakhem oumayma kefi
F01494;Afef Letaief Aziz Hafsa;afef letaief aziz hafsa
F01495;Kais Euchi;kais euchi
F01496;Aymen Gahbiche Nourine Bouguella;aymen gahbiche nourine bouguella
F01497;Ala Eddine Maatoug;ala eddine maatoug
F01498;Neila Benzina;neila benzina
F01499;Imen Mefteh Ilef Oumari;imen mefteh ilef oumari
F01500;Wafa Makni Imed Elabed;wafa makni imed elabed
F01501;Bechir Bouazizi;bechir bouazizi
F01502;Mohamed Hadiji Aymen Tounsi Mohamed Kabadou;mohamed hadiji aymen tounsi mohamed kabadou
F01503;Mohamed Ali Zaier Mohamed Ben Romdhane;mohamed ali zaier mohamed ben romdhane
F01504;Rim Ben Mansour;rim ben mansour
F01505;Montassar Faidi;montassar faidi
F01506;Golli Youssef;golli youssef
F01507;Nahla Saidani Moez Hmidi;nahla saidani moez hmidi
F01508;Amri Abderrahmen Ines Miled Gharsalli Wael Kachouri Hind Malek Najahi;amri abderrahmen ines miled gharsalli wael kachouri hind malek najahi
F01509;Maher Essalah;maher essalah
F01510;Wessim Elkefi Marwene Bouhawel;wessim elkefi marwene bouhawel
F01511;Malek Oueslati Dorsaf Bel Hadj Mohamed;malek oueslati dorsaf bel hadj mohamed
F01512;Maher Chafii;maher chafii
F01513;Rani Ben Mahmoud Safa Rzig;rani ben mahmoud safa rzig
F01514;Wala Bouzouita Mohamed Bouzouita Elyes Belhaj;wala bouzouita mohamed bouzouita elyes belhaj
F01515;Mortadha Mehri Jesser Ben Mefteh;mortadha mehri jesser ben mefteh
F01516;Sonia Ben Rejeb Mohamed Aziz Ben haj ali Oussama Mhimdi Wessim Khiari Nessrine Ben Hadj Youssef;sonia ben rejeb mohamed aziz ben haj ali oussama mhimdi wessim khiari nessrine ben hadj youssef
F01517;Maroua Ben Khaled Mariem Mahjouba Saidani Asma Ben Ghali;maroua ben khaled mariem mahjouba saidani asma ben ghali
F01518;Ahmed Fakhri Hamrouni Mohamed Yessine Soufi Hanen Amraoui;ahmed fakhri hamrouni mohamed yessine soufi hanen amraoui
F01519;Dhafer Ben Amor Rym Bedoui;dhafer ben amor rym bedoui
F01520;Linda Riahi Bassems Lamouchi Hedi Manai;linda riahi bassems lamouchi hedi manai
F01521;Wajih tarsim Ahmed Fourati;wajih tarsim ahmed fourati
F01522;Nassim Naimi;nassim naimi
F01523;Lokmen Rojbeni Hajer Rojbeni;lokmen rojbeni hajer rojbeni
F01524;Wael Boubaker;wael boubaker
F01525;Marwa Setti Med Aziz Setti;marwa setti med aziz setti
F01526;Sana Khadhraoui Adam Ben mokded Aymen Yanoubli;sana khadhraoui adam ben mokded aymen yanoubli
F01527;Awes Ferchichi Fahmi Missaoui;awes ferchichi fahmi missaoui
F01528;Ahmed Nabli Moez Lachneb;ahmed nabli moez lachneb
F01529;Slim Ben Yedder Ridha Alouani;slim ben yedder ridha alouani
F01530;Ikram Aloui Karim Aloui Yosr Aloui;ikram aloui karim aloui yosr aloui
F01531;Anis Arbia;anis arbia
F01532;Ghaleb Ben Ali Karim Daghari;ghaleb ben ali karim daghari
F01533;Leila Marzoug Skander daas;leila marzoug skander daas
F01534;Moez Farhat Mohamed Amine Youssef Ilyes Saidani;moez farhat mohamed amine youssef ilyes saidani
F01535;Mourad Gabsi Aya Drissi;mourad gabsi aya drissi
F01536;Fatma Midani Mehdi Achour Touhami Midani;fatma midani mehdi achour touhami midani
F01537;Tarek Gasmi Karim Ettabaa;tarek gasmi karim ettabaa
F01538;Hassen Naas Amine Massaabi Rassil Rhouma;hassen naas amine massaabi rassil rhouma
F01539;Pierre Rinaldi Sylvain Forte Florian Aubry;pierre rinaldi sylvain forte florian aubry
F01540;Mohamed Bayouli Emna Ben Jeddi;mohamed bayouli emna ben jeddi
F01541;Neila Alya Benzina;neila alya benzina
F01542;Houssein Midouni;houssein midouni
F01543;Yassine Boumaiza Oussama Bel Hadj Ali;yassine boumaiza oussama bel hadj ali
F01544;Sonia Hafaiedh Anissa Hafaiedh;sonia hafaiedh anissa hafaiedh
F01545;Aymen Aouadi Malek Ben Yedder Motaz Marzouki Khaled Mejbri;aymen aouadi malek ben yedder motaz marzouki khaled mejbri
F01546;Mohamed Tlich;mohamed tlich
F01547;Mohamed Bahri Hayet Rais Jeremy Rochot;mohamed bahri hayet rais jeremy rochot
F01548;Kaies Tarres Mohamed Tarres Soumaya Tarres;kaies tarres mohamed tarres soumaya tarres
F01549;Wael Hassen Ala Eddine Hassen Malek Chaabane Mohamed Amine Berguiga;wael hassen ala eddine hassen malek chaabane mohamed amine berguiga
F01550;Mohamed Slimeni;mohamed slimeni
F01551;Khaled Chiboub Mohamed Hamlaoui;khaled chiboub mohamed hamlaoui
F01552;Karim Hammami Mohamed Amine Battikh;karim hammami mohamed amine battikh
F01553;Arselene Rouatbi Ridha Rouatbi;arselene rouatbi ridha rouatbi
F01554;Ahdi Hidri Youssef Chatti;ahdi hidri youssef chatti
F01555;Hatem Ben Brahim;hatem ben brahim
F01556;Emine Meherzi Amina Trigui;emine meherzi amina trigui
F01557;Maher Guetary;maher guetary
F01558;Bachir Tlemsani Wannes Bjaoui Lasad Tlemsani;bachir tlemsani wannes bjaoui lasad tlemsani
F01559;Zayd Habbachi;zayd habbachi
F01560;Nizar Guidara Amira Aydi;nizar guidara amira aydi
F01561;Dhouha Bel Hadj Yahia;dhouha bel hadj yahia
F01562;Lassaad Ben Rejeb;lassaad ben rejeb
F01563;Mohamad Mouihbi Mahmoud Jebri;mohamad mouihbi mahmoud jebri
F01564;Omar Trabelsi Nidhal Sahraoui Achref Dawahi;omar trabelsi nidhal sahraoui achref dawahi
F01565;Amine Fourati Kamoun Rami;amine fourati kamoun rami
F01566;Oussema Ksontini Yosri Kossontini Mariem Ben Maallem Abdel Majid Kessentini;oussema ksontini yosri kossontini mariem ben maallem abdel majid kessentini
F01567;Belgacem Negrini;belgacem negrini
F01568;Chaima Ben Ayed Mehdi Triki;chaima ben ayed mehdi triki
F01569;Maha Mgaieth;maha mgaieth
F01570;Wissem Bouguila Loïc Lafhej;wissem bouguila loic lafhej
F01571;Ibtihel Haddedi Skander Haddedi;ibtihel haddedi skander haddedi
F01572;Mohamed Ali Taoues Nidhal Jammali Selsebil Ben El Haj Sghaier;mohamed ali taoues nidhal jammali selsebil ben el haj sghaier
F01573;Tarek Berrehouma Mohamed Ben Rhouma;tarek berrehouma mohamed ben rhouma
F01574;Zied LOUKIL Ferdouas MASMOUDI;zied loukil ferdouas masmoudi
F01575;Mohsen Ayari;mohsen ayari
F01576;Amjed Teraa Elyes Said;amjed teraa elyes said
F01577;Tawfik Ben Hamadi Zied Boukhris Mourad Chaabane;tawfik ben hamadi zied boukhris mourad chaabane
F01578;Amira Cheniour Ines Hamida Taher Mestiri;amira cheniour ines hamida taher mestiri
F01579;Youssef Boumahdef Wissem Ata Khaled Hamila;youssef boumahdef wissem ata khaled hamila
F01580;Ghassen Selmi Amen Eddine Mili Houssam Jedidi Rene Sehi Joerg Funder Guenter Althaus;ghassen selmi amen eddine mili houssam jedidi rene sehi joerg funder guenter althaus
F01581;Mohamed Bechir Chniti Nedra Neffeti;mohamed bechir chniti nedra neffeti
F01582;Hajer Siala Sophiene Jebabli;hajer siala sophiene jebabli
F01583;Haithem Cherni;haithem cherni
F01584;Oussama Romdhane Khalil Fakhfekh;oussama romdhane khalil fakhfekh
F01585;Moussa Tajouri Chourouk Attig;moussa tajouri chourouk attig
F01586;Mohamed Ghazi Baccouche Habib Gafsi;mohamed ghazi baccouche habib gafsi
F01587;Kamel Jemli Dhia Jemli Monji Jemli;kamel jemli dhia jemli monji jemli
F01588;Mohamed Ben Ahmed Mohamed Youssef Chahed;mohamed ben ahmed mohamed youssef chahed
F01589;Rami Brahem Amani Bettaieb Ahmed Ben Yedder;rami brahem amani bettaieb ahmed ben yedder
F01590;Mohamed Ali BRINI Hayfa Ben Mohamed;mohamed ali brini hayfa ben mohamed
F01591;Wassef Ben Ounis;wassef ben ounis
F01592;Marwa Ferchichi Severin Judicael Mombembo;marwa ferchichi severin judicael mombembo
F01593;Sarah Lamine Mohamed Ali Aguel;sarah lamine mohamed ali aguel
F01594;Marwane Arsslene Zribi Rhym Ben Ghazi Teja Kallel;marwane arsslene zribi rhym ben ghazi teja kallel
F01595;Ali Khelifi Khelifi Ibrahim;ali khelifi khelifi ibrahim
F01596;Nahla Elmi;nahla elmi
F01597;Nadhmi Jourchi Narjess Derouiche;nadhmi jourchi narjess derouiche
F01598;Firas Raddadi Ghada Radadi Hatem Temimi;firas raddadi ghada radadi hatem temimi
F01599;Yosra Arous Mahdi Arous;yosra arous mahdi arous
F01600;Angoud Houssem;angoud houssem
F01601;Neila Hafsia Seifeddine Memmiche;neila hafsia seifeddine memmiche
F01602;Amin Dridi Hedy Jamoussi;amin dridi hedy jamoussi
F01603;Omar Ben Haj Said Mohamed Aouinet Walid Msallem;omar ben haj said mohamed aouinet walid msallem
F01604;Mourad Sahloul S'himi Heni;mourad sahloul s himi heni
F01605;Mohamed Habib Chebbi;mohamed habib chebbi
F01606;Nour El Kamel Lilia El Kamel;nour el kamel lilia el kamel
F01607;Anis Ben Slimane;anis ben slimane
F01608;Zayane Mohamed Yassine;zayane mohamed yassine
F01609;Slim Zribi;slim zribi
F01610;Sabri Cheriha;sabri cheriha
F01611;ADEL CHAARI;adel chaari
F01612;Mohamed Seddik Azzabi;mohamed seddik azzabi
F01613;Ghassen Maalej Mohamed Limame Elie Zoghaib Mohamed Kadi;ghassen maalej mohamed limame elie zoghaib mohamed kadi
F01614;Monaam Ayachi Ikhlas Ayachi;monaam ayachi ikhlas ayachi
F01615;Yasser Belguesmi Dorsaf Bouallagui;yasser belguesmi dorsaf bouallagui
F01616;Karim Jebali Nader Chibani wael kassis;karim jebali nader chibani wael kassis
F01617;Mohamed Fares Ghodhbani;mohamed fares ghodhbani
F01618;Malek Maazoun Yassine Mseddi;malek maazoun yassine mseddi
F01619;Youssef Dridi Atef Boutara Yatim Omar Firas Ben Ghayadha;youssef dridi atef boutara yatim omar firas ben ghayadha
F01620;Mayssa Karchoud Nadhmi Amara Aladin Khantouch Haytham Khemakhem;mayssa karchoud nadhmi amara aladin khantouch haytham khemakhem
F01621;Yassine Bouchoucha Ali Babbou;yassine bouchoucha ali babbou
F01622;Sami Bouden Walid Karray Obeyd Melliti;sami bouden walid karray obeyd melliti
F01623;Samy Jaidène Mayassa Fehaiem;samy jaidene mayassa fehaiem
F01624;Sana Saadani Haythem Dridi Syrine Guettat;sana saadani haythem dridi syrine guettat
F01625;Mohamed Amine Omrani Ali Mansour;mohamed amine omrani ali mansour
F01626;Mehdi Boudhraa Omar Khalfet;mehdi boudhraa omar khalfet
F01627;Zied Bouhejba;zied bouhejba
F01628;Henda Regaya Maher Hemissi;henda regaya maher hemissi
F01629;Zied Jbali;zied jbali
F01630;Ellouze Fares;ellouze fares
F01631;Hadded Malek Sara Bennour;hadded malek sara bennour
F01632;Zina Kobbi;zina kobbi
F01633;Rami Rouini Amal Cherif Mahdi Ben khmis;rami rouini amal cherif mahdi ben khmis
F01634;Mohamed Fekih-Romdhane;mohamed fekih romdhane
F01635;Malek Dey Daly Chahrazed Dey daly;malek dey daly chahrazed dey daly
F01636;Khawla Ben Mansour Mohamed Kadi Mohamed Limame;khawla ben mansour mohamed kadi mohamed limame
F01637;Soua Salah Zoubeida Chaouch Najla Kacem;soua salah zoubeida chaouch najla kacem
F01638;Sabryn Hamrouny Khelifi Ahmed Ibrahim Sarray Mohamed Amine Jebali;sabryn hamrouny khelifi ahmed ibrahim sarray mohamed amine jebali
F01639;Karim Amous;karim amous
F01640;Afef Mkaoure Abir Mkawar;afef mkaoure abir mkawar
F01641;Akrem Belguith Tayeb Beb Ayed Fares Mallek Maher Marwani;akrem belguith tayeb beb ayed fares mallek maher marwani
F01642;Rabeb Rezgui;rabeb rezgui
F01643;Zaineb Saadallah;zaineb saadallah
F01644;Mohamed Naim Boubtane Myriam Boubtane;mohamed naim boubtane myriam boubtane
F01645;Bilel Amdouni Mohamed Ali Belajouza;bilel amdouni mohamed ali belajouza
F01646;Mohamed Taher Bouchahoua Juste Méthode Bocovo Inès Aichi;mohamed taher bouchahoua juste methode bocovo ines aichi
F01647;Mechria Rafik Tarek Hechmi;mechria rafik tarek hechmi
F01648;Nedra Kharbeche Sana Bourguiba;nedra kharbeche sana bourguiba
F01649;Yahya Touil Mathouthi Akrem;yahya touil mathouthi akrem
F01650;Houssem Eddine Noamen Amdouni Mohamed Amine;houssem eddine noamen amdouni mohamed amine
F01651;Mohamed Hedi Khanfir Abdennaceur Tarrouch;mohamed hedi khanfir abdennaceur tarrouch
F01652;Amine Abassi Mohamed El Abbassi Maher El Abbassi;amine abassi mohamed el abbassi maher el abbassi
F01653;Rahma Ayadi Chokri Siala Yousra Ayadi;rahma ayadi chokri siala yousra ayadi
F01654;Amira Hannachi Patrick Mollard Oualid Abderrazek;amira hannachi patrick mollard oualid abderrazek
F01655;Sofienne Mallek;sofienne mallek
F01656;Assil Salah;assil salah
F01657;Hedi Hrigua Oussama Hlaoui;hedi hrigua oussama hlaoui
F01658;Amr Bakr Sahar Awad Tamer Shawer;amr bakr sahar awad tamer shawer
F01659;Michela Lucifero Ottavio Lucifero;michela lucifero ottavio lucifero
F01660;Ymen Matri;ymen matri
F01661;Ilyes mhiri Achraf Zorgati Mohamed Amine Chalbi;ilyes mhiri achraf zorgati mohamed amine chalbi
F01662;Iman Masmoudi;iman masmoudi
F01663;Takoua Gharbi Aya Jallali;takoua gharbi aya jallali
F01664;Jawhar Kobbi Omar Maalej;jawhar kobbi omar maalej
F01665;Atef Azizi;atef azizi
F01666;Ibrahim Chouikh Abdelfattah Lahbib Abdelhamid Guinoubi Ahmed Ettoumi Laila Balti;ibrahim chouikh abdelfattah lahbib abdelhamid guinoubi ahmed ettoumi laila balti
F01667;Mohamed Amine Bensalem Mohamed Kharrat Ahmed Yassine Bensalem Habib Mestiri;mohamed amine bensalem mohamed kharrat ahmed yassine bensalem habib mestiri
F01668;Chedhli Hafien Ramzi Bouzaiene Mokhtar Hafien;chedhli hafien ramzi bouzaiene mokhtar hafien
F01669;Jihene Chouiref Rasha Chwiref;jihene chouiref rasha chwiref
F01670;Marwen Khouaja Houssem Miled Hedi Miled;marwen khouaja houssem miled hedi miled
F01671;Hafedh Barhoumi;hafedh barhoumi
F01672;Slim Mahrsi Mahdi Truki Walim JRIBI;slim mahrsi mahdi truki walim jribi
F01673;Mohamed Ismail Mesbeh Mohamed Amine Jarraya Maher Tlili Khalil Cherif;mohamed ismail mesbeh mohamed amine jarraya maher tlili khalil cherif
F01674;Mohamed salah Nachi Malek Redissi;mohamed salah nachi malek redissi
F01675;Samir Zabi Mohamed Essid;samir zabi mohamed essid
F01676;Maroua Ben Ali Mohamed Yassine Soussi;maroua ben ali mohamed yassine soussi
F01677;Walid Saadaoui Khaled Benlatrach;walid saadaoui khaled benlatrach
F01678;Youssef Hammami Bassem Thabti;youssef hammami bassem thabti
F01679;Majdi Ben Farhat;majdi ben farhat
F01680;Khalil Hamdi Mohamed Dridi;khalil hamdi mohamed dridi
F01681;Nissaf Sleymi;nissaf sleymi
F01682;Maher Zahar Sabri Barbaria;maher zahar sabri barbaria
F01683;Chaibi Alaa Boumiza Imen;chaibi alaa boumiza imen
F01684;MOHAMED ANANE Sofiene Grati AMOR MEGADMINI MAHDI KAMOUN;mohamed anane sofiene grati amor megadmini mahdi kamoun
F01685;Nizar Chelly Zied Zmantar;nizar chelly zied zmantar
F01686;Malek Hamouda Hamed Baltagi;malek hamouda hamed baltagi
F01687;Abdelhalim Zaibi Ahmed Ben Mahmoud Wael Gargouri Adam Boulila;abdelhalim zaibi ahmed ben mahmoud wael gargouri adam boulila
F01688;Ilyes Belhaj;ilyes belhaj
F01689;Kamel Sanai Yousri Filali Majdi Sidaoui Farhat Akrout Houssem Eddine Sanai Walid Zaghdoud Amel Saif Ennasser Ameni Jebahi Asma Ben Abdallah;kamel sanai yousri filali majdi sidaoui farhat akrout houssem eddine sanai walid zaghdoud amel saif ennasser ameni jebahi asma ben abdallah
F01690;Basma Yacoubi Oussema Yacoubi;basma yacoubi oussema yacoubi
F01691;Haithem Besghaier Amine Gongi Mohamed Taha Jemmali;haithem besghaier amine gongi mohamed taha jemmali
F01692;Hamadi Ben Slimane Mosbehi Mohamed Montassar;hamadi ben slimane mosbehi mohamed montassar
F01693;Jawhara Ben Aissa;jawhara ben aissa
F01694;Ramzi Hmani Leila Slim;ramzi hmani leila slim
F01695;Boubaker Tilouche Ibtihel Kochat Habib Jrad;boubaker tilouche ibtihel kochat habib jrad
F01696;Amine Zgarni Bassem Dahmani Sarra Bahrini;amine zgarni bassem dahmani sarra bahrini
F01697;Habib Miladi;habib miladi
F01698;Marwen Ferchichi Ghassen Cherif;marwen ferchichi ghassen cherif
F01699;Mounir secrafi Elyes Chihaoui;mounir secrafi elyes chihaoui
F01700;Lynda Belhadj Lina Belhadj Jihene El Ouakdi;lynda belhadj lina belhadj jihene el ouakdi
F01701;Fatma Abou el hija ghassen ksouri;fatma abou el hija ghassen ksouri
F01702;Wathek BenFradj Sarra Mannai Eya Chebili;wathek benfradj sarra mannai eya chebili
F01703;Bassem Louati;bassem louati
F01704;Abdelkader Mahmoud Zied Manai;abdelkader mahmoud zied manai
F01705;Mehdi Hamrouni Khalil Agrebi Imen Guezguez;mehdi hamrouni khalil agrebi imen guezguez
F01706;Mohamed Jawher Hamed Bellahssen Bellili Syrine Rhoùma;mohamed jawher hamed bellahssen bellili syrine rhouma
F01707;Ghassen Sghaier Senda Akili Mohamed Habib Sghaier;ghassen sghaier senda akili mohamed habib sghaier
F01708;Rahma Dakhli Amal Mejri Boutheina Boughanmi;rahma dakhli amal mejri boutheina boughanmi
F01709;Mohamed Nathan Fenina Nadia El Jed;mohamed nathan fenina nadia el jed
F01710;Fatma Abou El Hija Ahmed Maalej;fatma abou el hija ahmed maalej
F01711;Med Amir Lahmar;med amir lahmar
F01712;Hajer Sahnoun;hajer sahnoun
F01713;Akram Bouslama;akram bouslama
F01714;Hichem Chelbi;hichem chelbi
F01715;Rim Ben Brahim Oussama Lessis;rim ben brahim oussama lessis
F01716;Kamel Alouani Jacer Omri;kamel alouani jacer omri
F01717;Aymen Sakka;aymen sakka
F01718;Aymen Mokadem Haykel Ben othman;aymen mokadem haykel ben othman
F01719;Syrine Elaydi Ahmed Gammoudi;syrine elaydi ahmed gammoudi
F01720;Hani Hamrouni David Di Majo;hani hamrouni david di majo
F01721;Yassine Zrelli;yassine zrelli
F01722;Safi Eddine Negra;safi eddine negra
F01723;kais Assali Mohamed Ali Belajouza Maya Boureghda Anis Wahabi;kais assali mohamed ali belajouza maya boureghda anis wahabi
F01724;Zahra Jenane;zahra jenane
F01725;Ghassen Chattouna;ghassen chattouna
F01726;Fares Kotti Makrem Kotti;fares kotti makrem kotti
F01727;Samer Ouerfelli Yazid Ouerfelli;samer ouerfelli yazid ouerfelli
F01728;Sahli Sonia Ahmed Sahli;sahli sonia ahmed sahli
F01729;Bochra Bouchhima Said Mseddi Abbes Mseddi;bochra bouchhima said mseddi abbes mseddi
F01730;Amelle Homrani Hayfa Hosni;amelle homrani hayfa hosni
F01731;Houssem Ouali;houssem ouali
F01732;Alaa edinee Ben Mbarek Nahdi Ali;alaa edinee ben mbarek nahdi ali
F01733;Wissam Siblini Gilbert Fakhoury;wissam siblini gilbert fakhoury
F01734;Anis Mzali Mohamed Ali Belajouza Youssef Boufaied;anis mzali mohamed ali belajouza youssef boufaied
F01735;Anis Touibi;anis touibi
F01736;Myriam Belgacem;myriam belgacem
F01737;Aymen Yahmed Khalifa Haythem Ines Yahmed Bassem Rejeb;aymen yahmed khalifa haythem ines yahmed bassem rejeb
F01738;Abir Barket Sofiene Msadek;abir barket sofiene msadek
F01739;Nader Ben Cheikh Brahim;nader ben cheikh brahim
F01740;Ismai Benmiled Walid Ksouri;ismai benmiled walid ksouri
F01741;Riadh Chabchoub Abir Chabchoub;riadh chabchoub abir chabchoub
F01742;Marwa Zitouni Mahdi Houli;marwa zitouni mahdi houli
F01743;Amine Dimassi Sinda Daghfous;amine dimassi sinda daghfous
F01744;Mohamed Sadok Krifa Mohamed Karim Kechalfi;mohamed sadok krifa mohamed karim kechalfi
F01745;Nour Ouertani;nour ouertani
F01746;Ahmed Ben Jmeaa Hela Alaya Mouadh Dridi;ahmed ben jmeaa hela alaya mouadh dridi
F01747;Mohamed Ali Rekik Rafik Rekik;mohamed ali rekik rafik rekik
F01748;Fourat Ouerghemmi;fourat ouerghemmi
F01749;Amine Kallel Firas Gargouri;amine kallel firas gargouri
F01750;Fatma Ezzahra Maatoug Asma Aloui Arij Jemai Mohamed Amine Jalel;fatma ezzahra maatoug asma aloui arij jemai mohamed amine jalel
F01751;Ahmed Riza Meriem Sendy;ahmed riza meriem sendy
F01752;Nour Ben Ezzeddine Emel Habbej;nour ben ezzeddine emel habbej
F01753;Lamine Bouzguenda Khellil Bouzguenda Sarah-Tatiana Bouzguenda Mestiri Faouzi Rania Ben hassine;lamine bouzguenda khellil bouzguenda sarah tatiana bouzguenda mestiri faouzi rania ben hassine
F01754;Amira Hasnaoui Montassar Bach Ouerdiane;amira hasnaoui montassar bach ouerdiane
F01755;Afef Letaief Salem Oun Seif Dormek;afef letaief salem oun seif dormek
F01756;Moalla Habib Habib Baaboura Moez Taïeb;moalla habib habib baaboura moez taieb
F01757;Sarah Ben Slimene Kirmene Marzouki;sarah ben slimene kirmene marzouki
F01758;Mohamed Belghith Younes Mabrouk;mohamed belghith younes mabrouk
F01759;Walid Mansia;walid mansia
F01760;Moez Kazdaghli Anis Trigui Mohamed Maatoug Amine Mahdhi;moez kazdaghli anis trigui mohamed maatoug amine mahdhi
F01761;Mustapha Messaoudi Mourad Boubaker;mustapha messaoudi mourad boubaker
F01762;Haythem Dridi Imen Ben Fradj Inès Bourgou Saber Ben Khaled;haythem dridi imen ben fradj ines bourgou saber ben khaled
F01763;Rafik Aouem Haykel Ben Othman;rafik aouem haykel ben othman
F01764;Sawsen Dhifallah Lotfi Mzoughi;sawsen dhifallah lotfi mzoughi
F01765;Omar Kennou Ali Frad Mohamed Guirat Nada Hadrich;omar kennou ali frad mohamed guirat nada hadrich
F01766;Nizar Hamdi;nizar hamdi
F01767;Manel Elleuchi;manel elleuchi
F01768;Maher CHAFII Ahmed Battikh Mourad Chafiaa;maher chafii ahmed battikh mourad chafiaa
F01769;Amine Slimene Mohamed Ghayadhi Mohamed Nabil Essefaihi;amine slimene mohamed ghayadhi mohamed nabil essefaihi
F01770;Houssem Ben Cheikh Riadh Dkhil Mariem Turki Maher Naouali Mona Khaled;houssem ben cheikh riadh dkhil mariem turki maher naouali mona khaled
F01771;Yosri Ben Salah Ben Nasr Rayen Bydon Austin Nyimbiri Dridi Chafik Kais Chihaoui;yosri ben salah ben nasr rayen bydon austin nyimbiri dridi chafik kais chihaoui
F01772;Raafat Hamdi Amine Selmi;raafat hamdi amine selmi
F01773;Amira Dabbous;amira dabbous
F01774;khaled Bachtobji Semah lachheb;khaled bachtobji semah lachheb
F01775;Rim Attia Cabinet d'orthoprie Ahres;rim attia cabinet d orthoprie ahres
F01776;Mohamed Mosbehi;mohamed mosbehi
F01777;Rim Debbich Elyes Chakroun;rim debbich elyes chakroun
F01778;Mehdi Ghandri Moez El Methni Sami Zoghlami;mehdi ghandri moez el methni sami zoghlami
F01779;Sabri Rabhi;sabri rabhi
F01780;Ali Labiadh;ali labiadh
F01781;Lassad Lounis Emna Bellagha;lassad lounis emna bellagha
F01782;Cheima Ayachi;cheima ayachi
F01783;Mohamed mehdi Gharbi;mohamed mehdi gharbi
F01784;Hamdi Ammari;hamdi ammari
F01785;Soumaya Boudagga;soumaya boudagga
F01786;Mohamed Amin Kallel Aymen Feriani Hamdi Coura Akrem Rmili;mohamed amin kallel aymen feriani hamdi coura akrem rmili
F01787;Dorra Ismail épouse Dellagi;dorra ismail epouse dellagi
F01788;Abdelmonam Kouka Ayed Akrout;abdelmonam kouka ayed akrout
F01789;Wael Zariat Mohamed Amine Torkhani;wael zariat mohamed amine torkhani
F01790;Riadh HILI Chaima Khalfaoui;riadh hili chaima khalfaoui
F01791;Fares Ellouze;fares ellouze
F01792;Hamdi Kardough Ben Salem Chayma Farrah Marwa;hamdi kardough ben salem chayma farrah marwa
F01793;Tarek Debara Aissa Boulila Issam Ghdiri;tarek debara aissa boulila issam ghdiri
F01794;Abdellaziz Boujbel Molka Khemir Monia Boujbel;abdellaziz boujbel molka khemir monia boujbel
F01795;Mohamed Riadh Hamama Helmi Selmi Henda Hamama;mohamed riadh hamama helmi selmi henda hamama
F01796;Taieb Nemissi Dominique Delobel;taieb nemissi dominique delobel
F01797;Ikram Aloui Karim Aloui Yussr Chaouach;ikram aloui karim aloui yussr chaouach
F01798;Yassine Jebir;yassine jebir
F01799;Mehdi Ben Abi Zid;mehdi ben abi zid
F01800;Souhail Berhouma Eya Kochta Saifeddine Berhouma;souhail berhouma eya kochta saifeddine berhouma
F01801;Khalil Jebeniani Ahmed Omar Miladi;khalil jebeniani ahmed omar miladi
F01802;Adam Marzouki Emna Graja;adam marzouki emna graja
F01803;Wael Ben Echikh chadli Ouhichi;wael ben echikh chadli ouhichi
F01804;Foued Amiri Malek Amiri;foued amiri malek amiri
F01805;Iheb Souilem;iheb souilem
F01806;Amen Allah Souli Amal Bououd;amen allah souli amal bououd
F01807;Akram Bsila Marwen Ben Mzoughia Nizar Said;akram bsila marwen ben mzoughia nizar said
F01808;Myryam Toukabri Idris Bachali losada Abir Chérif;myryam toukabri idris bachali losada abir cherif
F01809;Afef Belhadj Mahmoud Hachicha Mohamed Amine Boussarsar;afef belhadj mahmoud hachicha mohamed amine boussarsar
F01810;Ahmed Najjar;ahmed najjar
F01811;Mohamed Haj Abdallah Kais Oueslati;mohamed haj abdallah kais oueslati
F01812;Bilel Gassara Kais Jamoussi Nabil Kechaou Mounir Trabelsi Fatma Mellouli;bilel gassara kais jamoussi nabil kechaou mounir trabelsi fatma mellouli
F01813;Abdelkarim Rahal Nada Dkhil;abdelkarim rahal nada dkhil
F01814;Sana Abid Mohamed Amine Mhiri;sana abid mohamed amine mhiri
F01815;Firas Ben Abid Marwen Sallem Adnen Saadaoui Adnen Somai;firas ben abid marwen sallem adnen saadaoui adnen somai
F01816;Mahdi Gargouri Hana Fersi;mahdi gargouri hana fersi
F01817;Mohamed Bilel Fitouri;mohamed bilel fitouri
F01818;Hassen Marzouk Tarek Marzouk;hassen marzouk tarek marzouk
F01819;Bassem Hadjkacem Hanen Hadjkacem;bassem hadjkacem hanen hadjkacem
F01820;Zied Jayari;zied jayari
F01821;Fares Zouari Ibtihel Fekih;fares zouari ibtihel fekih
F01822;Taher Ben Hammamia Seif Eddine Charada;taher ben hammamia seif eddine charada
F01823;Sahbi Mallouli;sahbi mallouli
F01824;Adel Hamdi Amel Hamdi Ahmed Massaoud Dhia Daly Imen Bouzidi Hiba Bakaka;adel hamdi amel hamdi ahmed massaoud dhia daly imen bouzidi hiba bakaka
F01825;Rafik Jaballah;rafik jaballah
F01826;Anis Fekih Wafa Dhifi Med Aymen Chebbi;anis fekih wafa dhifi med aymen chebbi
F01827;Mohamed Mokrani Soufeya Ben Ezzdine;mohamed mokrani soufeya ben ezzdine
F01828;Bilal Nsib Aymen Fezai;bilal nsib aymen fezai
F01829;Bilal Nsib Mohamed Amine Maiz Aymen Fezai;bilal nsib mohamed amine maiz aymen fezai
F01830;Abdallah NAJAH Hamza MEHRI Sofienne LASSOUED Boubaker KHALFAT Nour BOUYEDDA Mahassen MAHFOUDH Mohamed NAJAH;abdallah najah hamza mehri sofienne lassoued boubaker khalfat nour bouyedda mahassen mahfoudh mohamed najah
F01831;Mohamed SELLAOUTI;mohamed sellaouti
F01832;Skander Amor Borhen Jlidi;skander amor borhen jlidi
F01833;Majdouline Mansour Majed Jabri Sahbi Mansour;majdouline mansour majed jabri sahbi mansour
F01834;Hamza SAIDI Nour ABBOUS Ali SAIDI;hamza saidi nour abbous ali saidi
F01835;Montasar Zaroui Mannai Karim;montasar zaroui mannai karim
F01836;Mohamed ala eddine Ben trad Syrine Boudriga;mohamed ala eddine ben trad syrine boudriga
F01837;Asma Reghimi;asma reghimi
F01838;Bilel Barouni Noureddine Ben Tahar Mohamed bilel Kedidi Atef Turki;bilel barouni noureddine ben tahar mohamed bilel kedidi atef turki
F01839;Yosra Arous Leila Bennasr Mahdi Arous;yosra arous leila bennasr mahdi arous
F01840;Khelifi Ali Khelifi Ibrahim;khelifi ali khelifi ibrahim
F01841;Ines baccouche Aziz Baccouche;ines baccouche aziz baccouche
F01842;Marouan Omezzine Houssem Charfi Khalil Zahouani;marouan omezzine houssem charfi khalil zahouani
F01843;Ahmad Melki Houssem Othmeni;ahmad melki houssem othmeni
F01844;Hamdi Ammar Fakhreddine Menzli;hamdi ammar fakhreddine menzli
F01845;Ahmed Adnene Aissi Khameis El Hichri Mehdi Maadi Walid Ben Ali;ahmed adnene aissi khameis el hichri mehdi maadi walid ben ali
F01846;Halim Boussada Samy Ben Chaalia;halim boussada samy ben chaalia
F01847;Karim Kachouri Salem Abdessalem Mohamed Zegdene Nejah Ben Nasrallah;karim kachouri salem abdessalem mohamed zegdene nejah ben nasrallah
F01848;kawther Mouelhi Mahfoudh Aouichri Haddad Rafik;kawther mouelhi mahfoudh aouichri haddad rafik
F01849;Hichem Boussetta Jamel Hassine Zohra Neffati Monji Haddad;hichem boussetta jamel hassine zohra neffati monji haddad
F01850;Mohamed Amine Mzoughi Yassine Kardoun Skander Saidi Guesmi Marwen;mohamed amine mzoughi yassine kardoun skander saidi guesmi marwen
F01851;Hamdi Mustapha Bouchra Abdallah;hamdi mustapha bouchra abdallah
F01852;Madani Moutaa Bilel Bilelbasly;madani moutaa bilel bilelbasly
F01853;Mohamed Amine Bensalem Mohamed Kharrat Ahmed Yassine Bensalem Mestiri Habib;mohamed amine bensalem mohamed kharrat ahmed yassine bensalem mestiri habib
F01854;Yassin Guirat;yassin guirat
F01855;Hassen Krid Ibrahim Hachicha Khalil Zouari Moez Krid Bassem Ayadi Soufiane Saddoud;hassen krid ibrahim hachicha khalil zouari moez krid bassem ayadi soufiane saddoud
F01856;Ramzi Chahin;ramzi chahin
F01857;Amin Haddad;amin haddad
F01858;Fares Zarrouk Hatem Zarrouk;fares zarrouk hatem zarrouk
F01859;Aouadi Aymen Malek Ben Yeder Firas Ben Hamida;aouadi aymen malek ben yeder firas ben hamida
F01860;Adnene Ayed Hatem Ksouri;adnene ayed hatem ksouri
F01861;Seifeddine El Ayeb El Ayeb Houssem Eddine;seifeddine el ayeb el ayeb houssem eddine
F01862;Bassem Almarzouki;bassem almarzouki
F01863;Ridha Mahjoub;ridha mahjoub
F01864;Sami Arfaoui Mohamed Takieddine Chabchoub Arij Ben Abid Omri takwa;sami arfaoui mohamed takieddine chabchoub arij ben abid omri takwa
F01865;Fedia Ayari Fida Ailaoui;fedia ayari fida ailaoui
F01866;Ahmed Ayadi Yosr Ksontini Ahmed Sebai Nedra Khelil Khemaies Ahmed;ahmed ayadi yosr ksontini ahmed sebai nedra khelil khemaies ahmed
F01867;Houssem El Abed Ali Bayoudh;houssem el abed ali bayoudh
F01868;Mohamed Gorrab;mohamed gorrab
F01869;Boussaidi Mohamed;boussaidi mohamed
F01870;Sonia El Fekih Faouzi Zaghbib Amine Zaghbib;sonia el fekih faouzi zaghbib amine zaghbib
F01871;Sameh Souissi Nour Elimene Essid Radhouene Bousnina Marah Bouzaida;sameh souissi nour elimene essid radhouene bousnina marah bouzaida
F01872;Karim Jouini Jihed Othmani;karim jouini jihed othmani
F01873;Yasmine Ansari;yasmine ansari
F01874;Houssem Eddine Ben Smida Awatef Rebhi;houssem eddine ben smida awatef rebhi
F01875;Iheb Triki Mohamed Ali Abid Nouha Abroug;iheb triki mohamed ali abid nouha abroug
F01876;Nesrine Welhezi Nizar Welhazi;nesrine welhezi nizar welhazi
F01877;Ahmed Jemaa Ines Rahrah;ahmed jemaa ines rahrah
F01878;Nour Kraiem Sirine Kraiem;nour kraiem sirine kraiem
F01879;Sonia Othman Houssem Sahli;sonia othman houssem sahli
F01880;Zied Teber Nejmeddinne Sakly Houssem Chkioua;zied teber nejmeddinne sakly houssem chkioua
F01881;Amira Guermazi Abdeljelil Lazaar Bashar Kamel Lazaar;amira guermazi abdeljelil lazaar bashar kamel lazaar
F01882;Houssem Sliti Ahmed Laamouchi;houssem sliti ahmed laamouchi
F01883;Meriem Bel Haj Mohamed Hajer Mzoughi Eya Bel Haj Mohamed;meriem bel haj mohamed hajer mzoughi eya bel haj mohamed
F01884;Mustapha Bouarrouj Kathleen White;mustapha bouarrouj kathleen white
F01885;Mohamed Kallel Achraf Chabbouh Amel Aloulou Sahar Ben Mabrouk Rateb Jabbar Ahmed Ben Said;mohamed kallel achraf chabbouh amel aloulou sahar ben mabrouk rateb jabbar ahmed ben said
F01886;Amir Trigui;amir trigui
F01887;Karem Chatti Tarek Keskes;karem chatti tarek keskes
F01888;Seifallah Ben Ismail Riadh Ben Salem Selim Benaoun;seifallah ben ismail riadh ben salem selim benaoun
F01889;Amine Zgarni Sarra Bahrini Bassem Dahmani;amine zgarni sarra bahrini bassem dahmani
F01890;Mohamed Louati Taha Knani Abdeljalil Trabelsi;mohamed louati taha knani abdeljalil trabelsi
F01891;Selim Ben Salem Malek Fendri Aziz Ben Nejma Mohamed Hassan Aziz Gafsi;selim ben salem malek fendri aziz ben nejma mohamed hassan aziz gafsi
F01892;Wissal Farjallah Lotfi Ben Romdhane Lotfi Ammar Souad Dziri;wissal farjallah lotfi ben romdhane lotfi ammar souad dziri
F01893;Talel Chaouch Wajih Abdelhedi Badii Gharbi;talel chaouch wajih abdelhedi badii gharbi
F01894;Rami Ben Mhenni Kais Kharroubi Yosr Belghith;rami ben mhenni kais kharroubi yosr belghith
F01895;Hamza Mansour Oussema Chemingui;hamza mansour oussema chemingui
F01896;Slim Benkadhi;slim benkadhi
F01897;Dhouha Mechergui;dhouha mechergui
F01898;Haythem Ben Yahia;haythem ben yahia
F01899;Mohamed Amine Landolsi Wiem Ben Othmen;mohamed amine landolsi wiem ben othmen
F01900;Hadhami Rjiba Rayen Cherni;hadhami rjiba rayen cherni
F01901;Nizar Jeridi Sameh Taktak;nizar jeridi sameh taktak
F01902;Montassar Dhiaf Souha Soussi;montassar dhiaf souha soussi
F01903;Sabrine Beldi Rached Dridi;sabrine beldi rached dridi
F01904;Sofiene Bouslimi Mohamed Charrada;sofiene bouslimi mohamed charrada
F01905;Aicha Debaieb Oumaima Dadssi;aicha debaieb oumaima dadssi
F01906;Khaled Bouzayene Manel Yaakoubi Imen Yaakoubi;khaled bouzayene manel yaakoubi imen yaakoubi
F01907;Basma Yacoubi Oussama Yacoubi;basma yacoubi oussama yacoubi
F01908;Yosri Ben Salah Rayen Ben Nasr Bydon Austin Nyimbri Chafik Dridi Kais Chihaoui;yosri ben salah rayen ben nasr bydon austin nyimbri chafik dridi kais chihaoui
F01909;Mohamed Abed Bechiri Samy Mzali Mohamed Saidi;mohamed abed bechiri samy mzali mohamed saidi
F01910;Jihed Jaouabi Nabil Braham Oussama Ben mariem;jihed jaouabi nabil braham oussama ben mariem
F01911;Mohamed Sadek Sassi Samiha Hamdi Farouk Laribi;mohamed sadek sassi samiha hamdi farouk laribi
F01912;Aymen Touhent Souha Mander Jamel Eddine Ben Aissa;aymen touhent souha mander jamel eddine ben aissa
F01913;Achref Sayadi;achref sayadi
F01914;Mohamed Medhaffar Ghabri Siwar Raja Dhief Rabiaa Abdaoui Chefia Nasr;mohamed medhaffar ghabri siwar raja dhief rabiaa abdaoui chefia nasr
F01915;Adnene Labidi Abir Labidi Sabri Bouzouita;adnene labidi abir labidi sabri bouzouita
F01916;Ahmed Ismail Azzabi Wahiba Ben Fredj;ahmed ismail azzabi wahiba ben fredj
F01917;Amani Bouaziz Yousser Sabbagh Slim Dhahri;amani bouaziz yousser sabbagh slim dhahri
F01918;Mohamed Aziz Boufaied Mohamed Khalil Mattar Khalil Selmane Yasmine Kerkeny;mohamed aziz boufaied mohamed khalil mattar khalil selmane yasmine kerkeny
F01919;Mahmoud Siala;mahmoud siala
F01920;Walid Bouzouita;walid bouzouita
F01921;Hatem Chanoufi;hatem chanoufi
F01922;Abdelhedi Montassar Mohamed Triki;abdelhedi montassar mohamed triki
F01923;Walid Saadaoui Khaled Ben Latrach;walid saadaoui khaled ben latrach
F01924;Maher Chekir Mohamed Amine Bellili Nouha Kourda;maher chekir mohamed amine bellili nouha kourda
F01925;Nour Tekaya Iskander Gafsi;nour tekaya iskander gafsi
F01926;Hichem Boughdiri Bilel Ltifi Hamdi Adnan;hichem boughdiri bilel ltifi hamdi adnan
F01927;Iliess Ajmi;iliess ajmi
F01928;Mehdi Romdhane Narjes Seffen Neirouz Seffen;mehdi romdhane narjes seffen neirouz seffen
F01929;Ayoub Zemni;ayoub zemni
F01930;Zohra Slim Karim Beguir;zohra slim karim beguir
F01931;Mohamed Cherifi Rafik Jaballah;mohamed cherifi rafik jaballah
F01932;Abid Khouloud Ahmed Sahab Salma Ben Brahim Amine Belkacem;abid khouloud ahmed sahab salma ben brahim amine belkacem
F01933;Fares Zouari Firas Gazzah;fares zouari firas gazzah
F01934;Chaouki Charfeddine Delphine Monti;chaouki charfeddine delphine monti
F01935;Abdelaziz Sifaoui Moahmmed Abu Sharekh;abdelaziz sifaoui moahmmed abu sharekh
F01936;Haifa Tlaila Ahmed Sassi Mohamed yassine Karaouli Tarek Loukil;haifa tlaila ahmed sassi mohamed yassine karaouli tarek loukil
F01937;Sabrine Chennaoui Aziza Ibn Hadj Hassine Amir Fourati;sabrine chennaoui aziza ibn hadj hassine amir fourati
F01938;Mannana Dbibi Anis Habibi Aymen Bouhlel;mannana dbibi anis habibi aymen bouhlel
F01939;Farouk Bouzouita Saber Elabidi Nadia Sghaier;farouk bouzouita saber elabidi nadia sghaier
F01940;Ali Koubaa Feryel Mechri Mohamed Koubaa;ali koubaa feryel mechri mohamed koubaa
F01941;Walid Saad;walid saad
F01942;Ramzi Maalej Fakher Chabchoub Hanen Douiri Marwa Abid;ramzi maalej fakher chabchoub hanen douiri marwa abid
F01943;Oumaya Mejri Wassim Hannachi Asma Tezeghedenti;oumaya mejri wassim hannachi asma tezeghedenti
F01944;Ons Hamza Houssem Aoudi Mayssa Mrabet;ons hamza houssem aoudi mayssa mrabet
F01945;Ouissem Lahouar Anas Dogui Sabrine Aidi;ouissem lahouar anas dogui sabrine aidi
F01946;Melek Jebnoun Sofien Chaabouni;melek jebnoun sofien chaabouni
F01947;Zied Brahim;zied brahim
F01948;Bilel Grindi Wafa Attia Anis Selmani Samir Benzineb;bilel grindi wafa attia anis selmani samir benzineb
F01949;Ghassen Ben Jmeaa Zied Allouch Mohamed Abdelkefi;ghassen ben jmeaa zied allouch mohamed abdelkefi
F01950;Nicolas Planchenault Célia Corneil Markus Breitweg;nicolas planchenault celia corneil markus breitweg
F01951;Ines Borni Mohamed Choucheni Alaa Boukhchina;ines borni mohamed choucheni alaa boukhchina
F01952;Ahmed Malek Marwen Mokdad;ahmed malek marwen mokdad
F01953;Ahmed Mahouachi Mokhtar Ben Amor Radhouane Kouki Mohamed Cherif;ahmed mahouachi mokhtar ben amor radhouane kouki mohamed cherif
F01954;Jannet Kamoun Ahmed Aloulou;jannet kamoun ahmed aloulou
F01955;Mohamed Abichou;mohamed abichou
F01956;Jihen Chouiref Racha Chouiref;jihen chouiref racha chouiref
F01957;Mohsen Mahdaoui;mohsen mahdaoui
F01958;Walid Bayoudhi Mouna Chtourou Houda Msalmi;walid bayoudhi mouna chtourou houda msalmi
F01959;Kamel Nafsi Walid Sola;kamel nafsi walid sola
F01960;Sondes Amara Mohamed Mehdi Farhat;sondes amara mohamed mehdi farhat
F01961;Badis Boujnah;badis boujnah
F01962;Omar Dahmani Moez Kallel Sarra Bourehla Ferchichi Roua Manell Kamoun Olfa Ben Henda;omar dahmani moez kallel sarra bourehla ferchichi roua manell kamoun olfa ben henda
F01963;Hamdi Hassine Mohamed Habib Hassine;hamdi hassine mohamed habib hassine
F01964;Mourad Sahloul;mourad sahloul
F01965;Makrem Boughdiri Ramzi Hermassi;makrem boughdiri ramzi hermassi
F01966;Hafedh Abid Seif Ben Chaabene;hafedh abid seif ben chaabene
F01967;Ferah Iyed Mohammed Fraj;ferah iyed mohammed fraj
F01968;Yahya Koudhai;yahya koudhai
F01969;Heni Mechichi Abderrahmen Ben Gdara;heni mechichi abderrahmen ben gdara
F01970;Khadija Jallouli;khadija jallouli
F01971;Montassar Ferjani Faten Mestikou;montassar ferjani faten mestikou
F01972;Kaouther Mouelhi Mahfoudh Aouichri Rafik Haddad;kaouther mouelhi mahfoudh aouichri rafik haddad
F01973;Anis Sahbani Philippe Bidaud Christophe Grand;anis sahbani philippe bidaud christophe grand
F01974;Moez Touil Mohamed Hamdi;moez touil mohamed hamdi
F01975;Thabet Esmail Mekki Bahri Ahmed Sghir;thabet esmail mekki bahri ahmed sghir
F01976;Anis Ben Arbia Abir Ben Arbia;anis ben arbia abir ben arbia
F01977;Ghalia Damak Mohamed Damak;ghalia damak mohamed damak
F01978;Haythem Hamdi Amine Hamdi Seifeddine Hamdi Abdelbasset Ben Hnia;haythem hamdi amine hamdi seifeddine hamdi abdelbasset ben hnia
F01979;Azza Dsouli;azza dsouli
F01980;Mohamed Boudabbous;mohamed boudabbous
F01981;Norchen Mezni;norchen mezni
F01982;Chakchouk Khatib Houssem Sandli;chakchouk khatib houssem sandli
F01983;Ahlem Bouchahda Amine Fahem;ahlem bouchahda amine fahem
F01984;Soufi Majdeddine Bassem Mathlouthi Rawand Skoury Malek Zribi Kenza Boukhris;soufi majdeddine bassem mathlouthi rawand skoury malek zribi kenza boukhris
F01985;Aberraouf Terres Yasmine Terres Dhia El Hak Merai;aberraouf terres yasmine terres dhia el hak merai
F01986;Maroua Boubaker Sadok Derouich Safwen Derouiche;maroua boubaker sadok derouich safwen derouiche
F01987;Hatem Ben Brahim Wafa Ghrir;hatem ben brahim wafa ghrir
F01988;Hamza Jabnouni Abderraouf Achouch Alaeddine Abidi;hamza jabnouni abderraouf achouch alaeddine abidi
F01989;Dhia Elhak Guedri Farah Jenhani Hamdi Nasreddin;dhia elhak guedri farah jenhani hamdi nasreddin
F01990;Mohamed Mekki Maalej Mohamed Wajdi Khelil Jihed Becher;mohamed mekki maalej mohamed wajdi khelil jihed becher
F01991;Faten Meziou Ahmed Chabchoub Moataz Jemni Koussay Bouchaala;faten meziou ahmed chabchoub moataz jemni koussay bouchaala
F01992;Wiem Barhoumi Asma Barhoumi Khalil Neffati;wiem barhoumi asma barhoumi khalil neffati
F01993;Messaoud Cherif Foued Tlahig;messaoud cherif foued tlahig
F01994;Mohamed Mehdi Belhout;mohamed mehdi belhout
F01995;Najla Challouf Dhamir Hammi Adel Boulares Seif Edinne Ferchichi;najla challouf dhamir hammi adel boulares seif edinne ferchichi
F01996;Faten Matmati;faten matmati
F01997;Wassim Amri;wassim amri
F01998;Yassine Boubaker Sami Benrhim;yassine boubaker sami benrhim
F01999;Fakhrezzamen Zayani Moez Ben Amor;fakhrezzamen zayani moez ben amor
F02000;Najjari Mohamed Hanen Anjari Adel Elenjari;najjari mohamed hanen anjari adel elenjari
F02001;Haythem Banney Chief executive officer Jihed Chemlali;haythem banney chief executive officer jihed chemlali
F02002;Nawel Brahmi;nawel brahmi
F02003;Maha Moussi Chiheb Moussi;maha moussi chiheb moussi
F02004;Mouna Ben Djebara Maher Abouda;mouna ben djebara maher abouda
F02005;Slim Kchaou;slim kchaou
F02006;Ilyes Kadri Iskander Dakkem;ilyes kadri iskander dakkem
F02007;Marwa Zouaoui Ali Tebourski;marwa zouaoui ali tebourski
F02008;Islem Smaoui Habib Miladi Omar Bouzid;islem smaoui habib miladi omar bouzid
F02009;Amira Bacha Oussama Elayeb;amira bacha oussama elayeb
F02010;Bilel Gassra Kais Jamoussi Nabil Kechaou Mounir Trabelsi Fatma Mellouli;bilel gassra kais jamoussi nabil kechaou mounir trabelsi fatma mellouli
F02011;Ilyes Gouja Khaoula Ben Slimane;ilyes gouja khaoula ben slimane
F02012;Ahmed Selmi Iyed Ben Hadj Dahmen;ahmed selmi iyed ben hadj dahmen
F02013;Walid Nouni Kais Ferchiou Omar Ferchiou;walid nouni kais ferchiou omar ferchiou
F02014;Khouloud Torkhani;khouloud torkhani
F02015;Khaireddine Fredj Zied Jallouli Tarek Trabelsi;khaireddine fredj zied jallouli tarek trabelsi
F02016;Fedia Zribi Mohamed Kamel Abderrahim;fedia zribi mohamed kamel abderrahim
F02017;Anouar Kanzari Nedya kanzari Mayssa Ben kahla Jlassi Wael Aymen Sellaouti Dalel Kanzari Abdelmonem Tlili Mohamed Ali Toumi;anouar kanzari nedya kanzari mayssa ben kahla jlassi wael aymen sellaouti dalel kanzari abdelmonem tlili mohamed ali toumi
F02018;Marwa Souki Mayssa Souki;marwa souki mayssa souki
F02019;Gael Personnaz Gaelle Personnaz;gael personnaz gaelle personnaz
F02020;Millar Thoms John;millar thoms john
F02021;Hamza Moussi;hamza moussi
F02022;Marouen Jlassi Khaled Jelassi Mahdi Mhiri Mokhtar Hichri;marouen jlassi khaled jelassi mahdi mhiri mokhtar hichri
F02023;Mohamed Bouhlel Mohamed Anouar Brini Ali Mekni;mohamed bouhlel mohamed anouar brini ali mekni
F02024;Fatma Ben Amar Soumaya Dammak Youssef Ouenniche;fatma ben amar soumaya dammak youssef ouenniche
F02025;Kamel Chahed Fakhri Jemail;kamel chahed fakhri jemail
F02026;Fedia El Ayeb Fahmi Ayeb Mohamed Saadi Mohamed Wael Sghaier;fedia el ayeb fahmi ayeb mohamed saadi mohamed wael sghaier
F02027;Imen Zouari Zineb Zouari;imen zouari zineb zouari
F02028;Walid Hached;walid hached
F02029;Ilyes Ben Hassine Hejra Melanie Trabelsi;ilyes ben hassine hejra melanie trabelsi
F02030;Eskander Alaya Ahmed Baccouch Chaima Grira;eskander alaya ahmed baccouch chaima grira
F02031;Slim El Benna Taha Bennasr;slim el benna taha bennasr
F02032;Jihen Guerchi Ahmed Ferchichi;jihen guerchi ahmed ferchichi
F02033;Mohamed Chatti Mohamed Jaouadi;mohamed chatti mohamed jaouadi
F02034;Freddy Boscat;freddy boscat
F02035;Nesrine Ben Askri;nesrine ben askri
F02036;Cyrine Rezgui Hamz Ayech Hamdi Jomaa;cyrine rezgui hamz ayech hamdi jomaa
F02037;Meher Zekri Ahmed Alyaoui;meher zekri ahmed alyaoui
F02038;Haythem Khouildi Firas Alkhouildi;haythem khouildi firas alkhouildi
F02039;Tarak Mnif;tarak mnif
F02040;Walid Zeddini Yasmina Zarrouk;walid zeddini yasmina zarrouk
F02041;Ayoub Landolsi Mouhamed Aziz Lazreg;ayoub landolsi mouhamed aziz lazreg
F02042;Hadda Zammazi;hadda zammazi
F02043;Omar Baccar Sofiene Mokhbi Hiba Baccar;omar baccar sofiene mokhbi hiba baccar
F02044;Farah Tounsi Alaa Suissi May Tounsi Leila Ben Abdallah Ghazwa Hammouda;farah tounsi alaa suissi may tounsi leila ben abdallah ghazwa hammouda
F02045;Walid Annabi;walid annabi
F02046;Achref Gamoudi Mohamed Amine Aouini;achref gamoudi mohamed amine aouini
F02047;Ahmed Bahaeddine Abdelwahed Ghofrane Amdouni;ahmed bahaeddine abdelwahed ghofrane amdouni
F02048;Fradj Zayen;fradj zayen
F02049;Aymen Wazzeni Mohamed Aziz Louifi Souhir Bchini Nadia Trabelsi;aymen wazzeni mohamed aziz louifi souhir bchini nadia trabelsi
F02050;Madani Moutaa Bilel Basly;madani moutaa bilel basly
F02051;Mohamed Amine Mzoughi Yassine Kardoun Skander Saidi Marwen Guesmi;mohamed amine mzoughi yassine kardoun skander saidi marwen guesmi
F02052;NEPTUNE MOSAIC;neptune mosaic
F02053;Mehdi Ben Abdallah Jawhar Ben Abdallah Ghassen Alibi;mehdi ben abdallah jawhar ben abdallah ghassen alibi
F02054;Mohamed Aziz Ghorbel Chedly Soltana;mohamed aziz ghorbel chedly soltana
F02055;Rami Touati Taha Ben Abdelmalek;rami touati taha ben abdelmalek
F02056;Fedi Ben Nejma;fedi ben nejma
F02057;Mohamed Amine Messaoudi Seif Islem Messaoudi Abdel Baset Mrabet;mohamed amine messaoudi seif islem messaoudi abdel baset mrabet
F02058;Jawher Thabet Fakher Bourray Ghaith Thabet Moncef Ben Rabia;jawher thabet fakher bourray ghaith thabet moncef ben rabia
F02059;Chedly Ellijimi;chedly ellijimi
F02060;Dheker Hamami Bilel Chebbi;dheker hamami bilel chebbi
F02061;Cyrine Atallah Emilio Illc La Peruta Ridha Bouasker Yusbely Nacary Jimenez Guerra Hassine Atallah;cyrine atallah emilio illc la peruta ridha bouasker yusbely nacary jimenez guerra hassine atallah
F02062;Anouar Abdelkoudous Bouassida Amina Garbouj Sayma Besbes;anouar abdelkoudous bouassida amina garbouj sayma besbes
F02063;Oussama Dhahri Amine Chortani Hadil Fouli;oussama dhahri amine chortani hadil fouli
F02064;Halima Mahjoubi Jihed Jridi Kaouther Zenati Salem Hamidi Elhem Cheour;halima mahjoubi jihed jridi kaouther zenati salem hamidi elhem cheour
F02065;Rami Khouja Rym Ghribi Amira Ben Abdeljelil;rami khouja rym ghribi amira ben abdeljelil
F02066;Skander Khaled Fourati Aymen Ayadi Yassine Mohammed Bouassida;skander khaled fourati aymen ayadi yassine mohammed bouassida
F02067;Salma Bessalah Sihem Bessalah;salma bessalah sihem bessalah
F02068;Slim Abdeljelil Ali Ayari Slim Oueslati Rym Oueslati;slim abdeljelil ali ayari slim oueslati rym oueslati
F02069;Fourat Ouerghemmi Skander Hadj Romdhan Ala Ben Hassen;fourat ouerghemmi skander hadj romdhan ala ben hassen
F02070;Pagnagda Frederic Soubeiga Alia Sabah;pagnagda frederic soubeiga alia sabah
F02071;Mahdi Kharrat Fedia ayari Mohamed Amine Bensalem Mohamed Badreddine Kharrat;mahdi kharrat fedia ayari mohamed amine bensalem mohamed badreddine kharrat
F02072;Sabri Abassi Abdesslem Bhouri khila Badis Souissi;sabri abassi abdesslem bhouri khila badis souissi
F02073;Borni Dhifi Walid Mchiri Walid Oussai;borni dhifi walid mchiri walid oussai
F02074;Karim Gharbi;karim gharbi
F02075;Nebyl Ben Attia Mehdi Cheikh Nadia Cheikh Mohamed Ali Cheikh;nebyl ben attia mehdi cheikh nadia cheikh mohamed ali cheikh
F02076;Charley Hochet Nicolas Rahmé Pierre Rahme;charley hochet nicolas rahme pierre rahme
F02077;Hajer Briki;hajer briki
F02078;Amine Mkaouar Rihab Boukhris;amine mkaouar rihab boukhris
F02079;Foued Daboussi Sahar Sfar;foued daboussi sahar sfar
F02080;Siwar Maalej;siwar maalej
F02081;Taoufik Ksiksi;taoufik ksiksi
F02082;Marwa Setti Abdelahmid KAOUECH Melki May Mohamed Aziz Setti;marwa setti abdelahmid kaouech melki may mohamed aziz setti
F02083;Helmi Abed;helmi abed
F02084;Rami Sliti;rami sliti
F02085;Seif Islem Messaoudi;seif islem messaoudi
F02086;Amel Ben Ammar Elgaaïed Moez Elgaaïed;amel ben ammar elgaaied moez elgaaied
F02087;Mohamed Alaya Bouabda Sofiene Haouas Sahbi Helali Ahmed Jlassi Hamza Nouir Yessine Bouriga;mohamed alaya bouabda sofiene haouas sahbi helali ahmed jlassi hamza nouir yessine bouriga
F02088;Najmeddine Sakly Houssem Chkioua;najmeddine sakly houssem chkioua
F02089;Latifa Elghezal Ahmed Ben Ali Mohamed Jaidane;latifa elghezal ahmed ben ali mohamed jaidane
F02090;Saber Abeda Issam Abeda;saber abeda issam abeda
F02091;Sarra Boufayed Aymen Abid Boukadida;sarra boufayed aymen abid boukadida
F02092;Hamza Ben Ammar Aymen Gatri;hamza ben ammar aymen gatri
F02093;Amany Hamdany Adnen Ben Hadj;amany hamdany adnen ben hadj
F02094;Hugues Blin Elyes Maherzi;hugues blin elyes maherzi
F02095;Hachem Charfi;hachem charfi
F02096;Romain Lamaison Guillaume THIBAUX;romain lamaison guillaume thibaux
F02097;Aymen Fezai Bilel Nsibi;aymen fezai bilel nsibi
F02098;Anis Mzali Youssef Boufaied Mohamed Ali Belajouza;anis mzali youssef boufaied mohamed ali belajouza
F02099;Ramzi Larbi Khouloud Abid Med Khalil Terzi Ali Gaigi;ramzi larbi khouloud abid med khalil terzi ali gaigi
F02100;Moez Lidinellah Waddey Mohamad Obeid Mohamed-Hedi Jridi;moez lidinellah waddey mohamad obeid mohamed hedi jridi
F02101;Ali Mehrez Meher Somrani Mustapha Lejri;ali mehrez meher somrani mustapha lejri
F02102;Sami Bellalah Houneida Majdoub Seifeddine Majdoub;sami bellalah houneida majdoub seifeddine majdoub
F02103;Zied Ben Slimen Najla Hamza Yassine Jdey Mohamed Salem Menssi Amine Angliz;zied ben slimen najla hamza yassine jdey mohamed salem menssi amine angliz
F02104;Amine Miladi;amine miladi
F02105;Ines Chouchi Eya Khamassi;ines chouchi eya khamassi
F02106;Mohamed Souidi Mohamed Oussama Ben Yahia;mohamed souidi mohamed oussama ben yahia
F02107;Afef Bouazizi Rkiwa Tijani;afef bouazizi rkiwa tijani
F02108;Saima Znaidi Cyrine Znaidi Mahmoud Hattab;saima znaidi cyrine znaidi mahmoud hattab
F02109;Fatma Zahra Hichri Marwene Khouaja;fatma zahra hichri marwene khouaja
F02110;Houssem Eddine Noamen Mohamed Amine Amdouni;houssem eddine noamen mohamed amine amdouni
F02111;Ammar Kouki Mohamed Khebir;ammar kouki mohamed khebir
F02112;Med Amine Brinis Ghofrane Brinis Azza Channoufi Hamza Nechi;med amine brinis ghofrane brinis azza channoufi hamza nechi
F02113;Ali Abdallah Ala Touati;ali abdallah ala touati
F02114;Mariem Ben Maallem Majdi Ben Maallem Firas Bouzou Yosri Kossontini;mariem ben maallem majdi ben maallem firas bouzou yosri kossontini
F02115;Mustapha Gharbi Alaa Edinee Ben Mbarek;mustapha gharbi alaa edinee ben mbarek
F02116;Adel Askri Youssef Ben Abdallah Atef Askri;adel askri youssef ben abdallah atef askri
F02117;Fahd Guedoiri Sofien Saadaoui Siwar Khadhraoui;fahd guedoiri sofien saadaoui siwar khadhraoui
F02118;Hayfa Oueslati;hayfa oueslati
F02119;Linda Abdelghaffar Adam Ben Mokded Oumayma Obay Malek Hattab;linda abdelghaffar adam ben mokded oumayma obay malek hattab
F02120;Arbia Hosni;arbia hosni
F02121;Majdi Chakchouk Makrem Chakchouk;majdi chakchouk makrem chakchouk
F02122;Loua Slama Oussama Souaf;loua slama oussama souaf
F02123;Houssem Dammak Mahmoud Ketata;houssem dammak mahmoud ketata
F02124;Wael Mahjoubi;wael mahjoubi
F02125;Ilhem Mrabet;ilhem mrabet
F02126;Mohamed Khelifi Maher Khelifi;mohamed khelifi maher khelifi
F02127;Tarek Ben Ali Balkis Aifa Akrem Rmili Achref Rmili Nour Mekki;tarek ben ali balkis aifa akrem rmili achref rmili nour mekki
F02128;Nizar Ellouze;nizar ellouze
F02129;Mohamed Borhen Mokni;mohamed borhen mokni
F02130;Zied Brahem;zied brahem
F02131;Sameh Souissi Marah Bouzaida Nour Elimene Essid Radhouene Bousnina;sameh souissi marah bouzaida nour elimene essid radhouene bousnina
F02132;Sayf Eddine Brahmi;sayf eddine brahmi
F02133;Arthur Callarec Riadh Adouani;arthur callarec riadh adouani
F02134;Mariem Limam;mariem limam
F02135;Afef Belhadj Mohamed Amine Boussarsar Mahmoud Hachicha Walid Kaabachi;afef belhadj mohamed amine boussarsar mahmoud hachicha walid kaabachi
F02136;Mohamed Amin Kallel Aymen Feriani Wissem Ben Ali Amine Hariz;mohamed amin kallel aymen feriani wissem ben ali amine hariz
F02137;Mohamed Ali Bouchaala Walid Khodja Mahmoud Challouf;mohamed ali bouchaala walid khodja mahmoud challouf
F02138;Selim Mohamed Gharbi Omar Khemakhem;selim mohamed gharbi omar khemakhem
F02139;Aymen Sarraj Maan Mrabet Hassen Tahri;aymen sarraj maan mrabet hassen tahri
F02140;Hassouna Ben Jemaa Noomen Tounsi;hassouna ben jemaa noomen tounsi
F02141;Sofiene Ben Hmida Mohamed Zied Razzegui Rania Zarg El Ayoun Khaled Taher;sofiene ben hmida mohamed zied razzegui rania zarg el ayoun khaled taher
F02142;Wael El Amri Helmi Bouraoui Cherif;wael el amri helmi bouraoui cherif
F02143;Mohamed Turki Skander Hadj Mabrouk;mohamed turki skander hadj mabrouk
F02144;Saloua Sadok;saloua sadok
F02145;Chaima Torkhani Maroua Torkhani;chaima torkhani maroua torkhani
F02146;Kais Khenine;kais khenine
F02147;Lilia Bouricha Hichem Bouricha;lilia bouricha hichem bouricha
F02148;Mohamed salah NACHI Kais Jrad Khaled Kekli Kamel Belhadj;mohamed salah nachi kais jrad khaled kekli kamel belhadj
F02149;Anis Msahli Asma Chaabi;anis msahli asma chaabi
F02150;Karim Jelliti Sabri Mzoughi;karim jelliti sabri mzoughi
F02151;Ons Kchaou Sami Kchaou;ons kchaou sami kchaou
F02152;Raouf Messai;raouf messai
F02153;Amine Ben Ammar Mehdi Essid Yassine Lassoued;amine ben ammar mehdi essid yassine lassoued
F02154;Nabil Besbes Maher Sakka;nabil besbes maher sakka
F02155;Mohamed Achraf Mrabet Ahmed Gouiaa Mohamed Khalil Hosni;mohamed achraf mrabet ahmed gouiaa mohamed khalil hosni
F02156;Hamza Alsalihi Abdelbari Ben Yagouta;hamza alsalihi abdelbari ben yagouta
F02157;Mehdi Ben hassine Khaled Ben Hassine;mehdi ben hassine khaled ben hassine
F02158;Salem Zgar;salem zgar
F02159;Mohamed Jedidi Haythem Achour;mohamed jedidi haythem achour
F02160;Kais Abid Mohamed Yermani;kais abid mohamed yermani
F02161;Kais Ben Ammar Jihed Baccouche Mohamed Kharrat Fourat Beji;kais ben ammar jihed baccouche mohamed kharrat fourat beji
F02162;Seif Eddine Ferjani Oussema Gharbi Amel Lagha Wafa Bourguiba;seif eddine ferjani oussema gharbi amel lagha wafa bourguiba
F02163;Racem Chakroun Becem Zahgden;racem chakroun becem zahgden
F02164;Oussama Alibi;oussama alibi
F02165;Slim Abdejelil Ali Ayari Slim Oueslati Rym Oueslati;slim abdejelil ali ayari slim oueslati rym oueslati
F02166;Rami Kammun Amine Fourati;rami kammun amine fourati
F02167;Sahli Houssem Sonia Othman;sahli houssem sonia othman
F02168;Kais Siala Mahdi Kharrat Mohamed Bassem Mazghouni Mohamed Kharrat Mohamed Belghith;kais siala mahdi kharrat mohamed bassem mazghouni mohamed kharrat mohamed belghith
F02169;Rahma Ben Abid;rahma ben abid
F02170;Mohamed Moez Touil Houcem Ben Lasfar;mohamed moez touil houcem ben lasfar
F02171;Mohamed Moatez Jendoubi Frederic Delahaigue;mohamed moatez jendoubi frederic delahaigue
F02172;Zied Hamouda;zied hamouda
F02173;Seifedine Guizeni Jihène Ben Slimene;seifedine guizeni jihene ben slimene
F02174;Mohamed Adel Tarki Mohamed Nejib Bejar;mohamed adel tarki mohamed nejib bejar
F02175;Ghassen Sghaier Mohamed Sghaier Senda Akili;ghassen sghaier mohamed sghaier senda akili
F02176;Amal khémira;amal khemira
F02177;Hamza Mehdaoui Haythem Ilehi Ghazi Tlalet;hamza mehdaoui haythem ilehi ghazi tlalet
F02178;Achref Chouchene Mohamed Houcem Eddine Ibn Essghaier Khouloud Essghaier Nermine Abid;achref chouchene mohamed houcem eddine ibn essghaier khouloud essghaier nermine abid
F02179;Mohamed Amine Kefi Beya Ben Saâd;mohamed amine kefi beya ben saad
F02180;Karim Ben Saber Houssam Rihane;karim ben saber houssam rihane
F02181;Ftouma Bannour Mahdi Ben Ahmed;ftouma bannour mahdi ben ahmed
F02182;Salim Benaoun Mohamed Wassim Abidi Hela Msaddek;salim benaoun mohamed wassim abidi hela msaddek
F02183;Ayoub Maatallaoui Hanane El Kaoui Sirine Guediche;ayoub maatallaoui hanane el kaoui sirine guediche
F02184;Mohamed Ali Karoui;mohamed ali karoui
F02185;Francois Dejeager Anis Dabbebi Saber Jelassi;francois dejeager anis dabbebi saber jelassi
F02186;Rami Htira Mondher Htira;rami htira mondher htira
F02187;Hamza Naoui Aya Kelthoumi;hamza naoui aya kelthoumi
F02188;Najmeddine Bouzir Emna Bahri;najmeddine bouzir emna bahri
F02189;Melek Mehrez Firas Mehrez;melek mehrez firas mehrez
F02190;Hamdi Amine Elkhaldi Ferid Rahmani Adel Loussaief;hamdi amine elkhaldi ferid rahmani adel loussaief
F02191;Aziz Hlaoua;aziz hlaoua
F02192;Oussema Marai Sami Naifar;oussema marai sami naifar
F02193;Wassim Challouf;wassim challouf
F02194;Najla Ben Haj Maouia Dhia Tajouri Sahar Tajouri;najla ben haj maouia dhia tajouri sahar tajouri
F02195;Elyes Darghouth Nabil Majoul Ahmed Choucheni;elyes darghouth nabil majoul ahmed choucheni
F02196;Karim Ben Khaled Hichem Fantar;karim ben khaled hichem fantar
F02197;Dhia Elhak Guedri Farah Jenhani Nasreddine Hamdi;dhia elhak guedri farah jenhani nasreddine hamdi
F02198;Skander Zoghlami;skander zoghlami
F02199;Dhia Zitouni Hafedh Dridi;dhia zitouni hafedh dridi
F02200;Mohamed Amine Ziraoui Amel Barbou;mohamed amine ziraoui amel barbou
F02201;Khalifa Zeddini Walid Zeddini Yasmina Zarrouk;khalifa zeddini walid zeddini yasmina zarrouk
F02202;Malek Lamine Karim Soussi Malek Ben Mbarek;malek lamine karim soussi malek ben mbarek
F02203;Mohamed Khedher Jalel Ben Romdhane;mohamed khedher jalel ben romdhane
F02204;Walid Meddeb Mohamed Aziz Lahkimi;walid meddeb mohamed aziz lahkimi
F02205;Emna Bellagha Achref Ksontini Chahrazed Remadi Mortadha Ouadday;emna bellagha achref ksontini chahrazed remadi mortadha ouadday
F02206;Rami Elgolli Luc Metivier;rami elgolli luc metivier
F02207;Chahine Hamila;chahine hamila
F02208;Mohamed Aimen Jouini;mohamed aimen jouini
F02209;Mohamed Ben Youssef;mohamed ben youssef
F02210;Hamza Guizani Nizar Guizani;hamza guizani nizar guizani
F02211;Mohamed Aziz Ben Mahmoud Mariem Hamzaoui Imed hanana Meriem Dkhil Feriel Ben Hassine Arbi Soussi;mohamed aziz ben mahmoud mariem hamzaoui imed hanana meriem dkhil feriel ben hassine arbi soussi
F02212;Sami Mokaddem Atef Attia Aymen Draoui;sami mokaddem atef attia aymen draoui
F02213;Sahbi Ben Lamine;sahbi ben lamine
F02214;Dhouha Kouki Asma Chebbi Elyes Somai;dhouha kouki asma chebbi elyes somai
F02215;Marwene Selmi;marwene selmi
F02216;Aymen Boujbel;aymen boujbel
F02217;Abdelhalim Rafrafi;abdelhalim rafrafi
F02218;Aymen Jhidri Wassim Abdel Malek Mohamed Ali Ben Slimen Souad Belghith Dhiaeddinne Rahali;aymen jhidri wassim abdel malek mohamed ali ben slimen souad belghith dhiaeddinne rahali
F02219;Achref Bejaoui Ilyes Elgaied;achref bejaoui ilyes elgaied
F02220;Adnen Ben Chagra Mohamed Elyess Kharroubi;adnen ben chagra mohamed elyess kharroubi
F02221;Marwa Agrebi Aymen Kassis;marwa agrebi aymen kassis
F02222;Majd Ghdiri Siwar Lachiheb Youssef Gorcia Houssem Cheffi;majd ghdiri siwar lachiheb youssef gorcia houssem cheffi
F02223;Jihed Jed;jihed jed
F02224;Mohamed Amine Moussa;mohamed amine moussa
F02225;Zeineb Zardoumi;zeineb zardoumi
F02226;Oumaya Mejri Hannachi Wassim Tezeghedenti Asma;oumaya mejri hannachi wassim tezeghedenti asma
F02227;Sofiene Ben Hamida Mohamed Zied Razzegui Rania Zarg El Ayoun Khaled Taher;sofiene ben hamida mohamed zied razzegui rania zarg el ayoun khaled taher
F02228;Nivine Mussa Essid Haithem;nivine mussa essid haithem
F02229;Mhamed Ali Abassi Omar Louzir Aziz Kaouech;mhamed ali abassi omar louzir aziz kaouech
F02230;Rabeb Fersi Samir Chebil Chahine Fersi Yassine Awadni Riadh Jomaa;rabeb fersi samir chebil chahine fersi yassine awadni riadh jomaa
F02231;Anis Fekih koutheir cherni Wafa Dhifi;anis fekih koutheir cherni wafa dhifi
F02232;Khadija Jallouli Seifeddine Aissa;khadija jallouli seifeddine aissa
F02233;Mohamed Moez Touil Touil Mohamed Hamdi Linda Touil Yasmine Bziouech Houcem Eddine Ben Lasfar;mohamed moez touil touil mohamed hamdi linda touil yasmine bziouech houcem eddine ben lasfar
F02234;Sahli Nader Sabri Sahli Karim Fathallah Rania Fathallah Mohamed-Hedi Mellekh Oussema Charbib Wael Fathallah Mohamed Ali Fathallah;sahli nader sabri sahli karim fathallah rania fathallah mohamed hedi mellekh oussema charbib wael fathallah mohamed ali fathallah
F02235;Iheb Lourimi Saif touzi Haoua Guezguez Nour Ladhari Nassim Bensassi Hfaiedh Bedoui;iheb lourimi saif touzi haoua guezguez nour ladhari nassim bensassi hfaiedh bedoui
F02236;Mohamed Aziz Brinis Othmane Barnis;mohamed aziz brinis othmane barnis
F02237;Ghofrane Ben Mabrouk Mohamed Khalil Ben Chebil Mohamed Salah Ouelhazi;ghofrane ben mabrouk mohamed khalil ben chebil mohamed salah ouelhazi
F02238;Ikbel Sassi;ikbel sassi
F02239;Emna Skhiri Omar Triki;emna skhiri omar triki
F02240;Ala Zrafi Mansoura Jilani;ala zrafi mansoura jilani
F02241;Rahma Mabrouk Baha Wiem Agrebi EP Johnson Skander Benzarti Meriam Maaloul;rahma mabrouk baha wiem agrebi ep johnson skander benzarti meriam maaloul
F02242;Wifak Ghaddab Hayet El Ayeb;wifak ghaddab hayet el ayeb
F02243;Nizar Romdhane Salsabil Mansouri;nizar romdhane salsabil mansouri
F02244;Mohamed Mellouki;mohamed mellouki
F02245;Taoufik Belkhodja;taoufik belkhodja
F02246;Ataa Barkaoui Alaa Barkaoui;ataa barkaoui alaa barkaoui
F02247;Dhaker Boughattas Zied Chouikh;dhaker boughattas zied chouikh
F02248;Sabrine Rais Bouzgarrou Mahmoud Kortas;sabrine rais bouzgarrou mahmoud kortas
F02249;Sana Hamdi Lasaad Geusmi Nasreddine Hnana Amor Skah;sana hamdi lasaad geusmi nasreddine hnana amor skah
F02250;Ahmed Chouikh Sara Ben Aissa Menel Azouz;ahmed chouikh sara ben aissa menel azouz
F02251;Ahmed Sami Meksi Nebil Briki Ahmed Sami Meksi Meriem Zouari;ahmed sami meksi nebil briki ahmed sami meksi meriem zouari
F02252;Ferjani Fethi Kais Khadraoui;ferjani fethi kais khadraoui
F02253;Marwen Boukattaya;marwen boukattaya
F02254;XTENDPLEX;xtendplex
F02255;Polysmart;polysmart
F02256;Khadija Aa Naoufel Nabli;khadija aa naoufel nabli
F02257;Mejdi Bouafif Wissem Jerbi Sonia Issaad;mejdi bouafif wissem jerbi sonia issaad
F02258;Mohamed Temimi;mohamed temimi
F02259;Adam Bouchaala Kawthar Ayedi;adam bouchaala kawthar ayedi
F02260;Imene Aidi Yosra Aydi Meriam Aidi;imene aidi yosra aydi meriam aidi
F02261;Wissal Dhuib Rahma Harzi Yasmine Ben Saad;wissal dhuib rahma harzi yasmine ben saad
F02262;Ahmed Ben Othman Oussema Bennour Dhiaeddine Gharsallah;ahmed ben othman oussema bennour dhiaeddine gharsallah
F02263;Foued Kilani Djazia Messous;foued kilani djazia messous
F02264;Zied Hriz Yosra Tahri;zied hriz yosra tahri
F02265;Haythem Il Banney Jihed Chemlali;haythem il banney jihed chemlali
F02266;Amel Ben Ammar Elgaïed Rabie Razgallah;amel ben ammar elgaied rabie razgallah
F02267;Siwar Mechri Nawres Mechri Samar Zardi Yassmine Dahmene;siwar mechri nawres mechri samar zardi yassmine dahmene
F02268;Chaker Trabelsi Imen jridi;chaker trabelsi imen jridi
F02269;Mehdi Romdhane;mehdi romdhane
F02270;Kaouther Hedhly;kaouther hedhly
F02271;Aicha Zahou Sameh Ben Hmida;aicha zahou sameh ben hmida
F02272;Abdessalem Barkia;abdessalem barkia
F02273;Aymen El Kadhi Noamen Hassen;aymen el kadhi noamen hassen
F02274;Jean David Rombi Ukka Ukka;jean david rombi ukka ukka
F02275;Houssem Ben Romdhane Ahmed Bellagha;houssem ben romdhane ahmed bellagha
F02276;Malek Radhouen;malek radhouen
F02277;Imen Meah Karima Makhlouf;imen meah karima makhlouf
F02278;Imen Moncer Abderrahmen Ben Ouaghrem Houssem Ben Cheikh Maher Naouali;imen moncer abderrahmen ben ouaghrem houssem ben cheikh maher naouali
F02279;Alaa Maaoui Amen Khlifi;alaa maaoui amen khlifi
F02280;Omar Baccar Hager Bouchoucha Sofiene Mokhbi;omar baccar hager bouchoucha sofiene mokhbi
F02281;Mohamed Ali Bousboo Emna Bousboo;mohamed ali bousboo emna bousboo
F02282;Zied Beldi Anis Harzallah Mohamed Salah Mzoughi Ahmed Bakh;zied beldi anis harzallah mohamed salah mzoughi ahmed bakh
F02283;Malek Ben Mbarek Loi Msaddak Mohamed Ali Foura Imen Hbiri;malek ben mbarek loi msaddak mohamed ali foura imen hbiri
F02284;Fedia El Ayeb Ayeb Fahmi Saadi Mohamed Sghaier Mohamed Wael;fedia el ayeb ayeb fahmi saadi mohamed sghaier mohamed wael
F02285;Avempace;avempace
F02286;Mehdi Tatar Amine Riahi Lilia Skhiri;mehdi tatar amine riahi lilia skhiri
F02287;Nassira Barhoumi Marwen El Bari;nassira barhoumi marwen el bari
F02288;Héla Majdoub Afef Majdoub;hela majdoub afef majdoub
F02289;Zied Ayedi Amine Grichi Ali Ben Mohamed;zied ayedi amine grichi ali ben mohamed
F02290;Mansour Noucair Mansour Haroun Khalil Dridi;mansour noucair mansour haroun khalil dridi
F02291;Mohamed Salem Luay Ben Ali;mohamed salem luay ben ali
F02292;Chokri Nader;chokri nader
F02293;Mouayed Errahmene Sahnoun Wassim Ayari;mouayed errahmene sahnoun wassim ayari
F02294;Mehdi Ben Abdallah Hichem Mansour Chris Bennie;mehdi ben abdallah hichem mansour chris bennie
F02295;Majdi Saidi Khouloud Ghorraf;majdi saidi khouloud ghorraf
F02296;Mohamed Kristou Mohamed Hedi Jebali;mohamed kristou mohamed hedi jebali
F02297;Adnane Abdelghani Khalifa Aguir;adnane abdelghani khalifa aguir
F02298;Mohamed Ali Blaiti;mohamed ali blaiti
F02299;Fayçal Hamrouni Sami Karzout;faycal hamrouni sami karzout
F02300;Fatma Houissa Nefaa Abdessalem;fatma houissa nefaa abdessalem
F02301;Rihab Hmida Amel Amamou Firas Boukhriss;rihab hmida amel amamou firas boukhriss
F02302;Manel Souai Mohamed Benyaiche Anas Ben Yaiche;manel souai mohamed benyaiche anas ben yaiche
F02303;Foued Jaballah;foued jaballah
F02304;Idris Tlili Dirar Rtima Aymen Tlili Wiem Tlili Maycène Mejri;idris tlili dirar rtima aymen tlili wiem tlili maycene mejri
F02305;Yassine Boubaker;yassine boubaker
F02306;Sabryn Hamrouny Wael Belaid Ibrahim Sarray Manel Abdelwahed;sabryn hamrouny wael belaid ibrahim sarray manel abdelwahed
F02307;Ines Hassoumi Alia Belkaid;ines hassoumi alia belkaid
F02308;Khaled Ben Hafaiedh;khaled ben hafaiedh
F02309;Nouha Ben Lahbib Najla Trabelsi;nouha ben lahbib najla trabelsi
F02310;Haithem Souissi Fares Ben Younes Dhia eddine Ben Haddada Ahmed Souissi;haithem souissi fares ben younes dhia eddine ben haddada ahmed souissi
F02311;Anouar Hamdaoui Marwa Selmi;anouar hamdaoui marwa selmi
F02312;Walid Smaoui Fares Jaloul Marwen Chaabouni;walid smaoui fares jaloul marwen chaabouni
F02313;Saber Lefi;saber lefi
F02314;Oussema Boukeri;oussema boukeri
F02315;Anis Harbaoui Radhouen Harbaoui Zied Rajhi;anis harbaoui radhouen harbaoui zied rajhi
F02316;Manel Mrad Mohamed Amine Mrad;manel mrad mohamed amine mrad
F02317;Montassar Ben Hmidene Narjess Bouslama Moataz Ben Hmidene;montassar ben hmidene narjess bouslama moataz ben hmidene
F02318;Abir Guecha Boudhina Seifeddine;abir guecha boudhina seifeddine
F02319;Fadhel Sassi Yassine Dhane;fadhel sassi yassine dhane
F02320;Haythem Chebbi Imen Masmoudi Wajdi Omrani Tarek Thabet Mariangela Paparo Hanen Ben Ammou;haythem chebbi imen masmoudi wajdi omrani tarek thabet mariangela paparo hanen ben ammou
F02321;Chouchene Achref Mohamed Houcem Eddine Ibn Essghaier Khouloud Essghaier Nermine Abid;chouchene achref mohamed houcem eddine ibn essghaier khouloud essghaier nermine abid
F02322;Mohamed Wali Helmi Ben Amara;mohamed wali helmi ben amara
F02323;Helmi Ben Amara Mustafa Almawsoof;helmi ben amara mustafa almawsoof
F02324;Malak Boukthir Khoubaieb Samir;malak boukthir khoubaieb samir
F02325;Ramzi Hachicha Mohamed Achraf Jomaa Zied Hachicha Dhia eddine Abdelli;ramzi hachicha mohamed achraf jomaa zied hachicha dhia eddine abdelli
F02326;Hedi Amorri Aboud Fatma;hedi amorri aboud fatma
F02327;Naoufel Ben Moussa Kais Jrad Mohamed salah Nachi Selim Ben Mansour;naoufel ben moussa kais jrad mohamed salah nachi selim ben mansour
F02328;Souheil Sassi;souheil sassi
F02329;Saadaoui Ghassen;saadaoui ghassen
F02330;Farouk Wahi;farouk wahi
F02331;Hichem Amami Moatassem Belleh Guesmi;hichem amami moatassem belleh guesmi
F02332;Rejeb Chaalia Khaled Hadj Ali Jawad Alaoui M'hammed;rejeb chaalia khaled hadj ali jawad alaoui m hammed
F02333;Raouf Riahi Walaeddine Riahi Noura Nasri;raouf riahi walaeddine riahi noura nasri
F02334;Amine Abdennour;amine abdennour
F02335;Adnen Mrad Amina Chouchane Sanda Doghmen;adnen mrad amina chouchane sanda doghmen
F02336;Mohamed Mekki Maalej Marouen HAMMAMI Mohamed Dhaouafi Morsi Hamza Hedi Neifar;mohamed mekki maalej marouen hammami mohamed dhaouafi morsi hamza hedi neifar
F02337;Olfa Abid Karim Gharbi;olfa abid karim gharbi
F02338;Jihed Jridi Salem Hamidi Halima Mahjoubi Elhem Cheour Neder Hamidi;jihed jridi salem hamidi halima mahjoubi elhem cheour neder hamidi
F02339;Zohra Aloui-Zarrouk;zohra aloui zarrouk
F02340;Mohamed Regaieg Younes Regaieg Safa Rekik;mohamed regaieg younes regaieg safa rekik
F02341;Firas Jribi;firas jribi
F02342;Jean-David Rombi;jean david rombi
F02343;Jasser Ben Saad Ayeb Rihab Rayen Ben Saad;jasser ben saad ayeb rihab rayen ben saad
F02344;Khawla Hadriche Houcem Ameur;khawla hadriche houcem ameur
F02345;Farouk Ben Jaafar;farouk ben jaafar
F02346;Mohamed Thamlaoui Khaoula Souf Rochdi Bchini;mohamed thamlaoui khaoula souf rochdi bchini
F02347;Mohamed Bouazizi Youssef Kaabechi;mohamed bouazizi youssef kaabechi
F02348;Morci Telmoudi Safa Jridi;morci telmoudi safa jridi
F02349;Issam Barhoumi Hassan Khadhri;issam barhoumi hassan khadhri
F02350;Firas Hakim;firas hakim
F02351;Houssem Saadi;houssem saadi
F02352;Dalel Manai;dalel manai
F02353;Hayouni Rafedh Nasreddine Nasri Mohamed Fateh Hajjej;hayouni rafedh nasreddine nasri mohamed fateh hajjej
F02354;Hajer Terras Heithe Zaghouani;hajer terras heithe zaghouani
F02355;Abdelhak Moussa Ahlem Zrig Mohamed Maher Elbekri;abdelhak moussa ahlem zrig mohamed maher elbekri
F02356;Imed mabrouk Firas Mabrouk;imed mabrouk firas mabrouk
F02357;Yosr Halleb Oussama Bahri Mariem Allouche;yosr halleb oussama bahri mariem allouche
F02358;Sarah Lamine Khalil Ben Said Karim Bouafif Kerchaoui Amine;sarah lamine khalil ben said karim bouafif kerchaoui amine
F02359;Slim Makhlouf Khaled Omri Ali Amamou;slim makhlouf khaled omri ali amamou
F02360;Yousri Hajri Ahmed Ayadi;yousri hajri ahmed ayadi
F02361;Abdelkader Boussetta Youssef Meddeb Nizar Ayadi;abdelkader boussetta youssef meddeb nizar ayadi
F02362;Chermiti Rami Chermiti;chermiti rami chermiti
F02363;Koussay Noomene Iyed Ghribi Nabil Amara;koussay noomene iyed ghribi nabil amara
F02364;Rayen Bouajaja Jawher Thabet Fakher Bourray;rayen bouajaja jawher thabet fakher bourray
F02365;Moez Jemaa;moez jemaa
F02366;Aymen Gahbiche;aymen gahbiche
F02367;Mohamed Dhaouafi Ali Dhaouafi Ahmed Dhaouafi;mohamed dhaouafi ali dhaouafi ahmed dhaouafi
F02368;Boubaker Elaabed;boubaker elaabed
F02369;Omar Mellouli Amira Jihène Kalai Mohamed mohamed Siwar Ben Abdelwahed;omar mellouli amira jihene kalai mohamed mohamed siwar ben abdelwahed
F02370;Fethi Zoghlami Abeidi Slim;fethi zoghlami abeidi slim
F02371;Ismail Ibala Nebil Aydi;ismail ibala nebil aydi
F02372;Thouraya Rajah;thouraya rajah
F02373;Younsi Alaeddine Mahjoubi Wael Yassine Ben Ghorbal;younsi alaeddine mahjoubi wael yassine ben ghorbal
F02374;Baha Hajri;baha hajri
F02375;Mohamed Bouhaouala Miriam Abdeljaouad;mohamed bouhaouala miriam abdeljaouad
F02376;Jihene Arzaak Eya Akir Racha Chwiref;jihene arzaak eya akir racha chwiref
F02377;Wissal Douissa Rayen Cherni Slim Abdejalil;wissal douissa rayen cherni slim abdejalil
F02378;Abed Helmi Abed;abed helmi abed
F02379;Mohamed Melki Yacine Maaroufi Amani khalfaoui;mohamed melki yacine maaroufi amani khalfaoui
F02380;Safouene Ratel Younes Saidani Marouene Ratel;safouene ratel younes saidani marouene ratel
F02381;Aymen Yahyaoui Amine Mosbah;aymen yahyaoui amine mosbah
F02382;Zarami Manel Zarami;zarami manel zarami
F02383;Nada Chatti Mahdi Taghouti Takwa Ben Abdessalem Wifek Ben Romdhane;nada chatti mahdi taghouti takwa ben abdessalem wifek ben romdhane
F02384;Karim Gharbi Marcel Deturche Selim Mohamed Gharbi;karim gharbi marcel deturche selim mohamed gharbi
F02385;Mohamed Amine Ouchari Oussema Baklouti;mohamed amine ouchari oussema baklouti
F02386;achref Baklouti ESazzmaehhra L Hoaumhidchii Aymen Khelifi;achref baklouti esazzmaehhra l hoaumhidchii aymen khelifi
F02387;Zied Boukadida;zied boukadida
F02388;Basma Ben salah Taher Ben salah;basma ben salah taher ben salah
F02389;Mohamed Ben Arfa Mohamed Raddadi;mohamed ben arfa mohamed raddadi
F02390;Hichem Bouguila Mokni Madiha Belhamadi;hichem bouguila mokni madiha belhamadi
F02391;Saber Kohli Moalla Habib Moez Taïeb Habib Baaboura;saber kohli moalla habib moez taieb habib baaboura
F02392;Maazoun Khaled Maazoun;maazoun khaled maazoun
F02393;Anis Abidi Azza Kooli;anis abidi azza kooli
F02394;Abdelkader Boussetta Youssef Meddeb Nizar Ayari;abdelkader boussetta youssef meddeb nizar ayari
F02395;Rami Chermiti;rami chermiti
F02396;Sadri Gargouri Khlil Gargouri;sadri gargouri khlil gargouri
F02397;Nada Ghanem;nada ghanem
F02398;Mohamed Aziz Ben Mahmoud Imed Hanana Mariem Hamzaoui Arbi Soussi Feriel Ben Hassine;mohamed aziz ben mahmoud imed hanana mariem hamzaoui arbi soussi feriel ben hassine
F02399;Mohamed Toumi Djohra Berki;mohamed toumi djohra berki
F02400;Abbassi Ahdi;abbassi ahdi
F02401;Business Software and services;business software and services
F02402;Khouloud Mhamdi Elarbi Machraoui;khouloud mhamdi elarbi machraoui
F02403;Ahmed Ben Bouzid Mohamed Berber Siwar Gharbi Mohmmed Sayed Hamdi;ahmed ben bouzid mohamed berber siwar gharbi mohmmed sayed hamdi
F02404;Melek Mehrez Nihel Beji Firas Mehrez;melek mehrez nihel beji firas mehrez
F02405;Wael Lakhrach Siwar Houssaî;wael lakhrach siwar houssai
F02406;Hiba Mned Habib Chaari Mehdi Ben Hmida Wajdi Bouaziz;hiba mned habib chaari mehdi ben hmida wajdi bouaziz
F02407;Slim Nabli Luay Ben Ali;slim nabli luay ben ali
F02408;khouloud Abada Saida Akermi;khouloud abada saida akermi
F02409;Wajih Messaoudi;wajih messaoudi
F02410;Amira Guesmi;amira guesmi
F02411;Sana Makhloufi;sana makhloufi
F02412;Amor El Masri;amor el masri
F02413;Seif Nemri Mohamed Mehdi Ben Mlouka;seif nemri mohamed mehdi ben mlouka
F02414;Mohamed Touhami Rhaima Rehayma Maher;mohamed touhami rhaima rehayma maher
F02415;Hajer Gabteni;hajer gabteni
F02416;Mohamed Amine Mamlouk;mohamed amine mamlouk
F02417;Eskander Nasri Mehdy Belkhiria Salah Ayed Amine Hammami;eskander nasri mehdy belkhiria salah ayed amine hammami
F02418;Ramzi Laâmouri Chahnez Naccache Iyadh Bouzghiba;ramzi laamouri chahnez naccache iyadh bouzghiba
F02419;Oussama Ben Wafi Safa Ben WafI Sawssen Atoui;oussama ben wafi safa ben wafi sawssen atoui
F02420;Sirin Zouga Baha Eddine Khelifi;sirin zouga baha eddine khelifi
F02421;Wissal Douissa Rayen Cherni Slim Abdejlil;wissal douissa rayen cherni slim abdejlil
F02422;Amel Ben Ammar Elgaied Rabie Razgallah;amel ben ammar elgaied rabie razgallah
F02423;Nadia Kanoun Najia Dhiab;nadia kanoun najia dhiab
F02424;Fares Naiet El Gaied;fares naiet el gaied
F02425;Mohamed Dhia Ben Fraj Asma Yousfi;mohamed dhia ben fraj asma yousfi
F02426;Siryne Elouede Hamza Chakroun Montassar Chakroun;siryne elouede hamza chakroun montassar chakroun
F02427;Sabri Mzoughizoughi Karim Jelliti;sabri mzoughizoughi karim jelliti
F02428;Mourad Mezghani Hassan Cheriha Ahmed Ben Hamouda;mourad mezghani hassan cheriha ahmed ben hamouda
F02429;Sarra Ben Romdhane Mehdi Mouelhi;sarra ben romdhane mehdi mouelhi
F02430;Emna Rassaa Taha Karoui Mohamed Islem Ben Ali;emna rassaa taha karoui mohamed islem ben ali
F02431;Houssem Kanzari Mohamed Laouini;houssem kanzari mohamed laouini
F02432;Ahmed Nizar Kalai Ahmed Ben Hassana;ahmed nizar kalai ahmed ben hassana
F02433;Abir Mahouchi;abir mahouchi
F02434;Dhouha Belhaj Yahia Makrem Aoun;dhouha belhaj yahia makrem aoun
F02435;Seif Allah Azaiez;seif allah azaiez
F02436;Philippe Dedrie;philippe dedrie
F02437;Mohamed El Haj Abdallah Kais Oueslati;mohamed el haj abdallah kais oueslati
F02438;Ahmed Boufahja Emna Boufahja;ahmed boufahja emna boufahja
F02439;Nizar Affi;nizar affi
F02440;Anissa Najjar Kais Dridi;anissa najjar kais dridi
F02441;Houssem Jarraya;houssem jarraya
F02442;Aymen Mabrouki;aymen mabrouki
F02443;Maher Ben Najm Nabil Ben Najem;maher ben najm nabil ben najem
F02444;Nadhem Lihiouiel Ismail Kahri;nadhem lihiouiel ismail kahri
F02445;Azzez Moatez Associé azzez Houssem Hamza Gassab;azzez moatez associe azzez houssem hamza gassab
F02446;Oussama Souaf Fahmi Haouala Soulaimane Guedria Loua Slama Mohamed Malek;oussama souaf fahmi haouala soulaimane guedria loua slama mohamed malek
F02447;Khouloud Bannour Houssem Saadaoui Meriem Zouali;khouloud bannour houssem saadaoui meriem zouali
F02448;Nour Salah Asma Mhadheb Ahmed Hamouda Mohamed Fadhel Saada;nour salah asma mhadheb ahmed hamouda mohamed fadhel saada
F02449;Zeineb Hadj Ali Rania Souei;zeineb hadj ali rania souei
F02450;Alaa Bouajila Nourhene Mhennaoui Wael Chaouch;alaa bouajila nourhene mhennaoui wael chaouch
F02451;Ahmed Souissi Zaineb Gabsi Saafi Khalil Younes Mezen;ahmed souissi zaineb gabsi saafi khalil younes mezen
F02452;Sami Marouani;sami marouani
F02453;Rami El Golli Luc Metivier;rami el golli luc metivier
F02454;Kaouther Hedhly Hatem Zegnani;kaouther hedhly hatem zegnani
F02455;Taher Siala;taher siala
F02456;May Tounsi Farah Tounsi Leila Ben Abdallah;may tounsi farah tounsi leila ben abdallah
F02457;Belhassen Chelbi Sabrine Labidi;belhassen chelbi sabrine labidi
F02458;Ahmed Sami Meksi Mourad Boubaker;ahmed sami meksi mourad boubaker
F02459;Hamza Zarrouk Rihem Ghzaiel Ala Guezzi;hamza zarrouk rihem ghzaiel ala guezzi
F02460;Hassen Serkhane Malek Baouindi;hassen serkhane malek baouindi
F02461;Riadh Bouassida Ahmed Bouassida Ramzi Arous;riadh bouassida ahmed bouassida ramzi arous
F02462;Jihen Kboubi Aschraf Chadli Chiheb Kboubi Adem Kboubi;jihen kboubi aschraf chadli chiheb kboubi adem kboubi
F02463;Ghaith Ben Mansour;ghaith ben mansour
F02464;Mohamed Ali Hergli;mohamed ali hergli
F02465;Hafedh Farhani Abdelrahman Nasser Cyrine Ben Haj Ali;hafedh farhani abdelrahman nasser cyrine ben haj ali
F02466;Mortadha Mehri Adem Mehri Mojtabah Mehri;mortadha mehri adem mehri mojtabah mehri
F02467;Amal Abdelkafi;amal abdelkafi
F02468;Rayen Naimi Dabboussi Hassen Mohamed Amine Naimi;rayen naimi dabboussi hassen mohamed amine naimi
F02469;Raef RezguI Badis Kardous Chiheb Baazaoui Firas Koraani;raef rezgui badis kardous chiheb baazaoui firas koraani
F02470;Sarra Goddi Imen Ben Slimen;sarra goddi imen ben slimen
F02471;Melek Chakchouk Bilel Ben Atitallah Jawhar Ben Salem Hatem Halouani;melek chakchouk bilel ben atitallah jawhar ben salem hatem halouani
F02472;Jawhar Farhat Sami Hamdi;jawhar farhat sami hamdi
F02473;Achraf Sekri;achraf sekri
F02474;Achouri Iyadh Rami Ksouri;achouri iyadh rami ksouri
F02475;Miled Mohamed Mohamed ali Zorgui;miled mohamed mohamed ali zorgui
F02476;Naja Benali;naja benali
F02477;Ahmed Bouali Mohamed Wassim Abidi Salim Benaoun Hela Msaddek Mohamed Firas Najjar Mohamed Elyes Abidi;ahmed bouali mohamed wassim abidi salim benaoun hela msaddek mohamed firas najjar mohamed elyes abidi
F02478;Med Mezri Ben Dkhil Hamdi Mokni;med mezri ben dkhil hamdi mokni
F02479;Mechri Siwar Nawres Mechri Zardi Samar Yassmine Dahmene;mechri siwar nawres mechri zardi samar yassmine dahmene
F02480;Il Banney Haythem Jihed Chemlali;il banney haythem jihed chemlali
F02481;Mathlouthi Abdelmagid Karim Yahyaoui;mathlouthi abdelmagid karim yahyaoui
F02482;Balkis Aifa Rmili Akrem Tarek Ben Ali Achref Rmili;balkis aifa rmili akrem tarek ben ali achref rmili
F02483;Amir Aouididi;amir aouididi
F02484;Sahar Cheikh;sahar cheikh
F02485;Ali Nakti Saber Bahri Chaima Belhassen;ali nakti saber bahri chaima belhassen
F02486;Anis Fourati Randa Sellami Mohamed Ali Fitouhi;anis fourati randa sellami mohamed ali fitouhi
F02487;Wael Mlak Salma Sayah ep Mallek;wael mlak salma sayah ep mallek
F02488;Mohamed Ali Zaier Yassine Rhouma Mohamed Ben Romdhan;mohamed ali zaier yassine rhouma mohamed ben romdhan
F02489;Aamira Ben Aamira Issam Ben Aamira;aamira ben aamira issam ben aamira
F02490;Ali Ibn Ammar;ali ibn ammar
F02491;Nour El Houda benina Rayhane Hedri Mottaki Hajouni Sabryn Hamrouni Belaid Wael;nour el houda benina rayhane hedri mottaki hajouni sabryn hamrouni belaid wael
F02492;Mathias Wrzoncki Belgacem Toumi Sondess Lazrak;mathias wrzoncki belgacem toumi sondess lazrak
F02493;Mohamed Nahouchi Amrou Kboubi Siwar Ben Nejma;mohamed nahouchi amrou kboubi siwar ben nejma
F02494;Jawher Ressaissi Hatem Ressaissi;jawher ressaissi hatem ressaissi
F02495;Hichem Boughdiri;hichem boughdiri
F02496;Emna Ouerchfani Aya Ouhichi Ajmi ouerchfani Montassar Zorgani Directeur Technique Imen Ouerchfani Mohamed Ali Jebali Adam Louhichi;emna ouerchfani aya ouhichi ajmi ouerchfani montassar zorgani directeur technique imen ouerchfani mohamed ali jebali adam louhichi
F02497;Firas Sfaxi Achraf Ben Hiba Mohamed Rayen Dakhlaoui Leith Cousseni;firas sfaxi achraf ben hiba mohamed rayen dakhlaoui leith cousseni
F02498;Ghassen Selmi Amen Mili;ghassen selmi amen mili
F02499;Jamel Eddine Belmadhkour Letaief Omar;jamel eddine belmadhkour letaief omar
F02500;Hatem Ben Chaabane;hatem ben chaabane
F02501;Aymen Ben Rjab;aymen ben rjab
F02502;Mohamed Mounir Mejri Abdelhakim Jamaaoui Omrane Trabelssi;mohamed mounir mejri abdelhakim jamaaoui omrane trabelssi
F02503;Dsouli Youssef Aymen Rachdi Hamza Zouari;dsouli youssef aymen rachdi hamza zouari
F02504;Amine Hayder;amine hayder
F02505;Skander Guarbaa;skander guarbaa
F02506;Iyed Ben Messaoud Oussema Rifi Aymen Derouiche Ali Baroudi;iyed ben messaoud oussema rifi aymen derouiche ali baroudi
F02507;Aymen Ammar;aymen ammar
F02508;Hadil Abdallah Mohamed Jouneidi Abderrazek Rami Kelboussi Hamza Mansour;hadil abdallah mohamed jouneidi abderrazek rami kelboussi hamza mansour
F02509;Sami Sakly;sami sakly
F02510;Salim Sassi;salim sassi
F02511;Slimen Arnaout Arafet Sbei Tarek Ben Salah Omar Ismail;slimen arnaout arafet sbei tarek ben salah omar ismail
F02512;Ahmed Hedi Imed Ayari Lamjed Jedda;ahmed hedi imed ayari lamjed jedda
F02513;Ismail Khenissi Jabrane Khenissi;ismail khenissi jabrane khenissi
F02514;Abdelghani Adnane Khalifa Aguir;abdelghani adnane khalifa aguir
F02515;Jridi Jihed Salem Hamidi Halima Mahjoubi Elhem Cheour Neder Hamidi;jridi jihed salem hamidi halima mahjoubi elhem cheour neder hamidi
F02516;Wael Lakhrach Siwar Houssaî Hiba Mned;wael lakhrach siwar houssai hiba mned
F02517;Jihen Kboubi Aschraf Chadli Chiheb Kboubi;jihen kboubi aschraf chadli chiheb kboubi
F02518;AMdoehmam Kbeodu Mbielki Yacine Maaroufi Amani Khalfaoui;amdoehmam kbeodu mbielki yacine maaroufi amani khalfaoui
F02519;Anis Chebbi Ouns Taj;anis chebbi ouns taj
F02520;Sami Jilani Meriem Trabelsi;sami jilani meriem trabelsi
F02521;Riadh Ben Meftah Jamel Gafsi;riadh ben meftah jamel gafsi
F02522;Anis Montacer Aymen Souissi Asma Benyoussef Sami Montacer;anis montacer aymen souissi asma benyoussef sami montacer
F02523;Atef Meftah Iuliia Matviets;atef meftah iuliia matviets
F02524;Houssem Eddine Rammeh Oussama Ben Wahiba Abderrahim Gdah;houssem eddine rammeh oussama ben wahiba abderrahim gdah
F02525;Kais Aouieb Mohamed Anis Ben Ghalia;kais aouieb mohamed anis ben ghalia
F02526;Zeineb Blaiech Dali Blaiech;zeineb blaiech dali blaiech
F02527;Fares Messedi Rayen Miaoui;fares messedi rayen miaoui
F02528;YAahdmhe Kdh Jaelfdaildlaih Ali Jedidi Hsan Jedidi;yaahdmhe kdh jaelfdaildlaih ali jedidi hsan jedidi
F02529;Houcem Kolsi Issam Kolsi;houcem kolsi issam kolsi
F02530;Mohamed Aziz Landolssi;mohamed aziz landolssi
F02531;Walid Guellouz;walid guellouz
F02532;Ilyes Karray Ahmed Azer Ghimeji;ilyes karray ahmed azer ghimeji
F02533;Sondes Massoudi Chiheb Ben Rekaya;sondes massoudi chiheb ben rekaya
F02534;Yosri Belhadj Hamdi Maslah May Mallouli;yosri belhadj hamdi maslah may mallouli
F02535;Mohamed Taibah Kais Ben Rhouma Wafa Smaoui;mohamed taibah kais ben rhouma wafa smaoui
F02536;Nadhir Chebbi Mohamed Itheb Ben Abbes;nadhir chebbi mohamed itheb ben abbes
F02537;Mohamed Najar Seifeddine Adouani Firas Fejjeri;mohamed najar seifeddine adouani firas fejjeri
F02538;Saaidi Abdel Aziz Safa Soltani;saaidi abdel aziz safa soltani
F02539;Amine Ben Hmida;amine ben hmida
F02540;Adnene Kammoun Mohamed Nassim Chouchene Salah Bannour Wassim Kammoun Khawla Dhahri Nasreddine Soualhia Samia Noureddine;adnene kammoun mohamed nassim chouchene salah bannour wassim kammoun khawla dhahri nasreddine soualhia samia noureddine
F02541;Mohamed Khalil Kouki Khaled Ben ammar;mohamed khalil kouki khaled ben ammar
F02542;Zaidi Chifa Khadija Louati Ala Eddine Maatoug;zaidi chifa khadija louati ala eddine maatoug
F02543;Marouene Darbi Feten Boukari;marouene darbi feten boukari
F02544;Alaeddine Ghabi Mohamed Yassin Jemai Taha Yassine Romdhane Mouadh Abdellatif Asma Hammami;alaeddine ghabi mohamed yassin jemai taha yassine romdhane mouadh abdellatif asma hammami
F02545;Wejdane Ksiaa;wejdane ksiaa
F02546;Rahma Boubaker Boubaker Raed Imen Messaoud;rahma boubaker boubaker raed imen messaoud
F02547;Mohamed Ali Zaier Yassine Rhouma Mohamed Ben Romdhane;mohamed ali zaier yassine rhouma mohamed ben romdhane
F02548;Faouzi Gharsalli Khaled Gharsalli;faouzi gharsalli khaled gharsalli
F02549;Ala Eddine Dhaouafi Rayen Nahdi Hédil Fraihi Yassine Ben Ali;ala eddine dhaouafi rayen nahdi hedil fraihi yassine ben ali
F02550;Hajer Terras Heithem Zaghouani Elyes Jeribi;hajer terras heithem zaghouani elyes jeribi
F02551;Wassim Amri Asma Kilani;wassim amri asma kilani
F02552;Nabil Ben Nasrallah Sana Balti Wissem Mazgou;nabil ben nasrallah sana balti wissem mazgou
F02553;Mohamed Aziz Chibani Mahdi Lazreg Mechria Mohamed Aziz;mohamed aziz chibani mahdi lazreg mechria mohamed aziz
F02554;Saif Eddine Naffati Fedia Ayari;saif eddine naffati fedia ayari
F02555;Marouane Trimeche ?;marouane trimeche
F02556;Montasser Khamassi Nour El Houda Shili Mohieddine Drissi Slim Griri;montasser khamassi nour el houda shili mohieddine drissi slim griri
F02557;Salmen Ajili Mahdi Abdelmalek Sahbi Ben hmida;salmen ajili mahdi abdelmalek sahbi ben hmida
F02558;Hamza Bourougaa Rachwan Tarraf Aziz Kouki;hamza bourougaa rachwan tarraf aziz kouki
F02559;Zina Gachaoui Ziad Kadhi;zina gachaoui ziad kadhi
F02560;Ibtihel Driss Lassaad Aissa Berraiess Mohamed Ghodbane;ibtihel driss lassaad aissa berraiess mohamed ghodbane
F02561;Ines Hassoumi;ines hassoumi
F02562;Mohamed Omar Chaari;mohamed omar chaari
F02563;Mahdi Benabdallah;mahdi benabdallah
F02564;Azer Taieb Houssem Tayeb;azer taieb houssem tayeb
F02565;Mouheb Mehdoui Riadh Baroudi;mouheb mehdoui riadh baroudi
F02566;Oussama Noumi Karim Bouchiba Yosri Jlassi;oussama noumi karim bouchiba yosri jlassi
F02567;Mhamed Ali Ben Mahmoud Walid Tanazefti Sabri Ben Marzouk Youssef Denguir;mhamed ali ben mahmoud walid tanazefti sabri ben marzouk youssef denguir
F02568;Malik Ayachi;malik ayachi
F02569;Khalil Mhamdi;khalil mhamdi
F02570;Khaled Saidani Azza Sandly;khaled saidani azza sandly
F02571;Hassen Saadi;hassen saadi
F02572;Ranim Zouari Sonda Charfi;ranim zouari sonda charfi
F02573;Mohamed Boussaidi;mohamed boussaidi
F02574;Ghassen Ghouibi Habiba Ben Jabeur;ghassen ghouibi habiba ben jabeur
F02575;Olfa Trabelsi Kessé Emmanuel Sigui;olfa trabelsi kesse emmanuel sigui
F02576;Mohamed Riahi Yassine Idoudi;mohamed riahi yassine idoudi
F02577;Wassim Hamdani Youssef Zrelli;wassim hamdani youssef zrelli
F02578;Pierre Maxime;pierre maxime
F02579;Rym Ayari Walid Ayari;rym ayari walid ayari
F02580;Hamza MAGRIMariem MAGRIAymen CHEIBI;hamza magrimariem magriaymen cheibi
F02581;Abir Ben ArbiaAnis Ben ArbiaRami Chermiti;abir ben arbiaanis ben arbiarami chermiti
F02582;Marwa SettiMohamed Aziz Setti;marwa settimohamed aziz setti
F02583;Mouadh Hsoumi;mouadh hsoumi
F02584;Maroua Ben Charrada Mohamed Aymen Bachrouch;maroua ben charrada mohamed aymen bachrouch
F02585;Rym Bendhief Akremi Mohamed Hbib Ben Akremi Mohamed Aziz Ben Akremi;rym bendhief akremi mohamed hbib ben akremi mohamed aziz ben akremi
F02586;Mohamed Oualid Guellouz Pascaline Mussot;mohamed oualid guellouz pascaline mussot
F02587;Mohamed Rafik Hwimli;mohamed rafik hwimli
F02588;Youssef Meddeb;youssef meddeb
F02589;Kais Zhioua;kais zhioua
F02590;Foued Jaballah Rafik Jaballah;foued jaballah rafik jaballah
F02591;Walid Khenissi;walid khenissi
F02592;Makram TorjemenSouissi AlHabib;makram torjemensouissi alhabib
F02593;Houssem Ben Slama Dhouha Allagui Abderrazak Hakim;houssem ben slama dhouha allagui abderrazak hakim
F02594;Kais Ben YoussefAymen SellaoutiIssam Moalla;kais ben youssefaymen sellaoutiissam moalla
F02595;Aymen KochtiSahar Toujani;aymen kochtisahar toujani
F02596;Hela Mghaieth Ahmed Mghaieth;hela mghaieth ahmed mghaieth
F02597;Majed DammakSaber Naffati;majed dammaksaber naffati
F02598;Amine OueslatiOumaima MahmoudSoufien Bsili;amine oueslatioumaima mahmoudsoufien bsili
F02599;Amine Boufaied;amine boufaied
F02600;Mohamed Lotfi Sassi;mohamed lotfi sassi
F02601;Amani ChattiMahmoud ChattiMohamed Neji KalboussiMakrem Jlassi;amani chattimahmoud chattimohamed neji kalboussimakrem jlassi
F02602;Saadallah Aymen;saadallah aymen
F02603;Mouhamed Nourdine GuitouniKarima Tekaya Maghri;mouhamed nourdine guitounikarima tekaya maghri
F02604;Ibrahim BoubakriBadreddine Ben Cheikh AhmedMoussa Ouechtati;ibrahim boubakribadreddine ben cheikh ahmedmoussa ouechtati
F02605;Maha Ben Fredj Malek Ben Fredj Mouna Karoui;maha ben fredj malek ben fredj mouna karoui
F02606;Raed Harzalli Mohamed Aymen Zarouk;raed harzalli mohamed aymen zarouk
F02607;Achref Hafedh;achref hafedh
F02608;Mohamed Rached Bedis Bergaoui;mohamed rached bedis bergaoui
F02609;Walid MezghaniAmani Ghezal;walid mezghaniamani ghezal
F02610;Kcharem AhmedOmar Ahmed;kcharem ahmedomar ahmed
F02611;Myriem Slama;myriem slama
F02612;Ahmed Mahouachi Oumaima Ghali Amal Daoudi Hamdi Ben Brahim;ahmed mahouachi oumaima ghali amal daoudi hamdi ben brahim
F02613;Sirine BelhassenAbdelkader Belhassen;sirine belhassenabdelkader belhassen
F02614;Aram Ben Salem Awatef Sadki Afnene Ben salem;aram ben salem awatef sadki afnene ben salem
F02615;Rym Gamra;rym gamra
F02616;Habib Chaari Mehdi Ben Hmida Wajdi Buaziz;habib chaari mehdi ben hmida wajdi buaziz
F02617;Amira Ben Amira Issam Ben Amira;amira ben amira issam ben amira
F02618;Zakaria Glenza Souhail Saihi;zakaria glenza souhail saihi
F02619;Zeidoun Meksi Adnen Somai Jawhar Mtar Adnen Somai Yasser Joudi;zeidoun meksi adnen somai jawhar mtar adnen somai yasser joudi
F02620;Mejdi Gaddouch Monia Grtimene;mejdi gaddouch monia grtimene
F02621;Hazem Hamrouni Khalil Bessaad;hazem hamrouni khalil bessaad
F02622;Helmi Benameur Fares Gaida Sofiene Gharbi Ahmed Berred El Montassar Belleh Gaida Mohamed Amine Ghazouani Wassim Affes;helmi benameur fares gaida sofiene gharbi ahmed berred el montassar belleh gaida mohamed amine ghazouani wassim affes
F02623;Karim Ben Fadhel;karim ben fadhel
F02624;Syrine Abidi;syrine abidi
F02625;Manel Mallek;manel mallek
F02626;Tekaya Oussama Hamdi Belhassen Mohtadi Ben Fraj Daniel Angloher;tekaya oussama hamdi belhassen mohtadi ben fraj daniel angloher
F02627;Saif Eddine BorgholKamel Ben AnayaAsma MethamemSoulayma Dhiab;saif eddine borgholkamel ben anayaasma methamemsoulayma dhiab
F02628;Hamdi Mustapha Majdi Jaber;hamdi mustapha majdi jaber
F02629;Oussama Houcine Najem Ddine Souheil Elhoucine;oussama houcine najem ddine souheil elhoucine
F02630;Ikram Ben Sassi;ikram ben sassi
F02631;Bassem Lamouchi Hedi Manai;bassem lamouchi hedi manai
F02632;Achraf Bleili;achraf bleili
F02633;Ahmed Ben Attia Mehdi Trabelsi Ahmed Missaoui Anis Mimech;ahmed ben attia mehdi trabelsi ahmed missaoui anis mimech
F02634;Fares Jabloun;fares jabloun
F02635;Hamzaoui Sofiene Hamzaoui Noureddine Sfaxi Ameur;hamzaoui sofiene hamzaoui noureddine sfaxi ameur
F02636;Danden Ahmed Touati Selsebil;danden ahmed touati selsebil
F02637;Mohamed Benyagoub Said Abderrahmen Minyar Meksi;mohamed benyagoub said abderrahmen minyar meksi
F02638;Nasreddine Ragam Ragam Amine;nasreddine ragam ragam amine
F02639;Mohamed Ben Jazia;mohamed ben jazia
F02640;Mohamed Amine Bellili Mohamed Rayen Sadkaoui Mohamed Aziz Saouabi;mohamed amine bellili mohamed rayen sadkaoui mohamed aziz saouabi
F02641;Hassen Saadi Ilef Karray Sarah Gannoun;hassen saadi ilef karray sarah gannoun
F02642;Senda Khemiri;senda khemiri
F02643;Dridi Bachir;dridi bachir
F02644;Molka Nasraoui Dhafer Amine Nasraoui Nasraoui Azza;molka nasraoui dhafer amine nasraoui nasraoui azza
F02645;Fares Messedi Rayen Miaoui Yadh Khalfallah;fares messedi rayen miaoui yadh khalfallah
F02646;Jasser Ben Saad Rayen Ben saad Ayeb Rihab;jasser ben saad rayen ben saad ayeb rihab
F02647;Seddik Houimli Jacer Smat Koutheir Cherni Mohamed Amine Abdenadher Hazem Housseini;seddik houimli jacer smat koutheir cherni mohamed amine abdenadher hazem housseini
F02648;Mohamed Yassine Letaief Hajer Hraghi;mohamed yassine letaief hajer hraghi
F02649;Ghazi Maatoug Yi Shi Olivier Patole;ghazi maatoug yi shi olivier patole
F02650;Mohamed Jemiai Mohamed Taieb Jemiai;mohamed jemiai mohamed taieb jemiai
F02651;Mootaz Hammami;mootaz hammami
F02652;Jihed Aboulkacem Mohamed Dinari;jihed aboulkacem mohamed dinari
F02653;Yassine Ajili Abdelwafi Jennayeh;yassine ajili abdelwafi jennayeh
F02654;Ahmed Sahraoui Saber Sahraoui;ahmed sahraoui saber sahraoui
F02655;Amir Kboubi Feres Othman;amir kboubi feres othman
F02656;Fahd Hannachi Asma Ladjimi;fahd hannachi asma ladjimi
F02657;Safa Ben Romdhane Wouroud Zemzem Amira Grendi;safa ben romdhane wouroud zemzem amira grendi
F02658;Hammami Tarek Mohamed Aymen Mechergui;hammami tarek mohamed aymen mechergui
F02659;Mohamed Amine Khemiri Maroua Ellouze;mohamed amine khemiri maroua ellouze
F02660;Arbi Ben bazza Lokmani Yassine Sana Hamdi Jamila Ghediri;arbi ben bazza lokmani yassine sana hamdi jamila ghediri
F02661;Souheil Bouzouita Chebaane Med Aziz;souheil bouzouita chebaane med aziz
F02662;Oualid Kilani;oualid kilani
F02663;Mohamed Kchaou Amine Guermazi;mohamed kchaou amine guermazi
F02664;Sofiene Salem;sofiene salem
F02665;Fethi Laabidi Haithem Abderrahmene;fethi laabidi haithem abderrahmene
F02666;Mouna Boussetta;mouna boussetta
F02667;Tesnim Jaziri;tesnim jaziri
F02668;Ismail Khlif Maram Arfaoui Yessin Khlìf;ismail khlif maram arfaoui yessin khlif
F02669;Ayoub Debbichi Hedi Slim;ayoub debbichi hedi slim
F02670;Nour Abbous Hamza Omar;nour abbous hamza omar
F02671;Ayoub Ben Abdallah Chadi Belguith;ayoub ben abdallah chadi belguith
F02672;Mohamed Rached Jomni Donia Barakati Hanen Bouamoud Souheil Skouri;mohamed rached jomni donia barakati hanen bouamoud souheil skouri
F02673;Omar Baccar Hager Bouchoucha;omar baccar hager bouchoucha
F02674;Myriam karoui Ines Karoui;myriam karoui ines karoui
F02675;Hejer Kamoun Ghada Daoud Hajkacem Eya;hejer kamoun ghada daoud hajkacem eya
F02676;Nouha Bouwazra Intidhar Nakouri Basma Selmi;nouha bouwazra intidhar nakouri basma selmi
F02677;Wajdi Boufaroi Abdelkader Lakhal Boufarwa Wiem Hakim Kadhi;wajdi boufaroi abdelkader lakhal boufarwa wiem hakim kadhi
F02678;Jarraya Mahdi Ahmed Ben Rhaiem;jarraya mahdi ahmed ben rhaiem
F02679;Raouia Khedher;raouia khedher
F02680;Mourad Mezghenni TechLead Informatique Ahmed Ben Hamouda Hassan Cheriha;mourad mezghenni techlead informatique ahmed ben hamouda hassan cheriha
F02681;Oussema Rhif Rached Fares Mohamed Ali Chemli Mohamed Skander Soltane;oussema rhif rached fares mohamed ali chemli mohamed skander soltane
F02682;Chokri Rayani Jaafer Chniter Jihen Haddad;chokri rayani jaafer chniter jihen haddad
F02683;Franck Legendre;franck legendre
F02684;Fethi zoghlami Slim Abeidi Makrem Jebali Alaa Sebai;fethi zoghlami slim abeidi makrem jebali alaa sebai
F02685;Riadh Zaidi;riadh zaidi
F02686;Ala Eddine Hsairi Raed Jridi;ala eddine hsairi raed jridi
F02687;Imen Saidi Zakaria Magouri Sadok Kzadri;imen saidi zakaria magouri sadok kzadri
F02688;Feres Okbi Ali Benmohamed Youssef Kzadri;feres okbi ali benmohamed youssef kzadri
F02689;Alaa Maaoui;alaa maaoui
F02690;Tesnime Khemiri Balkis Bettoumi Mohamed Aziz Laourine;tesnime khemiri balkis bettoumi mohamed aziz laourine
F02691;Mejda Khaled Zeineb Ben Abdallah Hedi BenRomdhane;mejda khaled zeineb ben abdallah hedi benromdhane
F02692;Mezri Karoui Eymen Errais;mezri karoui eymen errais
F02693;Magda Chelly Mikko Laaksonen;magda chelly mikko laaksonen
F02694;Kais Chehuma;kais chehuma
F02695;Marouen Akermi Francesc Gomez;marouen akermi francesc gomez
F02696;Mouna Abid Yosr Ghozzi Sonia Abid;mouna abid yosr ghozzi sonia abid
F02697;Mohamed Zlizi;mohamed zlizi
F02698;Med khalil Bousnina Rahma Bousnina;med khalil bousnina rahma bousnina
F02699;Ala Larbi Hatem Benchikh Dorra Fredj;ala larbi hatem benchikh dorra fredj
F02700;Moez Debara Jamila Khmiss Hussein Dbara;moez debara jamila khmiss hussein dbara
F02701;Nader Dermech Maha Nacer;nader dermech maha nacer
F02702;Moez Ben Moelli Safa Kanzari;moez ben moelli safa kanzari
F02703;Zied Kacem Nour elhouda Issaoui Issam Kacem;zied kacem nour elhouda issaoui issam kacem
F02704;Mohamed Achref Hamdouni Hassen Mokadem;mohamed achref hamdouni hassen mokadem
F02705;Aziz Masmoudi Youssef Masmoudi Edam Hamza Omaima Daoud Rim Mtibaa;aziz masmoudi youssef masmoudi edam hamza omaima daoud rim mtibaa
F02706;Mohamed ali Abbes Houssem Hammami Boussarsar Ahmed Amine;mohamed ali abbes houssem hammami boussarsar ahmed amine
F02707;Chaker Lazzez Ben Amor Omar aziz;chaker lazzez ben amor omar aziz
F02708;Khemiri Mohamed Amine Maroua Ellouze;khemiri mohamed amine maroua ellouze
F02709;Karim Bahi Iheb Jendoubi Souad Annabi;karim bahi iheb jendoubi souad annabi
F02710;Sana Ksouri Dhouha Ksouri Mohamed Ghassen Fhimi;sana ksouri dhouha ksouri mohamed ghassen fhimi
F02711;Idméetenc Btiioonse dnesso bractéries dans le lait;idmeetenc btiioonse dnesso bracteries dans le lait
F02712;Malek Dhahri Majdi Dhahri Moez Dhahri;malek dhahri majdi dhahri moez dhahri
F02713;Nawel Dghim Aziza Ibn Hadj Hassine Mohamed Nefaa Dghim;nawel dghim aziza ibn hadj hassine mohamed nefaa dghim
F02714;Nadhir Chebbi Mohamed Itheb Ben Abbes Ahmed Méchergui;nadhir chebbi mohamed itheb ben abbes ahmed mechergui
F02715;Montassar Moussa Firas Rouine Mhamed Moncer;montassar moussa firas rouine mhamed moncer
F02716;Maher Fekih Samar Ouni;maher fekih samar ouni
F02717;Mahdi Taghouti Akram Rekik;mahdi taghouti akram rekik
F02718;Mohamed Yassine Brahem Hiba Mateur Ahmed Bechir Mezhoud Salah Dabbech Aicha Farah Souelmi;mohamed yassine brahem hiba mateur ahmed bechir mezhoud salah dabbech aicha farah souelmi
F02719;Noura Ayadi Najet Ayadi;noura ayadi najet ayadi
F02720;Mohamed Ali Ben Chaabane Hadhami Ghaffari;mohamed ali ben chaabane hadhami ghaffari
F02721;Majdi Ben Farhat Hanen Louati Ramzi Halouani;majdi ben farhat hanen louati ramzi halouani
F02722;Sana Elleuch Mohamed Elleuch;sana elleuch mohamed elleuch
F02723;Makrem Chakchouk;makrem chakchouk
F02724;Marwa Abrougui Mustapha Nasraoui Fares Hana;marwa abrougui mustapha nasraoui fares hana
F02725;Mohamed Jaidane Abdallah Raies Raed Debbabi;mohamed jaidane abdallah raies raed debbabi
F02726;Moutaa Madani Rihem Madani;moutaa madani rihem madani
F02727;Omar Trabelsi Karim Trabelsi;omar trabelsi karim trabelsi
F02728;Achraf Kacem Marwen Mahmoud;achraf kacem marwen mahmoud
F02729;IAmhemne Sde Hlmchiaichi Mouheb Eddine Saadaoui Bairem Khedhri;iamhemne sde hlmchiaichi mouheb eddine saadaoui bairem khedhri
F02730;Mohamed Ksantini Mohamed Karray Nesrine Triki Associée Amina Turki Sirine ammar Ameni Ellouze;mohamed ksantini mohamed karray nesrine triki associee amina turki sirine ammar ameni ellouze
F02731;Asma Fattouch Mohamed Amine Ben Amor Ela Manai Houssem Ben Haj Boubaker;asma fattouch mohamed amine ben amor ela manai houssem ben haj boubaker
F02732;Rayen Naimi Mohamed Sofiene Barka;rayen naimi mohamed sofiene barka
F02733;Med Mezri Ben Dkhil Hamdi Mokni Yassine Youssef;med mezri ben dkhil hamdi mokni yassine youssef
F02734;Slim Zghal Momtez Ayadi;slim zghal momtez ayadi
F02735;Lotfi Sahli Zeineb Sahli Mounira Cherif Kaouther Sahli;lotfi sahli zeineb sahli mounira cherif kaouther sahli
F02736;Walid mansia Maaref Yathreb Daboussi Rima Hajer Ayari;walid mansia maaref yathreb daboussi rima hajer ayari
F02737;Iyadh Achouri Rami Ksouri;iyadh achouri rami ksouri
F02738;Amin Limaiem;amin limaiem
F02739;Saddem Abderrahmen Achref Jannene Sadok Saddem Mahmoud Ellouze Saddem Yassin Amor Kerkeni;saddem abderrahmen achref jannene sadok saddem mahmoud ellouze saddem yassin amor kerkeni
F02740;Khaled Khelifi Abrar Hammami;khaled khelifi abrar hammami
F02741;Hedi Affes;hedi affes
F02742;Hamza Sakarni Chayma sakrani;hamza sakarni chayma sakrani
F02743;Mohamed Tlili Ikram Zakkour;mohamed tlili ikram zakkour
F02744;Aouaieb Kais Mohamed Anis Ben Ghalia;aouaieb kais mohamed anis ben ghalia
F02745;Fares Karbia;fares karbia
F02746;Mohamed Islem Ben Ali;mohamed islem ben ali
F02747;Taha Karoui;taha karoui
F02748;Bessem Bousselmi;bessem bousselmi
F02749;Haithem Dabboussi;haithem dabboussi
F02750;Wiem Ben Mahmoud;wiem ben mahmoud
F02751;Dhia EL Arbi;dhia el arbi
F02752;Noura Kotti;noura kotti
F02753;Kantaoui Gallas;kantaoui gallas
F02754;Yosr Halleb;yosr halleb
F02755;Anis Sehili;anis sehili
F02756;Ahmed Lachtar;ahmed lachtar
F02757;Karem Chatti;karem chatti
F02758;Mouhamed Louay Tebourski;mouhamed louay tebourski
F02759;Achref Mejri;achref mejri
F02760;Mohamed El Arbi Bessalah;mohamed el arbi bessalah
F02761;Sofien Guesmi;sofien guesmi
F02762;Mraihi Ilies;mraihi ilies
F02763;Menjli Aymen;menjli aymen
F02764;Amira Bacha;amira bacha
F02765;Oussama Elayeb;oussama elayeb
F02766;Amani Bacha;amani bacha
F02767;Ben Abdallah Taoufik;ben abdallah taoufik
F02768;Mohamed Ali Ben Abdallah;mohamed ali ben abdallah
F02769;Dorra Bouguella;dorra bouguella
F02770;Rania Chouchane;rania chouchane
F02771;Chouikhi Seif;chouikhi seif
F02772;Ranyme Trabelsy;ranyme trabelsy
F02773;Yassine Chaabane;yassine chaabane
F02774;Yassine Kasraoui;yassine kasraoui
F02775;Firas Belgouthi;firas belgouthi
F02776;Anis Dhifaoui;anis dhifaoui
F02777;Nazih Dhifaoui;nazih dhifaoui
F02778;Bilel Basly;bilel basly
F02779;Abdelbasset Dhrif;abdelbasset dhrif
F02780;Amel Trabelsi;amel trabelsi
F02781;Wissem Ben Amor;wissem ben amor
F02782;Rashed Bedhiafi;rashed bedhiafi
F02783;Amine Lamine;amine lamine
F02784;Ali Horchani;ali horchani
F02785;Badii Gharbi;badii gharbi
F02786;Haythem Hamdani;haythem hamdani
F02787;Walid Jemaa;walid jemaa
F02788;Rahma Dhib;rahma dhib
F02789;Rahma Hadj Ali;rahma hadj ali
F02790;El Abed Ilyes;el abed ilyes
F02791;Zayneb Aouani;zayneb aouani
F02792;Ihab Kahri;ihab kahri
F02793;Haythem Belhaj;haythem belhaj
F02794;Amel Haddad;amel haddad
F02795;Shili Badie;shili badie
F02796;Chiraz Othmani;chiraz othmani
F02797;Meher farhat;meher farhat
F02798;Ismail El Hamad;ismail el hamad
F02799;Adnan Ben Youssef;adnan ben youssef
F02800;Amine Ben Dhiab;amine ben dhiab
F02801;Jamel Malek;jamel malek
F02802;Fakhreddine Kraiem;fakhreddine kraiem
F02803;Mehdi Zine Abidine Aidoudi;mehdi zine abidine aidoudi
F02804;Malek Taktak;malek taktak
F02805;Zied Chraiet;zied chraiet
F02806;Oussama Jedda;oussama jedda
F02807;Rejeb Chaalia;rejeb chaalia
F02808;Hamdi Bouabdallah;hamdi bouabdallah
F02809;Khaled Hadj Ali;khaled hadj ali
F02810;Baha Eddine Missaoui;baha eddine missaoui
F02811;Wassim Hamdaoui;wassim hamdaoui
F02812;Siwar Missaoui;siwar missaoui
F02813;Ghaith Labbèdi;ghaith labbedi
F02814;Mohamed Hizabri;mohamed hizabri
F02815;Issam Nouri;issam nouri
F02816;Béchir Ben Brika;bechir ben brika
F02817;Oussema Chelly;oussema chelly
F02818;Yosri Ayadi;yosri ayadi
F02819;Omar Turki;omar turki
F02820;Faiza Hadid;faiza hadid
F02821;Younes Ben Salah;younes ben salah
F02822;AYMEN BENSALEM;aymen bensalem
F02823;Adam Ounis;adam ounis
F02824;Noura Ayadi;noura ayadi
F02825;Najet Ayadi;najet ayadi
F02826;Hamza Bourougaa;hamza bourougaa
F02827;Rachwan Tarraf;rachwan tarraf
F02828;Aziz Kouki;aziz kouki
F02829;Meriam Ben Doudou Yazid Abela;meriam ben doudou yazid abela
F02830;Walid Ksouri Ismail Benmiled;walid ksouri ismail benmiled
F02831;Koutheir Cherni Ghassen Menaouar Hani Chalouati;koutheir cherni ghassen menaouar hani chalouati
F02832;Bayrem Benaglia Walid Kacem;bayrem benaglia walid kacem
F02833;Malek Khadhraoui Rami Dridi Ghazi Nhidi Amal Aoun Adel Ben Salem Abed Issam;malek khadhraoui rami dridi ghazi nhidi amal aoun adel ben salem abed issam
F02834;Mohamed Kallel Imène Khanfir Kallel Amin Kallel;mohamed kallel imene khanfir kallel amin kallel
F02835;Sadok Feki Sylvain Dienst;sadok feki sylvain dienst
F02836;Ghassen Ghouibi;ghassen ghouibi
F02837;Nejah Cherif Nour El Houda Cherif;nejah cherif nour el houda cherif
F02838;Haithem Besghaier;haithem besghaier
F02839;Hamdi Zaghouani Oumayma Boughdiri Yosra Benbrahem;hamdi zaghouani oumayma boughdiri yosra benbrahem
F02840;Yosra Ahmed Majdi Ahmed Najoua Kassaoui;yosra ahmed majdi ahmed najoua kassaoui
F02841;Oussema Gharsalli Mohamed Zied Madini Seifeddin Jenifen;oussema gharsalli mohamed zied madini seifeddin jenifen
F02842;Mohamed Ben Mahmoud Mohamed Hechmi Louzir;mohamed ben mahmoud mohamed hechmi louzir
F02843;Yasmine Boudhina;yasmine boudhina
F02844;Sabri Oui Lobna Lahmar;sabri oui lobna lahmar
F02845;Mayssem Ben Ammar Wassim Mjahed;mayssem ben ammar wassim mjahed
F02846;Leith Mokaddem Sarah Ksibi;leith mokaddem sarah ksibi
F02847;Sanaa Wajdi;sanaa wajdi
F02848;Amine Mhedhbi;amine mhedhbi
F02849;Akrem Zribi Khaled Mokni;akrem zribi khaled mokni
F02850;Arij Tounsi Ahmed Jannadi;arij tounsi ahmed jannadi
F02851;Maher Amara Ahmed Guizani;maher amara ahmed guizani
F02852;Mohamed Bayar;mohamed bayar
F02853;Rami Rouini Bouissa Mohamed Moez Tabia;rami rouini bouissa mohamed moez tabia
F02854;Nabil Gafsi;nabil gafsi
F02855;Slim Zorgati;slim zorgati
F02856;Mohamed Aziz Khayat Wael Benelkhayatia Hella dridi;mohamed aziz khayat wael benelkhayatia hella dridi
F02857;Sadry El Materi Aicha Chaar;sadry el materi aicha chaar
F02858;Med Aymen Doufeni;med aymen doufeni
F02859;Maha Ben Arbia Aymen Kooli;maha ben arbia aymen kooli
F02860;Ali Dahmani;ali dahmani
F02861;Hadil Abdallah Bilel Gharbi;hadil abdallah bilel gharbi
F02862;Mottaki Hajouni Seifeddine Bahroun Mouhamed Ali Barbouchi;mottaki hajouni seifeddine bahroun mouhamed ali barbouchi
F02863;Mahmoud Siala Mohamed Siala Boubaker Siala;mahmoud siala mohamed siala boubaker siala
F02864;Saied Eddine Borghol Kamel Ben Anaya Asma Methamem Soulayma Dhiab;saied eddine borghol kamel ben anaya asma methamem soulayma dhiab
F02865;Akram Rekik;akram rekik
F02866;Mamdouh Ben Ali Manel Ben Ali;mamdouh ben ali manel ben ali
F02867;Kaouther El Mejdi Sara El Fray;kaouther el mejdi sara el fray
F02868;Badis Zormati Gouty Bassem Rihab Lajmi;badis zormati gouty bassem rihab lajmi
F02869;Ines Barkaoui Rihab Bejaoui;ines barkaoui rihab bejaoui
F02870;Mohamed Wassim Hamrouni Rania Matoussi;mohamed wassim hamrouni rania matoussi
F02871;Mohamed Ridha Mami Sofyan Chekir;mohamed ridha mami sofyan chekir
F02872;Abdelaziz Ben Othman;abdelaziz ben othman
F02873;Mohamed Amine Dridi Mahdi Said Khairi Hammami;mohamed amine dridi mahdi said khairi hammami
F02874;Mahdi Oueslati Yassmine Gritli Aymen Masmoudi Zeynab Gritli Imen Oueslati;mahdi oueslati yassmine gritli aymen masmoudi zeynab gritli imen oueslati
F02875;Ibtihel Driss Wahib Zerrim Khouloud Rinez Jihen Rahmouni;ibtihel driss wahib zerrim khouloud rinez jihen rahmouni
F02876;Mouhib Touaiti;mouhib touaiti
F02877;Cheima Cherih Leila Rekbi;cheima cherih leila rekbi
F02878;Mehdi Ben Hamouda;mehdi ben hamouda
F02879;Sami Amri Mohamed Ali Maazoun Dhia Saadi;sami amri mohamed ali maazoun dhia saadi
F02880;Tarek Zouari Rania Kammoun;tarek zouari rania kammoun
F02881;Amir Askri;amir askri
F02882;Ghassen Boufaden Atef Mechken;ghassen boufaden atef mechken
F02883;Haythem Maddouri yahya Machat;haythem maddouri yahya machat
F02884;Shayma Kaabi Aymen Touhent Karim Gharbi;shayma kaabi aymen touhent karim gharbi
F02885;Fatma Techini Ahmed Yassine Chouk;fatma techini ahmed yassine chouk
F02886;Guerfela Mohamed amine Mohamed Salah Maaref Khadraoui Khaled Yesser Ajili;guerfela mohamed amine mohamed salah maaref khadraoui khaled yesser ajili
F02887;Mohamed Marouane BEN ROMDHANE Mohamed Nagga Chiheb Chabou Abdallah Taouil Hassene Tebourbi;mohamed marouane ben romdhane mohamed nagga chiheb chabou abdallah taouil hassene tebourbi
F02888;Amine Ben Ahmed Oussama Ata Hamdi Bouazizi;amine ben ahmed oussama ata hamdi bouazizi
F02889;Maher Zoghlami Marwen msehli;maher zoghlami marwen msehli
F02890;Mohamed Hamza Badr Mehdi Badr Oussama Badr;mohamed hamza badr mehdi badr oussama badr
F02891;Ranim Naceur Samir Bouzayani Habib Bouzoffara Hadil Drissi;ranim naceur samir bouzayani habib bouzoffara hadil drissi
F02892;Nour El Imen Mouaffek;nour el imen mouaffek
F02893;Mouna Souissi Nizar Louhichi;mouna souissi nizar louhichi
F02894;Thierno Sakho Sabri Daassi;thierno sakho sabri daassi
F02895;Denis Le Chevalier Rami Bouafif Rahma Kaaouana Pierre Mongenie Saleme Naceur;denis le chevalier rami bouafif rahma kaaouana pierre mongenie saleme naceur
F02896;Mahran Abid Adam Bouchaala;mahran abid adam bouchaala
F02897;Sofien Guesmi Mraihi Ilies;sofien guesmi mraihi ilies
F02898;Racem Chakroun Becem Zaghden;racem chakroun becem zaghden
F02899;Nabil Khedhri Irad Khedhri Sami Bouzekri;nabil khedhri irad khedhri sami bouzekri
F02900;Mohamed Amine El Ouederni;mohamed amine el ouederni
F02901;Oussama Meknassi;oussama meknassi
F02902;Marwa Mekni Toujani;marwa mekni toujani
F02903;Mhamed Ali Ben Mahmoud Walid Tanazefti;mhamed ali ben mahmoud walid tanazefti
F02904;Yosra Ouertani;yosra ouertani
F02905;Jawher Ben Arbia Amira Oueslati Imen Wartani Wiem Almahjoubi;jawher ben arbia amira oueslati imen wartani wiem almahjoubi
F02906;Mohamed Amine Boussarsar Amira Eddhib;mohamed amine boussarsar amira eddhib
F02907;Yaniss Aïche Bretislav Simral Bert De Maeyer;yaniss aiche bretislav simral bert de maeyer
F02908;Aymen BOUNEB Meryam Brahim Bilale Chaudhry;aymen bouneb meryam brahim bilale chaudhry
F02909;Khairi Brahmi;khairi brahmi
F02910;Malek Belhaj Moez Ben Hajhmida;malek belhaj moez ben hajhmida
F02911;Mehrez Slaimia Traore Tamsir Ousmane Tabara Diop Sassy Diop Papa Birame Sene Mohamed Alaoui;mehrez slaimia traore tamsir ousmane tabara diop sassy diop papa birame sene mohamed alaoui
F02912;Khalsi Firas Brahim Ben Salah;khalsi firas brahim ben salah
F02913;Nesrine Bouaziz;nesrine bouaziz
F02914;Mohamed Ali Ben Dhiab Youssef Ben Abdellatif Lina Abdejlil Sami Labbane Dit Kalti;mohamed ali ben dhiab youssef ben abdellatif lina abdejlil sami labbane dit kalti
F02915;Moatez Chraiet;moatez chraiet
F02916;Rached Gharbi;rached gharbi
F02917;Saadallah Idriss Haythem Khalfaoui;saadallah idriss haythem khalfaoui
F02918;Mohamed Bouazza Marouane Noamen Toumi;mohamed bouazza marouane noamen toumi
F02919;Foued Elkamel Roua Ben Abdessalem Nada Ben Abdessalem;foued elkamel roua ben abdessalem nada ben abdessalem
F02920;Salem Hasseni;salem hasseni
F02921;Bilel Naffeti Mahrez Ourabi Aya Benhmida;bilel naffeti mahrez ourabi aya benhmida
F02922;Issam Eddine Bouhouch;issam eddine bouhouch
F02923;Rouwaid Arfa;rouwaid arfa
F02924;Al Kallel Wael Abid;al kallel wael abid
F02925;Ahmed Chouihi;ahmed chouihi
F02926;Slim Labbane Dit Kalti Sami Labbane Dit Kalti Zeineb EL Fekih;slim labbane dit kalti sami labbane dit kalti zeineb el fekih
F02927;Ghofrane Ben atia Mohamed Yousfi;ghofrane ben atia mohamed yousfi
F02928;Ben Abdallah Taoufik Mohamed Ali BEN ABDALLAH Dorra Bouguella Rania Chouchane;ben abdallah taoufik mohamed ali ben abdallah dorra bouguella rania chouchane
F02929;Chouikhi Seif Ranyme Trabelsy;chouikhi seif ranyme trabelsy
F02930;Majdi Ben Slama Mohamad Koubar Kelven Raymond;majdi ben slama mohamad koubar kelven raymond
F02931;Ayoub Nejem Sami Kammoun Ahmed Abid Ali Sakka;ayoub nejem sami kammoun ahmed abid ali sakka
F02932;Mohamed Abderrahim Khouaja Ala Eddine Khouja;mohamed abderrahim khouaja ala eddine khouja
F02933;Mhamed Raboudi Thamer Dridi;mhamed raboudi thamer dridi
F02934;Fourat Beji Abdelaziz Ayed Imen Lazhar Aya Nouira;fourat beji abdelaziz ayed imen lazhar aya nouira
F02935;Farah Hamrouni Rabii Ben Tili;farah hamrouni rabii ben tili
F02936;Nour Rafiâa KALLEL Walid KALLEL;nour rafiaa kallel walid kallel
F02937;Mehemed Bougsea Joscha Raue;mehemed bougsea joscha raue
F02938;Aziz Benchedli Ahmed Selmi;aziz benchedli ahmed selmi
F02939;KAahrmime dT oHuenrsmiassi Anas Neumann driss Neumann Habib Bane;kaahrmime dt ohuenrsmiassi anas neumann driss neumann habib bane
F02940;Beldi Zied Anis Harzallah Ghizlaine Beldi;beldi zied anis harzallah ghizlaine beldi
F02941;Marwa Mhedhebi;marwa mhedhebi
F02942;Manel Ennahedh Mohamed Rajhi Jamila Tarhouni Salma Bouabdellaoui;manel ennahedh mohamed rajhi jamila tarhouni salma bouabdellaoui
F02943;Haroun Cheriha;haroun cheriha
F02944;Christian Ruiz Nicole Romano Stefan Habringer;christian ruiz nicole romano stefan habringer
F02945;Faiza Skandarni;faiza skandarni
F02946;Ghaith Troudi Ramla Baccar;ghaith troudi ramla baccar
F02947;Hamza Othmani Lobna Hamdi;hamza othmani lobna hamdi
F02948;Nassira Barhoumi Mrabet Omar Marwen El bari;nassira barhoumi mrabet omar marwen el bari
F02949;Ghassen Chattouna Rami Hedfi Zied Bradai;ghassen chattouna rami hedfi zied bradai
F02950;Maher Sellami;maher sellami
F02951;Mohamed Achraf Mrabet;mohamed achraf mrabet
F02952;Seif Allah Ben othmen Anas Ben Ali Slim Khaled;seif allah ben othmen anas ben ali slim khaled
F02953;Meycem Naceur;meycem naceur
F02954;Oussama Ben Chaabane Ghassen Ben Saoud;oussama ben chaabane ghassen ben saoud
F02955;Mohamed Ben Othman Maissa Sekrafi;mohamed ben othman maissa sekrafi
F02956;Racem Smaoui Rania Ghorbel Abir Smaoui;racem smaoui rania ghorbel abir smaoui
F02957;Karim Bouzid Hakim Azzouz;karim bouzid hakim azzouz
F02958;Sana Boubaker Nadege Legendre Franck Legendre;sana boubaker nadege legendre franck legendre
F02959;Abdellatif Zied Saada Manel Hamed Achref Amri;abdellatif zied saada manel hamed achref amri
F02960;Dhiaeddine Gharsallah Omar Masmoudi;dhiaeddine gharsallah omar masmoudi
F02961;Bilel Rahmouni;bilel rahmouni
F02962;Mahdi Chaari Ons Hadrich;mahdi chaari ons hadrich
F02963;KElhyaersi dLdaidnjeim Dierbali Hamza Aljane Taha Khoubaib Naffeti;kelhyaersi dldaidnjeim dierbali hamza aljane taha khoubaib naffeti
F02964;Yosra Ahmed Majdi Ahmed;yosra ahmed majdi ahmed
F02965;NSaamjoiu Aam Kraissaoui Mohamed Ali Maazoun;nsaamjoiu aam kraissaoui mohamed ali maazoun
F02966;Dhia Saadi Mejda Khaled Zeineb Ben Abdallah Hedi BenRomdhane;dhia saadi mejda khaled zeineb ben abdallah hedi benromdhane
F02967;Chaima Torkhani Marwa Torkhani Mohamed Aziz Saouabi Mohamed Amine Hamdi;chaima torkhani marwa torkhani mohamed aziz saouabi mohamed amine hamdi
F02968;Ines Achour Saif Chtourou Nadra Achour;ines achour saif chtourou nadra achour
F02969;Mahdi Oueslati Yassmine Gritli;mahdi oueslati yassmine gritli
F02970;ZGehyanitahb SGariditalini AMyomsaeanb M Baosumsboiuhdi IYmatehnr eObu Seasildaatini;zgehyanitahb sgariditalini amyomsaeanb m baosumsboiuhdi iymatehnr eobu seasildaatini
F02971;Morsi Feki Souleyma Khadhraoui;morsi feki souleyma khadhraoui
F02972;Olfa Bilel Ala cherni;olfa bilel ala cherni
F02973;Iyed Ben Massoud Oussama Errifi Derouich Aymen Ali Baroudi;iyed ben massoud oussama errifi derouich aymen ali baroudi
F02974;Mondher Ayadi Yosri Ayadi;mondher ayadi yosri ayadi
F02975;Dhia Eddine Zouari Sarra Soussia;dhia eddine zouari sarra soussia
F02976;Aymen Bjaoui Marzouki Mohamed Amine Moez Ben Mosbah;aymen bjaoui marzouki mohamed amine moez ben mosbah
F02977;Mohamed Hajjem Amal Hemdana Hamza Borchani;mohamed hajjem amal hemdana hamza borchani
F02978;Selim Mhedhbi Mohamed Sabri Belgaroui Hatem Bellagi;selim mhedhbi mohamed sabri belgaroui hatem bellagi
F02979;Marwa Baccouche Faouzi Kadous;marwa baccouche faouzi kadous
F02980;Khalil Ben Ali Zied Ben Mansour Zahra Ideba;khalil ben ali zied ben mansour zahra ideba
F02981;Aziz Khalsi Mohsen Khalsi;aziz khalsi mohsen khalsi
F02982;MMaahledki EKshsaolusiaied;mmaahledki ekshsaolusiaied
F02983;Ossama Hidri Manel Ben hassine Ahmed Welhezi;ossama hidri manel ben hassine ahmed welhezi
F02984;Salah Sammari;salah sammari
F02985;Mahran Farhat;mahran farhat
F02986;Amiri Ibtissem Nour Ghazouani;amiri ibtissem nour ghazouani
F02987;Ahmed Choucheni Nabil Majoul Emna Argoubi Emna Sahraoui Elyes Darghouth;ahmed choucheni nabil majoul emna argoubi emna sahraoui elyes darghouth
F02988;Hideya Elhadj Said;hideya elhadj said
F02989;Wellness;wellness
F02990;Commerce and shopping;commerce and shopping
F02991;Ad Tech and Creative Tech;ad tech and creative tech
F02992;Mobility;mobility
F02993;Selima Elloumi Fatma Elloumi;selima elloumi fatma elloumi
F02994;Mohamed Amin Abdelkefi;mohamed amin abdelkefi
F02995;Yosri Gam;yosri gam
F02996;Montassar Touati Mehdi Bouchikh;montassar touati mehdi bouchikh
F02997;GSahnaan eDmar gThoouumtih Emir Guermazi;gsahnaan edmar gthoouumtih emir guermazi
F02998;Ihsen Riahi Marwen Boumiza Bechir Jaballah;ihsen riahi marwen boumiza bechir jaballah
F02999;Amir Zouari Omar Abbes Cyrine Zouari;amir zouari omar abbes cyrine zouari
F03000;TravelTech;traveltech
F03001;Advanced Manufacturing & Robotics;advanced manufacturing robotics
F03002;Koussai Salem Haythem Mami Souha Jlassi;koussai salem haythem mami souha jlassi
F03003;Yassine Rezgui Adnene Rezgui;yassine rezgui adnene rezgui
F03004;Nidhal Louhichi;nidhal louhichi
F03005;Abdelhamid Chaoua Radhia Bensaed;abdelhamid chaoua radhia bensaed
F03006;Brahim Douar Mamadou Diouf;brahim douar mamadou diouf
F03007;Iyed Ghribi Yves Laprise;iyed ghribi yves laprise
F03008;NMaejroiuama E Bl ehna cdhoimudiou Rahma Bendoudou Ltaief Khalil Ahmed Mayara Ahmed Amine Ben Doudou;nmaejroiuama e bl ehna cdhoimudiou rahma bendoudou ltaief khalil ahmed mayara ahmed amine ben doudou
F03009;Yosra Ouertani Hamza Bentoumi;yosra ouertani hamza bentoumi
F03010;Rim Ben mansour Aziz Toujani Khalil Ben Cherifa;rim ben mansour aziz toujani khalil ben cherifa
F03011;Nadhir Khayati Naoufel Khayati;nadhir khayati naoufel khayati
F03012;Ahmed Jedidi Hsan Jedidi Ali Jedidi;ahmed jedidi hsan jedidi ali jedidi
F03013;Skander Harzi;skander harzi
F03014;Lotfi Kolsi Amani Kolsi;lotfi kolsi amani kolsi
F03015;Mohamed Aymen Ben Abdallah;mohamed aymen ben abdallah
F03016;Kayoum Djedidi Azer ben abdallah Bassem Gouti Basly Asma;kayoum djedidi azer ben abdallah bassem gouti basly asma
F03017;Mariem Kamoun Ouael Ben Amara Mohamed Alaaeddine Ben Hamza;mariem kamoun ouael ben amara mohamed alaaeddine ben hamza
F03018;Sana Sammari Chadha Grami;sana sammari chadha grami
F03019;Ghazi Mhiri Ghassen Ghribi Ons Njeh;ghazi mhiri ghassen ghribi ons njeh
F03020;Amara Amaouz;amara amaouz
F03021;Wafa Makni;wafa makni
F03022;Alaeddine Mansouri;alaeddine mansouri
F03023;Emna Ouerchfani Ramzi Salem Issam Guezmir Ajmi ouerchfani Abbassi Mohamed Mohamed Bechir Kefi Montassar Zorgani Fadwa Jenzri Safi Chaabene;emna ouerchfani ramzi salem issam guezmir ajmi ouerchfani abbassi mohamed mohamed bechir kefi montassar zorgani fadwa jenzri safi chaabene
F03024;Mohamed Mourad Bejaoui Boubaker Jemni;mohamed mourad bejaoui boubaker jemni
F03025;KYoaumsesel Mf Aolmusisaa Slim Almia;kyoaumsesel mf aolmusisaa slim almia
F03026;Mohamed Fakher Mhiri Zied Zouaoui Med Yassine Baccouche Seif Ben Mansour;mohamed fakher mhiri zied zouaoui med yassine baccouche seif ben mansour
F03027;Floriano Arcaro;floriano arcaro
F03028;Ayoub Abraich Omar Kouki;ayoub abraich omar kouki
F03029;Khaled Ben ammar Mohamed Khalil Kouki;khaled ben ammar mohamed khalil kouki
F03030;Mohamed Benyaiche Mohamed Chams Eddine Frikha;mohamed benyaiche mohamed chams eddine frikha
F03031;AMmoanrgai SRoauyeisnsi HMaomhzaam Terda bFedlhsiila;ammoanrgai sroauyeisnsi hmaomhzaam terda bfedlhsiila
F03032;IBsoleumla aGrheas zHaoouusisem Baha Eddine Khelifi;ibsoleumla agrheas zhaoouusisem baha eddine khelifi
F03033;Azer Guesmi Amal Trabelsi Mohamed Iheb Bouraoui Abdelkader Borcheni;azer guesmi amal trabelsi mohamed iheb bouraoui abdelkader borcheni
F03034;Yesmine Ben Ameur Sirine Ben Ameur Karim Ben Sghaier;yesmine ben ameur sirine ben ameur karim ben sghaier
F03035;Yassine Boumaiza;yassine boumaiza
F03036;Felhi Bahaeddine Abidii Hassen Radhwen Moslah;felhi bahaeddine abidii hassen radhwen moslah
F03037;Mehdi Bhiri;mehdi bhiri
F03038;Alaa Ben Said Mohamed Aziz Ben Said Sonia Najjar;alaa ben said mohamed aziz ben said sonia najjar
F03039;Walid Msekni Ghassen Bettaieb Kaies Lamiri Mohamed Dhouib Wassim Znaidi;walid msekni ghassen bettaieb kaies lamiri mohamed dhouib wassim znaidi
F03040;Nizar Ben Younes Bilel Najeh Rania Haddad;nizar ben younes bilel najeh rania haddad
F03041;Mohamed Youssef Sghaier Omar Mokadem Achraf Trad Sami Tfifha;mohamed youssef sghaier omar mokadem achraf trad sami tfifha
F03042;Omar Zouari Mohamed Achraf Zouari;omar zouari mohamed achraf zouari
F03043;Riadh Haddad;riadh haddad
F03044;Selim Hadj Khalifa Ilyes Tlili;selim hadj khalifa ilyes tlili
F03045;Amira Bacha Oussama Elayeb Amani Bacha;amira bacha oussama elayeb amani bacha
F03046;Ayed Mami Khalil Turki Ayoub Kammoun Rahma Ben Abid;ayed mami khalil turki ayoub kammoun rahma ben abid
F03047;Houcem Maiza;houcem maiza
F03048;Mohamed Aziz Fekih Ali Hamza Nasra;mohamed aziz fekih ali hamza nasra
F03049;Mohamed El Kamel Amine Abdennour Ayoub Nejem Marouane Khadhraoui;mohamed el kamel amine abdennour ayoub nejem marouane khadhraoui
F03050;Helmi Cherif Sana Ben Rahma Imen Nasri Rania Amamou;helmi cherif sana ben rahma imen nasri rania amamou
F03051;Abdelkader Ben khalifa Aymen Manai;abdelkader ben khalifa aymen manai
F03052;Yassine Ben Himene Mohamed Skander Ben Himene;yassine ben himene mohamed skander ben himene
F03053;Meryam Boughzala Louay Atoui Bilel Ben Salem;meryam boughzala louay atoui bilel ben salem
F03054;Tijani Boujdaria Minyar Meksi Walid Jlassi Mohamed Rouini;tijani boujdaria minyar meksi walid jlassi mohamed rouini
F03055;Malak Belkacem Dhia Fekih Mohamed Mehdi Nouira;malak belkacem dhia fekih mohamed mehdi nouira
F03056;Rahma Ayari Anis Benna;rahma ayari anis benna
F03057;Touati Selsebil Rania Mani;touati selsebil rania mani
F03058;Radhouen Assakra;radhouen assakra
F03059;Aymen Sellaouti Kais Ben Youssef;aymen sellaouti kais ben youssef
F03060;sHseadmi BMeon aAllbabess Naoufel Amri;shseadmi bmeon aallbabess naoufel amri
F03061;Malek Gharsallah Faouzi Nouira;malek gharsallah faouzi nouira
F03062;Karim Rekik;karim rekik
F03063;Sameh Ghanmi;sameh ghanmi
F03064;Mohamed monem Kahouli;mohamed monem kahouli
F03065;Moetaz Ben Charrada;moetaz ben charrada
F03066;Chouka Brahim;chouka brahim
F03067;Monia Ezzalfani;monia ezzalfani
F03068;Yosri Ben Hmida;yosri ben hmida
F03069;Ghanem Iheb Omayma Dammak;ghanem iheb omayma dammak
F03070;Julie Déry Nicole Gosselin;julie dery nicole gosselin
F03071;Mouna Ben Hassine;mouna ben hassine
F03072;Ines Ben Abdallah Marwa Boubaker;ines ben abdallah marwa boubaker
F03073;Emna Siala Monem Hmila Mohamed Jasser Ben Smida;emna siala monem hmila mohamed jasser ben smida
F03074;Aymen Bouzgarrou Ichrak Bouzgarrou Chirine Bouzgarrou;aymen bouzgarrou ichrak bouzgarrou chirine bouzgarrou
F03075;Mohamed Guemri Souhail Kaboura;mohamed guemri souhail kaboura
F03076;Charbeji Mohamed Majd Karim Atrous Khalil Ben Ticha;charbeji mohamed majd karim atrous khalil ben ticha
F03077;Fawzy Othman;fawzy othman
F03078;Ilyes ali Jeridi;ilyes ali jeridi
F03079;Iskander Kamel Fhima Majdoub Hazem Med Khalfallah;iskander kamel fhima majdoub hazem med khalfallah
F03080;Samar Saidi Haifa Ben Khalaf;samar saidi haifa ben khalaf
F03081;Faoizia Mehdhaoui;faoizia mehdhaoui
F03082;Sofiane Trabelsi Sami Kallel Myriam Mouakhar;sofiane trabelsi sami kallel myriam mouakhar
F03083;Ferid Hamida Cerine Hamida;ferid hamida cerine hamida
F03084;Mohamed Ali Hmida Mariem Mnasri;mohamed ali hmida mariem mnasri
F03085;Fetni Mohamed HAnicwheemr B Aobudkmenihnaadher Ahmed Besrour;fetni mohamed hanicwheemr b aobudkmenihnaadher ahmed besrour
F03086;Wiem Klaa Rim Kassous Yassine Chaker;wiem klaa rim kassous yassine chaker
F03087;Yecin Dridi Alaa Edinee Ben Mbarek;yecin dridi alaa edinee ben mbarek
F03088;Taycir Chouk Fares Ben Younes;taycir chouk fares ben younes
F03089;Souheil Bouzouita;souheil bouzouita
F03090;Mohamed Latiri Adnane Kacem Aziza Ibn Hadj Hassine;mohamed latiri adnane kacem aziza ibn hadj hassine
F03091;Mehdi Chelly;mehdi chelly
F03092;Mohamed Yacine Missaoui;mohamed yacine missaoui
F03093;Mohsen Bouzid Eya Bouzid Rayen Bouzid;mohsen bouzid eya bouzid rayen bouzid
F03094;Lilia Kamoun;lilia kamoun
F03095;Imed Mabrouk Abdelkarim Mars;imed mabrouk abdelkarim mars
F03096;Dhouha Azri Affi Khouloud;dhouha azri affi khouloud
F03097;Arbi Soussi Fakhreddine Belgaied;arbi soussi fakhreddine belgaied
F03098;Mohamed Ayachi;mohamed ayachi
F03099;Abdelkarim Friaa Bechir Ben Abdallah;abdelkarim friaa bechir ben abdallah
F03100;Rihab Jandoubi;rihab jandoubi
F03101;Aymen Fteiti Hana Jerbi;aymen fteiti hana jerbi
F03102;Mohamed Messaoudi Zied Messaoudi;mohamed messaoudi zied messaoudi
F03103;Nizar Saidi Mokhtar Abidi;nizar saidi mokhtar abidi
F03104;EFalykehsr eNdedffiantei Lakhoua;efalykehsr endedffiantei lakhoua
F03105;Lassaad Aouina Mouna Khelifi;lassaad aouina mouna khelifi
F03106;Mouhamed Nourdine Guitouni Guetat Louay;mouhamed nourdine guitouni guetat louay
F03107;Sirine Belhassen Aymen Setti;sirine belhassen aymen setti
F03108;Hassen Saadi Mohamed Karim Bchni Sana Ben Thayer Chayma Ben Yahia;hassen saadi mohamed karim bchni sana ben thayer chayma ben yahia
F03109;Ahmed Lasmar Racem Ben Amar Malak Hachicha;ahmed lasmar racem ben amar malak hachicha
F03110;Anis Bouhali Abdessalem Karoui;anis bouhali abdessalem karoui
F03111;Mounir Brik Ons Brik;mounir brik ons brik
F03112;Amira Karoui Oussama Cherni;amira karoui oussama cherni
F03113;Mastouri Kayser Kallboussi Souad;mastouri kayser kallboussi souad
F03114;Ibrahim Goddi;ibrahim goddi
F03115;Zayneb Aouani Mohamed Amine Bellili Ihab Kahri;zayneb aouani mohamed amine bellili ihab kahri
F03116;Amel Jebali Roua Boubakri Arbi Ben Bazza Lasaad Guesmi;amel jebali roua boubakri arbi ben bazza lasaad guesmi
F03117;EdTech;edtech
F03118;Louay Elaroui Elaroui Mohamed Ali Fawzi;louay elaroui elaroui mohamed ali fawzi
F03119;Mohamed Ramzi Hamza Amel Ouechtati;mohamed ramzi hamza amel ouechtati
F03120;Melek Chakchouk Jawhar Ben Salem Hatem Halouani Bilel Ben atitallah;melek chakchouk jawhar ben salem hatem halouani bilel ben atitallah
F03121;Fathia Mosbahi;fathia mosbahi
F03122;Marouane Salhi Adel Trabelsi Abidi Mongi;marouane salhi adel trabelsi abidi mongi
F03123;Ghazi Askri;ghazi askri
F03124;Hela Mghaieth Asma Mghaieth Fatma Mghaieth;hela mghaieth asma mghaieth fatma mghaieth
F03125;Jose Puga Abdelhak Loukkal;jose puga abdelhak loukkal
F03126;Amor Bouchiba;amor bouchiba
F03127;Khalil Bourguiba Fatma Jedidi;khalil bourguiba fatma jedidi
F03128;Hassine Achour;hassine achour
F03129;Rafik Gharbi;rafik gharbi
F03130;Mottaki Hajouni Seifeddine Bahroun Wael yahiaoui;mottaki hajouni seifeddine bahroun wael yahiaoui
F03131;Abderrahmen Kriaa Yesmin Maalej;abderrahmen kriaa yesmin maalej
F03132;Maha Essoussi Francois Bioche Mohamed ali Jelidi;maha essoussi francois bioche mohamed ali jelidi
F03133;Mohamed Amine Ouchari Ezzahra Hamdi Achref Baklouti;mohamed amine ouchari ezzahra hamdi achref baklouti
F03134;Sabri Ouni Lobna Lahmar;sabri ouni lobna lahmar
F03135;Abd El Aziz Trabelsi Rached Troudi;abd el aziz trabelsi rached troudi
F03136;Mohamed Wassim Mnaouar Atef Ahmadi Mourad Boussaid;mohamed wassim mnaouar atef ahmadi mourad boussaid
F03137;Hend Jaoua Walid Bahloul;hend jaoua walid bahloul
F03138;Mohamed Ben Yedder Moez Missaoui Sofiene Mouldi Sana El Mouldi Nada Souli;mohamed ben yedder moez missaoui sofiene mouldi sana el mouldi nada souli
F03139;Riadh Sghaier TJeaarenk R Mobeesrsta oSoumdimereux Wassima Ben Adjemia;riadh sghaier tjeaarenk r mobeesrsta osoumdimereux wassima ben adjemia
F03140;Alibrandi Antonio Soumaya Htira;alibrandi antonio soumaya htira
F03141;Mohamed Alla Eddine Behi;mohamed alla eddine behi
F03142;Ghouila Ghassen Safoine Touil;ghouila ghassen safoine touil
F03143;Mayara Ezdini Anis Mahmoud Idrak Ezdini;mayara ezdini anis mahmoud idrak ezdini
F03144;Amira Jaafar;amira jaafar
F03145;Oussama Ben Salha Mohamed Taib Ben Salha Kais Ben Salem;oussama ben salha mohamed taib ben salha kais ben salem
F03146;Aymen Missaoui;aymen missaoui
F03147;Omar Boukottaya Houda Ourimi;omar boukottaya houda ourimi
F03148;Imen Zayene;imen zayene
F03149;Ahmed Khadhraoui;ahmed khadhraoui
F03150;Youssef Cherif Siala Majdi;youssef cherif siala majdi
F03151;Aymen Labidi Raja Khalfa Zouhour Nawali;aymen labidi raja khalfa zouhour nawali
F03152;Mohamed Ali Kaddour Youssef Meddeb Béchir Becha;mohamed ali kaddour youssef meddeb bechir becha
F03153;Aziz Meddeb Adem Nouira Mohamed Aziz Mehdoui;aziz meddeb adem nouira mohamed aziz mehdoui
F03154;Ahmed Hermassi Anas Neumann Idriss Neumann Habib Bane;ahmed hermassi anas neumann idriss neumann habib bane
F03155;Manel Mrad Mohamed Amine Mrad Mohamed Rached Nabouli;manel mrad mohamed amine mrad mohamed rached nabouli
F03156;Rebeh Dabbaghui Jihen Ben Mohamed;rebeh dabbaghui jihen ben mohamed
F03157;Oussama Chelly;oussama chelly
F03158;Ramzi Houidi Abdlkerim Haddad Aziz Boubakri Rachida Harabi Saddam Harabi;ramzi houidi abdlkerim haddad aziz boubakri rachida harabi saddam harabi
F03159;Charfeddine BenSlama Maissa Maatoug Slim Bhiri Aymen Talbi;charfeddine benslama maissa maatoug slim bhiri aymen talbi
F03160;Wajih El Hadj Youssef Manel Lakhal Kharroubi Fehmi;wajih el hadj youssef manel lakhal kharroubi fehmi
F03161;Badr Houssem Mejri Wajdi;badr houssem mejri wajdi
F03162;Mourad Zid Khaled Klai Heithem Jeljli Héla Ben Ammar;mourad zid khaled klai heithem jeljli hela ben ammar
F03163;Amina Mseddi Aymen Frikha;amina mseddi aymen frikha
F03164;Emna Mtimet;emna mtimet
F03165;Salem Mabrouki;salem mabrouki
F03166;Khaireddine Ben Merdes;khaireddine ben merdes
F03167;Senda Khemiri Hajer Gafsi;senda khemiri hajer gafsi
F03168;Wael Hadji;wael hadji
F03169;Emmanuel Bruno;emmanuel bruno
F03170;Badis El Ouni Mouhamed Ala Zied Jemal;badis el ouni mouhamed ala zied jemal
F03171;Ramy Hamza;ramy hamza
F03172;Mouheb Merii Jerbi Rahma;mouheb merii jerbi rahma
F03173;Ahmed Riza;ahmed riza
F03174;Nezih Dammak;nezih dammak
F03175;Amal Chebbi Ayoub Lassoued;amal chebbi ayoub lassoued
F03176;Afef Othman Hayouni Rafedh;afef othman hayouni rafedh
F03177;Wajih El Hadj Youssef Manel Lakhal Fehmi Kharroubi;wajih el hadj youssef manel lakhal fehmi kharroubi
F03178;Mariem Dhaouadi Yassine Ajroud Abd Razek Dhaouadi;mariem dhaouadi yassine ajroud abd razek dhaouadi
F03179;Haythem Belmabrouk Khaled Fourati Mondher Makni;haythem belmabrouk khaled fourati mondher makni
F03180;Ahmed Ben Issia Fattouma Sana Ben Issia;ahmed ben issia fattouma sana ben issia
F03181;Mohamed ThamlaOui Said Kouki Ikdem Ben Mbarek;mohamed thamlaoui said kouki ikdem ben mbarek
F03182;Aymen Jadallah;aymen jadallah
F03183;Wiem Ben Yahia Wael Ben Yahia;wiem ben yahia wael ben yahia
F03184;Adel Kmiha Bilel Gtifi;adel kmiha bilel gtifi
F03185;Mohamed Bouazza;mohamed bouazza
F03186;Ridha Chammam Nouha Slimane;ridha chammam nouha slimane
F03187;Dhiya Edine Selmi Mohamed Mehrzi;dhiya edine selmi mohamed mehrzi
F03188;Mohamed Amine Ben Farhat Yasser Bououd;mohamed amine ben farhat yasser bououd
F03189;Malek Baklouti Mohamed Yassine Yahia;malek baklouti mohamed yassine yahia
F03190;Houssem Djelassi;houssem djelassi
F03191;Aziz Benchedli Ahmed Selmi Karim Tounsi;aziz benchedli ahmed selmi karim tounsi
F03192;Oussama Souaf Loua Slama Fahmi Haouala Mohamed Malek Wassim Limam;oussama souaf loua slama fahmi haouala mohamed malek wassim limam
F03193;Souha Bejaoui Rahma Abida;souha bejaoui rahma abida
F03194;Moez Farhat Ahmed Hedi Lamjed Jedda;moez farhat ahmed hedi lamjed jedda
F03195;Mohamed amine Guettat Tommy Gendreau;mohamed amine guettat tommy gendreau
F03196;Moez Ouali Mohamed Souidi;moez ouali mohamed souidi
F03197;Youssef Askri;youssef askri
F03198;Mohamed Achraf Mrabet Chaima Somai;mohamed achraf mrabet chaima somai
F03199;Sofiene Salem Seyfeddine Salem;sofiene salem seyfeddine salem
F03200;Abdellatif Saada Hazem Kilani;abdellatif saada hazem kilani
F03201;Walid Bayoudhi;walid bayoudhi
F03202;Skander Kallel Fares Kallel;skander kallel fares kallel
F03203;Sami Maalej Houda Ayadi Ahlem Ammar;sami maalej houda ayadi ahlem ammar
F03204;Sana Boubaker Franck Legendre;sana boubaker franck legendre
F03205;Oussema Bennour Ahmed Ben Othman;oussema bennour ahmed ben othman
F03206;Walid Hached Taha Ben Mrad;walid hached taha ben mrad
F03207;Ahmed Ben Salha;ahmed ben salha
F03208;Chahine Fersi Nour Saied Fahmy Abdslem Fersi;chahine fersi nour saied fahmy abdslem fersi
F03209;Chiheb Mouelhi Mahdi Souki;chiheb mouelhi mahdi souki
F03210;Mohamed Khalil Ben Mohamed Mohamed Amine Ben Samir Fedi Chebbi;mohamed khalil ben mohamed mohamed amine ben samir fedi chebbi
F03211;Akram Azaiez;akram azaiez
F03212;Mohamed Baccouche;mohamed baccouche
F03213;Mehdi Chelbi Stephane Rocchi Cyril Ronco Rachid Benhida;mehdi chelbi stephane rocchi cyril ronco rachid benhida
F03214;Achref Ktita;achref ktita
F03215;Nadhem Chroudi Mohamed Ahmed Ben Messaoud Rania Negra Samir Bouzayani;nadhem chroudi mohamed ahmed ben messaoud rania negra samir bouzayani
F03216;Soumaya Sebai;soumaya sebai
F03217;Tarek Zinelabidine;tarek zinelabidine
F03218;Racem Smaoui Rania Ghorbel Abir Smaoui Tahani Taktak;racem smaoui rania ghorbel abir smaoui tahani taktak
F03219;Aziz Snoussi Sonia Kaak;aziz snoussi sonia kaak
F03220;Ghada Lachhab;ghada lachhab
F03221;Malek Bahroun Bilel Makhlouf;malek bahroun bilel makhlouf
F03222;Mohamed Mehdi Baccouche;mohamed mehdi baccouche
F03223;Mohamed Chriha Ahmed Dhia Labidi;mohamed chriha ahmed dhia labidi
F03224;Elyes Kouki;elyes kouki
F03225;Chaieb Oumayma Saied Firas Chaieb;chaieb oumayma saied firas chaieb
F03226;Amine Arous Ahmed Khemiri;amine arous ahmed khemiri
F03227;Skander Khiari Slim Khiari Ilyes Essid;skander khiari slim khiari ilyes essid
F03228;Ameni Tombari Mariem Azaiez Syrine Chebbi;ameni tombari mariem azaiez syrine chebbi
F03229;Nejah Cherif Tito Cappellaro Mohamed Khalil Zouari;nejah cherif tito cappellaro mohamed khalil zouari
F03230;Youssef Gaaliche Bassem khelifi;youssef gaaliche bassem khelifi
F03231;Manel Guizani Achref Mabrouk;manel guizani achref mabrouk
F03232;Karim Mathlouthi;karim mathlouthi
F03233;Lotfi Cherif Karim Ayadi Olivia Gallardo;lotfi cherif karim ayadi olivia gallardo
F03234;Anis Mrad Oumaima Benamar;anis mrad oumaima benamar
F03235;Mohamed Tarek Ben Abdelhamid Ahmed Souhaieb Souissi Malek Hentati;mohamed tarek ben abdelhamid ahmed souhaieb souissi malek hentati
F03236;Tarek Hammami Fabrice Goussin;tarek hammami fabrice goussin
F03237;Nabil Majoul Emna Sahraoui Elyes Darghouth Emna Argoubi Ahmad Choucheni;nabil majoul emna sahraoui elyes darghouth emna argoubi ahmad choucheni
F03238;Mohamed Bahri Hayet Rais ep Skandrani;mohamed bahri hayet rais ep skandrani
F03239;Mohamed Cherif Mohamed Tanfous;mohamed cherif mohamed tanfous
F03240;Dhia Eddine Zouari Sarra Soussia Hadil Yahyaoui;dhia eddine zouari sarra soussia hadil yahyaoui
F03241;Ines Alaya;ines alaya
F03242;Hichem Ben Dai;hichem ben dai
F03243;Nour Ghalia Abassi Lyle Halliday Marcel Wuethrich Daniel Pohl;nour ghalia abassi lyle halliday marcel wuethrich daniel pohl
F03244;Rouissi Khaled Youssef Degachi;rouissi khaled youssef degachi
F03245;Safa Bouhjar Aya Bouhlali Amira Yahmadi Maher Amara;safa bouhjar aya bouhlali amira yahmadi maher amara
F03246;Khaled Bendriss Khalil Bendriss;khaled bendriss khalil bendriss
F03247;Rakia Jaziri Asma Jouini;rakia jaziri asma jouini
F03248;Ramzi Nasr;ramzi nasr
F03249;Mohamed Elyes Ben Haj Kbair Marouene Draoui;mohamed elyes ben haj kbair marouene draoui
F03250;Thouraya Ftouh Walker Daniel Atherton;thouraya ftouh walker daniel atherton
F03251;Abderrahmen Feki;abderrahmen feki
F03252;Asswar Boulifi Boulifi Oussama;asswar boulifi boulifi oussama
F03253;Wathek Bellah Jaballah;wathek bellah jaballah
F03254;Khelifi Ali Nama Hamdi;khelifi ali nama hamdi
F03255;Ghada Cherif;ghada cherif
F03256;Yacine Aridhi Wassim Aloui;yacine aridhi wassim aloui
F03257;Ali Hamouda;ali hamouda
F03258;Khalil Bessaad Aymen El Kadhi Hassen Noamen;khalil bessaad aymen el kadhi hassen noamen
F03259;Mohamed khalil Aniba Sameh Sellami Yassine Aniba;mohamed khalil aniba sameh sellami yassine aniba
F03260;Fatma Kobbi Abdelkader Boussetta;fatma kobbi abdelkader boussetta
F03261;Houssem Eddine Kthiri;houssem eddine kthiri
F03262;Rihab Yakoubi Mohamed Yakoubi;rihab yakoubi mohamed yakoubi
F03263;Karim Tajer Moez Bhar;karim tajer moez bhar
F03264;Saifeddine Bouaouina;saifeddine bouaouina
F03265;Mohamed Rami Zairi;mohamed rami zairi
F03266;Belgacem Bougrine Mohamed Aouini Maram Touati;belgacem bougrine mohamed aouini maram touati
F03267;Rabâa Jnifi Lamjed Ben amor;rabaa jnifi lamjed ben amor
F03268;Oumayma Jouini Nidhal Amara Houssem Farah;oumayma jouini nidhal amara houssem farah
F03269;Hela Mkadmi Hamza Mkadmi;hela mkadmi hamza mkadmi
F03270;Yassine Mamlouk Nadine Kochbati Achref Chafter Omar Belguith;yassine mamlouk nadine kochbati achref chafter omar belguith
F03271;Ryadh BOUSLAMA;ryadh bouslama
F03272;Mehdi Abdi;mehdi abdi
F03273;yassin Guirat ala eddine maatoug ines msekni Fadi Kacem Mohamed Arbi Baklouti Mounira Zouaghi nada bougoffa;yassin guirat ala eddine maatoug ines msekni fadi kacem mohamed arbi baklouti mounira zouaghi nada bougoffa
F03274;Khayri Romdhani hachicha Mohamed taher;khayri romdhani hachicha mohamed taher
F03275;Mohamed Hajri jdidi hamdi;mohamed hajri jdidi hamdi
F03276;Hela Atmani;hela atmani
F03277;Mohamed Taha Sta fares makki;mohamed taha sta fares makki
F03278;Mohamed BADRI;mohamed badri
F03279;Marie Baudlot Pierre LE ROY;marie baudlot pierre le roy
F03280;mohamed cherif oussayef;mohamed cherif oussayef
F03281;houssam hamdi;houssam hamdi
F03282;wael hadji Elfazaa Majdeddine hamrouni Adnen;wael hadji elfazaa majdeddine hamrouni adnen
F03283;Ludovic MOTTINI Paul Fafard;ludovic mottini paul fafard
F03284;Imed Jabnouni;imed jabnouni
F03285;Mahdi Ben Ameur Maryem Chakroun Mouhib Hermi;mahdi ben ameur maryem chakroun mouhib hermi
F03286;mohamed youssef sghaier Sami Tfifha salma chaieb;mohamed youssef sghaier sami tfifha salma chaieb
F03287;ismail mekki;ismail mekki
F03288;Amine Dhbaibi Achraf Khelil;amine dhbaibi achraf khelil
F03289;Mehdi KHELIL Amira Chebbi Nader SAIDI;mehdi khelil amira chebbi nader saidi
F03290;Omar Riahi;omar riahi
F03291;Sabrine Hammami Sabrine Golli Dina Mechergui;sabrine hammami sabrine golli dina mechergui
F03292;Moheb Awichewi Taher Damak;moheb awichewi taher damak
F03293;Mlaa vnaslooruisria Mtioonh admese ddé Aclhiets de palmier;mlaa vnaslooruisria mtioonh admese dde aclhiets de palmier
F03294;Ichrak Bouzgarrou;ichrak bouzgarrou
F03295;Malek Mansour;malek mansour
F03296;Ahmed Ben Issia Fattouma Sana Be;ahmed ben issia fattouma sana be
F03297;Amina Chouchane Adnen Mrad;amina chouchane adnen mrad
F03298;Mohsen Fennira;mohsen fennira
F03299;Ahmed Ghazi BLAIECH Amir Bouden Khaoula BRAIKI;ahmed ghazi blaiech amir bouden khaoula braiki
F03300;YOUSSEF BOUSSAADA;youssef boussaada
F03301;wassim znaidi Ghassen Bettaieb Kaies Lamiri;wassim znaidi ghassen bettaieb kaies lamiri
F03302;Mohamed Dhouib wael chambah;mohamed dhouib wael chambah
F03303;Alaa BEN SAID Sonia Najjar Mohamed Aziz Ben Said;alaa ben said sonia najjar mohamed aziz ben said
F03304;Baha Kaabaoui;baha kaabaoui
F03305;Adnène Bouderbala;adnene bouderbala
F03306;Mohamed Yassine Derbel Adem Bouatay Mouhaned Ben Abdelhafidh;mohamed yassine derbel adem bouatay mouhaned ben abdelhafidh
F03307;Ali Nasr;ali nasr
F03308;Taha Jlassi ramla el ayeb ep jlassi Karim JLASSI;taha jlassi ramla el ayeb ep jlassi karim jlassi
F03309;Aymen Yahyaoui Maher Boughdiri Iheb Chhaibi;aymen yahyaoui maher boughdiri iheb chhaibi
F03310;WRaamssii mHe Sdlfiiti Zied Bradai Ghassen Chattouna;wraamssii mhe sdlfiiti zied bradai ghassen chattouna
F03311;Malek Ben hassine;malek ben hassine
F03312;kaies bedoui Aymen BEDOUI Kaies Bedoui;kaies bedoui aymen bedoui kaies bedoui
F03313;Houssem Gharsalli;houssem gharsalli
F03314;Omar ISMAIL Arafet Sbei Slimen ARNAOUT;omar ismail arafet sbei slimen arnaout
F03315;TMaorehka mBeend STaalyaehb Mokni Med Amine Ladib Elyes Mlawah;tmaorehka mbeend staalyaehb mokni med amine ladib elyes mlawah
F03316;Gorgueb Mouhamed Nadhem dalel chahed trabelsi nasredine;gorgueb mouhamed nadhem dalel chahed trabelsi nasredine
F03317;Ilyes Ahmed Oussama Belaid Guizeni;ilyes ahmed oussama belaid guizeni
F03318;Issam Bouhouch;issam bouhouch
F03319;Mohamed Béchir Lansari Yasmine Ansari Taha Dahech;mohamed bechir lansari yasmine ansari taha dahech
F03320;Omar GASSAB GHALLEB Mohamed Mustapha;omar gassab ghalleb mohamed mustapha
F03321;sfaxi firas;sfaxi firas
F03322;Mehdi Hammami;mehdi hammami
F03323;Roua Boussetta Noureddine Rezgui;roua boussetta noureddine rezgui
F03324;Amine Ferjani Hanedi Elleuch;amine ferjani hanedi elleuch
F03325;amine raouafi yassine labiedh youssef arrari;amine raouafi yassine labiedh youssef arrari
F03326;Aymen Bouzgarrou;aymen bouzgarrou
F03327;Menyar Debbebi marwa essid ghanem iheb;menyar debbebi marwa essid ghanem iheb
F03328;Nidhal Rahali asma taba Mouhanned Rahali;nidhal rahali asma taba mouhanned rahali
F03329;saber ghanmi;saber ghanmi
F03330;afef Akremi;afef akremi
F03331;ghada khedira kais boumaiza;ghada khedira kais boumaiza
F03332;Ameni Kabboudi;ameni kabboudi
F03333;TIJANI RKIWA AFEF BOUAZIZI;tijani rkiwa afef bouazizi
F03334;othmani moufida;othmani moufida
F03335;SLIM BOUFADEN AMIRA BEN JEMAA zied boufaden;slim boufaden amira ben jemaa zied boufaden
F03336;Ahmed Welhezi Manel BEN HASSINE Ossama Hidri;ahmed welhezi manel ben hassine ossama hidri
F03337;Mottaki Hajouni Seifeddine Bahroun;mottaki hajouni seifeddine bahroun
F03338;WMaeolh yaamhieado ui ThamlaOui Said Kouki;wmaeolh yaamhieado ui thamlaoui said kouki
F03339;Ikdem Ben MohMambaerde kHajri jdidi hamdi;ikdem ben mohmambaerde khajri jdidi hamdi
F03340;SAFA BOUHJAR Aya Bouhlali Amira Yahmadi;safa bouhjar aya bouhlali amira yahmadi
F03341;maher amara Hassine Achour;maher amara hassine achour
F03342;Mohamed Ali Gamha;mohamed ali gamha
F03343;Alaa Adouni Salem Moussa Adouni;alaa adouni salem moussa adouni
F03344;Mohamed Mouhib Meddeb Hazem Ben Saria;mohamed mouhib meddeb hazem ben saria
F03345;Mohamed Taibah Mohamed Kais Ben Rhouma;mohamed taibah mohamed kais ben rhouma
F03346;Ben thabet Mohamed Charfeddine Aziza Souaf Amir Rebhi Amira;ben thabet mohamed charfeddine aziza souaf amir rebhi amira
F03347;Hamden Nasri Khouloud Missaoui houssem ben brahim Abdelhakim Haddad;hamden nasri khouloud missaoui houssem ben brahim abdelhakim haddad
F03348;oueslati salim Mehdi Essalah;oueslati salim mehdi essalah
F03349;khaled makhlouf Amine Ben Messaoud assad yahyawi;khaled makhlouf amine ben messaoud assad yahyawi
F03350;SABRINE MARZOUGUI Kawther Marzouki Norene Sakouhi;sabrine marzougui kawther marzouki norene sakouhi
F03351;Mohamed Yessine KSIBI Dia Ali Hamza Bouajila Mehdi ZAYET;mohamed yessine ksibi dia ali hamza bouajila mehdi zayet
F03352;Safa Bouabdallah;safa bouabdallah
F03353;Fatma Bouhajeb Ibrahim Daami Mahmoud DAAMI;fatma bouhajeb ibrahim daami mahmoud daami
F03354;Amari Aida;amari aida
F03355;Amal Louati;amal louati
F03356;Saifeddine Bessaidi;saifeddine bessaidi
F03357;aziz zaag Aymen Bouhaha;aziz zaag aymen bouhaha
F03358;Mohamed Bayar SADRI BEN AHMED;mohamed bayar sadri ben ahmed
F03359;Abdlkerim Haddad Hazem Majdoub Fhima Iskander;abdlkerim haddad hazem majdoub fhima iskander
F03360;Ismail Hamdi Yahia Boussaid Shady Hamrouni;ismail hamdi yahia boussaid shady hamrouni
F03361;Hamza Elmabrouk oussama bagga;hamza elmabrouk oussama bagga
F03362;Saiff Eddine Ben Boudguiga;saiff eddine ben boudguiga
F03363;Oussama Abdallah;oussama abdallah
F03364;Mohammed Amine Dridi;mohammed amine dridi
F03365;Mohamed Anouar Gadhoum Marouan OMEZZINE Shaher Abbas;mohamed anouar gadhoum marouan omezzine shaher abbas
F03366;Nasri Ala Aniba Yosra;nasri ala aniba yosra
F03367;Karim Rekik Amir Knani;karim rekik amir knani
F03368;Mohamed Dhia Fredj Safa Ben Romdhane Khaled Khelifi;mohamed dhia fredj safa ben romdhane khaled khelifi
F03369;Abdelhalim Alahoum Anis NAJJAR;abdelhalim alahoum anis najjar
F03370;Abderrahman Jalled Rachwan Tarraf Skander Ouni;abderrahman jalled rachwan tarraf skander ouni
F03371;Mourad Benyounes Hichem Chouaibi;mourad benyounes hichem chouaibi
F03372;Yassine BEN GHANEM Souhail SBOUI Marwa ANNEBI;yassine ben ghanem souhail sboui marwa annebi
F03373;Malek Ben yaghlane;malek ben yaghlane
F03374;Yassine Ahmed Fedi Khaled Mohamed hedi MAGHREBI Achraf HADRICH;yassine ahmed fedi khaled mohamed hedi maghrebi achraf hadrich
F03375;Thaer Tafesh Matthias Würtenberger;thaer tafesh matthias wurtenberger
F03376;Ahmed Gargouri Youssef Boutaleb Moez Zouari MOHAMED ALI KHEMAKHEM Rafik Rekhis Manel Kallel;ahmed gargouri youssef boutaleb moez zouari mohamed ali khemakhem rafik rekhis manel kallel
F03377;Ghada Eladeb Yahya Samet Mohamed Hachicha Mohamed Regaya;ghada eladeb yahya samet mohamed hachicha mohamed regaya
F03378;Oussama Ben Salem;oussama ben salem
F03379;Ali Boukhris salim dagdoug taieb ben ali;ali boukhris salim dagdoug taieb ben ali
F03380;Ahmed Zahaf Mohamed Elyas Bazazi Hedi Zahaf;ahmed zahaf mohamed elyas bazazi hedi zahaf
F03381;Chawki Gharsellaoui Mbarki Kabil Hmercha Amjed Wael Hichri;chawki gharsellaoui mbarki kabil hmercha amjed wael hichri
F03382;Nada Mejri Issam Mellah;nada mejri issam mellah
F03383;Rahma zbidi anis hdhili KHALIL BELLALI;rahma zbidi anis hdhili khalil bellali
F03384;mohamed ali Derbel AFFES BILEL Mahdi Chiha;mohamed ali derbel affes bilel mahdi chiha
F03385;Mohamed Chtiba Walid Makhlouf;mohamed chtiba walid makhlouf
F03386;Mohamed Riahi;mohamed riahi
F03387;Radhouen Boughanmi Hijen EL KHALIFI;radhouen boughanmi hijen el khalifi
F03388;rayen trabelsi Mohamed Trabelsi Trabelsi Iyed;rayen trabelsi mohamed trabelsi trabelsi iyed
F03389;Taha Triki Mejdi Dhokar;taha triki mejdi dhokar
F03390;Maria Amaidi Montassar Jandoubi Hadil Ltifi;maria amaidi montassar jandoubi hadil ltifi
F03391;Ahmed Ben Aissa;ahmed ben aissa
F03392;Firas Ellini Ezzeddine Jrad;firas ellini ezzeddine jrad
F03393;Samir AKACHI Manel Affi khouloud affi Chedy HORCHANI;samir akachi manel affi khouloud affi chedy horchani
F03394;mohamed ben mrad;mohamed ben mrad
F03395;Mhimdi Mouhib amen allah fraj;mhimdi mouhib amen allah fraj
F03396;Walid Mezghani AMANI GHEZAL Achraf Kchaou;walid mezghani amani ghezal achraf kchaou
F03397;Mohamed Wael Daly Dorra Haddad;mohamed wael daly dorra haddad
F03398;Hatem Chatti Mohamed touijer;hatem chatti mohamed touijer
F03399;Mohamed Abidi Oussama Aissaoui Yassine Cherif;mohamed abidi oussama aissaoui yassine cherif
F03400;Houssem aouedni;houssem aouedni
F03401;issam hmandi ghanem toumi Imen Rabeh;issam hmandi ghanem toumi imen rabeh
F03402;Jilani Garraoui;jilani garraoui
F03403;Feres Messaoudi;feres messaoudi
F03404;Khaled BEN DRISS Khalil Bendriss;khaled ben driss khalil bendriss
F03405;Saifallah Labidi;saifallah labidi
F03406;Youssef Almia Slim Almia;youssef almia slim almia
F03407;Amani CHATTI Mahmoud Chatti Mohamed Neji KALBOUSSI;amani chatti mahmoud chatti mohamed neji kalboussi
F03408;Sadry El Materi;sadry el materi
F03409;Makrem Ellouze;makrem ellouze
F03410;Rayan Goucha;rayan goucha
F03411;Hamdi KHADHRAOUI Oumayma Allouch Olfa Jrad Akrem Khadhraoui;hamdi khadhraoui oumayma allouch olfa jrad akrem khadhraoui
F03412;Mohamed Ouni Skander Guarbaa khalil ben abdallah;mohamed ouni skander guarbaa khalil ben abdallah
F03413;Manel CHAABANE Ahmed Mahouachi Mohamed Dhaou Mohamed Akremi;manel chaabane ahmed mahouachi mohamed dhaou mohamed akremi
F03414;jlassi baha eddine;jlassi baha eddine
F03415;Saber BEN AMMAR Ons Toujani;saber ben ammar ons toujani
F03416;Rami Slimene Imtinen AYARI;rami slimene imtinen ayari
F03417;Hassan DHIB Ameni Teka;hassan dhib ameni teka
F03418;Salaheddine Ogontayo Abir Daoud Bilel Zahi;salaheddine ogontayo abir daoud bilel zahi
F03419;Triki Omar Souhir Manai;triki omar souhir manai
F03420;slim kamoun;slim kamoun
F03421;Adel BRAHAM nouha braham;adel braham nouha braham
F03422;sami arfaoui;sami arfaoui
F03423;Mohamed Salah Tammar Iheb Ghazala;mohamed salah tammar iheb ghazala
F03424;Borhane Ben Said Anis Djedidi;borhane ben said anis djedidi
F03425;Hamdi Jouini Hamdi Jouini Khazri Mouna;hamdi jouini hamdi jouini khazri mouna
F03426;mazen slama Iheb Lafi Islem Ferchichi;mazen slama iheb lafi islem ferchichi
F03427;ahmed amine kamoun;ahmed amine kamoun
F03428;Zoubaier Bouajaja;zoubaier bouajaja
F03429;Nadine Askri Mongi Dali Wael Gamaoun;nadine askri mongi dali wael gamaoun
F03430;Foued Jaballah Farid Drifa;foued jaballah farid drifa
F03431;Moez BEN GHARBIA Ramzi Tounsi Kamel BEN GHARBIA;moez ben gharbia ramzi tounsi kamel ben gharbia
F03432;Mohamed AYADI Mayssa Moussa eya makhlouf;mohamed ayadi mayssa moussa eya makhlouf
F03433;Anis Essid Mezni Hiba;anis essid mezni hiba
F03434;achref ayari;achref ayari
F03435;Motez Mhadhbi Awatef Zid Mhadhbi Shady Ben Henda Dhia Ben hadj hssin Mohamed anis Lejmi Moussa;motez mhadhbi awatef zid mhadhbi shady ben henda dhia ben hadj hssin mohamed anis lejmi moussa
F03436;Achraf BLEILI Achraf BLEILI;achraf bleili achraf bleili
F03437;Firas ABDELMAJID;firas abdelmajid
F03438;Houssem Ben Malek Marwa Metsahel;houssem ben malek marwa metsahel
F03439;Amel Jebali Arbi Ben Bazza Rim Harabi Roua Boubakri Manel Saadaoui;amel jebali arbi ben bazza rim harabi roua boubakri manel saadaoui
F03440;Oussema Ben Barka;oussema ben barka
F03441;Yosri Ayed Anis Lahouar Mohamed Kamergi;yosri ayed anis lahouar mohamed kamergi
F03442;BAKABAS ALI Seifeddine Souissi;bakabas ali seifeddine souissi
F03443;Ahmed Gargouri Youssef Boutaleb Moez Zouari AMED ALI KHEMAK Rafik Rekhis Manel Kallel;ahmed gargouri youssef boutaleb moez zouari amed ali khemak rafik rekhis manel kallel
F03444;ehdi Ben Hamoud;ehdi ben hamoud
F03445;med Elyes BEN HAJ Marouene Draoui;med elyes ben haj marouene draoui
F03446;Oussema Bennour hmed Ben Othman;oussema bennour hmed ben othman
F03447;khaled makhlouf mine Ben Messaou assad yahyawi;khaled makhlouf mine ben messaou assad yahyawi
F03448;Achraf GHARSALLI Seif SASSI;achraf gharsalli seif sassi
F03449;Aymen Medimagh Amal Araoud Abir Ben Khalifa;aymen medimagh amal araoud abir ben khalifa
F03450;Saifeddine Berhouma Salma Berhouma;saifeddine berhouma salma berhouma
F03451;Tarek Khemiri;tarek khemiri
F03452;Mohamed Touati;mohamed touati
F03453;ahmed walha Achraf Karoui;ahmed walha achraf karoui
F03454;Nieze Ben Mansour Marwen Saad Malek Ben Haj Amor;nieze ben mansour marwen saad malek ben haj amor
F03455;Mokhtar HARRABI Adam Ben Slama Mohamed Ameur BEN ABDESSALEM;mokhtar harrabi adam ben slama mohamed ameur ben abdessalem
F03456;Firas meddeb Baffoun Aziz;firas meddeb baffoun aziz
F03457;Roua Bargaoui Mohamed Haroun Ouanes Ala Ben Aicha;roua bargaoui mohamed haroun ouanes ala ben aicha
F03458;Elyes Boukettaya yacine boukattaya;elyes boukettaya yacine boukattaya
F03459;Aziz Chaibi;aziz chaibi
F03460;Ben Tanfous Ahmed Maya Ben Tanfous Kaïsha Guiga;ben tanfous ahmed maya ben tanfous kaisha guiga
F03461;Aymen BOUNEB;aymen bouneb
F03462;Houcemeddine kallel nizar besbes Wafa Neifar;houcemeddine kallel nizar besbes wafa neifar
F03463;Mortadha Ouadday Amen Allah El Hechi;mortadha ouadday amen allah el hechi
F03464;Alaeddine BOUHJAR Montacer Benromdhane;alaeddine bouhjar montacer benromdhane
F03465;Achref ESSEFI Skander EL FEKIH;achref essefi skander el fekih
F03466;Hassen Younsi Achraf Ben Soltane Ghassen Ben Ghorbal;hassen younsi achraf ben soltane ghassen ben ghorbal
F03467;Moataz Hammami;moataz hammami
F03468;aymen sellaouti Kais Ben youssef Issam Moalla;aymen sellaouti kais ben youssef issam moalla
F03469;Salah Sammari Rouine Firas Mhamed Moncer Montassar Moussa;salah sammari rouine firas mhamed moncer montassar moussa
F03470;Jassem Khemiri Sadok Khemiri;jassem khemiri sadok khemiri
F03471;Tijani Aziz Feki;tijani aziz feki
F03472;souda faycal;souda faycal
F03473;Mahbouli Rhouma Najla;mahbouli rhouma najla
F03474;MARIEM KAMOUN;mariem kamoun
F03475;Ali Ahmed khaled Rami LAJMI Dorra Fattoum;ali ahmed khaled rami lajmi dorra fattoum
F03476;amine touihri oueslati Aya Daas Samar adem seddik;amine touihri oueslati aya daas samar adem seddik
F03477;Seifeddine Bzainia Souaf Houssemdine Abdelaziz BEN MAHMOUD;seifeddine bzainia souaf houssemdine abdelaziz ben mahmoud
F03478;Aya Ben hriz;aya ben hriz
F03479;Chaima Rebai Mohamed Hachemi BEN HAJ ALI Salma BEN HADJ ALI;chaima rebai mohamed hachemi ben haj ali salma ben hadj ali
F03480;Marouene Belkhiria Samia Khadija Belkhiria;marouene belkhiria samia khadija belkhiria
F03481;Hayet Zguem Yahia Ben Cheikh;hayet zguem yahia ben cheikh
F03482;Nebil Othman;nebil othman
F03483;ghanem toumi tarek bani Mohamed Baha Eddine Baghdadi Montassar TOUATI Nabil Boukhdhir Marwa Moussi;ghanem toumi tarek bani mohamed baha eddine baghdadi montassar touati nabil boukhdhir marwa moussi
F03484;iheb haouech Marwen Zitouni;iheb haouech marwen zitouni
F03485;Ahmed LIMAM Ilyes Limem;ahmed limam ilyes limem
F03486;mahdi ftouh;mahdi ftouh
F03487;Khouloud Missaoui houssem ben brahim Abdelhakim Haddad;khouloud missaoui houssem ben brahim abdelhakim haddad
F03488;Mohamed Ouni Skander Guarbaa khalil ben abdallah Manel CHAABANE;mohamed ouni skander guarbaa khalil ben abdallah manel chaabane
F03489;ZOHRA KECHIDA Ilem hassairi;zohra kechida ilem hassairi
F03490;Harvey Lowe Prithveesh Nallamilli;harvey lowe prithveesh nallamilli
F03491;Nour Jdey Ferid Kamel;nour jdey ferid kamel
F03492;Youssef Abdeljaoued Raed Seddik;youssef abdeljaoued raed seddik
F03493;FEDI SOUILEM;fedi souilem
F03494;abderrahmen abdelkabir Slaheddine Dardouri;abderrahmen abdelkabir slaheddine dardouri
F03495;Eya ALOUI;eya aloui
F03496;Asma Ferchichi Houda Ferchichi;asma ferchichi houda ferchichi
F03497;Marouane Salhi Hatem Eldakhakhni;marouane salhi hatem eldakhakhni
F03498;Hammadi Kadri Mohamed KADRI Wissal Rouabeh;hammadi kadri mohamed kadri wissal rouabeh
F03499;Farouk Ben Achour;farouk ben achour
F03500;Rached Khalil Mariem Babay Rouis;rached khalil mariem babay rouis
F03501;Yassine RAHMOUNI Tahar Rahmouni RAHMOUNI Yassine;yassine rahmouni tahar rahmouni rahmouni yassine
F03502;Noureddine DBOUBA;noureddine dbouba
F03503;Lassaad Ben Rejeb Yosra Youssef;lassaad ben rejeb yosra youssef
F03504;Gharssallah Alaa Mohamed Firas Gabsi;gharssallah alaa mohamed firas gabsi
F03505;Youssef Mejri Rayen Inoubli Mohamed habib Grami Chaima Ben Mahmoud;youssef mejri rayen inoubli mohamed habib grami chaima ben mahmoud
F03506;yassin gmati maram guenouati;yassin gmati maram guenouati
F03507;mohamed amine ziedi Naim Ezzdini Manar Daghsni Oussama Yaakoubi Sonia Amamou;mohamed amine ziedi naim ezzdini manar daghsni oussama yaakoubi sonia amamou
F03508;Ali Nahdi;ali nahdi
F03509;Oussama ferjani Mohamed ali Mankai;oussama ferjani mohamed ali mankai
F03510;Mohamed Karim KECHALFI;mohamed karim kechalfi
F03511;Skander Amamou Farah Chenchah;skander amamou farah chenchah
F03512;saif ouhaibi Jaweher Khmiri Naceur ELLOUZE;saif ouhaibi jaweher khmiri naceur ellouze
F03513;Sabrine Hamrouni Charrad Chamseddine ala Akrichi Badereddine Fadhlaoui Hatem Benechikh;sabrine hamrouni charrad chamseddine ala akrichi badereddine fadhlaoui hatem benechikh
F03514;Mohamed Amine Mhadhbi;mohamed amine mhadhbi
F03515;BEN YAGOUTA Abdelbari Wrida BEN YAGOUTA;ben yagouta abdelbari wrida ben yagouta
F03516;Yassine Sellami Siwar Fourati wael sellami Mohamed Ilyas Abdelkefi;yassine sellami siwar fourati wael sellami mohamed ilyas abdelkefi
F03517;Mohamed Yessine KSIBI Ham D za ia B A o l u i ajila A Mehdi ZAYET;mohamed yessine ksibi ham d za ia b a o l u i ajila a mehdi zayet
F03518;Rami Hedfi Zied Bradai Ghassen Chattouna;rami hedfi zied bradai ghassen chattouna
F03519;Mahmoud Trabelsi;mahmoud trabelsi
F03520;Chaibi Ahmed Fares;chaibi ahmed fares
F03521;Saadi Ismail;saadi ismail
F03522;wissem barouni Wissem Abdelhak Abdallah Ben jamaa;wissem barouni wissem abdelhak abdallah ben jamaa
F03523;Insaf Ben Othman;insaf ben othman
F03524;Mohamed Amir Boufaden;mohamed amir boufaden
F03525;Marion Sardou Bruno GUTTON Olivier Apicella;marion sardou bruno gutton olivier apicella
F03526;Karim Ben Khaled;karim ben khaled
F03527;Ghazi Smach;ghazi smach
F03528;Mohamed aziz Hlaoua zied harzallah Rayane Ben abdelhalid Bouaziz Wissem;mohamed aziz hlaoua zied harzallah rayane ben abdelhalid bouaziz wissem
F03529;mohamed aymen hassen amine salah hassen;mohamed aymen hassen amine salah hassen
F03530;Affes Hedi Khaled Affes;affes hedi khaled affes
F03531;Akrimi IHEB mohamed amine saadaoui;akrimi iheb mohamed amine saadaoui
F03532;Adnen Selmi Zied Selmi;adnen selmi zied selmi
F03533;Tajer Karim Wala Naghmouchi Haydar Boudhrioua;tajer karim wala naghmouchi haydar boudhrioua
F03534;Nawres Askri belhadj amir OMualeride mYa Bhyean MHomhaadmed Ala Din Habibi;nawres askri belhadj amir omualeride mya bhyean mhomhaadmed ala din habibi
F03535;Mounir Brik Wafa Helali Ons brik;mounir brik wafa helali ons brik
F03536;Wajdi Hajji;wajdi hajji
F03537;Rayen Souissi;rayen souissi
F03538;mohamed ghorbel Maher Ben Gaied;mohamed ghorbel maher ben gaied
F03539;Wael zahra Neji Khouja;wael zahra neji khouja
F03540;Mohamed Hedi Jebara;mohamed hedi jebara
F03541;wael nouira mohamed khalil Askri;wael nouira mohamed khalil askri
F03542;houssem zitoun;houssem zitoun
F03543;Adnene Marnissi Abdallah Lahbib JAMEL EDDINE EL MOUELHI;adnene marnissi abdallah lahbib jamel eddine el mouelhi
F03544;Majed ELBOUR Youssef Baklouti;majed elbour youssef baklouti
F03545;mohamed gassoumi Gannoun Ahmed;mohamed gassoumi gannoun ahmed
F03546;Mortadha El mehri Mojtabah Mehri MEHRI Adem Amine Mehri;mortadha el mehri mojtabah mehri mehri adem amine mehri
F03547;Guettat Sabeur Yessine Ben amor;guettat sabeur yessine ben amor
F03548;Wakassi Badra FOUAD BATROUNI;wakassi badra fouad batrouni
F03549;Kawther MEKNI Marwa MEKNI Sohaib MEDINI;kawther mekni marwa mekni sohaib medini
F03550;mohamed Idriss Tamni Landolsi Sabrine Mohamed Amine Harbaoui;mohamed idriss tamni landolsi sabrine mohamed amine harbaoui
F03551;mahdi jmal Adam Bouchaala;mahdi jmal adam bouchaala
F03552;yassine karaouli Rami Mazouzi;yassine karaouli rami mazouzi
F03553;Mohamed Taibah Mohamed Kais A Ben Rhouma;mohamed taibah mohamed kais a ben rhouma
F03554;Nawel Brahmi Sofiane MABROUK;nawel brahmi sofiane mabrouk
F03555;Mériem Jaïdane Nader Mechergui Neska Elhaouij;meriem jaidane nader mechergui neska elhaouij
F03556;Aymen El Kadhi Khalil Bessaad hassen noamen;aymen el kadhi khalil bessaad hassen noamen
F03557;Saifeddine Mgasseb bacha baha eddine;saifeddine mgasseb bacha baha eddine
F03558;karim Nouira Ines Ben khalifa;karim nouira ines ben khalifa
F03559;MOHAMED MEHDI BACCOUCHE MOHAMED LOTFI DEROUICHE bilal cammoun;mohamed mehdi baccouche mohamed lotfi derouiche bilal cammoun
F03560;Omar Haffoudhi Hassen Hafoudhi Anis Hafoudhi Wafa Aouine;omar haffoudhi hassen hafoudhi anis hafoudhi wafa aouine
F03561;Anas HAJLAOUI Sofiene Ben romdhane Sami sghaier;anas hajlaoui sofiene ben romdhane sami sghaier
F03562;Oumayma AMRI;oumayma amri
F03563;Jaouher Mghirbi Adel Ghorbel;jaouher mghirbi adel ghorbel
F03564;Raef Ben Jeddou Hela Bouallegue;raef ben jeddou hela bouallegue
F03565;Iyed Gabsi mohamed dahmani;iyed gabsi mohamed dahmani
F03566;Sabrine Hammami Dina Mechergui Sabrine Golli;sabrine hammami dina mechergui sabrine golli
F03567;Houcem KOLSI;houcem kolsi
F03568;Jihed El Hak Bakalti Mohamed Aziz Ayadi;jihed el hak bakalti mohamed aziz ayadi
F03569;Mohamed Salah Ayari Mohamed Aissa MAAMER Med Ben aoun;mohamed salah ayari mohamed aissa maamer med ben aoun
F03570;Aziz Hanafi Ahmed Mohmedzain;aziz hanafi ahmed mohmedzain
F03571;Chiheb Chammem abdelaziz ben yahia Oussama Ben achour;chiheb chammem abdelaziz ben yahia oussama ben achour
F03572;Adnen Romdhane Siwar Hafian;adnen romdhane siwar hafian
F03573;Nizar JLASSI Rym Sghaier;nizar jlassi rym sghaier
F03574;chahine elamri;chahine elamri
F03575;Nadhem Chroudi;nadhem chroudi
F03576;Imed Hamdi;imed hamdi
F03577;AHMED TARHOUNI TRABELSI;ahmed tarhouni trabelsi
F03578;Kalai Mohamed Selim Gatti Anis Wahabi;kalai mohamed selim gatti anis wahabi
F03579;Mehdi KHECHINE HAYTHEM BEN KAAB Hmida Ben Tili;mehdi khechine haythem ben kaab hmida ben tili
F03580;Souhail Daoued Moatez Chraiet Zouhaiera Abdaoui;souhail daoued moatez chraiet zouhaiera abdaoui
F03581;Yassine BELHEDI;yassine belhedi
F03582;Nesrine Ben Ali khouloud lazher;nesrine ben ali khouloud lazher
F03583;MOHAMED AZIZ BEN MAHMOUD;mohamed aziz ben mahmoud
F03584;Mefteh Wajdi Lilia Sfaxi Ben Nasr Nejib;mefteh wajdi lilia sfaxi ben nasr nejib
F03585;Mounir Riahi;mounir riahi
F03586;Mohamed BOUHAMED;mohamed bouhamed
F03587;dhia eddine ftiss Basma Souani Tayssir Ben Nehia;dhia eddine ftiss basma souani tayssir ben nehia
F03588;Raouya Kriaa Chadi Ayari;raouya kriaa chadi ayari
F03589;Mouhamed Wassim Mbarek Mouhamed Wassim Mbarek Hanine ABBES;mouhamed wassim mbarek mouhamed wassim mbarek hanine abbes
F03590;Kamel Djouaihia Kamel Djouaihia;kamel djouaihia kamel djouaihia
F03591;Walid Jemaa Mohamed Dhaouafi Bechir Yacoubi Arafet Toubib;walid jemaa mohamed dhaouafi bechir yacoubi arafet toubib
F03592;Mouhamed Ben salah;mouhamed ben salah
F03593;Chedi Chaari Chedi Chaari Gaëtan Gil;chedi chaari chedi chaari gaetan gil
F03594;Ben thabet Mohamed Charfeddine Aziza Souaf Amir Rebhi Amira Hamden Nasri;ben thabet mohamed charfeddine aziza souaf amir rebhi amira hamden nasri
F03595;Hadda Jaouabi;hadda jaouabi
F03596;KHEMAIS BEN MUSTAPHA firas khlil Seif Eddine Trabelsi Mondher KHELIFI Sabrine FKAIER;khemais ben mustapha firas khlil seif eddine trabelsi mondher khelifi sabrine fkaier
F03597;Mohamed Ghaith Welhezi;mohamed ghaith welhezi
F03598;Oumaima Abidi Ahmed Chouihi;oumaima abidi ahmed chouihi
F03599;Mohamed Ali Megdich Ahmed cherif Issa Elloumi Nizar Bellakhal;mohamed ali megdich ahmed cherif issa elloumi nizar bellakhal
F03600;slim haj salah Ben Araar Mortadha Nour Daas;slim haj salah ben araar mortadha nour daas
F03601;Moez DAKHLAOUI YESSER MREZGUA Sami Hedda;moez dakhlaoui yesser mrezgua sami hedda
F03602;wyssem neila louay rjili Mariem ben ali Yassine Aniba;wyssem neila louay rjili mariem ben ali yassine aniba
F03603;oumeima LAIFA;oumeima laifa
F03604;saber mekki;saber mekki
F03605;Elyes Elbez;elyes elbez
F03606;Bilel Chamkhi Rami BenDhia;bilel chamkhi rami bendhia
F03607;Aymen Mejri Belgacem Bouallegue;aymen mejri belgacem bouallegue
F03608;Safa Jemli Ouni Sabri Rami Hdhili jihene ouled Seghaier;safa jemli ouni sabri rami hdhili jihene ouled seghaier
F03609;Asma Omri Bechir Bellasfar;asma omri bechir bellasfar
F03610;Khalil Jedda;khalil jedda
F03611;sabri baccar Ahmed Jerbi Abdelmalek Abassisse;sabri baccar ahmed jerbi abdelmalek abassisse
F03612;slim soussia yahya soussia;slim soussia yahya soussia
F03613;Bilel Bellili Skander Chelbi Samia Chelbi;bilel bellili skander chelbi samia chelbi
F03614;RAMZI JOGJOG;ramzi jogjog
F03615;Mohamed Talel Torkhani;mohamed talel torkhani
F03616;Oussema Bouaissi;oussema bouaissi
F03617;Oussama houcine;oussama houcine
F03618;Malak Grami Chourouk Chaker;malak grami chourouk chaker
F03619;Karim trifi;karim trifi
F03620;oueslati ahmed Houssem Wasleti;oueslati ahmed houssem wasleti
F03621;Mustapha Bouarrouj Mustapha Bouarrouyj;mustapha bouarrouj mustapha bouarrouyj
F03622;Ben Abdallah Taoufik Achref Jarray Khaled Hammami khalil mansour Nagati Mahmoud Jhinaoui Ariij Mohamed Ali Ben Abdallah;ben abdallah taoufik achref jarray khaled hammami khalil mansour nagati mahmoud jhinaoui ariij mohamed ali ben abdallah
F03623;Seifeddine Seghaier Hani Hamrouni;seifeddine seghaier hani hamrouni
F03624;Ismail Ben Salah;ismail ben salah
F03625;Bezzine Marwen;bezzine marwen
F03626;Riadh DJELASSI;riadh djelassi
F03627;Mohamed Amine Toumi Yessine Bouaziz;mohamed amine toumi yessine bouaziz
F03628;Sami LOUKIL Ines Halouani;sami loukil ines halouani
F03629;Habil Amri;habil amri
F03630;Wala Naghmouchi;wala naghmouchi
F03631;Mohamed AZAOUZI Aziz Frikha Sana Boujaafar;mohamed azaouzi aziz frikha sana boujaafar
F03632;Gassoumi Faouzi Souhaiel Mnasri nourelhouda Abdellaoui;gassoumi faouzi souhaiel mnasri nourelhouda abdellaoui
F03633;omar hamza sfaxi Ayman Jemaa;omar hamza sfaxi ayman jemaa
F03634;AMAL MEDHIOUB bilel kharrat;amal medhioub bilel kharrat
F03635;mohamed amine trabelsi;mohamed amine trabelsi
F03636;Mohamed Amine Ouchari;mohamed amine ouchari
F03637;ABDERRAHMEN BRINIS;abderrahmen brinis
F03638;Achref ksontini Hamza Ksontini Nadia Bellagha;achref ksontini hamza ksontini nadia bellagha
F03639;Farouk Mestiri Mouhib Daly Mariem Bouzekri;farouk mestiri mouhib daly mariem bouzekri
F03640;Yassin Ben Naceur;yassin ben naceur
F03641;Mohamed amine samet;mohamed amine samet
F03642;Eddaly Nassim Mohamed Youssef ZRIG Rania Fatnassi;eddaly nassim mohamed youssef zrig rania fatnassi
F03643;Wassim Mallouli Marwa Maalej soufien kallel;wassim mallouli marwa maalej soufien kallel
F03644;Imed Neifar;imed neifar
F03645;Yosr Brahim Mehdi Laourine;yosr brahim mehdi laourine
F03646;Aymen Kmama;aymen kmama
F03647;slim skhab Nabila Toumi;slim skhab nabila toumi
F03648;soulaymen bayoudh ilef Sfar Ali Barhoumi;soulaymen bayoudh ilef sfar ali barhoumi
F03649;Salah SKANDER AYARI Wassim Maamouri;salah skander ayari wassim maamouri
F03650;Saoud Ayoub amara iyed;saoud ayoub amara iyed
F03651;Seifollah Hadrich Rihab Ben Ameur;seifollah hadrich rihab ben ameur
F03652;ben hajji zakaria;ben hajji zakaria
F03653;Mohamed Kefi;mohamed kefi
F03654;Oussema Attia fares ben hmida Mauadh Bachtobji;oussema attia fares ben hmida mauadh bachtobji
F03655;Ahmed Bannour baha benchaabane;ahmed bannour baha benchaabane
F03656;Maroua Mejbri Bedi MEJBRI Ghazi Mejbri Mohamed Malek Mejbri;maroua mejbri bedi mejbri ghazi mejbri mohamed malek mejbri
F03657;Oumayma Jouini Nidhal Amara farah houssem;oumayma jouini nidhal amara farah houssem
F03658;Omar CHERIF;omar cherif
F03659;Atef Ahmadi Mourad Boussaid;atef ahmadi mourad boussaid
F03660;achraf ben jebara Emna Ghariani;achraf ben jebara emna ghariani
F03661;Abdelnacer BOUTABBA amel zahlila;abdelnacer boutabba amel zahlila
F03662;Hatem Chabchoub;hatem chabchoub
F03663;Hamdi KHADHRAOUi;hamdi khadhraoui
F03664;O umayma Allouch;o umayma allouch
F03665;Olfa;olfa
F03666;Jrad;jrad
F03667;Akrem Khadhraoui;akrem khadhraoui
F03668;Marouane Salhi;marouane salhi
F03669;Hatem Eldakhakhni;hatem eldakhakhni
F03670;Mohamed aziz;mohamed aziz
F03671;Hlaoua zied;hlaoua zied
F03672;harzallah Rayane Ben abdelhalid;harzallah rayane ben abdelhalid
F03673;Boua ziz Wissem;boua ziz wissem
F03674;Omar Maghraoui;omar maghraoui
F03675;Jihed Bousnina;jihed bousnina
F03676;Koussai Salem Nejla Stambouli Mohamed Aziz Elhif Jawher Khalifa roua ben braiek amel chaoueli Yasmine Ben Ghali samar hasnaoui maher mahoumdi haythem mami souha jelassi amir ben hassine;koussai salem nejla stambouli mohamed aziz elhif jawher khalifa roua ben braiek amel chaoueli yasmine ben ghali samar hasnaoui maher mahoumdi haythem mami souha jelassi amir ben hassine
F03677;Mehdi Ben Younes Ahmad Mohammad Awad Abu Fares Feras Alkhiami;mehdi ben younes ahmad mohammad awad abu fares feras alkhiami
F03678;Jihene Ben Nasser Abdallah Ben Zribia;jihene ben nasser abdallah ben zribia
F03679;Fathi Houaichine Lionel HAMMAN;fathi houaichine lionel hamman
F03680;Mohamed Aziz Rouis;mohamed aziz rouis
F03681;Jaouher Ben Ali;jaouher ben ali
F03682;Ahmed Mkacher Selmi Khalil Yassin Manita;ahmed mkacher selmi khalil yassin manita
F03683;Mohamed Boumaiza;mohamed boumaiza
F03684;abdelaziz belhadjhassine;abdelaziz belhadjhassine
F03685;Yassine Zaghouani Youssef Chebil;yassine zaghouani youssef chebil
F03686;Jihed Raissi Mariem Djobbi;jihed raissi mariem djobbi
F03687;Chaima MBARKI;chaima mbarki
F03688;khaoula Ben Ahmed Hamdi Rebhi Mohamed Hmidi Mohamed Aziz AGUILI Zeyneb Ibrahim;khaoula ben ahmed hamdi rebhi mohamed hmidi mohamed aziz aguili zeyneb ibrahim
F03689;Kaouther Farhaoui Riadh ELEUCHI;kaouther farhaoui riadh eleuchi
F03690;Amine Derbel;amine derbel
F03691;Foued Elkamel;foued elkamel
F03692;Wahida Labidi Houssem CHARFI;wahida labidi houssem charfi
F03693;Haydar Boudhrioua KARIM TEJER;haydar boudhrioua karim tejer
F03694;houssem eddin hamdi;houssem eddin hamdi
F03695;Ali Ben Brahim Hazem JDAY;ali ben brahim hazem jday
F03696;Chadha Driss;chadha driss
F03697;azizi dhafer Nidhal Azizi;azizi dhafer nidhal azizi
F03698;Mohamed Najeh ISSAOUI Ahmed CHAOUCHI;mohamed najeh issaoui ahmed chaouchi
F03699;Sana Elfaleh Sahbi KHALFALLAH;sana elfaleh sahbi khalfallah
F03700;elyes chater Amira Cheniour azer echeikh;elyes chater amira cheniour azer echeikh
F03701;ghanem iheb;ghanem iheb
F03702;Salwa Makni Ghassen Latrach;salwa makni ghassen latrach
F03703;Karim Tounsi Yasmine AMARA Kais Tounsi;karim tounsi yasmine amara kais tounsi
F03704;Mohamed Amin Ben Said;mohamed amin ben said
F03705;Abdelaziz Ayed;abdelaziz ayed
F03706;Rami jaouadi Jaouadi Iheb;rami jaouadi jaouadi iheb
F03707;Youssef Fessi;youssef fessi
F03708;Mohsen Zarrouk;mohsen zarrouk
