session;candidatures;labels;preLabels;retraits;conversions;newLabels;taux_acceptation_pct;statut;societe;fondateurs;secteur;resultat_pdf
03/2019;16;12;0;0;0;12;75.0;conforme;Datavora;Hadi Zaher, Oussama Messaoud, E-Commerce;7;
03/2019;16;12;0;0;0;12;75.0;conforme;N.A;N.A, M. Mohamed Salah Frad a déclaré un conflit d'intérêt., Enova Robotics, Anis Sahbani, Philippe Bidaud, Christophe Grand, Industrie Robotique;8;
03/2019;16;12;0;0;0;12;75.0;conforme;N.A;N.A, Ezzayra Solutions, Yasser Bououd, AgriTech;7;
03/2019;16;12;0;0;0;12;75.0;conforme;N.A;N.A, M. Mohamed Salah Frad a déclaré un conflit d'intérêt, Polysmart, Ahmed Cheikhrouhou, Haroun Bouchrit, Gaming;8;
03/2019;16;12;0;0;0;12;75.0;conforme;N.A;N.A, M. Mohamed Salah Frad a déclaré un conflit d'intérêt, Be Wireless Solutions, Karim Kharrat, Nizar Ghram, Sofiene Ghram, IOT;6;
03/2019;16;12;0;0;0;12;75.0;conforme;N.A;N.A, Medilsys, Anis Ghorbel, Najmeddine Nouri, Sofiene Ghorbel, HealthTech;6;
03/2019;16;12;0;0;0;12;75.0;conforme;N.A;N.A, Roamsmart, Walid Chamekh, Mehdi Triki, Telecom;7;Label Accordé
03/2019;16;12;0;0;0;12;75.0;conforme;Label accordé dès le 2ème Tour;M. Mohamed Salah Frad a déclaré un conflit d'intérêt, Vitalight Lab, Khaoula Ben Slimane, Ilyes Gouja, E-Commerce | BioTech;5;Label Accordé
03/2019;16;12;0;0;0;12;75.0;conforme;Label accordé dès le 2ème Tour;M. Mohamed Salah Frad a déclaré un conflit d'intérêt, Dabchy, Ghazi Ketata, Ameni Mansouri, Oussama Mahjoub, E-Commerce;5;Label Accordé
03/2019;16;12;0;0;0;12;75.0;conforme;Label accordé dès le 2ème Tour;M. Ali Mnif et M. Zakaria Belkhodja ont déclaré un conflit d'intérêt, Next Gen Corp, Moez Lachned, Ahmed Nabli, EdTech | HealthTech;4;
03/2019;16;12;0;0;0;12;75.0;conforme;Label Accordé;Label accordé après Pitching, M. Mohamed Salah Frad a déclaré un conflit d'intérêt, Mme. Amel Saidane & M. Khaled Ben Jilani étaient absents pour motifs;valables;Nostatik Media
03/2019;16;12;0;0;0;12;75.0;conforme;Khaled Frad;Ramzi Mrad, IT | PharmaTech;3;
03/2019;16;12;0;0;0;12;75.0;conforme;Label Accordé;Label accordé après Pitching, M. Mohamed Salah Frad a déclaré un conflit d'intérêt, Mme. Amel Saidane & M. Khaled Ben Jilani étaient absents pour motifs;valables;Paypos Tunisie
03/2019;16;12;0;0;0;12;75.0;conforme;Khatib Chakchouk;FinTech;3;
03/2019;16;12;0;0;0;12;75.0;conforme;Label Accordé;Label accordé après Pitching, M. Mohamed Salah Frad & M. Zakaria Belkhodja ont déclaré un conflit;d'intêrét;Mme. Amel Saidane & M. Khaled Ben Jilani étaient absents pour motifs
03/2019;16;12;0;0;0;12;75.0;conforme;Founa Shop;Karim Skik, E-Commerce;4;Label Non-
03/2019;16;12;0;0;0;12;75.0;conforme;Accordé;Label non-accordé après Pitching, M. Elyes Jeribi a déclaré un conflit d'intérêt, Mme. Amel Saidane était absente pour motif valable, Mitigan, Omar El Matri, Ahmed Farhat, Kais Laouiti, Elyes Jouini, Hemdene Ben Othmane, Mohamed Ali Elloumi, FinTech, N.A, N.A, N.A, N.A, N.A, N.A, Label Non-, Accordé, Dossier irrecevable pour motif de non-indépendance du capital, Résultat, Commentaires, Startup Act | Session 0 | Mars 2019 | Compte-Rendu;2ème  Tour;
04/2019;51;33;0;0;0;33;64.7;conforme;GoMyCode;Yahya Bouhlel, Amine Bouhlel, EdTech;9;
04/2019;51;33;0;0;0;33;64.7;conforme;N.A;N.A, Mass SA, Ramla Jarrar, Firas Jabloun;AI;
04/2019;51;33;0;0;0;33;64.7;conforme;N.A;N.A, M. Mohamed Salah Frad a déclaré un conflit d'intérêt, STE Kaoun, Nebras Jemel, Anis Kallel, Rostom Bouazizi, Fintech;7;
04/2019;51;33;0;0;0;33;64.7;conforme;N.A;N.A, M. Zakaria Belkhodja a déclaré un conflit d'intêrét, Apprentus Tunisie, Gaetan Deremince, Marius Andra, EdTech;7;
04/2019;51;33;0;0;0;33;64.7;conforme;N.A;N.A, Bus Software, Amor Sahnoun, Makrem Erguez, IoT;7;
04/2019;51;33;0;0;0;33;64.7;conforme;N.A;N.A;ilboursa.com;Ismail Ben Sassi
04/2019;51;33;0;0;0;33;64.7;conforme;Rodolphe Villaes;;IT;
04/2019;51;33;0;0;0;33;64.7;conforme;N.A;N.A, Methania Industries, Selim Kanzari, Tahar Azizi, Energie;6;Label Accordé
04/2019;51;33;0;0;0;33;64.7;conforme;Label accordé dès le 2ème Tour;M. Mohamed Salah Frad a déclaré un conflit d'intérêt, Wattnow, Issam Smaali, IoT;6;
04/2019;51;33;0;0;0;33;64.7;conforme;N.A;N.A, M. Zakaria Belkhodja et M. Ali Mnif ont déclaré un conflit d'intêrét, TechAccessibility, Mohamed Nour Ben, Yahia;IT;
04/2019;51;33;0;0;0;33;64.7;conforme;N.A;N.A, M. Mohamed Salah Frad a déclaré un conflit d'intérêt, Taysir Solutions Tunisia Mohamed Belghith, Fakhreddine Hachfi;IT;
04/2019;51;33;0;0;0;33;64.7;conforme;N.A;N.A, UniQ Soft Technology, Bechir Yakhlef;IT;
04/2019;51;33;0;0;0;33;64.7;conforme;N.A;N.A, Armani Arabic Academy Salwa Armani, EdTech;5;
04/2019;51;33;0;0;0;33;64.7;conforme;N.A;N.A, Dqlick, Hamdi Bouslah, Insurance Tech;5;
04/2019;51;33;0;0;0;33;64.7;conforme;N.A;N.A, KNSD, Ali Boulila, Big Data;5;Label Accordé
04/2019;51;33;0;0;0;33;64.7;conforme;Label accordé dès le 2ème Tour;M. Mohamed Salah Frad a déclaré un conflit d'intérêt, MedCREtech, Nacef Bouzguenda, Blockchain &;cryptocurrency;
04/2019;51;33;0;0;0;33;64.7;conforme;N.A;N.A, Novel-Ti, Zied Loukil, Ferdaous Masmoudi;AI;
04/2019;51;33;0;0;0;33;64.7;conforme;N.A;N.A, PEAK Technologies, Moslem Ben Dhaou, Bilel Methnani, Fintech;5;
04/2019;51;33;0;0;0;33;64.7;conforme;N.A;N.A, Smart and Clean, Mourad Bouabdallah, Cleantech;5;
04/2019;51;33;0;0;0;33;64.7;conforme;N.A;N.A, Tadeco IT, Aymen Talbi, E-Commerce;5;
04/2019;51;33;0;0;0;33;64.7;conforme;N.A;N.A, TechAbility, Dorra Kammoun, Oussama Romdhane, IoT;5;
04/2019;51;33;0;0;0;33;64.7;conforme;N.A;N.A, Empire communication Hani Hamrouni, Davide David, Services;3;
04/2019;51;33;0;0;0;33;64.7;conforme;N.A;N.A, Label Non-, Accordé, Label non-accordédès le 2ème Tour;3D Forge;Ferid Kamel
04/2019;51;33;0;0;0;33;64.7;conforme;Mohamed Abul Heija;Services;2;
04/2019;51;33;0;0;0;33;64.7;conforme;N.A;N.A, Label Non-, Accordé, Label non-accordédès le 2ème Tour, Africa Flying and, Engineering, Walid Meskine, AgriTech;1;
04/2019;51;33;0;0;0;33;64.7;conforme;N.A;N.A, Label Non-, Accordé, Label non-accordédès le 2ème Tour, Ticket Communication, TICOM, Aida Rafrafi, Marketing;1;
04/2019;51;33;0;0;0;33;64.7;conforme;N.A;N.A, Label Non-, Accordé, Label non-accordédès le 2ème Tour, TeTa concept, Achraf Jamli, Services;-;
04/2019;51;33;0;0;0;33;64.7;conforme;N.A;N.A, Label Non-, Accordé, Label non-accordédès le 2ème Tour, WeMake, Abdelmajid Mathlouthi, Karim Yahyaoui, Services;-;
04/2019;51;33;0;0;0;33;64.7;conforme;N.A;N.A, Label Non-, Accordé, Label non-accordédès le 2ème Tour, Startup Act | Session 1 | Avril 2019 | Compte-Rendu, Société, Fondateurs, Secteur;2ème  Tour;
04/2019;51;33;0;0;0;33;64.7;conforme;N.A;N.A, Label Non-, Accordé, Label non-accordédès le 2ème Tour, Kiwi Softwares, Ali Bouslama;IT;
04/2019;51;33;0;0;0;33;64.7;conforme;N.A;N.A, Label Non-, Accordé, Label non-accordédès le 2ème Tour, Expensya (Pepino Tech) Karim jouini, Jihed othmani, E-Commerce;4;
04/2019;51;33;0;0;0;33;64.7;conforme;Label Accordé;Label accordé après le Pitching, M. Nader Bhouri a déclaré un conflit d'intêrét, Smart Mobility, Mokhles Masmoudi, IoT;3;
04/2019;51;33;0;0;0;33;64.7;conforme;Label Accordé;Label accordé après le Pitching, Educanet, Anis Ben Arbia, EdTech;4;
04/2019;51;33;0;0;0;33;64.7;conforme;Label Accordé;Label accordé après le Pitching, Study.tn, Nidhal Abidi, Mohamed Selim, Hadrich, Nadhir Abidi, Seyf Hamdaoui, E-Learning;4;
04/2019;51;33;0;0;0;33;64.7;conforme;Label Accordé;Label accordé après le Pitching, Tunisie Matériel, Roulant, Amel Besbes, Kais Aribi, Marketing;3;
04/2019;51;33;0;0;0;33;64.7;conforme;Label Accordé;Label accordé après le Pitching, Embedded Solutions;and Advanced;Technology
04/2019;51;33;0;0;0;33;64.7;conforme;Mohamed Salouati;IoT;2;
04/2019;51;33;0;0;0;33;64.7;conforme;Label Accordé;Label accordé après le Pitching, Inotek engineering, Mehdi Mazlout, Walid Saghari, IoT;2;
04/2019;51;33;0;0;0;33;64.7;conforme;Label Accordé;Label accordé après le Pitching, Paymee, Marwen Amamou, Fintech;4;
04/2019;51;33;0;0;0;33;64.7;conforme;Label Accordé;Label accordé après le Pitching, M. Zakaria Belkhodja a déclaré un conflit d'intêrét, Healthcare Anywhere, Imed Abed, Fadoua Ouerdiane, Health Tech;4;Label Accordé
04/2019;51;33;0;0;0;33;64.7;conforme;Label accordé après le Pitching;M.Mohamed Ali Kilani a déclaré un conflit d'intêrét, TunRooms, Mohamed Ali Afif, E-Commerce;4;
04/2019;51;33;0;0;0;33;64.7;conforme;Label Accordé;Label accordé après le Pitching, Galactech, Houssem Maiza, Telcom;3;
04/2019;51;33;0;0;0;33;64.7;conforme;Label Accordé;Label accordé après le Pitching, Domodar, Rochdi Zaghden, Walid Dieff Allah, IoT;2;
04/2019;51;33;0;0;0;33;64.7;conforme;Label Accordé;Label accordé après le Pitching, Vynd, Adam Chebbi, Khalil Ben Hamouda, E-Commerce;3;Label Accordé
04/2019;51;33;0;0;0;33;64.7;conforme;Label accordé après le Pitching;M. Khaled Ben Jilani, M. Ali Mnif et M. Zakaria Belkhodja ont déclaré un;conflit d'intêrét;Tunisie Co
04/2019;51;33;0;0;0;33;64.7;conforme;Khaled Aouij;Services;3;Label Non-
04/2019;51;33;0;0;0;33;64.7;conforme;Accordé;Label non-accordé après le Pitching, M. Mohamed Salah Frad a déclaré un conflit d'intérêt, Best Way, Ahmed Ben Hamida, Marketing;2;Label Non-
04/2019;51;33;0;0;0;33;64.7;conforme;Accordé;Label non-accordé après le Pitching, M. Elyes Jeribi a déclaré un conflit d'intêrét, ComEngineering, Omar chahata, Ahmed Rouetbi, IoT;-;
04/2019;51;33;0;0;0;33;64.7;conforme;Label Non-;Accordé, Label non-accordé après le Pitching, Testafid+, Mohamed Ghmadh              E-Commerce;-;
04/2019;51;33;0;0;0;33;64.7;conforme;Label Non-;Accordé, Label non-accordé après le Pitching, Afrique Charbon, Abdelaziz Bahri, Energie;4;
04/2019;51;33;0;0;0;33;64.7;conforme;Label Non-;Accordé, Label non-accordé après le Pitching, Ironhoster, Naiim Lamloumi, E-Commerce;1;Label Non-
04/2019;51;33;0;0;0;33;64.7;conforme;Accordé;Label non-accordé après le Pitching, M. Zakaria Belkhodja a déclaré un conflit d'intêrét, Boostiny, Tarak Nachnouchi          Marketing, N.A, N.A, N.A, N.A, N.A, N.A, Label Non-, Accordé, Dossier irrecevable pour non-indépendance du capital, Forevermo (Paravoisin) Mohamed Methnani, Health Tech, N.A, N.A, N.A, N.A, N.A, N.A, Label Non-, Accordé, Dossier irrecevable pour cause de documents manquants, Supply Air, Aymen Tleilia, Hatem Lefi, Services, N.A, N.A, N.A, N.A, N.A, N.A, Label Non-, Accordé, Dossier irrecevable pour cause de documents manquants, Sawsan Bellaj Training;& Consulting;Sawssen Bellaj
05/2019;30;15;8;0;0;15;50.0;conforme;Label Accordé;Label accordé après le Pitching, Mohamed Salah Frad a déclaré un conflit d'intérêt, Deli Solutions, Sami Tounsi, Zied Ouerdani, E-Commerce, Label;2;
05/2019;30;15;8;0;0;15;50.0;conforme;Label Accordé;Label accordé après le Pitching, M.Elyes Jeribi, M.Ali Mnif et M.Zakaria Belkhodja ont déclaré un conflit;d'intérêt;NewGen
05/2019;30;15;8;0;0;15;50.0;conforme;Seifeddine Ben Hamouda;Gaming, Label;7;
05/2019;30;15;8;0;0;15;50.0;conforme;N.A;N.A, Label accordé dès le 2ème tour, M.Mohamed Salah Frad a déclaré un conflit d'intérêt, InstaDeep, Zohra Slim, Karim Beguir;AI;Label
05/2019;30;15;8;0;0;15;50.0;conforme;N.A;N.A, Label accordé dès le 2ème tour, M. Khaled Ben Jilani et M. Mohamed Ali Kilani ont déclaré un conflit;d'intérêt;Lifeye
05/2019;30;15;8;0;0;15;50.0;conforme;Ahmed Ben Achballah;Bassem Boujelben, Zied Chabchoub, Tarek Blaiech, Mohamed Kallel, Achraf Chabbouh, Ahmed Ben Said, Rateb  Jabbar, Agritech, Label;6;
05/2019;30;15;8;0;0;15;50.0;conforme;N.A;N.A, Label accordé dès le 2ème tour, M.Ali Mnif et M. Zakaria Belkhodja ont déclaré un conflit d'intérêt, Echo, Amine Laaroussi;IT;Label
05/2019;30;15;8;0;0;15;50.0;conforme;N.A;N.A, Label accordé dès le 2ème tour, M.Ali Mnif et M. Zakaria Belkhodja ont déclaré un conflit d'intérêt, Seemba Gaming, Slim Ben Nasrsallah, Jacer Omri, Mohamed Ben Hadj Aissa, Jihed Bibani, Ben Messaoud TakiEddine, Gaming, Label;5;
05/2019;30;15;8;0;0;15;50.0;conforme;N.A;N.A, Label accordé dès le 2ème tour, M.Ali Mnif et M. Zakaria Belkhodja ont déclaré un conflit d'intérêt, WeCode Land, Wala Kasmi, Mohamed Ali BOUMIZA, EdTech, Label;6;
05/2019;30;15;8;0;0;15;50.0;conforme;N.A;N.A, Label accordé dès le 2ème tour, M.Mohamed Salah Frad a déclaré un conflit d'intérêt, Smart Med SA, Issam Bellaj, Aymen Turki, Emna Jellouli, Plateforme Sociale, Label;5;
05/2019;30;15;8;0;0;15;50.0;conforme;N.A;N.A, Label accordé dès le 2ème tour, Société STBI, Sofiene Horrigue, Autre contenu créatif, Label;3;
05/2019;30;15;8;0;0;15;50.0;conforme;Label Accordé;Label accordé après le Pitching, Actifs Précieux Apex S.A, Hajer Derouiche, Hedi Derouiche, Biotechnologie, Label;5;Label Accordé
05/2019;30;15;8;0;0;15;50.0;conforme;Label accordé dès le 2ème tour;M.Mohamed Salah Frad a déclaré un conflit d'intérêt, Neopolis Development, Achraf Khelil, Jacques-Yves Foucou, Insurance Tech, Label;1;
05/2019;30;15;8;0;0;15;50.0;conforme;Label Accordé;Label accordé après le Pitching;9arini.tn (édité par Digital World;SARL)
05/2019;30;15;8;0;0;15;50.0;conforme;Kais Assali;Anis Wahabi, EdTech, Label;6;
05/2019;30;15;8;0;0;15;50.0;conforme;N.A;N.A, Label accordé dès le 2ème tour, Fouta Tunisia, Beldi Zied, E-Commerce, Label;5;
05/2019;30;15;8;0;0;15;50.0;conforme;N.A;N.A, Label accordé dès le 2ème tour, Swiver, Hichem RADOINE, Azzam Souelmia, FinTech, Label;7;
05/2019;30;15;8;0;0;15;50.0;conforme;N.A;N.A, Label accordé dès le 2ème tour;profils.tn;Anis Maghar
05/2019;30;15;8;0;0;15;50.0;conforme;Imen Maghar;;HR;Prélabel
05/2019;30;15;8;0;0;15;50.0;conforme;N.A;N.A, Prélabel Accordé, Prélabel accordé dès le 2ème tour, Go Up Stand Up (Goupsup), Hazem Guent, Yassine Dimassi, Mobile, Prélabel;6;
05/2019;30;15;8;0;0;15;50.0;conforme;N.A;N.A, Prélabel Accordé, Prélabel accordé dès le 2ème tour, TransFacile, Oussema Marai, Ghada Chelly, Logistique, Prélabel;4;
05/2019;30;15;8;0;0;15;50.0;conforme;Prélabel Accordé;Prélabel accordé après le Pitching, Asklepios, Marwen Badri, Youssef El Behi, Health Tech, Prélabel;7;
05/2019;30;15;8;0;0;15;50.0;conforme;N.A;N.A, Prélabel Accordé, Prélabel accordé dès le 2ème tour, Bookingtodo, Aziz Annabi, Autre contenu créatif, Prélabel;1;
05/2019;30;15;8;0;0;15;50.0;conforme;Prélabel Accordé;Prélabel accordé après le Pitching, Industry X.0, Bilel Labidi, Med Abdel Aziz Battikh, Logiciel, Prélabel;4;
05/2019;30;15;8;0;0;15;50.0;conforme;Prélabel Accordé;Prélabel accordé après le Pitching, Bon'Heure, Nour Tekaya, Iskander Gafsi;HR;Prélabel
05/2019;30;15;8;0;0;15;50.0;conforme;N.A;N.A, Prélabel Accordé, Prélabel accordé dès le 2ème tour, Be bouncy, Ayoub Ben younes, Sophie Alexandra Aiachi, Marketing, Prélabel;6;
05/2019;30;15;8;0;0;15;50.0;conforme;N.A;N.A, Prélabel Accordé, Prélabel accordé dès le 2ème tour, Développement d'applications;comptables, gestion , finance;Mehdi Mabrouk
05/2019;30;15;8;0;0;15;50.0;conforme;Logiciel;Prélabel;2;
05/2019;30;15;8;0;0;15;50.0;conforme;N.A;N.A, Prélabel Non-Accordé, Prélabel non accordé après le 2ème tour, Domotec, Hichem Moalla, Yahia Moalla, IOT, Label;1;
05/2019;30;15;8;0;0;15;50.0;conforme;N.A;N.A, Label Non-Accordé, Label non accordé après le 2ème tour, Vim It, Imen Issaoui, Logiciel, Label;1;
05/2019;30;15;8;0;0;15;50.0;conforme;N.A;N.A, Label Non-Accordé, Label non accordé après le 2ème tour, Indigo Business Solutions, Mohamed Aloulou, Logiciel, Label;1;
05/2019;30;15;8;0;0;15;50.0;conforme;Label Non-Accordé;Label non accordé après le 2ème tour, Professional System, Hichem Ben Hammouda, Logiciel, Label;1;
05/2019;30;15;8;0;0;15;50.0;conforme;N.A;N.A, Label Non-Accordé, Label non accordé après le 2ème tour, Beego, Mohamed Amine Sammari, Mobile, Label, N.A, N.A, N.A, N.A, N.A, N.A, Label Non-Accordé, Le dossier est irrecevable pour manque de documents requis par le;décret 2018-840;B'rain
06/2019;33;14;8;0;0;14;42.4;corrigee;N.A;N.A, Label accordé, Label accordé dès le 2ème tour, Mohamed Salah Frad a déclaré un conflit d'intérêt, FABSKILL, Sofiane Mabrouk, Bechir Afifi, Mohamed Ben Sfar, HR Tech, Label;oui;
06/2019;33;14;8;0;0;14;42.4;corrigee;N.A;N.A, Label accordé, Label accordé dès le 2ème tour, Ali Mnif et Zakaria Belkhoja ont déclaré un conflit d'intérêt, MajestEYE, Jihed Hannachi, Rabie Saidi, Soufien Ben Hamza;AI;Label
06/2019;33;14;8;0;0;14;42.4;corrigee;N.A;N.A, Label accordé, Label accordé dès le 2ème tour, HERUNDO, Nizar Bouguila, Bessem Jallouli, Mohamed Boujelbane, E-Commerce, Label;oui;
06/2019;33;14;8;0;0;14;42.4;corrigee;N.A;N.A, Label accordé, Label accordé dès le 2ème tour, BioIntrants Technologie, Yassine Ben Menadi, Chedli Ben Menadi, Biotechnologie, Label;oui;
06/2019;33;14;8;0;0;14;42.4;corrigee;N.A;N.A, Label accordé, Label accordé dès le 2ème tour, JUNIOR NETWORK, Sahar Ben Rached, Zeineb Chabchoub, Oussema Ksontini, Edtech, Label;oui;
06/2019;33;14;8;0;0;14;42.4;corrigee;N.A;N.A, Label accordé, Label accordé dès le 2ème tour, Siteflow Factory, Samed Jalouali, Timothée Piette, Etienne Barrault, Louis Hauvette, Logiciel, Label;oui;
06/2019;33;14;8;0;0;14;42.4;corrigee;N.A;N.A, Label accordé, Label accordé dès le 2ème tour, Insight+, Adel Jenni, Imed Kouki, Fintech, Label;oui;
06/2019;33;14;8;0;0;14;42.4;corrigee;N.A;N.A, Label accordé, Label accordé dès le 2ème tour, DATAERA, Hedi Zouari, Maher Heni, Big Data, Label;oui;
06/2019;33;14;8;0;0;14;42.4;corrigee;Label accordé;Label accordé après pitching, SF Technologies, Mohamed Taher, Hammami, Fintech, Label;oui;
06/2019;33;14;8;0;0;14;42.4;corrigee;N.A;N.A, Label accordé, Label accordé après pitching, Zakaria Belkhoja a déclaré un conflit d'intérêt, CREATIVE CULINARY, Aziz Ben Chedli, E-commerce, Label;oui;
06/2019;33;14;8;0;0;14;42.4;corrigee;Label accordé;Label accordé après pitching, Elyes Jeribi, Ali Mnif et Zakaria Belkhoja ont déclaré un conflit d'intérêt, SAFOZI SARL, Zied Ouled Ali, Infrastructure, Label;oui;
06/2019;33;14;8;0;0;14;42.4;corrigee;N.A;N.A, Label accordé, Label accordé dès le 2eme tour, Zakaria Belkhoja a déclaré un conflit d'intérêt, NEXTPROTEIN TUNISIA, Mohamed Gastli, Syrine Chaalala, Agritech, Label;oui;
06/2019;33;14;8;0;0;14;42.4;corrigee;N.A;N.A, Label accordé, Label accordé dès le 2ème tour, SENIATNA, Neil Boussofara, Logistique, Label;oui;Label accordé
06/2019;33;14;8;0;0;14;42.4;corrigee;Label accordé suite au pitching;VME Internationale, Foued Ben Babis, Montassar Gharsa, Plateforme sociale, Prélabel;oui;
06/2019;33;14;8;0;0;14;42.4;corrigee;N.A;N.A, Pré-label accordé, Pré-Label accordé dès le 2ème tour, Zoor, Mahdi Houli, Radhi Houli, E-commerce, Prélabel;oui;
06/2019;33;14;8;0;0;14;42.4;corrigee;N.A;N.A, Pré-label accordé, Pré-Label accordé dès le 2ème tour, Natalista, Rim Besbes, Plateforme sociale, Prélabel;oui;
06/2019;33;14;8;0;0;14;42.4;corrigee;N.A;N.A, Pré-label accordé, Pré-Label accordé dès le 2ème tour, Videsys, Abdelaziz Ktari, Walid Messaoudia, Media, Prélabel;oui;
06/2019;33;14;8;0;0;14;42.4;corrigee;N.A;N.A, Pré-label accordé, Pré-Label accordé dès le 2ème tour, AYSHEK, Amine Dimassi, Mohamed Amine Baatout, E-commerce, Prélabel;oui;
06/2019;33;14;8;0;0;14;42.4;corrigee;Pré-label accordé;Pré-Label accordé après pitching, Kidsbook, Mohamed Nadhir Belkhir, Hafedh Dziri, Ed tech, Prélabel;oui;
06/2019;33;14;8;0;0;14;42.4;corrigee;N.A;N.A, Pré-label accordé, Pré-Label accordé dès le 2ème tour, Hezni Maak, Youssef Meksi, Plateforme sociale, Prélabel;oui;
06/2019;33;14;8;0;0;14;42.4;corrigee;Pré-label accordé;Pré-Label accordé après pitching, Pool & Fish Farm Smart Water, Management “P&FF-SWM”, Afef Bohli, Sami Tabbane, IOT, Prélabel;oui;
06/2019;33;14;8;0;0;14;42.4;corrigee;N.A;N.A, Pré-label accordé, Pré-Label accordé dès le 2ème tour, Massart Engineering, Mahdi Ghribi, Logiciel, Label;oui;
06/2019;33;14;8;0;0;14;42.4;corrigee;Label non-accordé;Label non accordé après pitching, MyCity, Mohamed Sami Rahoui, Marketing, Prélabel;oui;
06/2019;33;14;8;0;0;14;42.4;corrigee;Label non-accordé;Label non accordé après pitching, Tisopia, Wala Kasmi, Mohamed Boumiza, Structure d'appui;(plateforme sociale);Label
06/2019;33;14;8;0;0;14;42.4;corrigee;N.A;N.A, Label non-accordé, Label non accordé dès le 2ème tour, TUNMOB SA (DIGIT-U), Houssine Midouni, Insurance tech, Label;oui;
06/2019;33;14;8;0;0;14;42.4;corrigee;Label non-accordé;Label non accordé après pitching, Zakaria Belkhoja a déclaré un conflit d'intérêt, SMAAO Tunisie, Amjed Ben Salah, Insurance tech, Label;oui;
06/2019;33;14;8;0;0;14;42.4;corrigee;Label non-accordé;Label non accordé après pitching, IYADATI, Cheker Jarray, Health tech, Prélabel;oui;
06/2019;33;14;8;0;0;14;42.4;corrigee;Pré-label non-accordé;Pré-Label non accordé après pitching, Aevny, Nacir Bouazizi, Ahmed Ben Marzoug, E-commerce, Prélabel;oui;Pré-label non-accordé
06/2019;33;14;8;0;0;14;42.4;corrigee;Pré-label non accordé dès le 2ème tour;Elyes Jeribi a déclaré un conflit d'intérêt, Doctor Sina, Laaroussi Ben Younes, Health tech, Prélabel;oui;
06/2019;33;14;8;0;0;14;42.4;corrigee;N.A;N.A, Pré-label non-accordé, Pré-label non accordé dès le 2ème tour, Iris technologies, Khaled Bouchoucha, Agritech, Label;non;Label non-accordé
06/2019;33;14;8;0;0;14;42.4;corrigee;Le dossier est irrecevable pour manque de documents requis par le;;décret 2018-840;Agri Land
06/2019;33;14;8;0;0;14;42.4;corrigee;Saifeddine Kacem;AyetAllah Hlaiem, Agritech, Label;non;Label non-accordé
06/2019;33;14;8;0;0;14;42.4;corrigee;Le dossier est irrecevable pour non conformité aux critères d'éligibilité;;décrits par le décret 2018-840;
07/2019;28;14;8;0;0;14;50.0;corrigee;N.A;N.A, Label accordé, Label accordé dès le 2ème tour, Catrim, Mohamed Amine Ghorbel, Becem Ben Mustapha, Fintech, Label;7;
07/2019;28;14;8;0;0;14;50.0;corrigee;N.A;N.A, Label accordé, Label accordé dès le 2ème tour, Mohamed Salah Frad a déclaré un conflit d'intérêt;eDonec;Nader Zouari
07/2019;28;14;8;0;0;14;50.0;corrigee;Zakaria Hatira;Edtech, Label;9;
07/2019;28;14;8;0;0;14;50.0;corrigee;N.A;N.A, Label accordé, Label accordé dès le 2ème tour, Avempace, Haythem Boughzala, Abdelhamid Kerkeni, IOT, Label;6;
07/2019;28;14;8;0;0;14;50.0;corrigee;N.A;N.A, Label accordé, Label accordé dès le 2ème tour, NIWEES, Abdallah NAJAH, Marketing, Label;6;
07/2019;28;14;8;0;0;14;50.0;corrigee;N.A;N.A, Label accordé, Label accordé dès le 2ème tour, Arsela, Ines Hafi, Achref Ben Ouannes, Ahmed Ben Zineb;AI;Label
07/2019;28;14;8;0;0;14;50.0;corrigee;N.A;N.A, Label accordé, Label accordé dès le 2ème tour, Coaching Foot, Ahmed Adala, Kheireddine Fradj, Hussein Jenayah, E-commerce, Label;7;
07/2019;28;14;8;0;0;14;50.0;corrigee;N.A;N.A, Label accordé, Label accordé dès le 2ème tour, AROM R SARL, Ellyes Chakroun, IoT, Label;7;
07/2019;28;14;8;0;0;14;50.0;corrigee;N.A;N.A, Label accordé, Label accordé dès le 2ème tour, Rahba.tn, Mahmoud Aboulrob, Agritech, Label;6;
07/2019;28;14;8;0;0;14;50.0;corrigee;N.A;N.A, Label accordé, Label accordé dès le 2ème tour, DeVolution studio, Hidayet Ayadi, Seifeddine Ben Achour, Oualid Khayatti, Oussema Maatouk, Ed Tech, Label;6;
07/2019;28;14;8;0;0;14;50.0;corrigee;N.A;N.A, Label accordé, Label accordé dès le 2ème tour, Zakaria Belkhoja à déclaré un conflit d'intérêt, ASEPTIKA LAB, Selima Zaouali, Aziz Zaouali, E-commerce, Label;-;
07/2019;28;14;8;0;0;14;50.0;corrigee;Label accordé;Label accordé après pitching, Faavly, Mohamed Amine Grichi, Plateforme sociale, Label;-;
07/2019;28;14;8;0;0;14;50.0;corrigee;Label accordé;Label accordé après pitching, Universa Blockchain, Omar Bouattay, Alexandre Borodich, Blockchain & cryptocureency, Label;4;
07/2019;28;14;8;0;0;14;50.0;corrigee;Label accordé;Label accordé après pitching, Surfin - powered by Incept, Sofiene Chaieb, Mobile, Label;2;
07/2019;28;14;8;0;0;14;50.0;corrigee;Label accordé;Label accordé après pitching, TuniBoat, Ahmed Ayadi, E-commerce, Prélabel;8;
07/2019;28;14;8;0;0;14;50.0;corrigee;N.A;N.A, Prélabel accordé, Prélabel accordé dès le 2ème tour, Winshot, Walid Mzoughi, Hela Gabsi, Alaa Mokrani;AI;Prélabel
07/2019;28;14;8;0;0;14;50.0;corrigee;N.A;N.A, Prélabel accordé, Prélabel accordé dès le 2ème tour, Ali Mnif a déclaré un conflit d'intérêt, Technologia Academy, Mohamed Amine Hlali, Edtech, Prélabel;7;
07/2019;28;14;8;0;0;14;50.0;corrigee;N.A;N.A, Prélabel accordé, Prélabel accordé dès le 2ème tour, Minima.ai, Houssem eddine Mrad;AI;Prélabel
07/2019;28;14;8;0;0;14;50.0;corrigee;N.A;N.A, Prélabel accordé, Prélabel accordé dès le 2ème tour, Réseau social medical : Saheelha, Marwan Abidi, Big Data, Prélabel;9;
07/2019;28;14;8;0;0;14;50.0;corrigee;N.A;N.A, Prélabel accordé, Prélabel accordé dès le 2ème tour, Advanced functionalities for smart;home/company WiFi;Lotfi Aguerbaoui
07/2019;28;14;8;0;0;14;50.0;corrigee;Telecom;Prélabel;7;
07/2019;28;14;8;0;0;14;50.0;corrigee;N.A;N.A, Prélabel accordé, Prélabel accordé dès le 2ème tour, Zainpulse, Zaineb Rezgui, Health Tech, Prélabel;3;
07/2019;28;14;8;0;0;14;50.0;corrigee;Prélabel accordé;Prélabel accordé apès pitching, Sala7li, Mohamed Aymen Ben Elhaj Mabrouk, Ines Dhaouadi, Edtech, Prélabel;2;
07/2019;28;14;8;0;0;14;50.0;corrigee;Prélabel accordé;Prélabel accordé apès pitching, Appinov, Haykel Mrad, Yazid Rahoui, Heni Sabbeh, Logiciel, Label;-;
07/2019;28;14;8;0;0;14;50.0;corrigee;N.A;N.A, Label non accordé, Label non accordé dès le 2ème tour, AES, Amine Souilhi, Service, Label, OUI;-;
07/2019;28;14;8;0;0;14;50.0;corrigee;N.A;N.A, Label non accordé, Label non accordé dès le 2ème tour, STE VIF PRO, Mohamed Mouldi AYED, Sabri LACHAAL, E-commerce, Label;4;
07/2019;28;14;8;0;0;14;50.0;corrigee;Label non accordé;Label non accordé après pitching, Glamour By Riyem, Riyem Saidi, Health Tech, Prélabel;-;
07/2019;28;14;8;0;0;14;50.0;corrigee;N.A;N.A, Prélabel non accordé, Prélabel non accordé dès le 2ème tour, Greendyzer, Faycal Sessi, Bassem ABdelhak, Mohamed Nidham, Sfar Gandoura;iOT;Prélabel
07/2019;28;14;8;0;0;14;50.0;corrigee;Prélabel non accordé;Prélabel non accordé après pitching, VR Crystalized, Ahmed Khalil Abdelkhalek, Boulbaba Zitouni, Autre contenu;créatif;Prélabel
07/2019;28;14;8;0;0;14;50.0;corrigee;Prélabel non accordé;Prélabel non accordé après pitching, Kademia, Mohamed Ali Jomaa, EDTECH, Label, N.A, N.A, N.A, N.A, N.A, N.A, Label non accordé, Le dossier est irrecevable pour non conformité aux;critères d'éligibilité décrits par le décret 2018-840;
08/2019;28;20;5;0;0;20;71.4;corrigee;N.A;N.A, Label accordé, Label accordé dès le 2ème tour, Smart Farm, Bechir Ben Brika, Hamza Khechine, Agritech, Label;5;
08/2019;28;20;5;0;0;20;71.4;corrigee;N.A;N.A, Label accordé, Label accordé dès le 2ème tour, HealUp, Issam Ezzeddine, Imed Ezzeddine, Badi Bouteraa, Health tech, Label;6;
08/2019;28;20;5;0;0;20;71.4;corrigee;N.A;N.A, Label accordé, Label accordé dès le 2ème tour, Ali Mnif et Zakaria Belkhoja ont déclaré un conflit d'intérêt, MOOVOBRAIN, Khaoula Ben Ahmed, Syrine Ayari, Ghofrane Ayari, Souleima Ben Temim, Health tech, Label;7;
08/2019;28;20;5;0;0;20;71.4;corrigee;N.A;N.A, Label accordé, Label accordé dès le 2ème tour, Dataperformers, Mehdi Merai;AI;Label
08/2019;28;20;5;0;0;20;71.4;corrigee;N.A;N.A, Label accordé, Label accordé dès le 2ème tour, Appro.tn (L6), Slim Amamou, Nabegh Bechir Hatira, Hassen Marzouki, Logistique, Label;5;Label accordé
08/2019;28;20;5;0;0;20;71.4;corrigee;Label accordé dès le 2ème tour;Mohamed Salah Frad a déclaré un conflit d'intérêt, FoundPad, Mehdi Nakouri, Hazem Mhiri, Autre contenu créatif, Label;6;
08/2019;28;20;5;0;0;20;71.4;corrigee;N.A;N.A, Label accordé, Label accordé dès le 2ème tour, Société KAPTY SARL, Amine Allah Manai, Khaled Dridi, Logistique, Label;3;
08/2019;28;20;5;0;0;20;71.4;corrigee;Label accordé;Label accordé apès pitching, OTO TRAVEL, Elyes Elloumi, Ali ABid, Autre contenu créatif, Label;8;
08/2019;28;20;5;0;0;20;71.4;corrigee;N.A;N.A, Label accordé, Label accordé dès le 2ème tour, IDEAL CONCEPTION, Mehdi Zaabar, Health tech, Label;6;
08/2019;28;20;5;0;0;20;71.4;corrigee;N.A;N.A, Label accordé, Label accordé dès le 2ème tour, Mohamed Ali Kilani a déclaré un conflit d'intérêt;iCompass;Ahmed Nouisser
08/2019;28;20;5;0;0;20;71.4;corrigee;Mohamed Hatem Haddad;;AI;Label
08/2019;28;20;5;0;0;20;71.4;corrigee;N.A;N.A, Label accordé, Label accordé dès le 2ème tour;eDream Commerce;Kacem Ghozzi
08/2019;28;20;5;0;0;20;71.4;corrigee;Nebyl Ben Attia;Ecommerce, Label;5;
08/2019;28;20;5;0;0;20;71.4;corrigee;N.A;N.A, Label accordé, Label accordé dès le 2ème tour, Elyes Jeribi a déclaré un conflit d'intérêt, Vsober, Syrine Boudriga, Mohamed Ala eddine Ben Trad, Health Tech, Label;9;
08/2019;28;20;5;0;0;20;71.4;corrigee;N.A;N.A, Label accordé, Label accordé dès le 2ème tour, Société institution des modes;alternatifs de règlement des litiges;Kaouther Selmi
08/2019;28;20;5;0;0;20;71.4;corrigee;Khalil Ben Salah;Autre contenu créatif, Label;2;
08/2019;28;20;5;0;0;20;71.4;corrigee;Label accordé;Label accordé après pitching, Mohamed Ali Kilani a déclaré un conflit d'intérêt, Historio, Youssef Boufaied, Mustapha Gharbi, Marwen Sami, Skander Amor, Gaming, Label;7;
08/2019;28;20;5;0;0;20;71.4;corrigee;N.A;N.A, Label accordé, Label accordé dès le 2ème tour, NACHD-IT, Ahmed Ben Hssouna, Nourhane Amara, Logiciel, Label;3;
08/2019;28;20;5;0;0;20;71.4;corrigee;Label accordé;Label accordé apès pitching, Evey Technologies, Noomane Lahimer, Maher Hanafi, Plateforme Sociale, Label;5;
08/2019;28;20;5;0;0;20;71.4;corrigee;N.A;N.A, Label accordé, Label accordé dès le 2ème tour, Zakaria Belkhoja et Ali Mnif ont déclaré un conflit d'intérêt, SCIENCIA, Latifa El Ghezal, Mohamed Jaidane, Edtech, Label;6;
08/2019;28;20;5;0;0;20;71.4;corrigee;N.A;N.A, Label accordé, Label accordé dès le 2ème tour, WanToTrip, Chahrazed Remadi, Makrem Hermassi, Ecommerce, Prélabel;6;
08/2019;28;20;5;0;0;20;71.4;corrigee;N.A;N.A, Prélabel accordé, Prélabel accordé dès le 2ème tour, X-P-R, Mohamed Aziz CHAHED, Mohamed Itheb Ben Abbes, Oussama Ouda, Mohamed Chebbi, Logiciel, Prélabel;4;
08/2019;28;20;5;0;0;20;71.4;corrigee;Prélabel accordé;Prélabel accordé après pitching, Zatex, Mohamed Mekki Maalej, IoT, Prélabel;6;
08/2019;28;20;5;0;0;20;71.4;corrigee;N.A;N.A, Label accordé, Prélabel accordé dès le 2ème tour, Eat & Fit, Skander Ben Sassi, Autre contenu créatif, Prélabel;6;
08/2019;28;20;5;0;0;20;71.4;corrigee;N.A;N.A, Label accordé, Prélabel accordé dès le 2ème tour, Plateforme de Formation E-learning, Nasreddine Cherih, Marouane El Behi, Autre contenu créatif, Prélabel;6;
08/2019;28;20;5;0;0;20;71.4;corrigee;N.A;N.A, Prélabel accordé, Prélabel accordé dès le 2ème tour, Projet de valorisation des coproduits;issus de l'engraissement du thon rouge;(Oleomar Start-up Projet)
08/2019;28;20;5;0;0;20;71.4;corrigee;Sami Guetari;Nadia Bouslimi Guetari, Agritech, Prélabel;7;
08/2019;28;20;5;0;0;20;71.4;corrigee;N.A;N.A, Prélabel accordé, Prélabel accordé dès le 2ème tour, UTIK, Makrem Dhifalli, Aymen Gatri, Mounir Bezzarga, Blockchain & cryptocurrency Prélabel;1;
08/2019;28;20;5;0;0;20;71.4;corrigee;Prélabel accordé;Prélabel accordé après pitching, Smart Brand Web, Wajdi El Fehem, Ecommerce, Prélabel;-;
08/2019;28;20;5;0;0;20;71.4;corrigee;N.A;N.A, Prélabel non accordé, Prélabel non accordé, MAIZ FARM, Hassen Maiz, Agritech, Prélabel;-;
08/2019;28;20;5;0;0;20;71.4;corrigee;N.A;N.A, Prélabel non accordé, Prélabel non accordé, MAGNITECHS, Khaled Ben Ali, Fatma Ghizaoui, Mohamed Ben Hadj Hmida, Wajih Gafsi, Mariem Gannouni, Ecommerce, Prélabel;-;Prélabel non accordé
09/2019;24;15;6;0;3;12;62.5;conforme;Sarra Khemakhem;Firas Rhaiem, Logistique, Label;5;
09/2019;24;15;6;0;3;12;62.5;conforme;N.A;N.A, Label accordé, Label accordé dès le 2ème tour, Farm Trust, Anis Mezghani, Wassim Khiari, E-commerce, Label;4;
09/2019;24;15;6;0;3;12;62.5;conforme;Label accordé;Label accordé après pitching, Ali Mnif et Zakaria Belkhoja ont déclaré un conflit d'intérêt, TrustiT, Mohamed Amine Ouni, E-commerce, Label;7;
09/2019;24;15;6;0;3;12;62.5;conforme;N.A;N.A, Label accordé, Label accordé dès le 2ème tour, Ali Mnif et Zakaria Belkhoja ont déclaré un conflit d'intérêt;fixiha.tn;Ahmed Ben Said
09/2019;24;15;6;0;3;12;62.5;conforme;E-commerce;Label;5;
09/2019;24;15;6;0;3;12;62.5;conforme;N.A;N.A, Label accordé, Label accordé dès le 2ème tour, Société DOM Services, Khaled Dhifallah Ennefii, Mobile, Label;7;
09/2019;24;15;6;0;3;12;62.5;conforme;N.A;N.A, Label accordé, Label accordé dès le 2ème tour, The Landlord, Mohamed Farouk Ben Achour, E-commerce, Label;6;
09/2019;24;15;6;0;3;12;62.5;conforme;N.A;N.A, Label accordé, Label accordé dès le 2ème tour, BeNeutron, Zaroui Montasar, Mannai Karim, EdTech, Label;7;
09/2019;24;15;6;0;3;12;62.5;conforme;N.A;N.A, Label accordé, Label accordé dès le 2ème tour, Epilert, Firas Rhaiem, Haroun Moula, Amine Riahi, Health tech, Label;7;
09/2019;24;15;6;0;3;12;62.5;conforme;N.A;N.A, Label accordé, Label accordé dès le 2ème tour, Black Dune Studio, Mohamed Ali Hammami, Hamad Mohamed Hamad Abden El Mra, Ahmed EL KADHI, Mohamed BOUABIDI, Ayoub KHAMESSI, EdTech, Label;5;
09/2019;24;15;6;0;3;12;62.5;conforme;N.A;N.A, Label accordé, Label accordé dès le 2ème tour, Idara Tn, Jelassi Mohamed Amine, Baklouti Bassem, Ben Salah Slim, Nouri Houssem Eddine, Plateforme sociale, Label;6;
09/2019;24;15;6;0;3;12;62.5;conforme;N.A;N.A, Label accordé, Label accordé dès le 2ème tour, Teskerti.tn, Karim Jelliti, E-commerce, Label;2;
09/2019;24;15;6;0;3;12;62.5;conforme;Label accordé;Label accordé après pitching, Ali Mnif et Zakaria Belkhoja ont déclaré un conflit d'intérêt, GETPAY, Slim MOalla, Salma Moalla, Fares Bouguecha, Fintech, Label;-;Label accordé
09/2019;24;15;6;0;3;12;62.5;conforme;Label accordé après pitching;Zakaria Belkhoja a déclaré un conflit d'intérêt, Kamioun, Fares Belghith, Abdelrahman Ghariani, Logistique, Prélabel;7;
09/2019;24;15;6;0;3;12;62.5;conforme;N.A;N.A, Prélabel accordé, Prélabel accordé dès le 2ème tour, Tuni'AR, Abdelhamid Boukhari, Kalfat Sarra, Mohamed Karim Sakrani, Autre contenu créatif, Prélabel;6;
09/2019;24;15;6;0;3;12;62.5;conforme;N.A;N.A, Prélabel accordé, Prélabel accordé dès le 2ème tour, Athena-IO, Safwen Bouali, Cherif Redissi, Amine Troudi, Logiciel, Prélabel;6;
09/2019;24;15;6;0;3;12;62.5;conforme;N.A;N.A, Prélabel accordé, Prélabel accordé dès le 2ème tour, Ali Mnif et Zakaria Belkhoja ont déclaré un conflit d'intérêt, ZOLFAﻰَﻔﻟُز, Adel Jeridi, Hardware, Prélabel;5;
09/2019;24;15;6;0;3;12;62.5;conforme;N.A;N.A, Prélabel accordé, Prélabel accordé dès le 2ème tour, GoFields, Youssef Cherif, Mobile, Prélabel;5;
09/2019;24;15;6;0;3;12;62.5;conforme;N.A;N.A, Prélabel accordé, Prélabel accordé dès le 2ème tour, Kyto-Prod, Olfa Kilani ep Feki, Takwa Mrabet, Safa Ben Khedher, Mohamed Amine Bourkhis, Biotechnologie, Prélabel;3;
09/2019;24;15;6;0;3;12;62.5;conforme;Prélabel accordé;Prélabel accordé après pitching, SBA Workforce, Perrine Mihelic, Fintech, Label, N.A, N.A, N.A, N.A, N.A, N.A, Label non accordé, Le dossier est irrecevable pour non conformité aux critères;d'éligibilité décrits par le décret 2018-840;Think-it
09/2019;24;15;6;0;3;12;62.5;conforme;Joscha Raue;Mehemed Bougsea;HR;Label
09/2019;24;15;6;0;3;12;62.5;conforme;N.A;N.A, Label non accordé, Label non accordé dès le 2ème tour, Servis.tn, Mohamed Aziz Belhadj Jrad, Nada Boukhalfa, E-commerce, Prélabel;2;Prélabel non accordé
09/2019;24;15;6;0;3;12;62.5;conforme;Prélabel non accordé après pitching;Mohamed Salah Frad a déclaré un conflit d'intérêt, HOOLOOS, Mohamed Bhibah, Mehdi Gabsi, Marketing, Prélabel;-;
09/2019;24;15;6;0;3;12;62.5;conforme;N.A;N.A, Prélabel non accordé, Prélabel non accordé dès le 2ème tour, Best-Tech, Mohamed Amine Boubakri, Logiciel, Prélabel;-;
09/2019;24;15;6;0;3;12;62.5;conforme;N.A;N.A, Prélabel non accordé, Prélabel non accordé dès le 2ème tour, Digistart, Walid Bousnina, Aymen Hammemi, Chamseddine Bezzaouia;AI;Prélabel
09/2019;24;15;6;0;3;12;62.5;conforme;Prélabel non accordé;Prélabel non accordé après pitching, Passage de Prélabels en Labels, Société, Fondateurs, Secteur, Session d'obtention;du Prélabel;Résultat
09/2019;24;15;6;0;3;12;62.5;conforme;Commentaires;Go Field, Walid Mzoughi, Hela Gabsi, Alaa Mokrani;AI;Juillet 2019
09/2019;24;15;6;0;3;12;62.5;conforme;Label accordé;Label accordé suite à la création de la Startup et le respect des;conditions d'octroi;Wantotrip
09/2019;24;15;6;0;3;12;62.5;conforme;Chehrazade Remadi;Makrem Hermassi, E-commerce, Août 2019, Label accordé, Label accordé suite à la création de la Startup et le respect des;conditions d'octroi;Technologia Academy
09/2019;24;15;6;0;3;12;62.5;conforme;Mohamed Amine Hlaili;Edtech, Juillet 2019, Label accordé, Label accordé suite à la création de la Startup et le respect des;conditions d'octroi;
10/2019;34;23;5;0;0;23;67.6;corrigee;N.A;N.A, Label accordé, Label accordé dès le 2ème tour, Datavision, Skander Amor, Borhen Jlidi;AI;Label
10/2019;34;23;5;0;0;23;67.6;corrigee;N.A;N.A, Label accordé, Label accordé dès le 2ème tour, Ali Mnif et Zakaria Belkhoja ont déclaré un conflit d'intérêt, RESRV, Ahmed Taktak, Nabil Gazdar, Logiciel, Label;8;
10/2019;34;23;5;0;0;23;67.6;corrigee;N.A;N.A, Label accordé, Label accordé dès le 2ème tour, NEPTUNE MOSAIC, Zied Abbes, Autre contenu créatif, Label;6;Label accordé
10/2019;34;23;5;0;0;23;67.6;corrigee;Label accordé dès le 2ème tour;Elyes Jeribi a déclaré un conflit d'intérêt, Taderok, Ahmed Dhieb, Anoir Dhieb, EdTech, Label;6;
10/2019;34;23;5;0;0;23;67.6;corrigee;N.A;N.A, Label accordé, Label accordé dès le 2ème tour, Ali Mnif et Zakaria Belkhoja ont déclaré un conflit d'intérêt, Intigrow, Bassem Bouguerra, Nebil Jridet, Logistique, Label;7;
10/2019;34;23;5;0;0;23;67.6;corrigee;N.A;N.A, Label accordé, Label accordé dès le 2ème tour, Nader Bhouri et Zakaria Belkhoja ont déclaré un conflit d'intérêt, Artify, Yahia Mgarrech, Autre contenu créatif, Label;7;
10/2019;34;23;5;0;0;23;67.6;corrigee;N.A;N.A, Label accordé, Label accordé dès le 2ème tour, Ali Mnif et Zakaria Belkhoja ont déclaré un conflit d'intérêt, TIRA ROBOTS, Wassim ben Hmida, Azza Attia, Robotique, Label;6;
10/2019;34;23;5;0;0;23;67.6;corrigee;N.A;N.A, Label accordé, Label accordé dès le 2ème tour, Ali Mnif et Zakaria Belkhoja ont déclaré un conflit d'intérêt, HISTORIAR, Houda Bakir, Jihed Makni, Autre contenu créatif, Label;6;Label accordé
10/2019;34;23;5;0;0;23;67.6;corrigee;Label accordé dès le 2ème tour;Mohamed Salah Frad a déclaré un conflit d'intérêt, Couscous Connection, Edriss Kharroubi Essaied, Rachid Kharroubi Essaied, E-commerce, Label;7;
10/2019;34;23;5;0;0;23;67.6;corrigee;N.A;N.A, Label accordé, Label accordé dès le 2ème tour, Neoshop, Donia Fayach, Ahmed Nsiri, E-commerce, Label;4;Label accordé
10/2019;34;23;5;0;0;23;67.6;corrigee;Label accordé après pitching;Swanina, Sana Hafsa, Agritech, Label;5;
10/2019;34;23;5;0;0;23;67.6;corrigee;N.A;N.A, Label accordé, Label accordé dès le 2ème tour, SMART LOGGER, Mohamed Taghouti, Mehdi Taghouti;iOT;Label
10/2019;34;23;5;0;0;23;67.6;corrigee;N.A;N.A, Label accordé, Label accordé dès le 2ème tour, ProvenMed, Souheil Guessoum, Amine Staali, Ahmed Boughaleb, Health Tech, Label;5;
10/2019;34;23;5;0;0;23;67.6;corrigee;N.A;N.A, Label accordé, Label accordé dès le 2ème tour, Ali Mnif a déclaré un conflit d'intérêt, Lightency, Jaafar Saied, Mohamed Mnif, Boubaker Selmi, Cryptocurrency &, Blockchain, Label;8;
10/2019;34;23;5;0;0;23;67.6;corrigee;N.A;N.A, Label accordé, Label accordé dès le 2ème tour, CURE, Mohamed Dhaouafi, Health Tech, Label;8;
10/2019;34;23;5;0;0;23;67.6;corrigee;N.A;N.A, Label accordé, Label accordé dès le 2ème tour, REBOOTKAMP, Lotfi Darragi, Hugh Bosely, Tarek Chehidi, Aymen Ben Hassine, Bilel Labidi, EdTech, Label;6;
10/2019;34;23;5;0;0;23;67.6;corrigee;N.A;N.A, Label accordé, Label accordé dès le 2ème tour, Tledger, Hichem Ben Fadhl, Amine Ben Abderrahman, Cryptocurrency &, Blockchain, Label;6;
10/2019;34;23;5;0;0;23;67.6;corrigee;N.A;N.A, Label accordé, Label accordé dès le 2ème tour, Mohamed Ali Kilani et Zakaria Belkhoja ont déclaré un conflit d'intérêt, Coursesgolf, Assil Talmoudi, E-commerce, Prélabel;8;
10/2019;34;23;5;0;0;23;67.6;corrigee;N.A;N.A, Prélabel accordé, Prélabel accordé dès le 2ème tour, Rhintos Games, Ayoub Ben Thabet, Ahmed Chlagou, Hishem Zarrad, Gaming, Prélabel;7;
10/2019;34;23;5;0;0;23;67.6;corrigee;N.A;N.A, Prélabel accordé, Prélabel accordé dès le 2ème tour, WareCom, Hamza SAIDI, Nour Abbous, Ali Saidi;iOT;Prélabel
10/2019;34;23;5;0;0;23;67.6;corrigee;Prélabel accordé;Prélabel accordé après pitching, Foodealz, Rim ELFAHEM, Iskander EL AMRI, E-commerce, Prélabel;5;Prélabel accordé
10/2019;34;23;5;0;0;23;67.6;corrigee;Prélabel accordé dès le 2ème tour;Elyes Jeribi a déclaré un conflit d'intérêt, IDWEY, Khouloud Kaabi, Meriem Amamou, Borhen Mansouri, Khmaiess Ahmed, Plateforme sociale, Prélabel;7;
10/2019;34;23;5;0;0;23;67.6;corrigee;N.A;N.A, Prélabel accordé, Prélabel accordé dès le 2ème tour, Humansys, Amine Gara, Mariem Ouanes, Logiciel, Label;-;
10/2019;34;23;5;0;0;23;67.6;corrigee;N.A;N.A, Label non accordé, Label non accordé dès le 2ème tour;2ME | Machining & Manufacturing Engineering;Mohamed Bechir Chniti
10/2019;34;23;5;0;0;23;67.6;corrigee;Nedra Neffeti;Service, Label;-;
10/2019;34;23;5;0;0;23;67.6;corrigee;N.A;N.A, Label non accordé, Label non accordé dès le 2ème tour, Prodcom, Amen Allah Missaoui, Hassen Missaoui, Plateforme sociale, Label;-;
10/2019;34;23;5;0;0;23;67.6;corrigee;N.A;N.A, Label non accordé, Label non accordé dès le 2ème tour, Plateforme de Tele-Medecine et mSante ( KoalX ), Asma Gaabal, Achref Mabrouk, Health Tech, Label;-;
10/2019;34;23;5;0;0;23;67.6;corrigee;N.A;N.A, Label non accordé, Label non accordé dès le 2ème tour, Meilleure Vie Etudiants Tunisie, Wissem hakiri, Mohamed Guediche, Plateforme sociale, Label;3;
10/2019;34;23;5;0;0;23;67.6;corrigee;Label non accordé;Label non accordé après pitching, SPX, Rabii Jhinaoui, Logiciel, Label, N.A, N.A, N.A, N.A, N.A, N.A, Label non accordé, Le dossier est irrecevable pour non conformité aux critères d'éligibilité;décrits par le décret 2018-840;Bambinosit
10/2019;34;23;5;0;0;23;67.6;corrigee;Nivine Mussi;Plateforme sociale, Prélabel;-;
10/2019;34;23;5;0;0;23;67.6;corrigee;N.A;N.A, Prélabel non accordé, Prélabel non accordé dès le 2ème tour, Smart-Ways, Walid Labidi;iOT;Prélabel
10/2019;34;23;5;0;0;23;67.6;corrigee;N.A;N.A, Prélabel non accordé, Prélabel non accordé dès le 2ème tour, One Shot, Khemais Ben Mustapha, Marketing, Prélabel;-;
10/2019;34;23;5;0;0;23;67.6;corrigee;N.A;N.A, Prélabel non accordé, Prélabel non accordé dès le 2ème tour, Municipalité 4.0, Amal Baccara, Ala eddine Soltani, Plateforme sociale, Prélabel;-;
10/2019;34;23;5;0;0;23;67.6;corrigee;N.A;N.A, Prélabel non accordé, Prélabel non accordé dès le 2ème tour, Al madina, Saief Eddine Djibali, Health Tech, Prélabel;-;
10/2019;34;23;5;0;0;23;67.6;corrigee;Prélabel non accordé;Prélabel non accordé après pitching, Passage de Prélabel au Label, Société, Fondateurs, Secteur, Session d'obtention;du Prélabel;Résultat
10/2019;34;23;5;0;0;23;67.6;corrigee;Commentaires;Sala7li, Mohamed Aymen Ben Hadj Mabrouk, Ines Dhaouadi, EdTech, Juillet 2019, Label accordé, Label accordé suite à la création de la Startup et le respect des;conditions d'octroi;TuniBoat
10/2019;34;23;5;0;0;23;67.6;corrigee;Ahmed Ayadi;E-commerce, Juillet 2019, Label accordé, Label accordé suite à la création de la Startup et le respect des;conditions d'octroi;BeBouncy
10/2019;34;23;5;0;0;23;67.6;corrigee;Ayoub Ben Younes;Sophie Alexandra Aiachi, Assad Ben Mrad, Marketing, Mai 2019, Label accordé, Label accordé suite à la création de la Startup et le respect des;conditions d'octroi;CreatiView
10/2019;34;23;5;0;0;23;67.6;corrigee;Youssef Meksi;Nour Alaya, Plateforme sociale, Juin 2019, Label accordé, Label accordé suite à la création de la Startup et le respect des;conditions d'octroi;Bon'Heure
10/2019;34;23;5;0;0;23;67.6;corrigee;Nour Tekaya;Skander Gafsi;HR;Mai 2019
10/2019;34;23;5;0;0;23;67.6;corrigee;Label accordé;Label accordé suite à la création de la Startup et le respect des;conditions d'octroi;
11/2019;35;17;10;0;6;11;48.6;conforme;Fondateurs;Secteur, Label/Prélabel;1er Tour;
11/2019;35;17;10;0;6;11;48.6;conforme;N.A;N.A, Label accordé, Label accordé dès le 2ème tour, Ali Mnif et Zakaria Belkhodja ont déclaré un conflit d'intérêt, NG Technologies, Moez Ben Mbarka, Logiciel, Label;8;
11/2019;35;17;10;0;6;11;48.6;conforme;N.A;N.A, Label accordé, Label accordé dès le 2ème tour, VAKAY, Adam Jabeur, Wearables, Label;9;
11/2019;35;17;10;0;6;11;48.6;conforme;N.A;N.A, Label accordé, Label accordé dès le 2ème tour, EDUC'ART, Henda Sahnoun, Autre contenu créatif, Label;8;
11/2019;35;17;10;0;6;11;48.6;conforme;N.A;N.A, Label accordé, Label accordé dès le 2ème tour, AZÄ, Oussama Gmati, E-commerce, Label;6;
11/2019;35;17;10;0;6;11;48.6;conforme;N.A;N.A, Label accordé, Label accordé dès le 2ème tour, Anavid, Ahmed Chaari;AI;Label
11/2019;35;17;10;0;6;11;48.6;conforme;N.A;N.A, Label accordé, Label accordé dès le 2ème tour, DrillSERV, Ahmed Aouiti, Agritech, Label;2;
11/2019;35;17;10;0;6;11;48.6;conforme;Label accordé;Label accordé après pitching, SOLIXY, Haythem Khalifa;AI;Label
11/2019;35;17;10;0;6;11;48.6;conforme;Label accordé;Label accordé après pitching, SAMM TEST & AUTOMATION, Mohamed Anane, Robotique, Label;3;
11/2019;35;17;10;0;6;11;48.6;conforme;Label accordé;"Label accordé après pitching, Baity tn ""Decoriz"" SARL, Saber Gharsellaoui, E-commerce, Label";2;
11/2019;35;17;10;0;6;11;48.6;conforme;Label accordé;Label accordé après pitching, Elyes Jeribi a déclaré un conflit d'intérêt, PROSUMERS, Haythem Zouari, Cleantech, Label;4;
11/2019;35;17;10;0;6;11;48.6;conforme;Label accordé;Label accordé après pitching;7keema;Amr Bakr
11/2019;35;17;10;0;6;11;48.6;conforme;Health Tech;Prélabel;8;
11/2019;35;17;10;0;6;11;48.6;conforme;N.A;N.A, Prélabel accordé, Prélabel accordé dès le 2ème tour, Salaire.tn, Fédi Belkacem;HR;Prélabel
11/2019;35;17;10;0;6;11;48.6;conforme;N.A;N.A, Prélabel accordé, Prélabel accordé dès le 2ème tour, VDOC, Aymen Saadani, Health Tech, Prélabel;5;
11/2019;35;17;10;0;6;11;48.6;conforme;N.A;N.A, Prélabel accordé, Prélabel accordé dès le 2ème tour, Lamma, Hamza Guesmi, Logistique, Prélabel;8;
11/2019;35;17;10;0;6;11;48.6;conforme;N.A;N.A, Prélabel accordé, Prélabel accordé dès le 2ème tour, INNOFAB, Nadim Kharraz, Autre contenu créatif, Prélabel;5;Prélabel accordé
11/2019;35;17;10;0;6;11;48.6;conforme;Prélabel accordé dès le 2ème tour;Ali Mnif a déclaré un conflit d'intérêt, NovaTEK Solution, Safa Bouhajar, Agritech, Prélabel;7;
11/2019;35;17;10;0;6;11;48.6;conforme;N.A;N.A, Prélabel accordé, Prélabel accordé dès le 2ème tour, Miral Things, Anouer Kebir;iOT;Prélabel
11/2019;35;17;10;0;6;11;48.6;conforme;N.A;N.A, Prélabel accordé, Prélabel accordé dès le 2ème tour, Shadoc (société Sirat Edition spin off de Sirat ), Amel Torkhani, Logiciel, Prélabel;9;
11/2019;35;17;10;0;6;11;48.6;conforme;N.A;N.A, Prélabel accordé, Prélabel accordé dès le 2ème tour, Exacctly, Noureddine Loukil;AI;Prélabel
11/2019;35;17;10;0;6;11;48.6;conforme;N.A;N.A, Prélabel accordé, Prélabel accordé dès le 2ème tour, Domoticaza, Mohamed Zammel;iOT;Prélabel
11/2019;35;17;10;0;6;11;48.6;conforme;Prélabel accordé;Prélabel accordé après pitching, Supermarché Founa, Karim Skik, E-commerce, Label;1;
11/2019;35;17;10;0;6;11;48.6;conforme;N.A;N.A, Label non accordé, Label non accordé dès le 2ème tour, Elyes Jeribi a déclaré un conflit d'intérêt;B4 PRINT;Mohamed Sami Adouani
11/2019;35;17;10;0;6;11;48.6;conforme;Commerce;Label;-;
11/2019;35;17;10;0;6;11;48.6;conforme;N.A;N.A, Label non accordé, Label non accordé dès le 2ème tour, BS partage, Boutheina Hamdi, Service, Label;-;
11/2019;35;17;10;0;6;11;48.6;conforme;N.A;N.A, Label non accordé, Label non accordé dès le 2ème tour, Oxygen Design, Anas Ben Amar, E-commerce, Label;-;
11/2019;35;17;10;0;6;11;48.6;conforme;Label non accordé;Label non accordé après pitching, OneCom, Firas Yahyaoui, Telecom, Prélabel;-;
11/2019;35;17;10;0;6;11;48.6;conforme;N.A;N.A, Prélabel non accordé, Prélabel non accordé dès le 2ème tour, Motion Ads, Faouzi Zorgati, Marketing, Prélabel;1;
11/2019;35;17;10;0;6;11;48.6;conforme;N.A;N.A, Prélabel non accordé, Prélabel non accordé dès le 2ème tour, Kot BJ, Walid Haouari, E-commerce, Prélabel;-;
11/2019;35;17;10;0;6;11;48.6;conforme;N.A;N.A, Prélabel non accordé, Prélabel non accordé dès le 2ème tour, Ifortic, Nizar Jeridi, Edtech, Prélabel;1;
11/2019;35;17;10;0;6;11;48.6;conforme;N.A;N.A, Prélabel non accordé, Prélabel non accordé dès le 2ème tour, NO CUT, Ahmed Ben Boubaker, Logistique, Prélabel;-;
11/2019;35;17;10;0;6;11;48.6;conforme;N.A;N.A, Prélabel non accordé, Prélabel non accordé dès le 2ème tour;eDallel;Mehdi Braiek
11/2019;35;17;10;0;6;11;48.6;conforme;Plateforme sociale;Prélabel;4;
11/2019;35;17;10;0;6;11;48.6;conforme;Prélabel non accordé;Prélabel non accordé après pitching, School Upgrader, Khalil Zineb, Edtech, Prélabel;1;
11/2019;35;17;10;0;6;11;48.6;conforme;Prélabel non accordé;Prélabel non accordé après pitching, PENTAPIX, Khaled Khelifi, Autre contenu créatif, Prélabel;-;
11/2019;35;17;10;0;6;11;48.6;conforme;Prélabel non accordé;Prélabel non accordé après pitching, Fonderz, Nidhal Meghirbi, Plateforme sociale, Prélabel;3;
11/2019;35;17;10;0;6;11;48.6;conforme;Prélabel non accordé;Prélabel non accordé après pitching, HS Gaming, Hamdi Ben Ammar, Gaming, Prélabel, N.A, N.A, N.A, N.A, N.A, N.A, Prélabel non accordé, Dossier irrecevable : Idée de projet basée sur le pari sportif qui est le;monopole de la société publique Promosport;Passage de Prélabels aux Labels
11/2019;35;17;10;0;6;11;48.6;conforme;Société;Fondateurs, Secteur, Session d'obtention;du Prélabel;Résultat
11/2019;35;17;10;0;6;11;48.6;conforme;Commentaires;Eat & Fit, Skander Ben Sassi, Autre contenu créatif, Aout 2019, Label accordé suite à la création de la Startup et le respect des;conditions d'octroi;MINIMA AI
11/2019;35;17;10;0;6;11;48.6;conforme;Houssem eddine Mrad;;AI;Juillet 2019
11/2019;35;17;10;0;6;11;48.6;conforme;Label Accordé;Label accordé suite à la création de la Startup et le respect des;conditions d'octroi;PROFILTHEQUE
11/2019;35;17;10;0;6;11;48.6;conforme;Anis Maghar;Imen Maghar;HR;Mai 2019
11/2019;35;17;10;0;6;11;48.6;conforme;Label Accordé;Label accordé suite à la création de la Startup et le respect des;conditions d'octroi;RHINTOS GAMES
11/2019;35;17;10;0;6;11;48.6;conforme;Ayoub Ben Thabet;Ahmed Chlagou, Hishem Zarrad, Gaming, Octobre 2019, Label accordé suite à la création de la Startup et le respect des;conditions d'octroi;GO UP STAND UP
11/2019;35;17;10;0;6;11;48.6;conforme;Hazem Guent;Yassine Dimassi, Mobile, Mai 2019, Label accordé suite à la création de la Startup et le respect des;conditions d'octroi;Athena-IO
11/2019;35;17;10;0;6;11;48.6;conforme;Safwen Bouali;Cherif Redissi, Amine Troudi, Logiciel, Septembre 2019, Label accordé suite à la création de la Startup et le respect des;conditions d'octroi;
12/2019;32;23;8;0;10;13;71.9;conforme;N.A;N.A, Label accordé, Label accordé dès le 2ème tour, Société Jhimi Pour Les Elévateurs Légers, Houcine Jhimi, Ali Jhimi, Agritech, Label;5;
12/2019;32;23;8;0;10;13;71.9;conforme;N.A;N.A, Label accordé, Label accordé dès le 2ème tour, Grabingo, Mohamed Khalloufi, Marketing, Label;5;
12/2019;32;23;8;0;10;13;71.9;conforme;N.A;N.A, Label accordé, Label accordé dès le 2ème tour, Ali Mnif a déclaré un conflit d'intérêt, Logis Technologies, Riadh Ellouze, Logiciel, Label;7;
12/2019;32;23;8;0;10;13;71.9;conforme;N.A;N.A, Label accordé, Label accordé dès le 2ème tour, Ali Mnif a déclaré un conflit d'intérêt;K2LIS;Tarek Kammoun
12/2019;32;23;8;0;10;13;71.9;conforme;Farouk Kamoun;Mohamed Ben Laroussi Limame, Fintech, Label;8;
12/2019;32;23;8;0;10;13;71.9;conforme;N.A;N.A, Label accordé, Label accordé dès le 2ème tour, STRIKE MOTOTRS, Mohamed Ben Mahmoud, Cleantech, Label;7;
12/2019;32;23;8;0;10;13;71.9;conforme;N.A;N.A, Label accordé, Label accordé dès le 2ème tour, KHEER, Chaker Lafi, Haythem Khalifa, Salem Khalifa, Bechir Yahya;iOT;Label
12/2019;32;23;8;0;10;13;71.9;conforme;N.A;N.A, Label accordé, Label accordé dès le 2ème tour, Tap4glam, Maya Touati, E-commerce, Label;7;
12/2019;32;23;8;0;10;13;71.9;conforme;N.A;N.A, Label accordé, Label accordé dès le 2ème tour, Ali Mnif et Zakaria Belkhoja ont déclaré un conflit d'intérêt, Ahmini, Meher Khelifi, Plateforme sociale, Label;9;
12/2019;32;23;8;0;10;13;71.9;conforme;N.A;N.A, Label accordé, Label accordé dès le 2ème tour, Chantier, Moufid Ben Hmida, Shady Achouri, Marketing, Label;5;Label accordé
12/2019;32;23;8;0;10;13;71.9;conforme;Label accordé dès le 2ème tour;Ali Mnif et Zakaria Belkhoja ont déclaré un conflit d'intérêt, Club privilèges / BIGDeal, Issam Essefi, Imededdine Essefi, Iheb Beji, Mobile, Label;5;Label accordé
12/2019;32;23;8;0;10;13;71.9;conforme;Label accordé dès le 2ème tour;Ali Mnif et Khaled Ben Jilani ont déclaré un conflit d'intérêt, Iowaves, Amine Rahmouni, Energie, Label;5;
12/2019;32;23;8;0;10;13;71.9;conforme;N.A;N.A, Label accordé, Label accordé dès le 2ème tour, Beego, Amine Sammary, Mobile, Label;-;
12/2019;32;23;8;0;10;13;71.9;conforme;Label accordé;Label accordé après pitching, AfiaTech, Leith Glissa, Health tech, Prélabel;8;
12/2019;32;23;8;0;10;13;71.9;conforme;N.A;N.A, Prélabel accordé, Prélabel accordé dès le 2ème tour, MICE, Nasreddine Somaali, Marwa Khmissi, Agritech, Prélabel;6;
12/2019;32;23;8;0;10;13;71.9;conforme;N.A;N.A, Prélabel accordé, Prélabel accordé dès le 2ème tour, Fasteas, Kais Ben Ayed, Meriem ElMay, Plateforme sociale, Prélabel;8;
12/2019;32;23;8;0;10;13;71.9;conforme;N.A;N.A, Prélabel accordé, Prélabel accordé dès le 2ème tour, New Wave for communication & solutions, Naoufel Elarayedh, Wael Dhouib, E-commerce, Prélabel;8;
12/2019;32;23;8;0;10;13;71.9;conforme;N.A;N.A, Prélabel accordé, Prélabel accordé dès le 2ème tour, ALMOURAFEK, Imen Khanfir Kallel, Sonda Ammar Bouhamed, Robotique, Prélabel;9;
12/2019;32;23;8;0;10;13;71.9;conforme;N.A;N.A, Prélabel accordé, Prélabel accordé dès le 2ème tour, Bouita, Amir Matallaoui, Nadjib Mammeri, E-commerce, Prélabel;9;
12/2019;32;23;8;0;10;13;71.9;conforme;N.A;N.A, Prélabel accordé, Prélabel accordé dès le 2ème tour;ﻖﯿﺣر - Raheeq;Hamza Nechi
12/2019;32;23;8;0;10;13;71.9;conforme;Agritech;Prélabel;3;
12/2019;32;23;8;0;10;13;71.9;conforme;Prélabel accordé;Prélabel accordé après pitching, Pepolls, Jihed Rahmouni, Jihen Rahmouni, Omar Bouattay, Plateforme sociale, Prélabel;1;
12/2019;32;23;8;0;10;13;71.9;conforme;Prélabel accordé;Prélabel accordé après pitching, AUDACITY, Mohamed Amine Ouichka, Marketing, Label;-;
12/2019;32;23;8;0;10;13;71.9;conforme;N.A;N.A, Label non accordé, Label non accordé dès le 2ème tour, SOCIETE ARDARY PARTNERS TUNISIA, Selim Snoussi, Radhi Khaled Bouloussa, Logiciel, Label;1;
12/2019;32;23;8;0;10;13;71.9;conforme;N.A;N.A, Label non accordé, Label non accordé dès le 2ème tour, PROSERVY, Ahmed Dridi, Logistique, Label;2;
12/2019;32;23;8;0;10;13;71.9;conforme;Label non accordé;Label non accordé après pitching, SUPPLY AIR, Hatem Lefi, Aymen Tleilia, Logiciel, Label;2;
12/2019;32;23;8;0;10;13;71.9;conforme;Label non accordé;Label non accordé après pitching, ALFA PRINT, Abdelkarim Feddal, E-commerce, Prélabel;3;Label non accordé
12/2019;32;23;8;0;10;13;71.9;conforme;Label non accordé après pitching;Elyes Jeribi a déclaré un conflit d'intérêt, Tun E-shop, Achref Riahi, E-commerce, Prélabel;-;
12/2019;32;23;8;0;10;13;71.9;conforme;N.A;N.A, Prélabel non accordé, Prélabel non accordé dès le 2ème tour, Elyes Jeribi a déclaré un conflit d'intérêt, GPS-Infos, Mohamed Amine Boubakeri, E-commerce, Prélabel;-;
12/2019;32;23;8;0;10;13;71.9;conforme;N.A;N.A, Prélabel non accordé, Prélabel non accordé dès le 2ème tour, Dyarna, Slim Ben Salah, Ekram Mzoughi, E-commerce, Prélabel;-;
12/2019;32;23;8;0;10;13;71.9;conforme;N.A;N.A, Prélabel non accordé, Prélabel non accordé dès le 2ème tour, OFFBEAT MEDIA, Tejeddine Mta'allah, Marketing, Prélabel;-;
12/2019;32;23;8;0;10;13;71.9;conforme;N.A;N.A, Prélabel non accordé, Prélabel non accordé dès le 2ème tour, OXN, Chamseddine Amaimia, Syrine Zitouni, Selim Lakhdhar, E-commerce, Prélabel;-;
12/2019;32;23;8;0;10;13;71.9;conforme;N.A;N.A, Prélabel non accordé, Prélabel non accordé dès le 2ème tour, StarTAW, Dhafer Ben Amor, Fares Ben Amor, Nidhal Ben Amor, Edtech, Prélabel;3;
12/2019;32;23;8;0;10;13;71.9;conforme;Prélabel non accordé;Prélabel non accordé après pitching, Passage de Prélabels aux Labels, Société, Fondateurs, Secteur, Session d'obtention;du Prélabel;Résultat
12/2019;32;23;8;0;10;13;71.9;conforme;Commentaires;Advanced Functionalities For Smart Home -, Kwiklink Technologies, Lotfi Aguerbaoui, Telecom, Juillet 2019, Label accordé suite à la création de la Startup et le respect des;conditions d'octroi;Transfacile - Techno GM
12/2019;32;23;8;0;10;13;71.9;conforme;Oussema Marai;Ghada Chelly, Logistique, Mai 2019, Label accordé suite à la création de la Startup et le respect des;conditions d'octroi;Bookingtodo
12/2019;32;23;8;0;10;13;71.9;conforme;Aziz Annabi;Autre contenu créatif, Mai 2019, Label accordé suite à la création de la Startup et le respect des;conditions d'octroi;VME Internationale
12/2019;32;23;8;0;10;13;71.9;conforme;Foued Ben Babis;Montassar Gharssa, Plateforme sociale, Juin 2019, Label accordé suite à la création de la Startup et le respect des;conditions d'octroi;Kamioun - Kriga Technologies
12/2019;32;23;8;0;10;13;71.9;conforme;Fares Belghith;Abdelrahmen Ghariani, Logistique, Septembre 2019, Label accordé suite à la création de la Startup et le respect des;conditions d'octroi;Warecom
12/2019;32;23;8;0;10;13;71.9;conforme;Hamza Said;Nour Abbous, Ali Saidi, IoT, Octobre 2019, Label accordé suite à la création de la Startup et le respect des;conditions d'octroi;Foodealz
12/2019;32;23;8;0;10;13;71.9;conforme;Rim Elfahem;Iskander ELameri, E-commerce, Octobre 2019, Label accordé suite à la création de la Startup et le respect des;conditions d'octroi;X.P.R
12/2019;32;23;8;0;10;13;71.9;conforme;Mohamed Aziz Chahed;Mohamed Itheb Ben Abbes, Oussama Ouda, Mohamed Chebbi, Logiciel, Aout 2019, Label accordé suite à la création de la Startup et le respect des;conditions d'octroi;Natalista
12/2019;32;23;8;0;10;13;71.9;conforme;Rim Besbes;Plateforme sociale, Juin 2019, Label accordé suite à la création de la Startup et le respect des;conditions d'octroi;Kyto Prod
12/2019;32;23;8;0;10;13;71.9;conforme;Olfa Kilani Feki;Biotechnologie, Septembre 2019, Label accordé suite à la création de la Startup et le respect des;conditions d'octroi;
01/2020;38;18;11;0;4;14;47.4;conforme;N.A;N.A, Label accordé, Label accordé dès le 2ème tour, Ali Mnif et Zackaria Belkhoja ont annoncé un conflit d'intérêt, Next Gen Solution / UnFrauded, Taha Cabani;AI;Label
01/2020;38;18;11;0;4;14;47.4;conforme;N.A;N.A, Label accordé, Label accordé dès le 2ème tour, Digital2Value, Foued Manaa, Logiciel, Label;6;
01/2020;38;18;11;0;4;14;47.4;conforme;N.A;N.A, Label accordé, Label accordé dès le 2ème tour, Amel Smaoui a déclaré un conflit d'intérêt, Junior Robotics Lab, Sami Turki, Edtech, Label;6;
01/2020;38;18;11;0;4;14;47.4;conforme;N.A;N.A, Label accordé, Label accordé dès le 2ème tour, Ali Mnif a déclaré un conflit d'intérêt, STE ESKY PROFESSIONAL SERVICES LIMITED, Kais Khadhraoui, Logistique, Label;5;
01/2020;38;18;11;0;4;14;47.4;conforme;N.A;N.A, Label accordé, Label accordé dès le 2ème tour, Sentinel Data, Walid Mnif, Health Tech, Label;6;
01/2020;38;18;11;0;4;14;47.4;conforme;N.A;N.A, Label accordé, Label accordé dès le 2ème tour, DCX, Mohamed Ali Midani, Edtech, Label;7;
01/2020;38;18;11;0;4;14;47.4;conforme;N.A;N.A, Label accordé, Label accordé dès le 2ème tour, KALYS, Sonia Hachicha, E-commerce, Label;6;
01/2020;38;18;11;0;4;14;47.4;conforme;N.A;N.A, Label accordé, Label accordé dès le 2ème tour, Mohamed Salah Frad a déclaré un conflit d'intérêt, Paygrant, Khalil Manai, Blockchain & Cryptocurrency, Label;7;
01/2020;38;18;11;0;4;14;47.4;conforme;N.A;N.A, Label accordé, Label accordé dès le 2ème tour, AbrarCom Analytics, Houssem Nouri, Big data, Label;5;
01/2020;38;18;11;0;4;14;47.4;conforme;N.A;N.A, Label accordé, Label accordé dès le 2ème tour, Prefabulous, Malik Nouira, Cleantech, Label;5;
01/2020;38;18;11;0;4;14;47.4;conforme;N.A;N.A, Label accordé, Label accordé dès le 2ème tour, Ali Mnif a déclaré un conflit d'intérêt, Societe Tunisian Online Teachers, Rania Khelil, Edtech, Label;3;
01/2020;38;18;11;0;4;14;47.4;conforme;Label accordé;Label accordé après pitching, SQOIN, Bacem Bergaoui, Blockchain & cryptocurrency, Label;1;
01/2020;38;18;11;0;4;14;47.4;conforme;Label accordé;Label accordé après pitching, Ali Mnif a déclaré un conflit d'intérêt, GLOLIX TUNISIA, Mourad Othmane;AI;Label
01/2020;38;18;11;0;4;14;47.4;conforme;Label accordé;Label accordé après pitching, La relation client à l’ère du digital, Mohamed Achref Gabsi, Logiciel, Prélabel;6;
01/2020;38;18;11;0;4;14;47.4;conforme;N.A;N.A, Prélabel accordé, Prélabel accordé dès le 2ème tour, Support de coupe a couvercle automatique, Makrem Gharbi, Autre contenu créatif, Prélabel;7;
01/2020;38;18;11;0;4;14;47.4;conforme;N.A;N.A, Prélabel accordé, Prélabel accordé dès le 2ème tour, IJA SOLUTION, Hatem Drira, Plateforme sociale, Prélabel;7;
01/2020;38;18;11;0;4;14;47.4;conforme;N.A;N.A, Prélabel accordé, Prélabel accordé dès le 2ème tour, QUERMES, Karim Sellami, IoT, Prélabel;6;
01/2020;38;18;11;0;4;14;47.4;conforme;N.A;N.A, Prélabel accordé, Prélabel accordé dès le 2ème tour, Doqtoor, Mohamed Ben Hmida, Health Tech, Prélabel;5;
01/2020;38;18;11;0;4;14;47.4;conforme;N.A;N.A, Prélabel accordé, Prélabel accordé dès le 2ème tour, Sun Tracker, Mohamed Achref Ben Sghaier, Energie, Prélabel;6;
01/2020;38;18;11;0;4;14;47.4;conforme;N.A;N.A, Prélabel accordé, Prélabel accordé dès le 2ème tour, DaryDar, Taha Khaled, E-commerce, Prélabel;7;
01/2020;38;18;11;0;4;14;47.4;conforme;N.A;N.A, Prélabel accordé, Prélabel accordé dès le 2ème tour, Zcare, Haythem Zouaoui, Health Tech, Prélabel;4;
01/2020;38;18;11;0;4;14;47.4;conforme;Prélabel accordé;Prélabel accordé après pitching, Examido, Hajer ELhedi, Edtech, Prélabel;3;
01/2020;38;18;11;0;4;14;47.4;conforme;Prélabel accordé;Prélabel accordé après pitching, Consulti, Alaeddine Jalel, Plateforme sociale, Prélabel;2;
01/2020;38;18;11;0;4;14;47.4;conforme;Prélabel accordé;Prélabel accordé après pitching, DRYSEK, Amjed Teraa, Agritech, Prélabel;4;
01/2020;38;18;11;0;4;14;47.4;conforme;Prélabel accordé;Prélabel accordé après pitching, CRATOSUSA, Omar Ouertani, Ecommerce, Label;-;
01/2020;38;18;11;0;4;14;47.4;conforme;N.A;N.A, Label non accordé, Label non accordé dès le 2ème tour, Doctor Sina, Laroussi Ben Younes, Health Tech, Label;-;
01/2020;38;18;11;0;4;14;47.4;conforme;N.A;N.A, Label non accordé, Label non accordé dès le 2ème tour, Baccouche Orthopedic Center, Salah Meziou, Health Tech, Label;1;
01/2020;38;18;11;0;4;14;47.4;conforme;N.A;N.A, Label non accordé, Label non accordé dès le 2ème tour, Zemnistore, Amira Ben Mim, Health Tech, Label;1;
01/2020;38;18;11;0;4;14;47.4;conforme;N.A;N.A, Label non accordé, Label non accordé dès le 2ème tour, Tunisian Cloud, Bassem Lamouchi, Marketing, Label;-;Label non accordé
01/2020;38;18;11;0;4;14;47.4;conforme;Label non accordé dès le 2ème tour;SKYTEK, Walid Zniti, Cybersecurité, Label;-;
01/2020;38;18;11;0;4;14;47.4;conforme;Label non accordé;Label non accordé après pitching, DSS COMPANY, Manel Snoussi, Autre contenu créatif, Label;2;
01/2020;38;18;11;0;4;14;47.4;conforme;Label non accordé;Label non accordé après pitching, AddInn Tunisie, Aymen Znaidi, Insurance Tech, Label;4;
01/2020;38;18;11;0;4;14;47.4;conforme;Label non accordé;Label non accordé après pitching, Easy Touch Solutions (ETS), Meher Attiaoui, Logiciel, Prélabel;3;
01/2020;38;18;11;0;4;14;47.4;conforme;N.A;N.A, Prélabel non accordé, Prélabel non accordé dès le 2ème tour, Chèques Instantanés, Anis Khayat, Fintech, Prélabel;1;
01/2020;38;18;11;0;4;14;47.4;conforme;Prélabel non accordé;Prélabel non accordé après pitching, Papelstore, Mohamed Ayadi, Big data, Prélabel;2;
01/2020;38;18;11;0;4;14;47.4;conforme;Prélabel non accordé;Prélabel non accordé après pitching, Carbon2Heat, Jeau-Paul Grossenbacher, Energie, Prélabel;1;
01/2020;38;18;11;0;4;14;47.4;conforme;Prélabel non accordé;Prélabel non accordé après pitching, FUZBUS, Zied Houfi, Transport, Label, N.A, N.A, N.A, N.A, N.A, N.A, Label non accordé, Dossier irrecevable pour manque d'autorisation de la part des;autorités compétentes dans ce cas précis le Ministère des;Transports
01/2020;38;18;11;0;4;14;47.4;conforme;Passage de Prélabels aux Labels;Société, Fondateurs, Secteur, Session d'obtention;du Prélabel;Résultat
01/2020;38;18;11;0;4;14;47.4;conforme;Commentaires;VDOC, Mohamed Aymen Saadani, Health tech, Novembre 2019, Label accordé, Label accordé suite à la création de la Startup et le respect;des conditions d'octroi;Projet de valorisation des coproduits issus de
01/2020;38;18;11;0;4;14;47.4;conforme;Sami Guetari;Nadia Bouslimi Guetari, Agritech, Aout 2019, Label accordé, Label accordé suite à la création de la Startup et le respect;des conditions d'octroi;Universal Technology of infinite keys
01/2020;38;18;11;0;4;14;47.4;conforme;Makrem Dhifalli;Aymen Gatri, Mounir Bezzarga, Blockchain & cryptocurrency, Aout 2019, Label accordé, Label accordé suite à la création de la Startup et le respect;des conditions d'octroi;Tuni'AR
01/2020;38;18;11;0;4;14;47.4;conforme;Abdelhamid Boukhari;Sarra Kalfet, Mohamed Karim Sakrani, Autre contenu créatif, Septembre 2019, Label accordé, Label accordé suite à la création de la Startup et le respect;des conditions d'octroi;
02/2020;32;22;11;0;9;13;68.8;conforme;N.A;N.A, Label accordé, Label accordé dès le 2ème tour, Mohamed Ali Kilani a annoncé un conflit d'intérêt, Société Saghroun.com, Ayet Elmouna Chemli, E-commerce, Label;6;
02/2020;32;22;11;0;9;13;68.8;conforme;N.A;N.A, Label accordé, Label accordé dès le 2ème tour, BSmart SARL, Walid Ammar, Ahmed Fessi, Logiciel, Label;8;
02/2020;32;22;11;0;9;13;68.8;conforme;N.A;N.A, Label accordé, Label accordé dès le 2ème tour, Youth Hub, Achref Mattar, Salsabil Thabti, EdTech, Label;7;
02/2020;32;22;11;0;9;13;68.8;conforme;N.A;N.A, Label accordé, Label accordé dès le 2ème tour, WaterSpirit, Mehdi Bhouri, Olfa Bousselmi, Chaima Belhajamor, Amir Ben Hajhassine, Biotechnologie, Label;7;
02/2020;32;22;11;0;9;13;68.8;conforme;N.A;N.A, Label accordé, Label accordé dès le 2ème tour, RENTAL RIDE, Mourad Hammami, E-commerce, Label;7;
02/2020;32;22;11;0;9;13;68.8;conforme;N.A;N.A, Label accordé, Label accordé dès le 2ème tour, OXAHOST, Tarek Nakbi, Infrastructure, Label;6;
02/2020;32;22;11;0;9;13;68.8;conforme;N.A;N.A, Label accordé, Label accordé dès le 2ème tour, Zakaria Belkhoja a déclaré un conflit d'intérêt, QualiFour, Mohamed Kaddech, Mehdi Boudhraa, Logiciel, Label;9;
02/2020;32;22;11;0;9;13;68.8;conforme;N.A;N.A, Label accordé, Label accordé dès le 2ème tour, Edutest, Saeed Zarrouk, Imen Yahyaoui, Edtech, Label;6;
02/2020;32;22;11;0;9;13;68.8;conforme;N.A;N.A, Label accordé, Label accordé dès le 2ème tour, Xtendplex, Ahmed Cheriha, Ahmed Ben Hamouda, Fintech, Label;5;
02/2020;32;22;11;0;9;13;68.8;conforme;N.A;N.A, Label accordé, Label accordé dès le 2ème tour, Kyufi, Tarek Talbi, Biotechnologie, Label;1;
02/2020;32;22;11;0;9;13;68.8;conforme;Label accordé;Label accordé après pitching, Sportopia, Houssem Sellami, Oussema Noureddine Metoui, Autre contenu créatif, Label;2;
02/2020;32;22;11;0;9;13;68.8;conforme;Label accordé;Label accordé après pitching, Accent, Mourad Masmoudi, Malek Aloulou, Moez Affes, IoT, Label;1;
02/2020;32;22;11;0;9;13;68.8;conforme;Label accordé;Label accordé après pitching, Allô Réparateur, Aymen Bouchoucha, Mohamed Said Elbehi, E-commerce, Prélabel;5;
02/2020;32;22;11;0;9;13;68.8;conforme;N.A;N.A, Prélabel accordé, Prélabel accordé dès le 2ème tour, Class Quiz, Sabrine Ibrahim, Achref Dawahi, Omar Trabelsi, Edtech, Prélabel;9;
02/2020;32;22;11;0;9;13;68.8;conforme;N.A;N.A, Prélabel accordé, Prélabel accordé dès le 2ème tour;autoecoleplus;Mohamed Amine Jendoubi
02/2020;32;22;11;0;9;13;68.8;conforme;Ahmed Nemlaghi;Logiciel, Prélabel;7;
02/2020;32;22;11;0;9;13;68.8;conforme;N.A;N.A, Prélabel accordé, Prélabel accordé dès le 2ème tour, SECURAS, Mohamed Amine Guettat, Cybersécurité, Prélabel;7;
02/2020;32;22;11;0;9;13;68.8;conforme;N.A;N.A, Prélabel accordé, Prélabel accordé dès le 2ème tour, Kaco., Mohamed Ali Salmi, Hela Agrebi, Anas Zouabi, Energie, Prélabel;6;
02/2020;32;22;11;0;9;13;68.8;conforme;N.A;N.A, Prélabel accordé, Prélabel accordé dès le 2ème tour, Mohamed Salah Frad a déclaré un conflit d'intérêt, Coinsence, Karim Chabrak, Blockchain & Cryptocurrency, Prélabel;9;
02/2020;32;22;11;0;9;13;68.8;conforme;N.A;N.A, Prélabel accordé, Prélabel accordé dès le 2ème tour, Smart House Tunisia, Achref Chouchene, Yasmine Ben Ameur, Seif Souilem, Siwar Boufares, IoT, Prélabel;7;
02/2020;32;22;11;0;9;13;68.8;conforme;N.A;N.A, Prélabel accordé, Prélabel accordé dès le 2ème tour, Co-Solar, Mahmoud Hammami, Yassine Boutabba, Energie, Prélabel;6;
02/2020;32;22;11;0;9;13;68.8;conforme;N.A;N.A, Prélabel accordé, Prélabel accordé dès le 2ème tour, Tynass, Karim Hermi, Sami Ben Chaalia, Khalil Ben Ali, Autre contenu créatif, Prélabel;4;
02/2020;32;22;11;0;9;13;68.8;conforme;Prélabel accordé;Prélabel accordé après pitching, Rent a tutor, Abdeljalil Ghattas, Edtech, Prélabel;1;
02/2020;32;22;11;0;9;13;68.8;conforme;Prélabel accordé;Prélabel accordé après pitching, Quantylix Risk & Data, Moez Hammami, Hamza Amiri, Mohamed Bessa, Fintech, Prélabel;4;
02/2020;32;22;11;0;9;13;68.8;conforme;Prélabel accordé;Prélabel accordé après pitching, Heptatronics, Issam Trabelsi, IoT, Label;-;
02/2020;32;22;11;0;9;13;68.8;conforme;N.A;N.A, Label non accordé, Label non accordé dès le 2ème tour;freeoui;Amine Ennouri
02/2020;32;22;11;0;9;13;68.8;conforme;Moez Beddi;Marketing, Label;-;
02/2020;32;22;11;0;9;13;68.8;conforme;N.A;N.A, Label non accordé, Label non accordé dès le 2ème tour, Eklectic, Anis Abidi, Telecom, Label;-;
02/2020;32;22;11;0;9;13;68.8;conforme;Label non accordé;Label non accordé après pitching, FormaClick, Olfa Benchaabane, Chedia Benchaabane, Edtech, Prélabel;-;
02/2020;32;22;11;0;9;13;68.8;conforme;N.A;N.A, Prélabel non accordé, Prélabel non accordé dès le 2ème tour, Marhbebik.com, Sabri Fehri, Plateforme sociale, Prélabel;1;
02/2020;32;22;11;0;9;13;68.8;conforme;Prélabel non accordé;Prélabel non accordé après pitching, RASCALTOU !, Raouf Medimagh, Karim Medimagh, Haifa Elkamel, Cleantech, Prélabel;1;
02/2020;32;22;11;0;9;13;68.8;conforme;Prélabel non accordé;Prélabel non accordé après pitching, Société Tunipages, Hafidha Grissa, Raouf Fathallah, Autre contenu créatif, Label, N.A, N.A, N.A, N.A, N.A, N.A, Label non accordé, Dossier irrecevable pour non conformité aux critères;d'obtention du Label Startup (Age de l'entreprise postulante;est > 8 ans)
02/2020;32;22;11;0;9;13;68.8;conforme;Candidature reportée à la prochaine session;Tunisia Biotech, Oualid Sebai, Biotechnologie, Prélabel, Candidature reportée, La candidature a été reportée à la session de mars car les fondateurs se sont excusés en;raison d'un engagement concommitant à l'étranger;Passage de Prélabels aux Labels
02/2020;32;22;11;0;9;13;68.8;conforme;Société;Fondateurs, Secteur, Session d'obtention;du Prélabel;Résultat
02/2020;32;22;11;0;9;13;68.8;conforme;Commentaires;Support de coupe à couvercle automatique, Markrem Gharbi, Autre contenu créatif, Janvier 2020, Label accordé, Label accordé suite à la création de la Startup et le respect;des conditions d'octroi;Idwey
02/2020;32;22;11;0;9;13;68.8;conforme;Khouloud Kaabi;Meriem Amamou, Borhen Mansouri, Khmaiess Ahmed, Plateforme sociale, Octobre 2019, Label accordé, Label accordé suite à la création de la Startup et le respect;des conditions d'octroi;NovaTEK Solutions
02/2020;32;22;11;0;9;13;68.8;conforme;Safa Bouhajar;Karim Boughanmi, Ilyes Karma, Agritech, Novembre 2019, Label accordé, Label accordé suite à la création de la Startup et le respect;des conditions d'octroi;Shadoc
02/2020;32;22;11;0;9;13;68.8;conforme;Amal Torkhani;Amal Selami, Zakaria Karim Mekni, Logiciel, Novembre 2019, Label accordé, Label accordé suite à la création de la Startup et le respect;des conditions d'octroi;Innofab
02/2020;32;22;11;0;9;13;68.8;conforme;Nadim Kharraz;Autre contenu créatif, Novembre 2019, Label accordé, Label accordé suite à la création de la Startup et le respect;des conditions d'octroi;Quermes
02/2020;32;22;11;0;9;13;68.8;conforme;Karim Sellami;Faiz Baccour, IoT, Janvier 2020, Label accordé, Label accordé suite à la création de la Startup et le respect;des conditions d'octroi;Consulti
02/2020;32;22;11;0;9;13;68.8;conforme;Alaeddine Jalel;Plateforme sociale, Janvier 2020, Label accordé, Label accordé suite à la création de la Startup et le respect;des conditions d'octroi;Gofields (Sportfields)
02/2020;32;22;11;0;9;13;68.8;conforme;Youssef Cherif;Mobile, Septembre 2019, Label accordé, Label accordé suite à la création de la Startup et le respect;des conditions d'octroi;Coinsence
02/2020;32;22;11;0;9;13;68.8;conforme;Karim Chabrak;Blockchain & Cryptocurrency, Février 2020, Label accordé, Label accordé suite à la création de la Startup et le respect;des conditions d'octroi;
03/2020;35;16;10;0;4;12;45.7;conforme;N.A;N.A, Label accordé, Label accordé dès le 2ème tour, Mohamed Salah Frad a annoncé un conflit d'intérêt, NATULYN, Ouanes Taha Boumiza, Sirine Kallel, Autre contenu créatif, Label;9;
03/2020;35;16;10;0;4;12;45.7;conforme;N.A;N.A, Label accordé, Label accordé dès le 2ème tour, She Shares, Kaouther Mouelhi, Hamza Arfaoui, Ecommerce, Label;7;
03/2020;35;16;10;0;4;12;45.7;conforme;N.A;N.A, Label accordé, Label accordé dès le 2ème tour, Auto-plus, Amine Mliki, Ecommerce, Label;5;Label accordé
03/2020;35;16;10;0;4;12;45.7;conforme;Label accordé dès le 2ème tour;Ali Mnif et Zackaria Belkhoja ont annoncé un conflit d'intérêt, Makroudh Kairouan à Domicile, Mohamed Wajih Allani, Ecommerce, Label;5;
03/2020;35;16;10;0;4;12;45.7;conforme;N.A;N.A, Label accordé, Label accordé dès le 2ème tour, DigiConstat, Jaafar Nasri, Anis Nasraoui, Insurance Tech, Label;9;
03/2020;35;16;10;0;4;12;45.7;conforme;N.A;N.A, Label accordé, Label accordé dès le 2ème tour, Save Your Wardrobe, Mehdi Doghri, Hasna Kourda;AI;Label
03/2020;35;16;10;0;4;12;45.7;conforme;N.A;N.A, Label accordé, Label accordé dès le 2ème tour, Go Online Africa, Emna Makni, Salma Amor, Ecommerce, Label;6;
03/2020;35;16;10;0;4;12;45.7;conforme;N.A;N.A, Label accordé, Label accordé dès le 2ème tour, Elyes Jeribi a annoncé un conflit d'intérêt;3S : Software and Security Solutions;Abdelbari Ben Yagouta
03/2020;35;16;10;0;4;12;45.7;conforme;Wrida Ben Yaghouta;IoT, Label;8;
03/2020;35;16;10;0;4;12;45.7;conforme;N.A;N.A, Label accordé, Label accordé dès le 2ème tour, GATE INDUSTRIELLE, Mohamed Sahlaoui, IoT, Label;6;
03/2020;35;16;10;0;4;12;45.7;conforme;N.A;N.A, Label accordé, Label accordé dès le 2ème tour, Rayhane, Nesrine Tekitek, Nidhal Tekitek, Ecommerce, Label;4;Label accordé
03/2020;35;16;10;0;4;12;45.7;conforme;Label accordé après pitching;Elyes Jeribi a annoncé un conflit d'intérêt, Tunisie Co / Resa Privee, Khaled Aouij, Abir Fares, Autre contenu créatif, Label;2;
03/2020;35;16;10;0;4;12;45.7;conforme;Label accordé;Label accordé après pitching, Mohamed Salah Frad a annoncé un conflit d'intérêt, TOLEDO, Lotfi Ben Mosbah, Aziz Ben Mosbah, Zied Chaabane, Haifa Fodha, Health Tech, Prélabel;6;
03/2020;35;16;10;0;4;12;45.7;conforme;N.A;N.A, Prélabel accordé, Prélabel accordé dès le 2ème tour, Khaled Ben Jilani a annoncé un conflit d'intérêt, CHMISA, Bechir Taboubi, Ecommerce, Prélabel;5;
03/2020;35;16;10;0;4;12;45.7;conforme;N.A;N.A, Prélabel accordé, Prélabel accordé dès le 2ème tour, KLAY, Mohamed Hedi Ben Hamed, Moez Aousji, Autre contenu créatif, Prélabel;5;Prélabel accordé
03/2020;35;16;10;0;4;12;45.7;conforme;Prélabel accordé dès le 2ème tour;Mohamed Salah Frad a annoncé un conflit d'intérêt, FACTOORYA, Amine Rekhiss, Yassine Khlass, Mohamed Seifeddine Bouarada, IoT, Prélabel;8;
03/2020;35;16;10;0;4;12;45.7;conforme;N.A;N.A, Prélabel accordé, Prélabel accordé dès le 2ème tour, Zackaria Belkhoja a annoncé un conflit d'intérêt, KWIN., Houssem Sahli, Sonia Othman, IoT, Prélabel;8;
03/2020;35;16;10;0;4;12;45.7;conforme;N.A;N.A, Prélabel accordé, Prélabel accordé dès le 2ème tour, Finispia, Alaa Guidara, Mohamed Kallel, Fintech, Prélabel;8;
03/2020;35;16;10;0;4;12;45.7;conforme;N.A;N.A, Prélabel accordé, Prélabel accordé dès le 2ème tour, Travaris, Youssef Said, Berklay Alkisel, Ahmed Abdarrahman;AI;Prélabel
03/2020;35;16;10;0;4;12;45.7;conforme;Prélabel accordé;Prélabel accordé après pitching, Zackaria Belkhoja a annoncé un conflit d'intérêt, Barbecha, Ines Soyah, Zeineb Bouassida, Chiheb Karoui, Ecommerce, Prélabel;2;
03/2020;35;16;10;0;4;12;45.7;conforme;Prélabel accordé;Prélabel accordé après pitching, Dentic, Hakim Yahyaoui, Health Tech, Prélabel;1;
03/2020;35;16;10;0;4;12;45.7;conforme;Prélabel accordé;Prélabel accordé après pitching, Tunisiabiotech, Oualid Sebai, Biotechnologie, Prélabel;-;
03/2020;35;16;10;0;4;12;45.7;conforme;Prélabel accordé;Prélabel accordé après pitching, Welyne, Mohamed Ben Arfa, Ecommerce, Label;-;
03/2020;35;16;10;0;4;12;45.7;conforme;N.A;N.A, Label non accordé, Label non accordé dès le 2ème tour, Univers VR, Aymen Hammami, Abir Ben Achour, Gaming, Label;1;
03/2020;35;16;10;0;4;12;45.7;conforme;N.A;N.A, Label non accordé, Label non accordé dès le 2ème tour;ebniecolo;Mehdi Dellagi
03/2020;35;16;10;0;4;12;45.7;conforme;Dorra Ismail;Mehdi Zorgati, Big Data, Label;-;
03/2020;35;16;10;0;4;12;45.7;conforme;N.A;N.A, Label non accordé, Label non accordé dès le 2ème tour, MY DEV CONSULTING DU CAP BON, Becem Jebali, Youssef Omrani, Développement personnel, Label;-;
03/2020;35;16;10;0;4;12;45.7;conforme;N.A;N.A, Label non accordé, Label non accordé dès le 2ème tour, CITIUS, Riadh Felhi, Emna Hamdi, Logistique, Label;-;
03/2020;35;16;10;0;4;12;45.7;conforme;N.A;N.A, Label non accordé, Label non accordé dès le 2ème tour, All o khadmet, Amine Hammi, Plateforme Sociale, Label;-;
03/2020;35;16;10;0;4;12;45.7;conforme;N.A;N.A, Label non accordé, Label non accordé dès le 2ème tour, Analyse numérique des donnes ( AMCI), Abdelhamid Ben Rabah, Logiciel, Label;3;
03/2020;35;16;10;0;4;12;45.7;conforme;Label non accordé;Label non accordé après pitching, Khaled Ben Jilani a annoncé un conflit d'intérêt, The BoxOffice, Seifeddine Trabelsi, Meriem Lejmi, Autre contenu créatif, Prélabel;1;
03/2020;35;16;10;0;4;12;45.7;conforme;N.A;N.A, Prélabel non accordé, Prélabel non accordé dès le 2ème tour, Khadamni, Selim Thmouni, Selim Mraidi, Atef Sedraoui, Molka Kouraychi, Ecommerce, Prélabel;2;
03/2020;35;16;10;0;4;12;45.7;conforme;N.A;N.A, Prélabel non accordé, Prélabel non accordé dès le 2ème tour, Soldy, Manel Salhi, Mokhles Souissi, Manel Alayet, Ecommerce, Prélabel;-;
03/2020;35;16;10;0;4;12;45.7;conforme;N.A;N.A, Prélabel non accordé, Prélabel non accordé dès le 2ème tour, COSTUN, Ahmed Melki, Houssem Ben Ghozzi, Hamdi Marrouchi, Ecommerce, Prélabel;-;
03/2020;35;16;10;0;4;12;45.7;conforme;N.A;N.A, Prélabel non accordé, Prélabel non accordé dès le 2ème tour, Start Smart Studio, Yassine Ben Mansour, Autre Contenu Créatif, Prélabel;-;
03/2020;35;16;10;0;4;12;45.7;conforme;N.A;N.A, Prélabel non accordé, Prélabel non accordé dès le 2ème tour, Compass IT, Hadhemi Ragoubi, Foudhaili Ragoubi, Autre Contenu Créatif, Prélabel;-;
03/2020;35;16;10;0;4;12;45.7;conforme;N.A;N.A, Prélabel non accordé, Prélabel non accordé dès le 2ème tour, Candidature reportée à la prochaine session, Campus Numérique des métiers, Fethi Zoghlami, Edtech, Label, Candidature reportée, La candidature a été reportée à la session d'Avril car le fondateur a rencontré des problèmes;techniques lors de la session de pitching;Passage de Prélabels aux Labels
03/2020;35;16;10;0;4;12;45.7;conforme;Société;Fondateurs, Secteur, Session d'obtention;du Prélabel;Résultat
03/2020;35;16;10;0;4;12;45.7;conforme;Commentaires;Zolfa, Adel Jridi, Autre contenu créatif, Septembre 2019, Label accordé, Label accordé suite à la création de la Startup et le respect;des conditions d'octroi;Go My Biz
03/2020;35;16;10;0;4;12;45.7;conforme;Mohamed Achref Gabsi;Mehdi Touati, Yassine Touati, Sofiane Jait, Logiciel, Janvier 2020, Label accordé, Label accordé suite à la création de la Startup et le respect;des conditions d'octroi;Kayco.
03/2020;35;16;10;0;4;12;45.7;conforme;Mohamed Ali Salmi;Hela Agrebi, Anas Zouabi, Energie, Février 2020, Label accordé, Label accordé suite à la création de la Startup et le respect;des conditions d'octroi;Mice
03/2020;35;16;10;0;4;12;45.7;conforme;Nasreddine Somaali;Marwa Khnissi, Agritech, Décembre 2019, Label accordé, Label accordé suite à la création de la Startup et le respect;des conditions d'octroi;
04/2020;40;20;7;1;3;17;50.0;conforme;N.A;N.A, Label accordé, Label accordé dès le 2ème tour, Mohamed Salah Frad a déclaré un conflit d'intérêt, ZATEX, Mohamed Maalej, Faten Maalej, Houssem Amara, IoT, Label;8;
04/2020;40;20;7;1;3;17;50.0;conforme;N.A;N.A, Label accordé, Label accordé dès le 2ème tour, Insurise, Hamdi Boujneh, Hedi Harzallah, Insurance tech, Label;8;
04/2020;40;20;7;1;3;17;50.0;conforme;N.A;N.A, Label accordé, Label accordé dès le 2ème tour, LORE AND HEART, Salma Ben Hamida, Cyrine Ben Hamida, E-commerce, Label;7;
04/2020;40;20;7;1;3;17;50.0;conforme;N.A;N.A, Label accordé, Label accordé dès le 2ème tour, SLAMA DATTES, Abdelkader Slama, E-commerce, Label;5;
04/2020;40;20;7;1;3;17;50.0;conforme;N.A;N.A, Label accordé, Label accordé dès le 2ème tour, Elyes Jeribi a déclaré un conflit d'intérêt, Arion, Ahmed Gharbi, Logiciel, Label;8;
04/2020;40;20;7;1;3;17;50.0;conforme;N.A;N.A, Label accordé, Label accordé dès le 2ème tour, BipEvents, Karim Harmouni, Sarah Arbi, Amen Ben Mlouka, Logiciel, Label;7;
04/2020;40;20;7;1;3;17;50.0;conforme;N.A;N.A, Label accordé, Label accordé dès le 2ème tour, Lysi, Aziza Inoubli, Ali Bouslimi, Autre contenu créatif, Label;6;
04/2020;40;20;7;1;3;17;50.0;conforme;N.A;N.A, Label accordé, Label accordé dès le 2ème tour;wireless services;Majdouline Mansour
04/2020;40;20;7;1;3;17;50.0;conforme;Majed Jabri;Sahbi Mansour, Logistique, Label;8;
04/2020;40;20;7;1;3;17;50.0;conforme;N.A;N.A, Label accordé, Label accordé dès le 2ème tour, Ernest, Fayçal Derouiche, Logiciel, Label;5;
04/2020;40;20;7;1;3;17;50.0;conforme;N.A;N.A, Label accordé, Label accordé dès le 2ème tour, Ahkili, Lamia Chouk, Ghaith Souissi, Health Tech, Label;8;
04/2020;40;20;7;1;3;17;50.0;conforme;N.A;N.A, Label accordé, Label accordé dès le 2ème tour, Carwell, Hakim Njim, Omar Zouari, Hakim Loukil, Gaming, Label;7;
04/2020;40;20;7;1;3;17;50.0;conforme;N.A;N.A, Label accordé, Label accordé dès le 2ème tour, MAZED, Bilel Methnani, Mohamed Aymen Jomaa, Yassine Zrigue, E-commerce, Label;8;
04/2020;40;20;7;1;3;17;50.0;conforme;N.A;N.A, Label accordé, Label accordé dès le 2ème tour, Khalta, Molka Ayadi, Imen Farah, Autre contenu créatif, Label;6;
04/2020;40;20;7;1;3;17;50.0;conforme;N.A;N.A, Label accordé, Label accordé dès le 2ème tour, Split, Ezzedine Cherif, Alaeddine Jrad, Adam Abdelmoula, Logistique, Label;3;
04/2020;40;20;7;1;3;17;50.0;conforme;Label accordé;Label accordé après pitching, Food4Future, Insaf Ayari, Biotechnologie, Label;4;
04/2020;40;20;7;1;3;17;50.0;conforme;Label accordé;Label accordé après pitching, Ali Mnif a déclaré un conflit d'intérêt, Think-it, Mehemed Bougsea, Josha Raue;AI;Label
04/2020;40;20;7;1;3;17;50.0;conforme;Label accordé;Label accordé après pitching, RoboCare, Imen Hbiri, Abdelaziz Kallel, Agritech, Prélabel;8;
04/2020;40;20;7;1;3;17;50.0;conforme;N.A;N.A, Prélabel accordé, Prélabel accordé dès le 2ème tour, FI THNITI, Zied Said, Zeineb Ben Salah, Bilel Said, Mohamed Chaabane, Autre contenu créatif, Prélabel;8;
04/2020;40;20;7;1;3;17;50.0;conforme;N.A;N.A, Prélabel accordé, Prélabel accordé dès le 2ème tour, Tchou-Tchou Your school bus tracking App, Narjess Ben Slimane, Mohamed Ali Belajouza, Bacem Bergaoui, Logiciel, Prélabel;7;
04/2020;40;20;7;1;3;17;50.0;conforme;N.A;N.A, Prélabel accordé, Prélabel accordé dès le 2ème tour, Mohamed Salah Frad a déclaré un conflit d'intérêt, FlowsMaster, Jamel Gasri, Nesrine Ben Guirat, Wajih Abidi, Khaled Ben Younes, Ahmed Mnasri, Logiciel, Prélabel;8;
04/2020;40;20;7;1;3;17;50.0;conforme;N.A;N.A, Prélabel accordé, Prélabel accordé dès le 2ème tour;(akarat.tn) ﺲﻧﻮﺗ تارﺎﻘﻋ;Ali Benzaied
04/2020;40;20;7;1;3;17;50.0;conforme;E-commerce;Prélabel;6;
04/2020;40;20;7;1;3;17;50.0;conforme;N.A;N.A, Prélabel accordé, Prélabel accordé dès le 2ème tour, SMEK'S, Mohammed Ben Hammed, Sonia Laribi, Logistique, Prélabel;7;
04/2020;40;20;7;1;3;17;50.0;conforme;N.A;N.A, Prélabel accordé, Prélabel accordé dès le 2ème tour, Khobzti, Marwen Khemiss, E-commerce, Prélabel;2;
04/2020;40;20;7;1;3;17;50.0;conforme;Prélabel accordé;Prélabel accordé dès le 2ème tour, SOFTIFI, Rabie Radhouan, Idriss Ben Ali, Adel Ben Merteh, E-commerce, Label;-;
04/2020;40;20;7;1;3;17;50.0;conforme;N.A;N.A, Label non accordé, Label non accordé dès le 2ème tour, NeuroData, Yassine Hamdaoui, Ahmed Abassi;AI;Label
04/2020;40;20;7;1;3;17;50.0;conforme;N.A;N.A, Label non accordé, Label non accordé dès le 2ème tour, Ghazela Technology Academy, Anis Hachani, Edtech, Label;-;
04/2020;40;20;7;1;3;17;50.0;conforme;N.A;N.A, Label non accordé, Label non accordé dès le 2ème tour, Startup Act | Session 13 | Avril 2020 | Compte-Rendu, Société, Fondateurs, Secteur, Label/Prélabel;1er Tour;
04/2020;40;20;7;1;3;17;50.0;conforme;Label non accordé;Label non accordé dès le 2ème tour, Traitement des données structurées, Hamdi Karray, Logiciel, Label;2;
04/2020;40;20;7;1;3;17;50.0;conforme;Label non accordé;Label non accordé dès le 2ème tour, The BIM Square, Safa Othmani, Marketing, Label;2;
04/2020;40;20;7;1;3;17;50.0;conforme;Label non accordé;Label non accordé après pitching, Azedda, Anis Hasnaoui, Rihab Ghodbane, Healthtech, Label;2;
04/2020;40;20;7;1;3;17;50.0;conforme;Label non accordé;Label non accordé après pitching, CheezWall, Aymen Aouadi, Sondess Khedhiri, Autre contenu créatif, Prélabel;-;
04/2020;40;20;7;1;3;17;50.0;conforme;N.A;N.A, Prélabel non accordé, Prélabel non accordé dès le 2ème tour, Winrents, Houssem Fatnassi, Saif Eddine Kouti, Alaeddine Jedda, E-commerce, Prélabel;-;
04/2020;40;20;7;1;3;17;50.0;conforme;N.A;N.A, Prélabel non accordé, Prélabel non accordé dès le 2ème tour, Next, Montassar Elkamel;AI;Prélabel
04/2020;40;20;7;1;3;17;50.0;conforme;N.A;N.A, Prélabel non accordé, Prélabel non accordé dès le 2ème tour, Wondding, Khouloud Masmoudi, Logiciel, Prélabel;-;
04/2020;40;20;7;1;3;17;50.0;conforme;N.A;N.A, Prélabel non accordé, Prélabel non accordé dès le 2ème tour, Information anticipative, Sofiene Hadhri, Big Data, Prélabel;-;
04/2020;40;20;7;1;3;17;50.0;conforme;N.A;N.A, Prélabel non accordé, Prélabel non accordé dès le 2ème tour, Explore Tunisia, Aymen Montacer, E-commerce, Prélabel;-;
04/2020;40;20;7;1;3;17;50.0;conforme;N.A;N.A, Prélabel non accordé, Prélabel non accordé dès le 2ème tour, AIDI : Académie Internationale pour le;développement et l'innovation;Imen Selmi
04/2020;40;20;7;1;3;17;50.0;conforme;EdTech;Prélabel;-;
04/2020;40;20;7;1;3;17;50.0;conforme;N.A;N.A, Prélabel non accordé, Prélabel non accordé dès le 2ème tour, DRACOSS, Amen Allah Souli, Amira Mahdi, Amal Bououd, Autre contenu créatif, Prélabel;2;
04/2020;40;20;7;1;3;17;50.0;conforme;N.A;N.A, Prélabel non accordé, Prélabel non accordé dès le 2ème tour, Quicktext, Kheireddine Fredj, Daniel Doppler;AI;Label
04/2020;40;20;7;1;3;17;50.0;conforme;N.A;N.A, N.A, N.A, N.A, N.A, Label non accordé, Dossier irrecevable pour non conformité aux critères;d'obtention du Label Startup (Age de lla Startup mère étrangère;est > 8 ans)
04/2020;40;20;7;1;3;17;50.0;conforme;Candidature reportée de la session de Mars 2020;Campus Numérique des métiers, Fethi Zoghlami, Edtech, Label;-;
04/2020;40;20;7;1;3;17;50.0;conforme;Label non accordé;Label non accordé après pitching, Passage de Prélabels aux Labels, Société, Fondateurs, Secteur, Session d'obtention;du Prélabel;Résultat
04/2020;40;20;7;1;3;17;50.0;conforme;Commentaires;Course Golf, Assil Talmoudi, E-commerce, Octobre 2019, Label accordé, Label accordé suite à la création de la Startup et le respect;des conditions d'octroi;Domoticaza
04/2020;40;20;7;1;3;17;50.0;conforme;Mohamed Zouhaier Zammel;Youssef Barketi, IoT, Novembre 2019, Label accordé, Label accordé suite à la création de la Startup et le respect;des conditions d'octroi;Miral Things
04/2020;40;20;7;1;3;17;50.0;conforme;Anouer Kebir;Abdelrahman Ferchichi, IoT, Novembre 2019, Label accordé, Label accordé suite à la création de la Startup et le respect;des conditions d'octroi;Retrait de Label Startup
04/2020;40;20;7;1;3;17;50.0;conforme;Société;Fondateurs, Secteur, Session d'obtention;du Label;Décision
04/2020;40;20;7;1;3;17;50.0;conforme;Commentaires;Symmetryk / No Statik Media, Khaled Frad, Ramzi Frad;IT;Mars 2019
04/2020;40;20;7;1;3;17;50.0;conforme;Retrait du Label;La société a dépassé l'âge maximum de 8 ans fixé par la loi;20-2018 pour les sociétés bénéficiaires du Label;
05/2020;26;12;10;1;5;7;46.2;conforme;N.A;N.A, Label accordé, Label accordé dès le 2ème tour, Mohamed Ali Kilani a déclaré un conflit d'intérêt, STARK, Mohamed Mzid, Logiciel, Label;8;
05/2020;26;12;10;1;5;7;46.2;conforme;N.A;N.A, Label accordé, Label accordé dès le 2ème tour, NATDYES, Mohamed Farouk Mhenni, Mohamed Ahmed Mhenni, Amira Mhenni, Wearables, Label;5;
05/2020;26;12;10;1;5;7;46.2;conforme;N.A;N.A, Label accordé, Label accordé dès le 2ème tour, Carpet Plus, Mourad Elfelah, Moncef Ben Rejeb, Amani Abid, E-commerce, Label;5;
05/2020;26;12;10;1;5;7;46.2;conforme;N.A;N.A, Label accordé, Label accordé dès le 2ème tour, Hand & Crafts, Asma Bayouli, Ameni Ben Hmida, E-commerce, Label;8;
05/2020;26;12;10;1;5;7;46.2;conforme;N.A;N.A, Label accordé, Label accordé dès le 2ème tour, YASSIR, Haythem Cherif, Noureddine Tayebi, Logistique, Label;7;
05/2020;26;12;10;1;5;7;46.2;conforme;N.A;N.A, Label accordé, Label accordé dès le 2ème tour, Wakahaw, Kais Ben Amar, Haythem Benna, Wajih Hajji, Big Data, Label;4;
05/2020;26;12;10;1;5;7;46.2;conforme;Label accordé;Label accordé suite au pitching, Amiral, Amine Ben Abdallah, E-commerce, Prélabel;5;
05/2020;26;12;10;1;5;7;46.2;conforme;N.A;N.A, Prélabel accordé, Prélabel accordé dès le 2ème tour, Sprindt, Habib Wenish, Ramzi Hamrouni, Hedi Akrout, Fintech, Prélabel;7;
05/2020;26;12;10;1;5;7;46.2;conforme;N.A;N.A, Prélabel accordé, Prélabel accordé dès le 2ème tour, Global World Transformer, Mohamed Amine Hamdi, IoT, Prélabel;7;
05/2020;26;12;10;1;5;7;46.2;conforme;N.A;N.A, Prélabel accordé, Prélabel accordé dès le 2ème tour;iSporit;Mohamed Hedi Achour
05/2020;26;12;10;1;5;7;46.2;conforme;Yosr Naija;Yassine Achour, Karim Zehani, Mohamed Wassim Benzarti, Autre contenu créatif, Prélabel;7;
05/2020;26;12;10;1;5;7;46.2;conforme;N.A;N.A, Prélabel accordé, Prélabel accordé dès le 2ème tour, Evolutik, Maya Mathari, Mourad Mathari, Autre contenu créatif, Prélabel;5;
05/2020;26;12;10;1;5;7;46.2;conforme;N.A;N.A, Prélabel accordé, Prélabel accordé dès le 2ème tour, Ali Mnif a déclaré un conflit d'ntérêt, El Food Lab, Nesrine Chemkhi, Mohamed Guinoubi, Autre contenu créatif, Prélabel;5;
05/2020;26;12;10;1;5;7;46.2;conforme;N.A;N.A, Prélabel accordé, Prélabel accordé dès le 2ème tour, Fouita, Abdelhay Najjar, Logiciel, Prélabel;7;
05/2020;26;12;10;1;5;7;46.2;conforme;N.A;N.A, Prélabel accordé, Prélabel accordé dès le 2ème tour, GrowApp, Wael Aouididi, Growapp, Prélabel;8;
05/2020;26;12;10;1;5;7;46.2;conforme;N.A;N.A, Prélabel accordé, Prélabel accordé dès le 2ème tour, We-Settle, Wael Moula, Naima Moula, Fintech, Prélabel;4;
05/2020;26;12;10;1;5;7;46.2;conforme;Prélabel accordé;Prélabel accordé après pitching, Conception et vente d'un système de télégestion d'énergie électrique, Sabri Mhimdi, Henda Zribi, Energie, Prélabel;4;
05/2020;26;12;10;1;5;7;46.2;conforme;Prélabel accordé;Prélabel accordé après pitching, IOT Medical Technology, Jamel Hattay, Samir Belaid, Mohsen Machhout, Health tech, Label;2;
05/2020;26;12;10;1;5;7;46.2;conforme;Label non accordé;Label non accordé suite au pitching, Omniup Tunisie, Karim Jelliti, Issam Essefi, Ali Sakka, Marketing, Label;3;
05/2020;26;12;10;1;5;7;46.2;conforme;Label non accordé;Label non accordé suite au pitching, LE PORTAIL DES LANGUES, Sahbi Agrebi, E-commerce, Label;-;
05/2020;26;12;10;1;5;7;46.2;conforme;N.A;N.A, Label non accordé, Label non accordé dès le 2ème tour, GARK, Haythem Besghaier, Khaled Guedria, Mobile, Prélabel;3;
05/2020;26;12;10;1;5;7;46.2;conforme;Prélabel non accordé;Prélabel non accordé après pitching, GASPYCH, Mansour Mechmech, Hend Kefi, E-commerce, Prélabel;-;
05/2020;26;12;10;1;5;7;46.2;conforme;N.A;N.A, Prélabel non accordé, Prélabel non accordé dès le 2ème tour, EMNA HUSSEIN, Emna Hussein, Wearables, Prélabel;-;
05/2020;26;12;10;1;5;7;46.2;conforme;N.A;N.A, Prélabel non accordé, Prélabel non accordé dès le 2ème tour, Doctorka, Racem Smaouo, Aymen Ben Amor, Walid Ben Djemaa, Health Tech, Prélabel;-;
05/2020;26;12;10;1;5;7;46.2;conforme;N.A;N.A, Prélabel non accordé, Prélabel non accordé dès le 2ème tour, Renini, Abdelaziz Ben Chaabane, Plateforme sociale, Prélabel;-;
05/2020;26;12;10;1;5;7;46.2;conforme;N.A;N.A, Prélabel non accordé, Prélabel non accordé dès le 2ème tour, Société Polyouate, Arslene Rouatbi, Ridha Rouatbi, Autre contenu créatif, Label, N.A, N.A, N.A, N.A, N.A, N.A, Label non accordé, Dossier irrecevable pour non conformité aux critères d'obtention;du Label Startup (L'âge de l'entreprise > 8 ans);Passage de Prélabels aux Labels
05/2020;26;12;10;1;5;7;46.2;conforme;Société;Fondateurs, Secteur, Session d'obtention;du Prélabel;Résultat
05/2020;26;12;10;1;5;7;46.2;conforme;Commentaires;Société Datasphera, Noureddine Louki, Achref Kechaou;AI;Novembre 2019
05/2020;26;12;10;1;5;7;46.2;conforme;Label accordé;Label accordé suite à la création de la Startup et le respect des;conditions d'octroi;Innov'Edition
05/2020;26;12;10;1;5;7;46.2;conforme;Fedi Belkacem;Cyrine Bouaziz;HR;Novembre 2019
05/2020;26;12;10;1;5;7;46.2;conforme;Label accordé;Label accordé suite à la création de la Startup et le respect des;conditions d'octroi;Smek's Invest
05/2020;26;12;10;1;5;7;46.2;conforme;Mohamed Ben Hammed;Sonia Laribi, Logistique, Avril 2020, Label accordé, Label accordé suite à la création de la Startup et le respect des;conditions d'octroi;Lamma City App
05/2020;26;12;10;1;5;7;46.2;conforme;Hamza Guesmi;Reda Mansouri, Logistique, Novembre 2019, Label accordé, Label accordé suite à la création de la Startup et le respect des;conditions d'octroi;Quantilyx R&D
05/2020;26;12;10;1;5;7;46.2;conforme;Hamza Amiri;Moez Hammami, Mohamed Bessa, Fintech, Février 2020, Label accordé, Label accordé suite à la création de la Startup et le respect des;conditions d'octroi;Retrait de Label Startup
05/2020;26;12;10;1;5;7;46.2;conforme;Société;Fondateurs, Secteur, Session d'obtention;du Label;Décision
06/2020;26;12;5;0;4;8;46.2;conforme;N.A;N.A, Label accordé, Label accordé dès le 2ème tour, Zackaria Belkhoja a déclaré un conflit d'intérêt, ADIOM, Wael Kanzari, Agritech, Label;5;
06/2020;26;12;5;0;4;8;46.2;conforme;N.A;N.A, Label accordé, Label accordé dès le 2ème tour, Odacel, Mohamed Salah Karouia, Abdeljalil KAROUIA, Slim Ouichtati, Mourad Karouia, Mohamed Selim Bessi;IoT;Label
06/2020;26;12;5;0;4;8;46.2;conforme;N.A;N.A, Label accordé, Label accordé dès le 2ème tour, Firnas Engineering, Nidhal Ayari, Marwa Sboui, Mahmoud Ayari, IoT, Label;8;
06/2020;26;12;5;0;4;8;46.2;conforme;N.A;N.A, Label accordé, Label accordé dès le 2ème tour, CLEDISS, Ahmed Salah, Soumaya Dridi, Logiciel, Label;7;
06/2020;26;12;5;0;4;8;46.2;conforme;N.A;N.A, Label accordé, Label accordé dès le 2ème tour, Lemarché.tn, Zied Gharsallah;Agritech;Label
06/2020;26;12;5;0;4;8;46.2;conforme;Label accordé;Label accordé suite au pitching, Société NSIJA, Hassine Labaied, Malek hamza, Nedhir Jemmali, Autre contenu créatif, Label;4;
06/2020;26;12;5;0;4;8;46.2;conforme;Label accordé;Label accordé suite au pitching, La Ferme Urbaine, Skander Kacem, Agritech, Label;4;
06/2020;26;12;5;0;4;8;46.2;conforme;Label accordé;Label accordé suite au pitching, Eventizer, Jamoussi Ahmed, Jihed Bouguerra, Yassine Abbes, Oussema Samet, Logiciel, Prélabel;5;
06/2020;26;12;5;0;4;8;46.2;conforme;N.A;N.A, Prélabel accordé, Prélabel accordé dès le 2ème tour, Kyteb, Haithem Kchaou, Chehir Dhawedi;EdTech;Prélabel
06/2020;26;12;5;0;4;8;46.2;conforme;N.A;N.A, Prélabel accordé, Prélabel accordé dès le 2ème tour, Pura solutions, Jaweher Chatbri, Youssef Gaaliche, Ahmed Mrabet, Health Tech, Prélabel;6;
06/2020;26;12;5;0;4;8;46.2;conforme;N.A;N.A, Prélabel accordé, Prélabel accordé dès le 2ème tour, School Upgrader, Khalil Ben Zineb, Oussama Ben Zineb, EdTech, Prélabel;6;
06/2020;26;12;5;0;4;8;46.2;conforme;N.A;N.A, Prélabel accordé, Prélabel accordé dès le 2ème tour, StreetCarHub, Walid M'sallem, Ghazi Mensi, Autre contenu créatif, Prélabel;5;
06/2020;26;12;5;0;4;8;46.2;conforme;N.A;N.A, Prélabel accordé, Prélabel accordé dès le 2ème tour, Machrou3i Fi Bledi, Marouen Hadhri, KHELIFA HADHRI;EdTech;Label
06/2020;26;12;5;0;4;8;46.2;conforme;N.A;N.A, Label non accordé, Label non accordé dès le 2ème tour, Tela, Chaima Chaouachi, E-commerce, Prélabel;-;
06/2020;26;12;5;0;4;8;46.2;conforme;N.A;N.A, Prélabel non accordé, Prélabel non accordé dès le 2ème tour, Web2Advisor, Imed Zhir;E-commerce;Prélabel
06/2020;26;12;5;0;4;8;46.2;conforme;N.A;N.A, Prélabel non accordé, Prélabel non accordé dès le 2ème tour, Limaalem, Rafik Al Falah, E-commerce, Prélabel;-;
06/2020;26;12;5;0;4;8;46.2;conforme;N.A;N.A, Prélabel non accordé, Prélabel non accordé dès le 2ème tour, TDR, Ahdi Hidri, Saifeddine Jabbes, Youssef Chatti;E-commerce;Prélabel
06/2020;26;12;5;0;4;8;46.2;conforme;N.A;N.A, Prélabel non accordé, Prélabel non accordé dès le 2ème tour, Plateforme de recouvrement intelligente:;recouv.tn;Yassine Jemal
06/2020;26;12;5;0;4;8;46.2;conforme;Fintech;Prélabel;-;
06/2020;26;12;5;0;4;8;46.2;conforme;N.A;N.A, Prélabel non accordé, Prélabel non accordé dès le 2ème tour, Connect Talents, Sahbi Agerbi;HR;Prélabel
06/2020;26;12;5;0;4;8;46.2;conforme;N.A;N.A, Prélabel non accordé, Prélabel non accordé dès le 2ème tour, Docodify Technologies, Mohamed Ali Kharraf, IoT, Label;-;
06/2020;26;12;5;0;4;8;46.2;conforme;Label non accordé;Label non accordé suite au pitching, SwalApp, Mohamed Aloui, Rami Jegham, Aziz Kamarti, Mobile, Label;3;
06/2020;26;12;5;0;4;8;46.2;conforme;Prélabel non accordé;PréLabel non accordé suite au pitching, Azaward, Akermi Abdekhalek, Mohamed Akermi, Tarek Saidi, E-commerce, Prélabel;2;
06/2020;26;12;5;0;4;8;46.2;conforme;Prélabel non accordé;PréLabel non accordé suite au pitching;branper;Saïd Ben Jlili
06/2020;26;12;5;0;4;8;46.2;conforme;Hamza Ben Jannet;;Big Data;Prélabel
06/2020;26;12;5;0;4;8;46.2;conforme;Prélabel non accordé;PréLabel non accordé suite au pitching;iMMOTECH;Cyrine Ben Ayed
06/2020;26;12;5;0;4;8;46.2;conforme;Mohamed Raafet Limam;Logiciel, Label, N.A, N.A, N.A, N.A, N.A, N.A, Label non accordé, Dossier irrecevable pour motif de non-indépendance du capital, Carthachain, Mohamad Mouihbi, Mahmoud Jebri, Blockchain & cryptocurrency, Prélabel, N.A, N.A, N.A, N.A, N.A, N.A, Prélabel non accordé, Dossier irrecevable pour manque d'autorisation de la part des autorités;compétentes;Passage de Prélabels aux Labels
06/2020;26;12;5;0;4;8;46.2;conforme;Société;Fondateurs, Secteur, Session d'obtention;du Prélabel;Résultat
06/2020;26;12;5;0;4;8;46.2;conforme;Commentaires;ORANGURU TECHDESIGN, Amir Matallaoui, Nadjib Mammeri, E-commerce, Décembre 2019, Label accordé, Label accordé suite à la création de la Startup et le respect des;conditions d'octroi;M eSANTE PLUS
06/2020;26;12;5;0;4;8;46.2;conforme;Mohamed Ben Hmida;AHMED ABIDA, Health Tech, Janvier 2019, Label accordé, Label accordé suite à la création de la Startup et le respect des;conditions d'octroi;INERTIA
06/2020;26;12;5;0;4;8;46.2;conforme;Aymen Bouchoucha;Mohamed Saïd El Behi, E-commerce, Février 2020, Label accordé, Label accordé suite à la création de la Startup et le respect des;conditions d'octroi;IJA-SOLUTIONS
06/2020;26;12;5;0;4;8;46.2;conforme;Hatem Drira;Plateforme Sociale, Janvier 2020, Label accordé, Label accordé suite à la création de la Startup et le respect des;conditions d'octroi;
07/2020;40;18;7;0;9;9;45.0;conforme;Label non accordé dès le 2ème tour;Label non accordé dès le 2ème tour, Label non accordé dès le 2ème tour, Label non accordé dès le 2ème tour, Label non accordé dès le 2ème tour, Label non accordé suite au pitching, Label non accordé suite au pitching, Mohamed Salah Frad a déclaré un conflit d'intérêt, Label non accordé suite au pitching, Label non accordé suite au pitching, Elyes Jeribi a déclaré un conflit d'intérêt, Label non accordé suite au pitching, Label non accordé suite au pitching, Prélabel non accordé dès le 2ème tour, Prélabel non accordé dès le 2ème tour, Prélabel non accordé dès le 2ème tour, Prélabel non accordé dès le 2ème tour, Prélabel non accordé dès le 2ème tour, Prélabel non accordé dès le 2ème tour, Prélabel non accordé dès le 2ème tour, Prélabel non accordé dès le 2ème tour;لﺟﺑأﻲﺗّﺣﺻ;Prélabel non accordé dès le 2ème tour
08/2020;28;17;6;0;10;7;60.7;conforme;N.A;N.A, Label accordé, Label accordé dès le 2ème tour, DEDALE SOLUTIONS, Hichem Elloumi, Fatma Mokadmi, Riadh Brinis, Khalil Masmoudi, Fintech, Label;6;
08/2020;28;17;6;0;10;7;60.7;conforme;N.A;N.A, Label accordé, Label accordé dès le 2ème tour, Etakwin, Sawsan Bellaj, Moez Bouhlel, Mhammed Bellaj, E-commerce, Label;7;
08/2020;28;17;6;0;10;7;60.7;conforme;N.A;N.A, Label accordé, Label accordé dès le 2ème tour, Autoshop.tn/ETL Technology, Bassem Ben Jmeaa, Mohamed Ali Ellouze, Achraf Guidara, E-commerce, Label;8;
08/2020;28;17;6;0;10;7;60.7;conforme;N.A;N.A, Label accordé, Label accordé dès le 2ème tour, DIDA MIND, Hatem Abidi, Soumaya Ben Abdallah, IoT, Label;9;
08/2020;28;17;6;0;10;7;60.7;conforme;N.A;N.A, Label accordé, Label accordé dès le 2ème tour, GST, Nesria Lehiani, Logistique, Label;7;
08/2020;28;17;6;0;10;7;60.7;conforme;N.A;N.A, Label accordé, Label accordé dès le 2ème tour, Ali Mnif et Zackaria Belkhoja ont  déclaré un conflit d'intérêt, Improve Software TN, Ines Hakiri, Salah El Amami, Agritech, Label;3;
08/2020;28;17;6;0;10;7;60.7;conforme;Label accordé;Label accordé suite au pitching;ai diagnosis vision;Saoussen Ayari
08/2020;28;17;6;0;10;7;60.7;conforme;Anouar Nechi;Koussai Barhoumi, Health Tech, Prélabel;5;
08/2020;28;17;6;0;10;7;60.7;conforme;N.A;N.A, Prélabel accordé, Prélabel accordé dès le 2ème tour, Ali Mnif  a déclaré un conflit d'intérêt, GENI, Mohamed RAJHI, Mohamed Ali TBESSI;Agritech;Prélabel
08/2020;28;17;6;0;10;7;60.7;conforme;N.A;N.A, Prélabel accordé, Prélabel accordé dès le 2ème tour, HAKIM TECHNOLOGIES, Mondher Hakim, Energie, Prélabel;9;
08/2020;28;17;6;0;10;7;60.7;conforme;N.A;N.A, Prélabel accordé, Prélabel accordé dès le 2ème tour, D-WEE, Mohamed Mabrouk, Nermine Marzouki, Taha Grach, Bassem Mlayah;Health Tech;Prélabel
08/2020;28;17;6;0;10;7;60.7;conforme;N.A;N.A, Prélabel accordé, Prélabel accordé dès le 2ème tour, HOMEJEK, Mohamed Aziz Hannachi, Anis Mzoughi;E-commerce;Prélabel
08/2020;28;17;6;0;10;7;60.7;conforme;Prélabel accordé;Prélabel accordé suite au pitching, MTCE, Fares Amor, Dhafer Ben Amor, Nidhal Ben Amor, Autre contenu créatif, Prélabel;4;
08/2020;28;17;6;0;10;7;60.7;conforme;Prélabel accordé;Prélabel accordé suite au pitching, Angel Protector/ AMZi Smart Solutions, Zied Rouissi, Yassine Timoumi, Johannes Jones;AI;Label
08/2020;28;17;6;0;10;7;60.7;conforme;N.A;N.A, Label non accordé, Label non accordé dès le 2ème tour, Lanterns, Jihed Jaouabi, Oussama mariem, Nabil Brahem;Gaming;Label
08/2020;28;17;6;0;10;7;60.7;conforme;N.A;N.A, Label non accordé, Label non accordé dès le 2ème tour, Analytix, Amine Gara, Mariam Ouanes, Fintech, Label;-;
08/2020;28;17;6;0;10;7;60.7;conforme;N.A;N.A, Label non accordé, Label non accordé dès le 2ème tour, M&C, Sami Chammakhi, Aymen Mechria;AI;Label
08/2020;28;17;6;0;10;7;60.7;conforme;Label non accordé;Label non accordé suite au pitching, Makerfy, Hani Hamrouni, Davide Di Majo;Logiciel;Label
08/2020;28;17;6;0;10;7;60.7;conforme;Label non accordé;Label non accordé suite au pitching, LaMode, Mohamed Nawes, Naima Ben Amara Nawes, E-commerce, Label;2;Label non accordé
08/2020;28;17;6;0;10;7;60.7;conforme;Label non accordé suite au pitching;Elyes Jeribi a déclaré un conflit d'intérêt, Lead Youth, Med Khalil Masmoudi, Yasmine Ferchichi, Développement personnel, Prélabel;-;
08/2020;28;17;6;0;10;7;60.7;conforme;N.A;N.A, Prélabel non accordé Label non accordé dès le 2ème tour, Points Cadeaux, Walid Slama, Ahmed Ayadi;Logiciel;Prélabel
08/2020;28;17;6;0;10;7;60.7;conforme;N.A;N.A, Prélabel non accordé Label non accordé dès le 2ème tour;mintounes;Beldi Zied
08/2020;28;17;6;0;10;7;60.7;conforme;Ghizlaine Beldi;Anis Harzallah, E-commerce, Prélabel;-;
08/2020;28;17;6;0;10;7;60.7;conforme;N.A;N.A, Prélabel non accordé Label non accordé dès le 2ème tour, TAWA, Med Salah Mbarek, Mohamed Maalej, Marketing, Prélabel;-;
08/2020;28;17;6;0;10;7;60.7;conforme;N.A;N.A, Prélabel non accordé Label non accordé dès le 2ème tour, Drone filaire, Mohamed Elaid Karaouli, Oussama Karaouli, Yassine Karaouli, Wassim Karaouli, Autre contenu créatif, Prélabel;-;
08/2020;28;17;6;0;10;7;60.7;conforme;N.A;N.A, Prélabel non accordé Label non accordé dès le 2ème tour, Full Health, Selim Ben Mrad, Développement personnel, Prélabel;-;
08/2020;28;17;6;0;10;7;60.7;conforme;N.A;N.A, Prélabel non accordé Label non accordé dès le 2ème tour, WeRebase, Ghaleb Ben Ali, Imen Baklouti, Nadhir Douma, Karim Daghari, EdTech, Prélabel;3;
08/2020;28;17;6;0;10;7;60.7;conforme;Prélabel non accordé Prélabel non accordé suite au pitching;Ijeni, Safi Eddine Negra, Yassine Haj Salem, E-commerce, Prélabel;-;
08/2020;28;17;6;0;10;7;60.7;conforme;Prélabel non accordé Prélabel non accordé suite au pitching;Swerd, Mohamed Aziz Ben Allala, Fintech, Prélabel;-;
08/2020;28;17;6;0;10;7;60.7;conforme;Prélabel non accordé Prélabel non accordé suite au pitching;Passage de Prélabels aux Labels, Société, Projet, Fondateurs, Secteur, Session d'obtention;du Prélabel;Résultat
08/2020;28;17;6;0;10;7;60.7;conforme;Commentaires;Afia Tech, Afia Tech, Laith Glissa;Health Tech;Décembre 2019
08/2020;28;17;6;0;10;7;60.7;conforme;Label accordé;Label accordé suite à la création de la Startup et le respect des;conditions d'octroi;SPORTOLOGY
08/2020;28;17;6;0;10;7;60.7;conforme;KLAY;Mohamed Hedi Ben Hamed, Moez Aousji, Autre contenu créatif, Mars 2020, Label accordé, Label accordé suite à la création de la Startup et le respect des;conditions d'octroi;Société Classquiz
08/2020;28;17;6;0;10;7;60.7;conforme;Class Quiz;Sabrine Ibrahim, Achref Dawahi, Omar Trabelsi, EdTech, Février 2020, Label accordé, Label accordé suite à la création de la Startup et le respect des;conditions d'octroi;Nebulabs
08/2020;28;17;6;0;10;7;60.7;conforme;Kyteb;Haithem Kchaou, Chehir Dhawedi, EdTech, Juin 2020, Label accordé, Label accordé suite à la création de la Startup et le respect des;conditions d'octroi;Scaphandry
08/2020;28;17;6;0;10;7;60.7;conforme;Rent a tutor;Abdeljalil Ghattas, EdTech, Février 2020, Label accordé, Label accordé suite à la création de la Startup et le respect des;conditions d'octroi;Digital GROWUP APPLICATIONS « DGA »
08/2020;28;17;6;0;10;7;60.7;conforme;GrowApp;Wael Aouididi, Logiciel, Mai 2020, Label accordé, Label accordé suite à la création de la Startup et le respect des;conditions d'octroi;Ste Hope Healthcare Solutions
08/2020;28;17;6;0;10;7;60.7;conforme;Le Comet;Tarek Mnaffakh, Health Tech, Juillet 2020, Label accordé, Label accordé suite à la création de la Startup et le respect des;conditions d'octroi;THEMAZEGROUP
08/2020;28;17;6;0;10;7;60.7;conforme;Mohamed Hedi Achour;Yosr Naija, Yassine Achour, Karim Zehani, Mohamed Wassim Benzarti, Autre contenu créatif, Mai 2020, Label accordé, Label accordé suite à la création de la Startup et le respect des;conditions d'octroi;School Upgrader
08/2020;28;17;6;0;10;7;60.7;conforme;School Upgrader;Khalil Ben Zineb, Oussama Ben Zineb, EdTech, Juin 2020, Label accordé, Label accordé suite à la création de la Startup et le respect des;conditions d'octroi;STE Industrial FACTOORYA Tech
08/2020;28;17;6;0;10;7;60.7;conforme;FACTOORYA;Amine Rekhis, Yassine Khlass, Mohamed Seifedinne Bouarada, IoT, Mars 2020, Label accordé, Label accordé suite à la création de la Startup et le respect des;conditions d'octroi;
09/2020;24;11;9;5;8;3;45.8;conforme;N.A;N.A, Label accordé, Label accordé dès le 2ème tour, HackUp, Ghanmi Ayhem, Mohamed Aziz Najjar;HR;Label
09/2020;24;11;9;5;8;3;45.8;conforme;Label accordé;Label accordé suite au pitching, Ali Mnif et Mohamed Ali Kilani ont  déclaré un conflit d'intérêt;wammya;Faycel Aouina
09/2020;24;11;9;5;8;3;45.8;conforme;Iteb Masmoudi;Ahmed Lachheb Lahlaoui, Walid Negra, Logistique, Label;3;
09/2020;24;11;9;5;8;3;45.8;conforme;Label accordé;Label accordé suite au pitching, Orthlane, Ali Karray, Health Tech, Prélabel;7;
09/2020;24;11;9;5;8;3;45.8;conforme;N.A;N.A, Prélabel  accordé, Prélabel accordé dès le 2ème tour, ETNAFES, Ali Safsafi, Ichrak Aouissaoui, Najeh Bedhief, Autre contenu créatif, Prélabel;6;
09/2020;24;11;9;5;8;3;45.8;conforme;N.A;N.A, Prélabel  accordé, Prélabel accordé dès le 2ème tour, Idaraty.tn, Ahmed Zoghlami, Plateforme Sociale, Prélabel;9;
09/2020;24;11;9;5;8;3;45.8;conforme;N.A;N.A, Prélabel  accordé, Prélabel accordé dès le 2ème tour, Healthy & Bnin, Soumaya Atoui;E-commerce;Prélabel
09/2020;24;11;9;5;8;3;45.8;conforme;N.A;N.A, Prélabel  accordé, Prélabel accordé dès le 2ème tour, Services voitures épaves (SVE), Farah M'seddi, Slim M'seddi, Jalel Satouri, E-commerce, Prélabel;7;
09/2020;24;11;9;5;8;3;45.8;conforme;N.A;N.A, Prélabel  accordé, Prélabel accordé dès le 2ème tour, Autorent, Moslem Ben Dhaou, Logiciel, Prélabel;7;
09/2020;24;11;9;5;8;3;45.8;conforme;N.A;N.A, Prélabel  accordé, Prélabel accordé dès le 2ème tour, Cubed, Achref Hayouni, Hassen Mezghani, Sarra Ben Helal, Marketing, Prélabel;7;
09/2020;24;11;9;5;8;3;45.8;conforme;N.A;N.A, Prélabel  accordé, Prélabel accordé dès le 2ème tour, Smelsy.com, Med slim BOUAZIZ, EdTech, Prélabel;6;
09/2020;24;11;9;5;8;3;45.8;conforme;N.A;N.A, Prélabel  accordé, Prélabel accordé dès le 2ème tour;iCan-C;Ali Ajili
09/2020;24;11;9;5;8;3;45.8;conforme;Yosr Jazzar;;IoT;Prélabel
09/2020;24;11;9;5;8;3;45.8;conforme;Prélabel  accordé;Prélabel accordé suite au pitching, MTTN, Sami Khouaja, Naji Bou Habib, Big Data, Label;-;
09/2020;24;11;9;5;8;3;45.8;conforme;N.A;N.A, Label non accordé, Label non accordé dès le 2ème tour, Bladiz, Nabil Fatmi, Ameur Baccoucha, Marketing, Label;4;
09/2020;24;11;9;5;8;3;45.8;conforme;Label non accordé;Label non accordé suite au pitching;king Chemicals Solutions;Sadok Maamar
09/2020;24;11;9;5;8;3;45.8;conforme;Hassen Mchaalia;Ons Ayari;Logiciel;Label
09/2020;24;11;9;5;8;3;45.8;conforme;Label non accordé;Label non accordé suite au pitching, MEDICAL SERVICES & SOLUTIONS INTER, Mohamed Nejib Youssef, Jalel Dahas;souhir Zaoui;Sami Hamila
09/2020;24;11;9;5;8;3;45.8;conforme;Maher Cheour;Health Tech, Label;-;
09/2020;24;11;9;5;8;3;45.8;conforme;Label non accordé;Label non accordé suite au pitching, Doctourna, Moetaz Torkhani, Health Tech, Label;4;
09/2020;24;11;9;5;8;3;45.8;conforme;Label non accordé;Label non accordé suite au pitching, Aladdin, Hichème Kaboudi, Telecom, Prélabel;-;
09/2020;24;11;9;5;8;3;45.8;conforme;N.A;N.A, Prélabel non accordé Prélabel non accordé dès le 2ème tour, Portail de technologies industrielles et innovations, Mohamed Wissem Landolsi, Walid Landolsi, Imen Gaida, Autre contenu créatif, Prélabel;1;
09/2020;24;11;9;5;8;3;45.8;conforme;N.A;N.A, Prélabel non accordé Prélabel non accordé dès le 2ème tour, New Life, Heni Mechichi, Abderrahmen Ben Gdara, E-commerce, Prélabel;1;
09/2020;24;11;9;5;8;3;45.8;conforme;N.A;N.A, Prélabel non accordé Prélabel non accordé dès le 2ème tour, Sampapp, Taher Ghrissi, Health Tech, Prélabel;-;
09/2020;24;11;9;5;8;3;45.8;conforme;N.A;N.A, Prélabel non accordé Prélabel non accordé dès le 2ème tour, SAFEOPS, Hakim Chemam, Logiciel, Label, N.A, N.A, N.A, N.A, N.A, N.A, Label non accordé, Dossier irrecevable pour non conformité aux;critères d'obtention du Label Startup (L'âge de;l'entreprise > 8 ans)
09/2020;24;11;9;5;8;3;45.8;conforme;Dinaro;Khalil Jelassi;Fintech;Prélabel
09/2020;24;11;9;5;8;3;45.8;conforme;N.A;N.A, N.A, N.A, N.A, N.A, Prélabel non accordé, Dossier irrecevable pour manque d'autorisation de;la part des autorités compétentes pour la pratique;de l'activité présentée
09/2020;24;11;9;5;8;3;45.8;conforme;Farmvie;Radhouane Slimani, Saif eddine Souilmi, Yasser Souilmi, Hamza Beji, Agritech, Prélabel, N.A, N.A, N.A, N.A, N.A, N.A, Prélabel non accordé, Dossier irrecevable pour manque d'autorisation de;la part des autorités compétentes pour la pratique;de l'activité présentée
09/2020;24;11;9;5;8;3;45.8;conforme;Passage de Prélabels aux Labels;Société, Projet, Fondateurs, Secteur, Session d'obtention;du Prélabel;Résultat
09/2020;24;11;9;5;8;3;45.8;conforme;Commentaires;Sté ELAASLA, Raheeq - قﯾﺣر, Hamza Nechi, Agritech, Décembre 2019, Label accordé, Label accordé suite à la création de la Startup et le respect des;conditions d'octroi;Barbecha
09/2020;24;11;9;5;8;3;45.8;conforme;Barbecha;Ines Soyah, Zeineb Bouassida, Chiheb Karoui, E-commerce, Mars 2020, Label accordé, Label accordé suite à la création de la Startup et le respect des;conditions d'octroi;Ste DomHome
09/2020;24;11;9;5;8;3;45.8;conforme;Smart House Tunisia;Chouchene Achref, Yasmine Ben Ameur, Souilem Seif, Siwar Boufares;IoT;Février 2020
09/2020;24;11;9;5;8;3;45.8;conforme;Label accordé;Label accordé suite à la création de la Startup et le respect des;conditions d'octroi;AL diagnosis vision
09/2020;24;11;9;5;8;3;45.8;conforme;Saoussen Ayari;Anouar Nechi, Koussai Barhoumi, Health Tech, Août 2020, Label accordé, Label accordé suite à la création de la Startup et le respect des;conditions d'octroi;Boho Corporation
09/2020;24;11;9;5;8;3;45.8;conforme;KWIN.;Sahli Houssem, Sonia Othman;IoT;Mars 2020
09/2020;24;11;9;5;8;3;45.8;conforme;Label accordé;Label accordé suite à la création de la Startup et le respect des;conditions d'octroi;Dentic Group
09/2020;24;11;9;5;8;3;45.8;conforme;Dentic;Hakim Yahyaoui, Health Tech, Mars 2020, Label accordé, Label accordé suite à la création de la Startup et le respect des;conditions d'octroi;Technagile Innovation Labs
09/2020;24;11;9;5;8;3;45.8;conforme;FlowsMaster;Jamel Gasri, Nesrine Ben Guirat, Wajih Abidi, Khaled Ben Younes, Ahmed Mnasri, Logiciel, Avril 2020, Label accordé, Label accordé suite à la création de la Startup et le respect des;conditions d'octroi;SBI Biotech
09/2020;24;11;9;5;8;3;45.8;conforme;Tunisiabiotech;Oualid Sbai, Biotechnologie, Mars 2020, Label accordé, Label accordé suite à la création de la Startup et le respect des;conditions d'octroi;Retrait de Label Startup
09/2020;24;11;9;5;8;3;45.8;conforme;Société;Fondateurs, Secteur, Session d'obtention;du Label;Décision
09/2020;24;11;9;5;8;3;45.8;conforme;Commentaires;Mass SA, Dr. Ramla Jarrar, Dr. Firas Jabloun;AI;Avril 2019
09/2020;24;11;9;5;8;3;45.8;conforme;Retrait du Label;La société a dépassé l'âge maximum de 8 ans fixé par la loi 20-;2018 pour les sociétés bénéficiaires du Label;Catrim
09/2020;24;11;9;5;8;3;45.8;conforme;Mohamed Amine Ghorbel;Becem Ben Mustapha, Fintech;Juillet 2019;Retrait du Label
09/2020;24;11;9;5;8;3;45.8;conforme;La société n'a pas respecté l'obligation légale de déclarer ses;;états financiers annuels tel que stipulé par la loi;Jhimi Pour Les Elévateurs Légers
09/2020;24;11;9;5;8;3;45.8;conforme;Houcine Jhimi;Ali Jhimi, Agritech, Décembre 2019, Retrait du Label, La société n'a pas respecté l'obligation légale de déclarer ses;états financiers annuels tel que stipulé par la loi;TechAccessibility
09/2020;24;11;9;5;8;3;45.8;conforme;Nour Ben yahia;Mehrez Boulares, Achraf Othman, Kabil Jaballah, Oussama El Ghoul, Mohsen Laabidi, Mobile, Avril 2019, Retrait du Label, La société n'a pas respecté l'obligation légale de déclarer ses;états financiers annuels tel que stipulé par la loi;Tira Robots
09/2020;24;11;9;5;8;3;45.8;conforme;Wassim Ben Hmida;Azza Attia, Robotique, Octobre 2019, Retrait du Label, La société n'a pas respecté l'obligation légale de déclarer ses;états financiers annuels tel que stipulé par la loi;
10/2020;41;16;10;1;7;9;39.0;conforme;N.A;N.A, Label accordé, Label accordé dès le 2ème tour, Qartaj, Moncef Ben Rajeb, Yahyaoui Faouzi, E-commerce, Label;8;
10/2020;41;16;10;1;7;9;39.0;conforme;N.A;N.A, Label accordé, Label accordé dès le 2ème tour, Animadop;khalil ben said;Fatma Essafi
10/2020;41;16;10;1;7;9;39.0;conforme;Plateforme Sociale;Label;7;
10/2020;41;16;10;1;7;9;39.0;conforme;N.A;N.A, Label accordé, Label accordé dès le 2ème tour, EATISY, Walid Baltagi, Hamed Baltagi, Chekib Chakroun, Chedi Chakroun, Logiciel, Label;8;
10/2020;41;16;10;1;7;9;39.0;conforme;N.A;N.A, Label accordé, Label accordé dès le 2ème tour, NG Technologies, Moez Ben Mbarka, Mohamed Ali Tarhouni, Khadija Ferjani;Logiciel;Label
10/2020;41;16;10;1;7;9;39.0;conforme;N.A;N.A, Label accordé, Label accordé dès le 2ème tour, LES SOUKS.COM SARL, Nour El Houda Kaouach, Hichem Mathlouthi, E-commerce, Label;7;
10/2020;41;16;10;1;7;9;39.0;conforme;N.A;N.A, Label accordé, Label accordé dès le 2ème tour, Knowledge and Business Intelligence Integration, Zina Douar, Brahim Douar, Big Data, Label;6;
10/2020;41;16;10;1;7;9;39.0;conforme;N.A;N.A, Label accordé, Label accordé dès le 2ème tour, Toumi Electronics, Ali Toumi, Autre contenu créatif, Label;4;
10/2020;41;16;10;1;7;9;39.0;conforme;Label accordé;Label accordé suite au pitching, Caprigène Impact Investing, Mongi Kaddoussi, Biotechnologie, Label;1;Label accordé
10/2020;41;16;10;1;7;9;39.0;conforme;Label accordé suite au pitching;Mohamed Salah Frad a déclaré un conflit d'intérêt, Marhba.tn Experiences, Farouk Oueslati, Dorsaf Touil, E-commerce, Prélabel;5;
10/2020;41;16;10;1;7;9;39.0;conforme;N.A;N.A, Prélabel  accordé, Prélabel accordé dès le 2ème tour, Fantastic Mall, Mohamed Torkhani, Talel Mouaada, Mohamed El kamel, Saber Ben Ahmed, Sahbi Ben Fredj, E-commerce, Prélabel;7;
10/2020;41;16;10;1;7;9;39.0;conforme;N.A;N.A, Prélabel  accordé, Prélabel accordé dès le 2ème tour, Elyes Jeribi a déclaré un conflit d'intérêt, E W, Mohamed Baazaoui, E-commerce, Prélabel;5;
10/2020;41;16;10;1;7;9;39.0;conforme;N.A;N.A, Prélabel  accordé, Prélabel accordé dès le 2ème tour, Creometry, Mounir Ghlaiel, Aymen El Amri, Telecom, Prélabel;5;
10/2020;41;16;10;1;7;9;39.0;conforme;N.A;N.A, Prélabel  accordé, Prélabel accordé dès le 2ème tour, Liberrex, Achraf Ammar;Logiciel;Prélabel
10/2020;41;16;10;1;7;9;39.0;conforme;N.A;N.A, Prélabel  accordé, Prélabel accordé dès le 2ème tour;بﺎﺗﻛ ﺔﻠﺣر Journey;Houssem Baaka
10/2020;41;16;10;1;7;9;39.0;conforme;Aya Achour;Bilal Nsib;EdTech;Prélabel
10/2020;41;16;10;1;7;9;39.0;conforme;N.A;N.A, Prélabel  accordé, Prélabel accordé dès le 2ème tour, Keto Life Style, Yesmine Ben Ameur, Mohamed Ali Rekik, E-commerce, Prélabel;4;
10/2020;41;16;10;1;7;9;39.0;conforme;Prélabel  accordé;Prélabel accordé suite au pitching, ECG Lab, Hatem Rabeh, Adel Fardi, Ayoub Belfekih, Health Tech, Prélabel;3;
10/2020;41;16;10;1;7;9;39.0;conforme;Prélabel  accordé;Prélabel accordé suite au pitching, VIRGIN, Ahmed Aziz Chaker, Mourad CHAKER, Cleantech, Prélabel;3;
10/2020;41;16;10;1;7;9;39.0;conforme;Prélabel  accordé;Prélabel accordé suite au pitching;international business space;Ghada Sayeh Cherif
10/2020;41;16;10;1;7;9;39.0;conforme;Foued Cherif;Autre contenu créatif, Prélabel;3;
10/2020;41;16;10;1;7;9;39.0;conforme;Prélabel  accordé;Prélabel accordé suite au pitching, DIGIWAY SOLUTIONS, Malek Othmane, Houssem Lahbacha;AI;Label
10/2020;41;16;10;1;7;9;39.0;conforme;N.A;N.A, Label non accordé, Label non accordé dès le 2ème tour, INTERNATIONAL COACH START-UP, Imen Jabri, Bilel Amdouni, Neceur Kaleche, IoT, Label;1;
10/2020;41;16;10;1;7;9;39.0;conforme;N.A;N.A, Label non accordé, Label non accordé dès le 2ème tour;eStores Factory;Radhouane Farhat
10/2020;41;16;10;1;7;9;39.0;conforme;Hatem Ammar;Ahmed Khlif, E-commerce, Label;-;
10/2020;41;16;10;1;7;9;39.0;conforme;N.A;N.A, Label non accordé, Label non accordé dès le 2ème tour;ibtikar;Tawfik Twil
10/2020;41;16;10;1;7;9;39.0;conforme;Fatma Twil;Autre contenu créatif, Label;-;
10/2020;41;16;10;1;7;9;39.0;conforme;N.A;N.A, Label non accordé, Label non accordé dès le 2ème tour, EXPLOIT CONSULT, Hichem Sfayhi, Agritech, Label;3;
10/2020;41;16;10;1;7;9;39.0;conforme;N.A;N.A, Label non accordé, Label non accordé dès le 2ème tour, Classroom, Yousser Boulifa, Autre contenu créatif, Label;3;
10/2020;41;16;10;1;7;9;39.0;conforme;Label non accordé;Label non accordé suite au pitching;prognet;Chaima Ishak
10/2020;41;16;10;1;7;9;39.0;conforme;Mobile;Prélabel;-;
10/2020;41;16;10;1;7;9;39.0;conforme;N.A;N.A, Prélabel non accordé Prélabel non accordé dès le 2ème tour, Elastic-Solutions, Abdelmonam Kouka, Ayed Akrout, IoT, Prélabel;-;
10/2020;41;16;10;1;7;9;39.0;conforme;N.A;N.A, Prélabel non accordé Prélabel non accordé dès le 2ème tour, EVENT-TECH 3D, Maher Sassi, Chams Chouchene, Plateforme Sociale, Prélabel;-;
10/2020;41;16;10;1;7;9;39.0;conforme;N.A;N.A, Prélabel non accordé Prélabel non accordé dès le 2ème tour, GestiOs, Amani Ghezal, Logiciel, Prélabel;-;
10/2020;41;16;10;1;7;9;39.0;conforme;N.A;N.A, Prélabel non accordé Prélabel non accordé dès le 2ème tour;9dhaya.tn;Hatem Haj Mefteh
10/2020;41;16;10;1;7;9;39.0;conforme;Sami Ben arfa;Logistique, Prélabel;-;
10/2020;41;16;10;1;7;9;39.0;conforme;N.A;N.A, Prélabel non accordé Prélabel non accordé dès le 2ème tour, Business Medical Revolution, Haykel Beji, Health Tech, Prélabel;-;
10/2020;41;16;10;1;7;9;39.0;conforme;N.A;N.A, Prélabel non accordé Prélabel non accordé dès le 2ème tour, FUGLAB, Belgacem Negrini, Energie, Prélabel;-;
10/2020;41;16;10;1;7;9;39.0;conforme;N.A;N.A, Prélabel non accordé Prélabel non accordé dès le 2ème tour;www.Legalup.tn;Khaled Sfar
10/2020;41;16;10;1;7;9;39.0;conforme;Hsan Trabelsi;Autre contenu créatif, Prélabel;-;
10/2020;41;16;10;1;7;9;39.0;conforme;N.A;N.A, Prélabel non accordé Prélabel non accordé dès le 2ème tour, ReserviTounsi, Mourad Sahloul, Ramez Zormati, Heni S'himi, E-commerce, Prélabel;-;
10/2020;41;16;10;1;7;9;39.0;conforme;N.A;N.A, Prélabel non accordé Prélabel non accordé dès le 2ème tour, La Moudha.tn, Adam Boulila, Cyrine Bel Haj Khalifa, Hamdi Abidi, Marketing, Prélabel;2;
10/2020;41;16;10;1;7;9;39.0;conforme;N.A;N.A, Prélabel non accordé Prélabel non accordé dès le 2ème tour, Elyes Jeribi a déclaré un conflit d'intérêt;forsaty;Mohamed slimeni
10/2020;41;16;10;1;7;9;39.0;conforme;Lobna Dhaou;E-commerce, Prélabel;-;
10/2020;41;16;10;1;7;9;39.0;conforme;N.A;N.A, Prélabel non accordé Prélabel non accordé dès le 2ème tour, StockPad, Mechria Rafik;Logiciel;Prélabel
10/2020;41;16;10;1;7;9;39.0;conforme;N.A;N.A, Prélabel non accordé Prélabel non accordé dès le 2ème tour, ELECTRICITY B2B, Ghazi Chebbi, E-commerce, Prélabel;-;
10/2020;41;16;10;1;7;9;39.0;conforme;N.A;N.A, Prélabel non accordé Prélabel non accordé dès le 2ème tour, FlahaTek, Marwa Fersi, Sawssen Bouguerra, Agritech, Prélabel;2;
10/2020;41;16;10;1;7;9;39.0;conforme;N.A;N.A, Prélabel non accordé Prélabel non accordé dès le 2ème tour, PLEXUS, Kirmene Marzouki, Sarah Ben Slimene, Hedia Kochkar, Health Tech, Prélabel;2;
10/2020;41;16;10;1;7;9;39.0;conforme;Prélabel non accordé Prélabel non accordé suite au pitching;Tunisia-cryptomonnaies, Ghanem Feki, Marwa Ksibi, Dhia Rekik, Blockchain & cryptocurrency, Prélabel, N.A, N.A, N.A, N.A, N.A, N.A, Prélabel non accordé Dossier irrecevable pour manque d'autorisation de la part des autorités;compétentes pour la pratique de l'activité présentée;Passage de Prélabels aux Labels
10/2020;41;16;10;1;7;9;39.0;conforme;Société;Projet, Fondateurs, Secteur, Session d'obtention;du Prélabel;Résultat
10/2020;41;16;10;1;7;9;39.0;conforme;Commentaires;Tynass information technologie, Tynass, Karim Hermi, Samy Ben Chaalia;khalil Ben Ali;Autre contenu créatif
10/2020;41;16;10;1;7;9;39.0;conforme;Février 2020;Label accordé, Label accordé suite à la création de la Startup et le respect des;conditions d'octroi;PEPOLLS
10/2020;41;16;10;1;7;9;39.0;conforme;Pepolls;Omar Bouattay, Jihed Rahmouni, Jihen Rahmouni, Plateforme Sociale, Décembre 2019, Label accordé, Label accordé suite à la création de la Startup et le respect des;conditions d'octroi;DariDar Corporation
10/2020;41;16;10;1;7;9;39.0;conforme;DaryDar;Taha Khaled, Chamseddine Bouhouch, E-commerce, Janvier 2020, Label accordé, Label accordé suite à la création de la Startup et le respect des;conditions d'octroi;Robo Care
10/2020;41;16;10;1;7;9;39.0;conforme;RoboCare;Imen Hbiri, Abdelaziz Kallel, Agritech, Avril 2020, Label accordé, Label accordé suite à la création de la Startup et le respect des;conditions d'octroi;Amonak
10/2020;41;16;10;1;7;9;39.0;conforme;Amonak;Jean Philippe Kokora, Joseph Adai, E-commerce, Juillet 2020, Label accordé, Label accordé suite à la création de la Startup et le respect des;conditions d'octroi;"AREV ""Makhbazti Digitale"""
10/2020;41;16;10;1;7;9;39.0;conforme;Khobzti;Marwen Khemis, E-commerce, Avril 2020, Label accordé, Label accordé suite à la création de la Startup et le respect des;conditions d'octroi;Fasteas technology
10/2020;41;16;10;1;7;9;39.0;conforme;Fasteas;Kais Ben Ayed, Meriem El May, Plateforme Sociale, Décembre 2019, Label accordé, Label accordé suite à la création de la Startup et le respect des;conditions d'octroi;Retrait de Label Startup
10/2020;41;16;10;1;7;9;39.0;conforme;Société;Fondateurs, Secteur, Session d'obtention;du Label;Décision
10/2020;41;16;10;1;7;9;39.0;conforme;Commentaires;;ilboursa.com / Société African Web Company;Ismail Ben Sassi
10/2020;41;16;10;1;7;9;39.0;conforme;Rodolphe Villaes;Omar El Oudi, Kouakou Dankoua Agree;IT;Avril 2019
10/2020;41;16;10;1;7;9;39.0;conforme;Retrait du Label;La société a dépassé l'âge maximum de 8 ans fixé par la loi 20-;2018 pour les sociétés bénéficiaires du Label;
11/2020;41;26;14;1;13;13;63.4;conforme;N.A;N.A, Label accordé, Label accordé dès le 2ème tour, WildyNess, Achraf Aouadi, Rim Bourguiba, E-commerce, Label;6;
11/2020;41;26;14;1;13;13;63.4;conforme;N.A;N.A, Label accordé, Label accordé dès le 2ème tour, AVOPRO, Hamza Gassem, Hatem Hamdi, Abdel Karim Ben Abdel Malek, Logiciel, Label;6;
11/2020;41;26;14;1;13;13;63.4;conforme;N.A;N.A, Label accordé, Label accordé dès le 2ème tour, ARCHIVART, Wafa Gabsi, Mohamed Khalil Liouane, Autre contenu créatif, Label;5;
11/2020;41;26;14;1;13;13;63.4;conforme;N.A;N.A, Label accordé, Label accordé dès le 2ème tour, Ali Mnif a déclaré un conflit d'intérêt, Tinest, Noura Khadraoui, Khouloud Bouazizi, Zayneb Ghodhbani, Agritech, Label;5;
11/2020;41;26;14;1;13;13;63.4;conforme;N.A;N.A, Label accordé, Label accordé dès le 2ème tour, Elco Solutions, Wajdi Darmoul, IoT, Label;6;
11/2020;41;26;14;1;13;13;63.4;conforme;N.A;N.A, Label accordé, Label accordé dès le 2ème tour, NeuroData, Yassine Hamdaoui;AI;Label
11/2020;41;26;14;1;13;13;63.4;conforme;N.A;N.A, Label accordé, Label accordé dès le 2ème tour, Khadamny, Selim Themouni, Selim Mraidi, Atef Sedraoui, E-commerce, Label;6;
11/2020;41;26;14;1;13;13;63.4;conforme;N.A;N.A, Label accordé, Label accordé dès le 2ème tour, WONDER WORK, Yamina Rachdi, Marketing, Label;5;
11/2020;41;26;14;1;13;13;63.4;conforme;N.A;N.A, Label accordé, Label accordé dès le 2ème tour, Tashfeen, Wafi Bouassida, Mounir Bouassida, Logiciel, Label;5;
11/2020;41;26;14;1;13;13;63.4;conforme;N.A;N.A, Label accordé, Label accordé dès le 2ème tour, Autoprix.tn, Tarek Ben Sassi, Mohamed Amine Ben Sassi, E-commerce, Label;6;
11/2020;41;26;14;1;13;13;63.4;conforme;N.A;N.A, Label accordé, Label accordé dès le 2ème tour, Société Souk El-Ghorba, Mohamed Ali Kammoun, E-commerce, Label;4;
11/2020;41;26;14;1;13;13;63.4;conforme;Label accordé;Label accordé suite au pitching, Smart City, Ali Boukhachem, Logiciel, Label;2;
11/2020;41;26;14;1;13;13;63.4;conforme;Label accordé;Label accordé suite au pitching, Civitas, Bechir Gtari, Firas Gaffari, Houssem Akrout, Logiciel, Prélabel;6;
11/2020;41;26;14;1;13;13;63.4;conforme;N.A;N.A, Prélabel  accordé, Prélabel accordé dès le 2ème tour, Celebrioo, Bilel Knaissi, Mootaz Billeh Chaabani, Autre contenu créatif, Prélabel;6;
11/2020;41;26;14;1;13;13;63.4;conforme;N.A;N.A, Prélabel  accordé, Prélabel accordé dès le 2ème tour;elprojet;Akram Mrad
11/2020;41;26;14;1;13;13;63.4;conforme;EdTech;Prélabel;6;
11/2020;41;26;14;1;13;13;63.4;conforme;N.A;N.A, Prélabel  accordé, Prélabel accordé dès le 2ème tour;ﻲﺑﯾﺟد - Jeeby;Malek Zlitni
11/2020;41;26;14;1;13;13;63.4;conforme;Walid bousnina;Chamseddine Bezzaouia, E-commerce, Prélabel;5;
11/2020;41;26;14;1;13;13;63.4;conforme;N.A;N.A, Prélabel  accordé, Prélabel accordé dès le 2ème tour, ClickBus, Youssef Fakhfakh, Zied Agrebi Orabi, Logistique, Prélabel;5;
11/2020;41;26;14;1;13;13;63.4;conforme;N.A;N.A, Prélabel  accordé, Prélabel accordé dès le 2ème tour, Xchange, Mohamed Debbabi, Ismail Talbi, Fintech, Prélabel;5;
11/2020;41;26;14;1;13;13;63.4;conforme;N.A;N.A, Prélabel  accordé, Prélabel accordé dès le 2ème tour, Alfikr, Brahim Jrah, EdTech, Prélabel;5;
11/2020;41;26;14;1;13;13;63.4;conforme;N.A;N.A, Prélabel  accordé, Prélabel accordé dès le 2ème tour, UpKurs, Mohamed Ali Taoues, Nidhal Jammali, Selsebil Ben El Haj Sghaier, EdTech, Prélabel;5;
11/2020;41;26;14;1;13;13;63.4;conforme;N.A;N.A, Prélabel  accordé, Prélabel accordé dès le 2ème tour, WOTE, Gadus Niyonzima, Joshua King Isezerano, Sarah mellouli, Health Tech, Prélabel;5;
11/2020;41;26;14;1;13;13;63.4;conforme;N.A;N.A, Prélabel  accordé, Prélabel accordé dès le 2ème tour;Ba9chich;Melek Gharbi
11/2020;41;26;14;1;13;13;63.4;conforme;Bilel Ouersighni;Media, Prélabel;5;
11/2020;41;26;14;1;13;13;63.4;conforme;N.A;N.A, Prélabel  accordé, Prélabel accordé dès le 2ème tour, Machmoom, Ibtihel Haddedi, Skander Haddedi, E-commerce, Prélabel;3;
11/2020;41;26;14;1;13;13;63.4;conforme;Prélabel  accordé;Prélabel accordé suite au pitching, Elyes Jeribi a déclaré un conflit d'intérêt, Hanoutify, Tarek Berrehouma, Mohamed Ben Rhouma, E-commerce, Prélabel;2;Prélabel  accordé
11/2020;41;26;14;1;13;13;63.4;conforme;Prélabel accordé suite au pitching;Ali Mnif a déclaré un conflit d'intérêt, LoDeep, Ahmed Ghrib, Zied Ben Amar, EdTech, Prélabel;2;
11/2020;41;26;14;1;13;13;63.4;conforme;Prélabel  accordé;Prélabel accordé suite au pitching, REC-INov;hanene Moalla;Jamila Khlif
11/2020;41;26;14;1;13;13;63.4;conforme;Wajdi Moalla;Blockchain & cryptocurrency, Prélabel;3;
11/2020;41;26;14;1;13;13;63.4;conforme;Prélabel  accordé;Prélabel accordé suite au pitching;en ligne سﻧوﺗ;Salma Aouini
11/2020;41;26;14;1;13;13;63.4;conforme;Plateforme Sociale;Label;-;
11/2020;41;26;14;1;13;13;63.4;conforme;N.A;N.A, Label non accordé, Label non accordé dès le 2ème tour, Jean Racine, Karim Hentati, EdTech, Label;-;
11/2020;41;26;14;1;13;13;63.4;conforme;N.A;N.A, Label non accordé, Label non accordé dès le 2ème tour, YES WE DO..., Amira Bouazizi, E-commerce, Label;-;
11/2020;41;26;14;1;13;13;63.4;conforme;N.A;N.A, Label non accordé, Label non accordé dès le 2ème tour, Elissa Board, Bessem Bousselmi, Marwen Tlili, IoT, Label;-;
11/2020;41;26;14;1;13;13;63.4;conforme;N.A;N.A, Label non accordé, Label non accordé dès le 2ème tour, OUIcoding Tunisie, Thierry Kientega, Sofiane Boukhris, Logiciel, Label;2;
11/2020;41;26;14;1;13;13;63.4;conforme;Label non accordé suite au pitching;DIGIT-S, Houssein Midouni, Chedly Ben Salem, Marketing, Label;2;
11/2020;41;26;14;1;13;13;63.4;conforme;Label non accordé suite au pitching;Bohemian House Of Flower, Norchen Mezni, Moez Ouni, Agritech, Label;4;
11/2020;41;26;14;1;13;13;63.4;conforme;Label non accordé suite au pitching;Palma Pellet;khaled Ben Hadj Yahia;Nadia Essalhi
11/2020;41;26;14;1;13;13;63.4;conforme;Energie;Prélabel;-;
11/2020;41;26;14;1;13;13;63.4;conforme;N.A;N.A, Prélabel non accordé Prélabel non accordé dès le 2ème tour, Mnara Technologies, Seifeddine Trabelsi, Amine Ladhari, Autre contenu créatif, Prélabel;-;
11/2020;41;26;14;1;13;13;63.4;conforme;N.A;N.A, Prélabel non accordé Prélabel non accordé dès le 2ème tour, Cygital, Cyrine Khiari, Autre contenu créatif, Prélabel;-;
11/2020;41;26;14;1;13;13;63.4;conforme;N.A;N.A, Prélabel non accordé Prélabel non accordé dès le 2ème tour, Virtoo Solutions, Mohamed Ben Jaballah, Mahdi Arfaoui, Riadh Bougaalech, Salah Nidhal Ben Jbara, Mahdi Arfaoui;AI;Prélabel
11/2020;41;26;14;1;13;13;63.4;conforme;N.A;N.A, Prélabel non accordé Prélabel non accordé dès le 2ème tour, HappyHour, Annabi Walid, Mobile, Prélabel;-;
11/2020;41;26;14;1;13;13;63.4;conforme;N.A;N.A, Prélabel non accordé Prélabel non accordé dès le 2ème tour, Istishara, Ibtissem Lahouioui, Atef Azizi, Mobile, Prélabel;-;
11/2020;41;26;14;1;13;13;63.4;conforme;N.A;N.A, Prélabel non accordé Prélabel non accordé dès le 2ème tour, Devfactory, Yassine Techini;AI;Prélabel
11/2020;41;26;14;1;13;13;63.4;conforme;Prélabel non accordé Prélabel non accordé suite au pitching;Passage de Prélabels aux Labels, Société, Projet, Fondateurs, Secteur, Session d'obtention;du Prélabel;Résultat
11/2020;41;26;14;1;13;13;63.4;conforme;Commentaires;Société Evolutik, Evolutik, Maya Mathari, Mourad Mathari, Autre contenu créatif, Mai 2020, Label accordé, Label accordé suite à la création de la Startup et le respect des;conditions d'octroi;HOMEJEK
11/2020;41;26;14;1;13;13;63.4;conforme;HOMEJEK;Mohamed Aziz Hannachi, Anis Mzoughi, E-commerce, Août 2020, Label accordé, Label accordé suite à la création de la Startup et le respect des;conditions d'octroi;STE SMELSY
11/2020;41;26;14;1;13;13;63.4;conforme;Smelsy.com;Med slim Bouaziz, EdTech, Septembre 2020, Label accordé, Label accordé suite à la création de la Startup et le respect des;conditions d'octroi;STE Fouita
11/2020;41;26;14;1;13;13;63.4;conforme;Fouita;Abdelhay Najjar;Logiciel;Mai 2020
11/2020;41;26;14;1;13;13;63.4;conforme;Label accordé;Label accordé suite à la création de la Startup et le respect des;conditions d'octroi;Eventizer Platforms
11/2020;41;26;14;1;13;13;63.4;conforme;Eventizer;Jamoussi Ahmed, Jihed Bouguerra, Yassine Abbes, Oussema Samet;Logiciel;Juin 2020
11/2020;41;26;14;1;13;13;63.4;conforme;Label accordé;Label accordé suite à la création de la Startup et le respect des;conditions d'octroi;
11/2020;41;26;14;1;13;13;63.4;conforme;Sabri Mhimdi;Zribi Hinda, Energie, Mai 2020, Label accordé, Label accordé suite à la création de la Startup et le respect des;conditions d'octroi;Travaris
11/2020;41;26;14;1;13;13;63.4;conforme;Travaris;Youssef Said, Berkay Alkisel, Ahmad Abd Arrahman;AI;Mars 2020
11/2020;41;26;14;1;13;13;63.4;conforme;Label accordé;Label accordé suite à la création de la Startup et le respect des;conditions d'octroi;El Food Lab Traiteur Cuisine Revisitée
11/2020;41;26;14;1;13;13;63.4;conforme;El Food Lab;Nesrine Chemkhi, Mohamed Guinoubi, Autre contenu créatif, Mai 2020, Label accordé, Label accordé suite à la création de la Startup et le respect des;conditions d'octroi;STE TUNISIENNE CO-SOLAR DES INNOVATIONS
11/2020;41;26;14;1;13;13;63.4;conforme;TECHNOLOGIQUES SOLAIRES;Co-Solar, Mahmoud Hammami, Yessin Boutabba, Energie, Février 2020, Label accordé, Label accordé suite à la création de la Startup et le respect des;conditions d'octroi;Services Voitures Epaves
11/2020;41;26;14;1;13;13;63.4;conforme;Services voitures épaves;Farah M'seddi, Slim M'seddi, Jalel SATOURI, E-commerce, Septembre 2020, Label accordé, Label accordé suite à la création de la Startup et le respect des;conditions d'octroi;Fantastic Mall
11/2020;41;26;14;1;13;13;63.4;conforme;Fantastic Mall;Mohamed Torkhani, Talel Mouaada, Mohamed El kamel, Saber Ben Ahmed, Sahbi Ben Fredj, E-commerce, Octobre 2020, Label accordé, Label accordé suite à la création de la Startup et le respect des;conditions d'octroi;STE D-WEE
11/2020;41;26;14;1;13;13;63.4;conforme;D-WEE;Mohamed Mabrouk, Nemine Marzouki, Taha Grach, Bassem Mlayah, Health Tech, Août 2020, Label accordé, Label accordé suite à la création de la Startup et le respect des;conditions d'octroi;AmazIT
11/2020;41;26;14;1;13;13;63.4;conforme;FI THNITI;Zied Said, Zeineb Ben Salah, Bilel Said, Mohamed Chaabane, Autre contenu créatif, Avril 2020, Label accordé, Label accordé suite à la création de la Startup et le respect des;conditions d'octroi;Retrait de Label Startup
11/2020;41;26;14;1;13;13;63.4;conforme;Société;Fondateurs, Secteur, Session d'obtention;du Label;Décision
11/2020;41;26;14;1;13;13;63.4;conforme;Commentaires;ROAMSMART, Walid Chamekh, Mehdi Triki;Telecom;Mars 2019
11/2020;41;26;14;1;13;13;63.4;conforme;Retrait du Label;La société a dépassé l'âge maximum de 8 ans fixé par la loi 20-;2018 pour les sociétés bénéficiaires du Label;
02/2021;41;25;10;0;7;18;61.0;corrigee;N.A;N.A, Label accordé, Label accordé dès le 2ème tour, Medikadvisor, Haithem Ben Jemia, Zied Ouled Ali, Health Tech, Label;7;
02/2021;41;25;10;0;7;18;61.0;corrigee;N.A;N.A, Label accordé, Label accordé dès le 2ème tour, UNIK CHIK, Samia Mbarek, E-commerce, Label;6;
02/2021;41;25;10;0;7;18;61.0;corrigee;N.A;N.A, Label accordé, Label accordé dès le 2ème tour, Ali Mnif a déclaré un conflit d'intérêt, LUNAR EPS, Ahmad Hentati, Mahdi Ghribi, Logiciel, Label;6;
02/2021;41;25;10;0;7;18;61.0;corrigee;N.A;N.A, Label accordé, Label accordé dès le 2ème tour, AOS INTERNATIONAL, Rudolph Cerqueira, Cleantech, Label;7;
02/2021;41;25;10;0;7;18;61.0;corrigee;N.A;N.A, Label accordé, Label accordé dès le 2ème tour, FelCloud, Mohamed Amine Ibrahim, Telecom, Label;7;
02/2021;41;25;10;0;7;18;61.0;corrigee;N.A;N.A, Label accordé, Label accordé dès le 2ème tour, Ste Magicube Industrie, Walid Chaabene, Autre contenu créatif, Label;6;
02/2021;41;25;10;0;7;18;61.0;corrigee;N.A;N.A, Label accordé, Label accordé dès le 2ème tour, Ali Mnif a déclaré un conflit d'intérêt, Bepeep Health, Ahmed Choucheni, Mohamed Choucheni, Insurance Tech, Label;5;
02/2021;41;25;10;0;7;18;61.0;corrigee;N.A;N.A, Label accordé, Label accordé dès le 2ème tour, WARENA, Naziha Ouanes, Mohamed Boumiza, Med Amine Jebabli, Gaming, Label;5;
02/2021;41;25;10;0;7;18;61.0;corrigee;N.A;N.A, Label accordé, Label accordé dès le 2ème tour, LA FIBRE ARTISANALE, Khaled Ben Brahim, Samia Cherif, E-commerce, Label;5;
02/2021;41;25;10;0;7;18;61.0;corrigee;N.A;N.A, Label accordé, Label accordé dès le 2ème tour, Handmade Tunisia, Khaoula Habouria, E-commerce, Label;7;
02/2021;41;25;10;0;7;18;61.0;corrigee;N.A;N.A, Label accordé, Label accordé dès le 2ème tour, Kartago Dattes Snacks, Ingredients and Extracts, Fares Horchani, Agritech, Label;5;
02/2021;41;25;10;0;7;18;61.0;corrigee;N.A;N.A, Label accordé, Label accordé dès le 2ème tour, BYEISSA, Ahmed Elmi, Mohamed Jbalia, Souhaib Rejeb, Wajdi Tayachi, E-commerce, Label;5;
02/2021;41;25;10;0;7;18;61.0;corrigee;N.A;N.A, Label accordé, Label accordé dès le 2ème tour, VISTASY, Ahmed Badaoui, Ibtissem Kadri, Health Tech, Label;3;
02/2021;41;25;10;0;7;18;61.0;corrigee;Label accordé;Label accordé suite au pitching, HOPE HORIZON, Raouf Ben Aissa, Youssef Zied Elhechmi, Mohamed Aziz Belaweid, Mohamed Wassim Benzarti, Najla Ghrairi;AI;Label
02/2021;41;25;10;0;7;18;61.0;corrigee;Label accordé;Label accordé suite au pitching, Picstore, Abdellatif Najjar, Mariam Labidi, Mourad Blaich, E-commerce, Label;1;
02/2021;41;25;10;0;7;18;61.0;corrigee;Label accordé;Label accordé suite au pitching, Meilleure Vie Etudiants Tunisie, Wissem Hakiri, Mohamed Guediche, Wided Hakiri, Plateforme Sociale, Label;2;
02/2021;41;25;10;0;7;18;61.0;corrigee;Label accordé;Label accordé suite au pitching, Fisco, Ismail Abdellaoui, Mohamed Sghaier, Alaa Souid, Farouk Skhiri, Fintech, Label;1;
02/2021;41;25;10;0;7;18;61.0;corrigee;Label accordé;Label accordé suite au pitching, Bridges S.A, Mahmoud Aljan, Insurance Tech, Prélabel;7;
02/2021;41;25;10;0;7;18;61.0;corrigee;N.A;N.A, Prélabel  accordé, Prélabel accordé dès le 2ème tour, Soon Marine, Aziz Thraya, Chokri Ben Sassi, Autre contenu créatif, Prélabel;8;
02/2021;41;25;10;0;7;18;61.0;corrigee;N.A;N.A, Prélabel  accordé, Prélabel accordé dès le 2ème tour, BAKO MOTORS, Boubaker Siala, Rached Ben Hmadou, Mahmoud Siala, Cleantech, Prélabel;7;
02/2021;41;25;10;0;7;18;61.0;corrigee;N.A;N.A, Prélabel  accordé, Prélabel accordé dès le 2ème tour;affipro;Youssef Ennasri
02/2021;41;25;10;0;7;18;61.0;corrigee;Marketing;Prélabel;7;
02/2021;41;25;10;0;7;18;61.0;corrigee;N.A;N.A, Prélabel  accordé, Prélabel accordé dès le 2ème tour, Lait Espoir, Hayfa Khalfaoui, Agritech, Prélabel;7;
02/2021;41;25;10;0;7;18;61.0;corrigee;N.A;N.A, Prélabel  accordé, Prélabel accordé dès le 2ème tour, Byessa.com, Mohamed Slim Mansouri, Asma Saidi;E-commerce;Prélabel
02/2021;41;25;10;0;7;18;61.0;corrigee;N.A;N.A, Prélabel  accordé, Prélabel accordé dès le 2ème tour, WaterSec, Ahmed Slim Bouakez, Khoubeib Tlili, Zoubeir Zarrouk, Mohamed Guenbri, IoT, Prélabel;6;
02/2021;41;25;10;0;7;18;61.0;corrigee;N.A;N.A, Prélabel  accordé, Prélabel accordé dès le 2ème tour, Gelivro, Ramzi Houidi, Rim Harabi, E-commerce, Prélabel;7;
02/2021;41;25;10;0;7;18;61.0;corrigee;N.A;N.A, Prélabel  accordé, Prélabel accordé dès le 2ème tour, Konnect, Amin Ben Abderrahman, Fintech, Prélabel;1;
02/2021;41;25;10;0;7;18;61.0;corrigee;Prélabel  accordé;Prélabel accordé suite au pitching, Vetsbook.net, Salaheddine Ogontayo, Hammouda Houcem, Marouane Skandaji, Health Tech, Prélabel;1;
02/2021;41;25;10;0;7;18;61.0;corrigee;Prélabel  accordé;Prélabel accordé suite au pitching, GARANTY, Mustapha Messaoudi, Hamza Messaoudi, Insurance Tech, Label;-;
02/2021;41;25;10;0;7;18;61.0;corrigee;N.A;N.A, Label non accordé, Label non accordé dès le 2ème tour, WMS, Mohamed Naoues, Yosr Salhi, IoT, Label;-;
02/2021;41;25;10;0;7;18;61.0;corrigee;N.A;N.A, Label non accordé, Label non accordé dès le 2ème tour, Coursify, Kalthoum Frigui, Mohamed Soussi, EdTech, Label;-;
02/2021;41;25;10;0;7;18;61.0;corrigee;N.A;N.A, Label non accordé, Label non accordé dès le 2ème tour, Customing, Salah Riahi, Energie, Label;1;
02/2021;41;25;10;0;7;18;61.0;corrigee;N.A;N.A, Label non accordé, Label non accordé dès le 2ème tour, Petit sook, Dorra Haddad zarraa, Ebtissem Sahtout, Sirine Berguiga, E-commerce, Label;2;
02/2021;41;25;10;0;7;18;61.0;corrigee;Label non accordé;Label non accordé suite au pitching, OCTARYN, Idriss Fessi;AI;Label
02/2021;41;25;10;0;7;18;61.0;corrigee;Label non accordé;Label non accordé suite au pitching, Carhabty.tn, Anis Boufahja, Slim Rouissi, Marketing, Prélabel;-;
02/2021;41;25;10;0;7;18;61.0;corrigee;N.A;N.A, Prélabel non accordé Prélabel non accordé dès le 2ème tour, Green Travel Solutions ( Zmorda ), Wael Arfaoui, Sirine Ayadi, Montassar Kammakh, E-commerce, Prélabel;-;
02/2021;41;25;10;0;7;18;61.0;corrigee;N.A;N.A, Prélabel non accordé, Prélabel non accordé dès le 2ème tour, Jobelle, Belkis Bouali;HR;Prélabel
02/2021;41;25;10;0;7;18;61.0;corrigee;N.A;N.A, Prélabel non accordé Prélabel non accordé dès le 2ème tour, Amazigh, Rania Makhlouf, Firas Chetouane, E-commerce, Prélabel;1;
02/2021;41;25;10;0;7;18;61.0;corrigee;N.A;N.A, Prélabel non accordé Prélabel non accordé dès le 2ème tour, Futura energy Tn, Anis Kmali, Rawdha Bessaoud, Energie, Prélabel;2;
02/2021;41;25;10;0;7;18;61.0;corrigee;Prélabel non accordé Prélabel non accordé suite au pitching;Ricality, Mohamed Wajih Bejaoui, Mohamed Alaa Hamdi, Mohamed Jihed Hmida, Mohamed khalil Fitouri, Mobile, Prélabel;-;
02/2021;41;25;10;0;7;18;61.0;corrigee;Prélabel non accordé;Prélabel non accordé suite au pitching, Hello Dati, Nizar Hamdi, Adnene Aroua, Autre contenu créatif, Label, N.A, N.A, N.A, N.A, N.A, N.A, Label non accordé, Le dossier est irrecevable pour manque de;documents requis par le décret 2018-840;Passage de Prélabels aux Labels
02/2021;41;25;10;0;7;18;61.0;corrigee;Société;Projet, Fondateurs, Secteur, Session d'obtention;du Prélabel;Résultat
02/2021;41;25;10;0;7;18;61.0;corrigee;Commentaires;IB Space;international business spaceGhada Sayeh Cherif;Foued Cherif
02/2021;41;25;10;0;7;18;61.0;corrigee;Autre contenu créatif;Octobre 2020, Label accordé, Label accordé suite à la création de la Startup et le respect des;conditions d'octroi;iCan-C
02/2021;41;25;10;0;7;18;61.0;corrigee;Ali Ajili;Yosr Jazzar, IoT, Septembre 2020, Label accordé, Label accordé suite à la création de la Startup et le respect des;conditions d'octroi;بﺎﺗﻛ ﺔﻠﺣر _Book Journeyبﺎﺗﻛ ﺔﻠﺣر Journey
02/2021;41;25;10;0;7;18;61.0;corrigee;Houssem Baaka;Aya Achour, Bilal Nsib, EdTech, Octobre 2020, Label accordé, Label accordé suite à la création de la Startup et le respect des;conditions d'octroi;Dev2Dev
02/2021;41;25;10;0;7;18;61.0;corrigee;Xchange;Mohamed Debbabi, Ismail Talbi, Fintech, Novembre 2020, Label accordé, Label accordé suite à la création de la Startup et le respect des;conditions d'octroi;Autorent Software
02/2021;41;25;10;0;7;18;61.0;corrigee;Autorent;Moslem Ben Dhaou, Logiciel, Septembre 2020, Label accordé, Label accordé suite à la création de la Startup et le respect des;conditions d'octroi;Healthy And Bnin Food
02/2021;41;25;10;0;7;18;61.0;corrigee;Healthy & Bnin;Soumaya Atoui, E-commerce, Septembre 2021, Label accordé, Label accordé suite à la création de la Startup et le respect des;conditions d'octroi;Bridges S.A
02/2021;41;25;10;0;7;18;61.0;corrigee;Bridges S.A;Mahmoud Aljan, Insurance Tech, Février 2021, Label accordé, Label accordé suite à la création de la Startup et le respect des;conditions d'octroi;
03/2021;41;25;8;2;13;12;61.0;conforme;N.A;N.A, Label accordé, Label accordé dès le 2ème tour, Mohamed Salah Frad a déclaré un conflit d'intérêt, Fripeji.tn, Ahmed Ouertani, Abdelkader Sellami, Ahmed Ferjani, Mohamed Salah Elbach, Marketplace / e-commerce Label;7;
03/2021;41;25;8;2;13;12;61.0;conforme;N.A;N.A, Label accordé, Label accordé dès le 2ème tour, CarHuB-TI, Yassine Ajili, Nidhal Akrout, Mobility, Label;7;
03/2021;41;25;8;2;13;12;61.0;conforme;N.A;N.A, Label accordé, Label accordé dès le 2ème tour, MicroAcess, Aymen Zouaoui, Kais Zouaoui, Imen Ben Nsir, Marwa Mejri, Mobility, Label;5;
03/2021;41;25;8;2;13;12;61.0;conforme;N.A;N.A, Label accordé, Label accordé dès le 2ème tour, IMPACT NUTRITION, Marouan Ariane, Houda Saied, FoodTech & New Food, Label;6;
03/2021;41;25;8;2;13;12;61.0;conforme;N.A;N.A, Label accordé, Label accordé dès le 2ème tour, Vife, Rania Fakhfakh, Emna Souid, Marwa Hannachi, Health care, Label;7;
03/2021;41;25;8;2;13;12;61.0;conforme;N.A;N.A, Label accordé, Label accordé dès le 2ème tour, Shipzzer, Alexandre Cour, Sami Landoulsi, Business Software, Label;6;
03/2021;41;25;8;2;13;12;61.0;conforme;N.A;N.A, Label accordé, Label accordé dès le 2ème tour, Freelancy, Mehdi Mhamdi, Karim Zribi, Marketplace / e-commerce Label;7;
03/2021;41;25;8;2;13;12;61.0;conforme;N.A;N.A, Label accordé, Label accordé dès le 2ème tour, Controlmed, Faten Hamdi, Agritech, Label;7;
03/2021;41;25;8;2;13;12;61.0;conforme;N.A;N.A, Label accordé, Label accordé dès le 2ème tour, Moline, Alia Belkhodja, Health care, Label;6;
03/2021;41;25;8;2;13;12;61.0;conforme;N.A;N.A, Label accordé, Label accordé dès le 2ème tour, Kids protect, Sassi Siwar, Yasmine Selmi, Health care, Label;6;
03/2021;41;25;8;2;13;12;61.0;conforme;N.A;N.A, Label accordé, Label accordé dès le 2ème tour, Drest.tn, Mohamed Omrane Mzabi, Malek Mzabi, Business Software, Label;4;Label accordé
03/2021;41;25;8;2;13;12;61.0;conforme;Label accordé suite au pitching;Elyes Jeribi a déclaré un conflit d'intérêt, Deepth, Hamdi Mustapha, Bouchra Bel Haj Abdallah, Health care, Prélabel;5;
03/2021;41;25;8;2;13;12;61.0;conforme;N.A;N.A, Prélabel  accordé, Prélabel accordé dès le 2ème tour, ILEY'COM-مﻛﯾﻟإ, Mehdi Ben Abdallah, Marwa Moula, Social Business, Prélabel;5;
03/2021;41;25;8;2;13;12;61.0;conforme;N.A;N.A, Prélabel  accordé, Prélabel accordé dès le 2ème tour, Vitah, Mohamed Taha Ben Mhenni, Iheb Sahloul, Saifeddine Ben Mhenni, Health care, Prélabel;5;
03/2021;41;25;8;2;13;12;61.0;conforme;N.A;N.A, Prélabel  accordé, Prélabel accordé dès le 2ème tour, Skilled, Khalil Zammeli, Hosn el Oujoud Tebourski, EdTech, Prélabel;5;
03/2021;41;25;8;2;13;12;61.0;conforme;N.A;N.A, Prélabel  accordé, Prélabel accordé dès le 2ème tour, Skills21, Hajer Kharrat, Rami Mestiri, Mohamed Khalil Liouane, EdTech, Prélabel;6;
03/2021;41;25;8;2;13;12;61.0;conforme;N.A;N.A, Prélabel  accordé, Prélabel accordé dès le 2ème tour, Deliv's, Sinda Bououn, FoodTech & New Food, Prélabel;5;
03/2021;41;25;8;2;13;12;61.0;conforme;N.A;N.A, Prélabel  accordé, Prélabel accordé dès le 2ème tour, Bionics, Ayachi Monaam, Ikhlas Ayachi, Health care, Prélabel;5;
03/2021;41;25;8;2;13;12;61.0;conforme;N.A;N.A, Prélabel  accordé, Prélabel accordé dès le 2ème tour, Suprem, Khaireddine Mejri, Creative industry, Prélabel;-;
03/2021;41;25;8;2;13;12;61.0;conforme;Prélabel  accordé;Prélabel accordé suite au pitching, Win now, Nesrine Welhezi, Oussema Khlifi, Nizar Welhezi, Marketplace / e-commerce Label;-;
03/2021;41;25;8;2;13;12;61.0;conforme;N.A;N.A, Label non accordé, Label non accordé dès le 2ème tour, Art Culture Studio, Wassim Ghozlani, Nadia Redissi, Amine Landoulsi, Arbi Dridi, Creative industry, Label;-;
03/2021;41;25;8;2;13;12;61.0;conforme;N.A;N.A, Label non accordé, Label non accordé dès le 2ème tour, Flexipik, Amine Kéfi, Beya Ben Saad, Creative industry, Label;-;
03/2021;41;25;8;2;13;12;61.0;conforme;N.A;N.A, Label non accordé, Label non accordé dès le 2ème tour, Oxacloud, Hatem Abdennadher, Aida Ben Hamouda, Business Software, Label;1;
03/2021;41;25;8;2;13;12;61.0;conforme;N.A;N.A, Label non accordé, Label non accordé dès le 2ème tour, OLFA cosmetics, Olfa Dhouibi, Health care, Label;1;
03/2021;41;25;8;2;13;12;61.0;conforme;Label non accordé;Label non accordé suite au pitching, FIDNESS, Ahmed Najjar, Yosr El Mabrouk, Adel Mrabet, Mohamed Soloman Oshan, Creative industry, Label;-;
03/2021;41;25;8;2;13;12;61.0;conforme;Label non accordé;Label non accordé suite au pitching, Storyet, Riadh Jlassi, Omar Ben Abdessamy, Business Software, Label;2;
03/2021;41;25;8;2;13;12;61.0;conforme;Label non accordé;Label non accordé suite au pitching, TANIT VISION MONITORING, Belhassen Ben Chaabane, Business Software, Prélabel;-;
03/2021;41;25;8;2;13;12;61.0;conforme;N.A;N.A, Prélabel non accordé Prélabel non accordé dès le 2ème tour, CHIHEB RAIS, Chiheb Rais, Ferdaws Abdelekbir, Rania Ikbal Ouriemi, TravelTech, Prélabel;-;
03/2021;41;25;8;2;13;12;61.0;conforme;N.A;N.A, Prélabel non accordé, Prélabel non accordé dès le 2ème tour, Heni OUNI, Heni Ouni, Mohamed Wajih Tagourty, Badri Ahmed, Teissir Abboud, Taha Dahech, Mahdi Chtioui, Mobility, Prélabel;-;
03/2021;41;25;8;2;13;12;61.0;conforme;N.A;N.A, Prélabel non accordé, Prélabel non accordé dès le 2ème tour, Cashyi, Moslem Cherif, Business Software, Prélabel;-;
03/2021;41;25;8;2;13;12;61.0;conforme;N.A;N.A, Prélabel non accordé Prélabel non accordé dès le 2ème tour, Africana Help Export, Majed Ben Belgacem, Services de communication Prélabel;-;
03/2021;41;25;8;2;13;12;61.0;conforme;N.A;N.A, Prélabel non accordé Prélabel non accordé dès le 2ème tour, Foorsa, Dorsaf Tabbassi, Rania Allagui, Services de communication Prélabel;-;
03/2021;41;25;8;2;13;12;61.0;conforme;N.A;N.A, Prélabel non accordé Prélabel non accordé dès le 2ème tour, Fintech Tunisia, Zied Chaabane, Fintech, Prélabel;-;
03/2021;41;25;8;2;13;12;61.0;conforme;N.A;N.A, Prélabel non accordé Prélabel non accordé dès le 2ème tour, Montage et intégration d'un système;photovoltaïque smart Sun Tracker;Mohamed Achref Bensghaier
03/2021;41;25;8;2;13;12;61.0;conforme;Environment;Prélabel;-;
03/2021;41;25;8;2;13;12;61.0;conforme;N.A;N.A, Prélabel non accordé Prélabel non accordé dès le 2ème tour, YOLAA, Jihene Aouachri, Amine Methnani, Marketplace / e-commerce Prélabel;1;
03/2021;41;25;8;2;13;12;61.0;conforme;N.A;N.A, Prélabel non accordé Prélabel non accordé dès le 2ème tour, Smart Switch Systems, Mohamed Ali Atig, Environment, Prélabel;-;
03/2021;41;25;8;2;13;12;61.0;conforme;N.A;N.A, Prélabel non accordé Prélabel non accordé dès le 2ème tour, E-bin, Ahlem Medini, Jawher Mdini, Maha Mdini, GreenTech, Prélabel;-;
03/2021;41;25;8;2;13;12;61.0;conforme;N.A;N.A, Prélabel non accordé, Prélabel non accordé dès le 2ème tour, PASTECH, Khalil Ben Romdhane, Business Software, Prélabel;3;
03/2021;41;25;8;2;13;12;61.0;conforme;Prélabel non accordé Prélabel non accordé suite au pitching;Golyc Group, Amine Maalaoui, Business Software, Prélabel;4;
03/2021;41;25;8;2;13;12;61.0;conforme;Prélabel non accordé Prélabel non accordé suite au pitching;SAFEOPS, Hakim Chemam, Business Software, Label, N.A, N.A, N.A, N.A, N.A, N.A, Label non accordé, Le dossier est irrecevable pour cause de non;indépendance du capital.;Passage de Prélabels aux Labels
03/2021;41;25;8;2;13;12;61.0;conforme;Société;Projet, Fondateurs, Secteur, Session d'obtention;du Prélabel;Résultat
03/2021;41;25;8;2;13;12;61.0;conforme;Commentaires;OVVA SYSTEMS;affipro;Youssef Ennasri
03/2021;41;25;8;2;13;12;61.0;conforme;Marketing;Février 2021, Label accordé, Label accordé suite à la création de la Startup et le respect des;conditions d'octroi;Creometry
03/2021;41;25;8;2;13;12;61.0;conforme;Creometry;Mounir Ghlaiel, Aymen El Amri;Telecom;Octobre 2020
03/2021;41;25;8;2;13;12;61.0;conforme;Label accordé;Label accordé suite à la création de la Startup et le respect des;conditions d'octroi;REC-INov
03/2021;41;25;8;2;13;12;61.0;conforme;REC-INov;Hanene Moalla, Jamila Khlif, Wajdi Moalla, Blockchain &;cryptocurrency;Novembre 2020
03/2021;41;25;8;2;13;12;61.0;conforme;Label accordé;Label accordé suite à la création de la Startup et le respect des;conditions d'octroi;ETNAFES
03/2021;41;25;8;2;13;12;61.0;conforme;ETNAFES;Ali Safsafi, Ichrak Aouissaoui, Najeh Bedhief, Autre contenu créatif;Septembre 2020;Label accordé
03/2021;41;25;8;2;13;12;61.0;conforme;Label accordé suite à la création de la Startup et le respect des;;conditions d'octroi;CIVITAS DIGITAL
03/2021;41;25;8;2;13;12;61.0;conforme;Civitas;Bechir Gtari, Firas Gaffari, Houssem Akrout, Business Software, Novembre 2020, Label accordé, Label accordé suite à la création de la Startup et le respect des;conditions d'octroi;BKMC corp
03/2021;41;25;8;2;13;12;61.0;conforme;Celebrioo;Bilel Knaissi, Mootaz Billeh Chaabani, Autre contenu créatif, Novembre 2020, Label accordé, Label accordé suite à la création de la Startup et le respect des;conditions d'octroi;NetShareK Technology
03/2021;41;25;8;2;13;12;61.0;conforme;NetShareK Network Share;Knowledge, Riadh Brinsi, Abdallah Bakir;EdTech;Décembre 2020
03/2021;41;25;8;2;13;12;61.0;conforme;Label accordé;Label accordé suite à la création de la Startup et le respect des;conditions d'octroi;ZeTaByte Software Solutions
03/2021;41;25;8;2;13;12;61.0;conforme;SmartQ - A smart and cloud-;;based queue management;system
03/2021;41;25;8;2;13;12;61.0;conforme;Ramzi Zelfani;Business Software, Décembre 2020, Label accordé, Label accordé suite à la création de la Startup et le respect des;conditions d'octroi;EZ-Pass
03/2021;41;25;8;2;13;12;61.0;conforme;Click Bus;Youssef Fakhfakh, Zied Agrebi Orabi, Mobility, Novembre 2020, Label accordé, Label accordé suite à la création de la Startup et le respect des;conditions d'octroi;The Digital Furniture Company
03/2021;41;25;8;2;13;12;61.0;conforme;WARM;Marwa Ben Aissa, Marketplace / e-commerce, Décembre 2020, Label accordé, Label accordé suite à la création de la Startup et le respect des;conditions d'octroi;Konnect Networks
03/2021;41;25;8;2;13;12;61.0;conforme;Konnect;Amin Ben Abderrahman;Fintech;Février 2021
03/2021;41;25;8;2;13;12;61.0;conforme;Label accordé;Label accordé suite à la création de la Startup et le respect des;conditions d'octroi;Orhtlane Tunisie
03/2021;41;25;8;2;13;12;61.0;conforme;Orthlane;Ali Karray, Health care;Septembre 2020;Label accordé
03/2021;41;25;8;2;13;12;61.0;conforme;Label accordé suite à la création de la Startup et le respect des;;conditions d'octroi;TUNISPACE
03/2021;41;25;8;2;13;12;61.0;conforme;Marhba.tn Experiences;Farouk Oueslati, Dorsaf Touil, Marketplace / e-commerce, Octobre 2020, Label accordé, Label accordé suite à la création de la Startup et le respect des;conditions d'octroi;Retrait de Label Startup
03/2021;41;25;8;2;13;12;61.0;conforme;Société;Fondateurs, Secteur, Session d'obtention;du Label;Décision
03/2021;41;25;8;2;13;12;61.0;conforme;Commentaires;Next Gen Corp, Moez Lachneb, Ahmed Nabli, Souamay Tlili, Faten Manai, Abd El Aziz Trabelsi, Santé, Mars 2019, Retrait du Label, La société a dépassé l'âge maximum de 8 ans fixé par la loi 20-;2018 pour les sociétés bénéficiaires du Label;Orient Tea
03/2021;41;25;8;2;13;12;61.0;conforme;Tarek Talbi;Biotechnologie, Février 2020, Retrait du Label, La société a dépassé l'âge maximum de 8 ans fixé par la loi 20-;2018 pour les sociétés bénéficiaires du Label;
04/2021;80;22;24;1;4;18;27.5;conforme;N.A;N.A, Label accordé, Label accordé dès le 2ème tour, DEEP FLOWS, Mohamed Makni, Farah Makni, Wissem Allouchi, Mobility, Label;7;
04/2021;80;22;24;1;4;18;27.5;conforme;N.A;N.A, Label accordé, Label accordé dès le 2ème tour, Ali Mnif a déclaré un conflit d'intérêt, Autoween, Mouheb Kraiem, Maha Benmohamed, CreativeTech, Label;8;
04/2021;80;22;24;1;4;18;27.5;conforme;N.A;N.A, Label accordé, Label accordé dès le 2ème tour, TAWA Digital Talents, Mohamed Salah Mbarek, Creative industry, Label;7;
04/2021;80;22;24;1;4;18;27.5;conforme;N.A;N.A, Label accordé, Label accordé dès le 2ème tour, Mohamed Salah Frad a déclaré un conflit d'intérêt, ZIGOFILTRE, Youssef Bouzariata, Mohemed Rameh, Amine Shiri, Environment, Label;7;
04/2021;80;22;24;1;4;18;27.5;conforme;N.A;N.A, Label accordé, Label accordé dès le 2ème tour, Mohamed Salah Frad a déclaré un conflit d'intérêt, Taxiora / Smarteo, Walid Saadaoui, Khaled Benlatrach, Raouia Magroun, Mobility, Label;9;
04/2021;80;22;24;1;4;18;27.5;conforme;N.A;N.A, Label accordé, Label accordé dès le 2ème tour, Tunisie Aquaponie, Sofiene Rouis, Agritech, Label;8;
04/2021;80;22;24;1;4;18;27.5;conforme;N.A;N.A, Label accordé, Label accordé dès le 2ème tour, Ste Tildah, Bouraoui Ben Ammar, Business Software, Label;7;
04/2021;80;22;24;1;4;18;27.5;conforme;N.A;N.A, Label accordé, Label accordé dès le 2ème tour, Takwinland, Brahim jaouad, Mohamed Amroussi, Oumar Rejeb, EdTech, Label;6;
04/2021;80;22;24;1;4;18;27.5;conforme;N.A;N.A, Label accordé, Label accordé dès le 2ème tour, ODIX, Anis Zehani, Anissa Zehani, Business Software, Label;7;
04/2021;80;22;24;1;4;18;27.5;conforme;N.A;N.A, Label accordé, Label accordé dès le 2ème tour, FreeOui, Moez Beddi, Ilyes Masmoudi, Amine Ennouri, Services de communication Label;8;
04/2021;80;22;24;1;4;18;27.5;conforme;N.A;N.A, Label accordé, Label accordé dès le 2ème tour, Nkawroo, Kais Malki, Mobility, Label;5;
04/2021;80;22;24;1;4;18;27.5;conforme;N.A;N.A, Label accordé, Label accordé dès le 2ème tour;medtrip;Achraf Msakni
04/2021;80;22;24;1;4;18;27.5;conforme;Sabra Gargouri;Health Care & Wellbeing, Label;7;
04/2021;80;22;24;1;4;18;27.5;conforme;N.A;N.A, Label accordé, Label accordé dès le 2ème tour;branper;Saïd Ben Jlili
04/2021;80;22;24;1;4;18;27.5;conforme;Hamza ben jannet;Fintech, Label;5;
04/2021;80;22;24;1;4;18;27.5;conforme;N.A;N.A, Label accordé, Label accordé dès le 2ème tour, Rednaks, Skander Chouka, Business Software, Label;5;
04/2021;80;22;24;1;4;18;27.5;conforme;N.A;N.A, Label accordé, Label accordé dès le 2ème tour, Be Smart Travel, Wissem Ben Ameur, Yassine Abid, Driss Nadhem, Firas Makni, Dorra Barkallah, Taieb Kerkeny, Khedhiri Salah, TravelTech, Label;8;
04/2021;80;22;24;1;4;18;27.5;conforme;N.A;N.A, Label accordé, Label accordé dès le 2ème tour, Reevalo, Bacem Rezgui, Real Estate tech, Label;6;
04/2021;80;22;24;1;4;18;27.5;conforme;N.A;N.A, Label accordé, Label accordé dès le 2ème tour;elbusines.com;Hela Jelassi
04/2021;80;22;24;1;4;18;27.5;conforme;Anis Borchani;Marketplace, Label;1;
04/2021;80;22;24;1;4;18;27.5;conforme;Label accordé;Label accordé suite au pitching;capxvalue;Maher Zaanouni
04/2021;80;22;24;1;4;18;27.5;conforme;Business Software;Prélabel;7;
04/2021;80;22;24;1;4;18;27.5;conforme;N.A;N.A, Prélabel  accordé, Prélabel accordé dès le 2ème tour, Rania WERDA, Rania Werda, Social Business, Prélabel;6;
04/2021;80;22;24;1;4;18;27.5;conforme;N.A;N.A, Prélabel  accordé, Prélabel accordé dès le 2ème tour, Takwira, Zied Dahmani, Amen Allah Dahmani, Plateforme Social, Prélabel;7;
04/2021;80;22;24;1;4;18;27.5;conforme;N.A;N.A, Prélabel  accordé, Prélabel accordé dès le 2ème tour;flexiolar;Hamdi kardough
04/2021;80;22;24;1;4;18;27.5;conforme;Chayma Ben salem;Farrah Marwa, Environment, Prélabel;6;
04/2021;80;22;24;1;4;18;27.5;conforme;N.A;N.A, Prélabel  accordé, Prélabel accordé dès le 2ème tour, Analytix, Mariam Ouanes, Ahmed Becha, Ines El Ayeb, Amine Gara, Fintech, Prélabel;7;
04/2021;80;22;24;1;4;18;27.5;conforme;N.A;N.A, Prélabel  accordé, Prélabel accordé dès le 2ème tour, Vizmerald, Bassem Seddik, Creative industry, Prélabel;6;
04/2021;80;22;24;1;4;18;27.5;conforme;N.A;N.A, Prélabel  accordé, Prélabel accordé dès le 2ème tour, Birou Suite, Alaa Chaibi, Imen Boumiza, Business Software, Prélabel;9;
04/2021;80;22;24;1;4;18;27.5;conforme;N.A;N.A, Prélabel  accordé, Prélabel accordé dès le 2ème tour, Décotis, Meher Hedhli, Mohamed Barki, Real Estate tech, Prélabel;7;
04/2021;80;22;24;1;4;18;27.5;conforme;N.A;N.A, Prélabel  accordé, Prélabel accordé dès le 2ème tour, MediTek, Adel Hamdi, Health Care & Wellbeing, Prélabel;9;
04/2021;80;22;24;1;4;18;27.5;conforme;N.A;N.A, Prélabel  accordé, Prélabel accordé dès le 2ème tour, MCOM, Khaled Mediouni, Mohamed Haythem Goddi, Business Software, Prélabel;6;
04/2021;80;22;24;1;4;18;27.5;conforme;N.A;N.A, Prélabel  accordé, Prélabel accordé dès le 2ème tour;isondF;Firas Yousfi
04/2021;80;22;24;1;4;18;27.5;conforme;Abdessalem Bazine;Mehdi Maalawi, Plateforme Social, Prélabel;5;
04/2021;80;22;24;1;4;18;27.5;conforme;N.A;N.A, Prélabel  accordé, Prélabel accordé dès le 2ème tour, Wassaloo, Abdeljelil Lazaar, Mustapha Guellaty, Mohamed Zouhaier Zammel, Agritech, Prélabel;5;
04/2021;80;22;24;1;4;18;27.5;conforme;N.A;N.A, Prélabel  accordé, Prélabel accordé dès le 2ème tour, TAWSILA, Hajer Romdhani, Hafedh Ben Abdelhafidh, Mobility, Prélabel;6;
04/2021;80;22;24;1;4;18;27.5;conforme;N.A;N.A, Prélabel  accordé, Prélabel accordé dès le 2ème tour, Paprika Solutions, Ibrahim Jlassi, Mohamed Belouaer, Houssem Chaabani, Creative industry, Prélabel;7;
04/2021;80;22;24;1;4;18;27.5;conforme;N.A;N.A, Prélabel  accordé, Prélabel accordé dès le 2ème tour, Kindeal, Mohamed Ali Shili, Moez Hammami, EdTech, Prélabel;8;
04/2021;80;22;24;1;4;18;27.5;conforme;N.A;N.A, Prélabel  accordé, Prélabel accordé dès le 2ème tour, School Pack, Firas Dhaouadi, Maalej Ahmed, EdTech, Prélabel;5;
04/2021;80;22;24;1;4;18;27.5;conforme;N.A;N.A, Prélabel  accordé, Prélabel accordé dès le 2ème tour, DataSense, Charef Ahmed, Anas Charfi, Services de communication Prélabel;7;
04/2021;80;22;24;1;4;18;27.5;conforme;N.A;N.A, Prélabel  accordé, Prélabel accordé dès le 2ème tour, Marcus Studio, Azzez Moatez, Hamza Gassab, Creative industry, Prélabel;6;
04/2021;80;22;24;1;4;18;27.5;conforme;N.A;N.A, Prélabel  accordé, Prélabel accordé dès le 2ème tour, DIGITIN, Aymen Bergaoui, Creative industry, Prélabel;6;
04/2021;80;22;24;1;4;18;27.5;conforme;N.A;N.A, Prélabel  accordé, Prélabel accordé dès le 2ème tour, EVADAM, Souhail Msakni, Sami Sghaier, Ahmed Liouene, Fintech, Prélabel;6;
04/2021;80;22;24;1;4;18;27.5;conforme;N.A;N.A, Prélabel  accordé, Prélabel accordé dès le 2ème tour, DIMAZINA, Hajer Sahnoun, Faten Sahnoun, Social Business, Prélabel;-;
04/2021;80;22;24;1;4;18;27.5;conforme;Prélabel  accordé;Prélabel accordé suite au pitching, KICK LIGHT, Mohamed Amir Lahmar, Health Care & Wellbeing, Prélabel;-;
04/2021;80;22;24;1;4;18;27.5;conforme;Prélabel  accordé;Prélabel accordé suite au pitching, NextAV, Hichem Mokni, Foued Elkamel, Creative industry, Prélabel;2;
04/2021;80;22;24;1;4;18;27.5;conforme;Prélabel  accordé;Prélabel accordé suite au pitching, PROTABAR, Walid Trabelsi, FoodTech & New Food, Prélabel;1;
04/2021;80;22;24;1;4;18;27.5;conforme;Prélabel  accordé;Prélabel accordé suite au pitching, MY-OYA, Sarra Khemakhem, Oumayma Kéfi, Marketplace / e-commerce Label;-;Label non accordé
04/2021;80;22;24;1;4;18;27.5;conforme;Label non accordé dès le 2ème tour;Elyes Jeribi a déclaré un conflit d'intérêt;"""A7yini"" / CBM-EE";Afef Letaief
04/2021;80;22;24;1;4;18;27.5;conforme;Aziz Hafsa;EdTech, Label;-;
04/2021;80;22;24;1;4;18;27.5;conforme;N.A;N.A, Label non accordé, Label non accordé dès le 2ème tour, ABONO\FINEX, Kais Euchi, Business Software, Label;-;
04/2021;80;22;24;1;4;18;27.5;conforme;N.A;N.A, Label non accordé, Label non accordé dès le 2ème tour, UNIVERSAL MARKETING, Aymen Gahbiche, Nourine Bouguella, EdTech, Label;-;
04/2021;80;22;24;1;4;18;27.5;conforme;N.A;N.A, Label non accordé, Label non accordé dès le 2ème tour, STERECO, Ala Eddine Maatoug, Health Care & Wellbeing, Label;-;
04/2021;80;22;24;1;4;18;27.5;conforme;N.A;N.A, Label non accordé, Label non accordé dès le 2ème tour, Wimbee, Neila Benzina, Business Software, Label;-;
04/2021;80;22;24;1;4;18;27.5;conforme;N.A;N.A, Label non accordé, Label non accordé dès le 2ème tour;la ferme bio-écologique pédagogique;"""Rissala Kids Farm"""
04/2021;80;22;24;1;4;18;27.5;conforme;Imen Mefteh;Ilef Oumari, Health Care & Wellbeing, Prélabel;-;
04/2021;80;22;24;1;4;18;27.5;conforme;N.A;N.A, Prélabel non accordé Prélabel non accordé dès le 2ème tour, Looklyoum, Wafa Makni, Imed Elabed, Développement personnel, Prélabel;-;
04/2021;80;22;24;1;4;18;27.5;conforme;N.A;N.A, Prélabel non accordé Prélabel non accordé dès le 2ème tour, Check Check, Bechir Bouazizi, Fintech, Prélabel;-;
04/2021;80;22;24;1;4;18;27.5;conforme;N.A;N.A, Prélabel non accordé Prélabel non accordé dès le 2ème tour, Bee Eyes Tunisia, Mohamed Hadiji, Aymen Tounsi, Mohamed Kabadou, Services de communication Prélabel;-;
04/2021;80;22;24;1;4;18;27.5;conforme;N.A;N.A, Prélabel non accordé, Prélabel non accordé dès le 2ème tour, VirStand, Mohamed Ali Zaier, Mohamed Ben Romdhane, Services de communication Prélabel;-;
04/2021;80;22;24;1;4;18;27.5;conforme;N.A;N.A, Prélabel non accordé Prélabel non accordé dès le 2ème tour, Elyes Jeribi a déclaré un conflit d'intérêt, MiamMiam, Rim Ben Mansour, FoodTech & New Food, Prélabel;-;
04/2021;80;22;24;1;4;18;27.5;conforme;N.A;N.A, Prélabel non accordé Prélabel non accordé dès le 2ème tour;3DSky;Montassar Faidi
04/2021;80;22;24;1;4;18;27.5;conforme;EdTech;Prélabel;-;
04/2021;80;22;24;1;4;18;27.5;conforme;N.A;N.A, Prélabel non accordé Prélabel non accordé dès le 2ème tour;drone intelligent;Golli Youssef
04/2021;80;22;24;1;4;18;27.5;conforme;Creative industry;Prélabel;1;
04/2021;80;22;24;1;4;18;27.5;conforme;N.A;N.A, Prélabel non accordé Prélabel non accordé dès le 2ème tour, EatHome Resto, Nahla Saidani, Moez Hmidi, FoodTech & New Food, Prélabel;-;
04/2021;80;22;24;1;4;18;27.5;conforme;N.A;N.A, Prélabel non accordé Prélabel non accordé dès le 2ème tour, Elyes Jeribi a déclaré un conflit d'intérêt, Alpha Mall, Amri Abderrahmen, Ines Miled, Gharsalli Wael, Kachouri Hind, Malek Najahi, Marketplace, Prélabel;-;
04/2021;80;22;24;1;4;18;27.5;conforme;N.A;N.A, Prélabel non accordé, Prélabel non accordé dès le 2ème tour, Elyes Jeribi a déclaré un conflit d'intérêt, Direct DK, Maher Essalah, FoodTech & New Food, Prélabel;-;
04/2021;80;22;24;1;4;18;27.5;conforme;N.A;N.A, Prélabel non accordé Prélabel non accordé dès le 2ème tour, Elyes Jeribi a déclaré un conflit d'intérêt, BananaBlue, Wessim Elkefi, Marwene Bouhawel, Plateforme Social, Prélabel;-;
04/2021;80;22;24;1;4;18;27.5;conforme;N.A;N.A, Prélabel non accordé Prélabel non accordé dès le 2ème tour, Lexperto, Malek Oueslati, Dorsaf Bel Hadj Mohamed, Plateforme Social, Prélabel;-;
04/2021;80;22;24;1;4;18;27.5;conforme;N.A;N.A, Prélabel non accordé Prélabel non accordé dès le 2ème tour;creances.tn;Maher Chafii
04/2021;80;22;24;1;4;18;27.5;conforme;Fintech;Prélabel;-;
04/2021;80;22;24;1;4;18;27.5;conforme;N.A;N.A, Prélabel non accordé Prélabel non accordé dès le 2ème tour;twansa.tn;Rani Ben Mahmoud
04/2021;80;22;24;1;4;18;27.5;conforme;Safa Rzig;Social Business, Prélabel;-;
04/2021;80;22;24;1;4;18;27.5;conforme;N.A;N.A, Prélabel non accordé Prélabel non accordé dès le 2ème tour, EDL, Wala Bouzouita, Mohamed Bouzouita, Elyes Belhaj, Real Estate tech, Prélabel;-;
04/2021;80;22;24;1;4;18;27.5;conforme;N.A;N.A, Prélabel non accordé, Prélabel non accordé dès le 2ème tour, Darenup, Mortadha Mehri, Jesser Ben Mefteh, Plateforme Social, Prélabel;-;
04/2021;80;22;24;1;4;18;27.5;conforme;N.A;N.A, Prélabel non accordé Prélabel non accordé dès le 2ème tour, Sonia Ben Rejeb, Sonia Ben Rejeb, Mohamed Aziz Ben haj ali, Oussama Mhimdi, Wessim Khiari, Nessrine Ben Hadj Youssef, Biotech, Prélabel;-;
04/2021;80;22;24;1;4;18;27.5;conforme;N.A;N.A, Prélabel non accordé, Prélabel non accordé dès le 2ème tour, Digi-Hire, Maroua Ben Khaled, Mariem Mahjouba Saidani, Asma Ben Ghali, Business Software, Prélabel;-;
04/2021;80;22;24;1;4;18;27.5;conforme;N.A;N.A, Prélabel non accordé, Prélabel non accordé dès le 2ème tour, SmartShop, Ahmed Fakhri Hamrouni, Mohamed Yessine Soufi, Hanen Amraoui, Services de communication Prélabel;-;
04/2021;80;22;24;1;4;18;27.5;conforme;N.A;N.A, Prélabel non accordé, Prélabel non accordé dès le 2ème tour, HIPPOCRATES, Dhafer Ben Amor, Rym Bedoui, Health Care & Wellbeing, Prélabel;1;
04/2021;80;22;24;1;4;18;27.5;conforme;N.A;N.A, Prélabel non accordé Prélabel non accordé dès le 2ème tour, CBOT, Linda Riahi, Bassems Lamouchi, Hedi Manai, Services de communication Prélabel;-;
04/2021;80;22;24;1;4;18;27.5;conforme;N.A;N.A, Prélabel non accordé, Prélabel non accordé dès le 2ème tour, SwitchAutomobile, Wajih tarsim, Ahmed Fourati, Marketplace, Prélabel;-;
04/2021;80;22;24;1;4;18;27.5;conforme;N.A;N.A, Prélabel non accordé Prélabel non accordé dès le 2ème tour;ija ndhayfek;Nassim Naimi
04/2021;80;22;24;1;4;18;27.5;conforme;Social Business;Prélabel;-;
04/2021;80;22;24;1;4;18;27.5;conforme;N.A;N.A, Prélabel non accordé Prélabel non accordé dès le 2ème tour, General Computing Solutions Company, Lokmen Rojbeni, Hajer Rojbeni, Business Software, Prélabel;-;
04/2021;80;22;24;1;4;18;27.5;conforme;N.A;N.A, Prélabel non accordé Prélabel non accordé dès le 2ème tour, Particulier, Wael Boubaker, Real Estate tech, Prélabel;-;
04/2021;80;22;24;1;4;18;27.5;conforme;N.A;N.A, Prélabel non accordé Prélabel non accordé dès le 2ème tour, Go switch, Marwa Setti, Med Aziz Setti, TravelTech, Prélabel;-;
04/2021;80;22;24;1;4;18;27.5;conforme;N.A;N.A, Prélabel non accordé Prélabel non accordé dès le 2ème tour, InBox, Sana Khadhraoui, Adam Ben mokded, Aymen Yanoubli, Logistics, Prélabel;-;
04/2021;80;22;24;1;4;18;27.5;conforme;N.A;N.A, Prélabel non accordé, Prélabel non accordé dès le 2ème tour, Gestion Environnementale, Awes Ferchichi, Fahmi Missaoui, Creative industry, Prélabel;-;
04/2021;80;22;24;1;4;18;27.5;conforme;N.A;N.A, Prélabel non accordé Prélabel non accordé dès le 2ème tour, ReMotion, Ahmed Nabli, Moez Lachneb, Health Care & Wellbeing, Prélabel;-;
04/2021;80;22;24;1;4;18;27.5;conforme;Prélabel non accordé Prélabel non accordé suite au pitching;Mohamed Salah Frad a déclaré un conflit d'intérêt, AvatarBooking, Slim Ben Yedder, Ridha Alouani, Plateforme Social, Prélabel;-;
04/2021;80;22;24;1;4;18;27.5;conforme;Prélabel non accordé Prélabel non accordé suite au pitching;Shwoppy, Ikram Aloui, Karim Aloui, Yosr Aloui, Advanced Manufacturing &, Industry, Label, N.A, N.A, N.A, N.A, N.A, N.A, Label non accordé, Dossier irrecevale pour présentation d'un document;officiel altéré.;Passage de Prélabels aux Labels
04/2021;80;22;24;1;4;18;27.5;conforme;Société;Projet, Fondateurs, Secteur, Session d'obtention;du Prélabel;Résultat
04/2021;80;22;24;1;4;18;27.5;conforme;Commentaires;BOS BLASTER OZONE SOLUTIONS, VIRGIN, Ahmed Aziz Chaker, Mourad Chaker, Cleantech, Octobre 2020, Label accordé, Label accordé suite à la création de la Startup et le respect des;conditions d'octroi;Keto Life Style
04/2021;80;22;24;1;4;18;27.5;conforme;Keto Life Style;Yesmine Ben Ameur, Mohamed Ali Rekik, E-commerce, Octobre 2020, Label accordé, Label accordé suite à la création de la Startup et le respect des;conditions d'octroi;Smart Brain Corporation
04/2021;80;22;24;1;4;18;27.5;conforme;Akram Mrad;EdTech, Novembre 2020, Label accordé, Label accordé suite à la création de la Startup et le respect des;conditions d'octroi;ECGLab
04/2021;80;22;24;1;4;18;27.5;conforme;ECG Lab;Hatem Rabeh, Adel Fardi, Ayoub Belfekih, Health Care & Wellbeing, Octobre 2020, Label accordé, Label accordé suite à la création de la Startup et le respect des;conditions d'octroi;Retrait de Label Startup
04/2021;80;22;24;1;4;18;27.5;conforme;Société;Fondateurs, Secteur, Session d'obtention;du Label;Décision
04/2021;80;22;24;1;4;18;27.5;conforme;Commentaires;Educanet Tunisia, Anis Arbia, EdTech, Avril 2019, Retrait du Label, La société a dépassé l'âge maximum de 8 ans fixé par la loi 20-;2018 pour les sociétés bénéficiaires du Label;
05/2021;40;19;8;1;6;13;47.5;conforme;N.A;N.A, Label accordé, Label accordé dès le 2ème tour, G.A.J, Leila Marzoug, Skander daas, GreenTech, Label;8;
05/2021;40;19;8;1;6;13;47.5;conforme;N.A;N.A, Label accordé, Label accordé dès le 2ème tour, GROW IT YOURSELF, Moez Farhat, Mohamed Amine Youssef, Ilyes Saidani, Agritech, Label;6;
05/2021;40;19;8;1;6;13;47.5;conforme;N.A;N.A, Label accordé, Label accordé dès le 2ème tour, EMNA HUSSEIN, Emna Hussein, Creative industry, Label;5;
05/2021;40;19;8;1;6;13;47.5;conforme;N.A;N.A, Label accordé, Label accordé dès le 2ème tour, Hassen Harrabi a déclaré un conflit d'intérêt;almourabi e-learning;Mourad Gabsi
05/2021;40;19;8;1;6;13;47.5;conforme;Aya Drissi;EdTech, Label;8;
05/2021;40;19;8;1;6;13;47.5;conforme;N.A;N.A, Label accordé, Label accordé dès le 2ème tour, Soul & Planet, Fatma Midani, Mehdi Achour, Touhami Midani, Marketplace / e-commerce Label;7;
05/2021;40;19;8;1;6;13;47.5;conforme;N.A;N.A, Label accordé, Label accordé dès le 2ème tour, Lakadimia, Tarek Gasmi, Karim Ettabaa, EdTech, Label;6;
05/2021;40;19;8;1;6;13;47.5;conforme;N.A;N.A, Label accordé, Label accordé dès le 2ème tour, Laevitas, Hassen Naas, Amine Massaabi, Rassil Rhouma, Fintech, Label;9;
05/2021;40;19;8;1;6;13;47.5;conforme;N.A;N.A, Label accordé, Label accordé dès le 2ème tour, SESAMm, Pierre Rinaldi, Sylvain Forte, Florian Aubry, Fintech, Label;9;
05/2021;40;19;8;1;6;13;47.5;conforme;N.A;N.A, Label accordé, Label accordé dès le 2ème tour;invented technology;Mohamed Bayouli
05/2021;40;19;8;1;6;13;47.5;conforme;Emna Ben Jeddi;Creative industry, Label;5;
05/2021;40;19;8;1;6;13;47.5;conforme;N.A;N.A, Label accordé, Label accordé dès le 2ème tour, CAMPUSNA, Neila Alya Benzina, EdTech, Label;6;
05/2021;40;19;8;1;6;13;47.5;conforme;N.A;N.A, Label accordé, Label accordé dès le 2ème tour, DIGI-TECH, Houssein Midouni, Services de communication Prélabel;6;
05/2021;40;19;8;1;6;13;47.5;conforme;N.A;N.A, Prélabel accordé, Prélabel accordé dès le 2ème tour, MediaMax, Yassine Boumaiza, Oussama Bel Hadj Ali, Gaming, Prélabel;5;
05/2021;40;19;8;1;6;13;47.5;conforme;N.A;N.A, Prélabel accordé, Prélabel accordé dès le 2ème tour, Reserv, Sonia Hafaiedh, Anissa Hafaiedh, FoodTech & New Food, Prélabel;5;
05/2021;40;19;8;1;6;13;47.5;conforme;N.A;N.A, Prélabel accordé, Prélabel accordé dès le 2ème tour, Hémisphère, Aymen Aouadi, Malek Ben Yedder, Motaz Marzouki, Khaled Mejbri, EdTech, Prélabel;5;
05/2021;40;19;8;1;6;13;47.5;conforme;N.A;N.A, Prélabel accordé, Prélabel accordé dès le 2ème tour, INOVA WIRELESS, Mohamed Tlich, Mobility, Prélabel;7;
05/2021;40;19;8;1;6;13;47.5;conforme;N.A;N.A, Prélabel accordé, Prélabel accordé dès le 2ème tour, WimbeyondAnalytica, Neila Benzina, Business Software, Prélabel;8;
05/2021;40;19;8;1;6;13;47.5;conforme;N.A;N.A, Prélabel accordé, Prélabel accordé dès le 2ème tour, Smarketyrs, Mohamed Bahri, Hayet Rais, Jeremy Rochot, Business Software, Label;3;
05/2021;40;19;8;1;6;13;47.5;conforme;Label accordé;Label accordé suite au pitching, SOFI, Kaies Tarres, Mohamed Tarres, Soumaya Tarres, Marketplace / e-commerce Label;1;
05/2021;40;19;8;1;6;13;47.5;conforme;Label accordé;Label accordé suite au pitching, Elyes Jeribi a déclaré un conflit d'intérêt, Investhune plus, Wael Hassen, Ala Eddine Hassen, Malek Chaabane, Mohamed Amine Berguiga, Fintech, Prélabel;4;
05/2021;40;19;8;1;6;13;47.5;conforme;Prélabel  accordé;Prélabel accordé suite au pitching;forsaty;Mohamed Slimeni
05/2021;40;19;8;1;6;13;47.5;conforme;Marketplace / e-commerce Prélabel;;3;
05/2021;40;19;8;1;6;13;47.5;conforme;Prélabel  accordé;Prélabel accordé dès le 2ème tour, Hubs, Khaled Chiboub, Mohamed Hamlaoui, Wellness, Label;1;
05/2021;40;19;8;1;6;13;47.5;conforme;N.A;N.A, Label non accordé, Label non accordé dès le 2ème tour, CRABHOUSE, Karim Hammami, Mohamed Amine Battikh, FoodTech & New Food, Label;-;
05/2021;40;19;8;1;6;13;47.5;conforme;N.A;N.A, Label non accordé, Label non accordé dès le 2ème tour, Sté MASPET, Arselene Rouatbi, Ridha Rouatbi, Creative industry, Label;-;
05/2021;40;19;8;1;6;13;47.5;conforme;N.A;N.A, Label non accordé, Label non accordé dès le 2ème tour;3D real;Ahdi Hidri
05/2021;40;19;8;1;6;13;47.5;conforme;Youssef Chatti;Services de communication Label;1;
05/2021;40;19;8;1;6;13;47.5;conforme;N.A;N.A, Label non accordé, Label non accordé dès le 2ème tour, Digital group performance, Hatem Ben Brahim, Services de communication Label;2;
05/2021;40;19;8;1;6;13;47.5;conforme;Label non accordé;Label non accordé suite au pitching, Valet Hosting, Emine Meherzi, Amina Trigui, Services de communication Prélabel;-;
05/2021;40;19;8;1;6;13;47.5;conforme;N.A;N.A, Prélabel non accordé Prélabel non accordé dès le 2ème tour, Only recommended stays ., Maher Guetary, TravelTech, Prélabel;-;
05/2021;40;19;8;1;6;13;47.5;conforme;N.A;N.A, Prélabel non accordé Prélabel non accordé dès le 2ème tour;beeton;Bachir Tlemsani
05/2021;40;19;8;1;6;13;47.5;conforme;Wannes Bjaoui;Lasad Tlemsani, Services de communication Prélabel;-;
05/2021;40;19;8;1;6;13;47.5;conforme;N.A;N.A, Prélabel non accordé, Prélabel non accordé dès le 2ème tour, Impression 3D et fabrication des;imprimantes 3D;Zayd Habbachi
05/2021;40;19;8;1;6;13;47.5;conforme;Creative industry;Prélabel;1;
05/2021;40;19;8;1;6;13;47.5;conforme;N.A;N.A, Prélabel non accordé Prélabel non accordé dès le 2ème tour, LE GROUPEMENT, Nizar Guidara, Amira Aydi, Social Business, Prélabel;-;
05/2021;40;19;8;1;6;13;47.5;conforme;N.A;N.A, Prélabel non accordé Prélabel non accordé dès le 2ème tour, PETICHOU, Dhouha Bel Hadj Yahia, Business Software, Prélabel;-;
05/2021;40;19;8;1;6;13;47.5;conforme;N.A;N.A, Prélabel non accordé Prélabel non accordé dès le 2ème tour, Delifood, Lassaad Ben Rejeb, FoodTech & New Food, Prélabel;-;
05/2021;40;19;8;1;6;13;47.5;conforme;N.A;N.A, Prélabel non accordé Prélabel non accordé dès le 2ème tour, Carthachain, Mohamad Mouihbi, Mahmoud Jebri, Fintech, Prélabel;-;
05/2021;40;19;8;1;6;13;47.5;conforme;N.A;N.A, Prélabel non accordé Prélabel non accordé dès le 2ème tour, Speedy, Omar Trabelsi, Nidhal Sahraoui, Achref Dawahi, Business Software, Prélabel;-;
05/2021;40;19;8;1;6;13;47.5;conforme;N.A;N.A, Prélabel non accordé, Prélabel non accordé dès le 2ème tour, VB SMART, Amine Fourati, Kamoun Rami, Advanced Manufacturing &, Industry, Label;3;
05/2021;40;19;8;1;6;13;47.5;conforme;Label non accordé;Label non accordé suite au pitching, Home Décor AR, Oussema Ksontini, Yosri Kossontini, Mariem Ben Maallem, Abdel Majid Kessentini, Marketplace / e-commerce Prélabel;2;
05/2021;40;19;8;1;6;13;47.5;conforme;Prélabel non accordé;Prélabel non accordé suite au pitching, FUGLAB, Belgacem Negrini, Advanced Manufacturing &, Industry, Prélabel;-;
05/2021;40;19;8;1;6;13;47.5;conforme;Prélabel non accordé Prélabel non accordé suite au pitching;Beauty Addict, Chaima Ben Ayed, Mehdi Triki, Wellness, Prélabel;1;
05/2021;40;19;8;1;6;13;47.5;conforme;Prélabel non accordé Prélabel non accordé suite au pitching;Due to Data, Maha Mgaieth, Fintech, Label, N.A, N.A, N.A, N.A, N.A, N.A, Label non accordé, Le dossier est irrecevable pour cause de non;indépendance du capital.;Passage de Prélabels aux Labels
05/2021;40;19;8;1;6;13;47.5;conforme;Société;Projet, Fondateurs, Secteur, Session d'obtention;du Prélabel;Résultat
05/2021;40;19;8;1;6;13;47.5;conforme;Commentaires;Skills21, Skills21, Hajer Kharrat, Rami Mestiri, Mohamed Khalil Liouane, EdTech, Mars 2021, Label accordé, Label accordé suite à la création de la Startup et le respect des;conditions d'octroi;LEEVYA Communication
05/2021;40;19;8;1;6;13;47.5;conforme;LEEVYA Communication;Wissem Bouguila, Loïc Lafhej, Telecom, Décembre 2020, Label accordé, Label accordé suite à la création de la Startup et le respect des;conditions d'octroi;MIH STORE
05/2021;40;19;8;1;6;13;47.5;conforme;Machmoom;Ibtihel Haddedi, Skander Haddedi, Marketplace / e-commerce, Novembre 2020, Label accordé, Label accordé suite à la création de la Startup et le respect des;conditions d'octroi;UpKurs
05/2021;40;19;8;1;6;13;47.5;conforme;UpKurs;Mohamed Ali Taoues, Nidhal Jammali, Selsebil Ben El Haj Sghaier, EdTech, Novembre 2020, Label accordé, Label accordé suite à la création de la Startup et le respect des;conditions d'octroi;SAHTICARE
05/2021;40;19;8;1;6;13;47.5;conforme;Vitah;Mohamed Taha Ben Mhenni, Iheb Sahloul, Saifeddine Ben Mhenni, Healthcare;Mars 2021;Label accordé
05/2021;40;19;8;1;6;13;47.5;conforme;Label accordé suite à la création de la Startup et le respect des;;conditions d'octroi;WE WORK STUDIO WWS
05/2021;40;19;8;1;6;13;47.5;conforme;Hanoutify;Tarek Berrehouma, Mohamed Ben Rhouma, Marketplace / e-commerce, Novembre 2020, Label accordé, Label accordé suite à la création de la Startup et le respect des;conditions d'octroi;Retrait de Label Startup
05/2021;40;19;8;1;6;13;47.5;conforme;Société;Fondateurs, Secteur, Session d'obtention;du Label;Décision
05/2021;40;19;8;1;6;13;47.5;conforme;Commentaires;Société NOVEL-TI, Zied LOUKIL, Ferdouas MASMOUDI;AI;Avril 2019
05/2021;40;19;8;1;6;13;47.5;conforme;Retrait du Label;La société a dépassé l'âge maximum de 8 ans fixé par la loi 20-;2018 pour les sociétés bénéficiaires du Label;
06/2021;41;18;6;0;7;11;43.9;conforme;N.A;N.A, Label accordé, Label accordé dès le 2ème tour, Elyes Jeribi a déclaré un conflit d'intérêt, DRYSEK, Amjed Teraa, Elyes Said, Agritech, Label;6;
06/2021;41;18;6;0;7;11;43.9;conforme;N.A;N.A, Label accordé, Label accordé dès le 2ème tour, HYDROPEN TECHNOLOGIE, Tawfik Ben Hamadi, Zied Boukhris, Mourad Chaabane, Agritech, Label;5;
06/2021;41;18;6;0;7;11;43.9;conforme;N.A;N.A, Label accordé, Label accordé dès le 2ème tour, Seabex Middle East and Africa, Amira Cheniour, Ines Hamida, Taher Mestiri, Agritech, Label;7;
06/2021;41;18;6;0;7;11;43.9;conforme;N.A;N.A, Label accordé, Label accordé dès le 2ème tour, GO TO MATCH, Youssef Boumahdef, Wissem Ata, Khaled Hamila, Gaming, Label;6;
06/2021;41;18;6;0;7;11;43.9;conforme;N.A;N.A, Label accordé, Label accordé dès le 2ème tour, MARKET360DEGREES, Ghassen Selmi, Amen Eddine Mili, Houssam Jedidi, Rene Sehi, Joerg Funder, Guenter Althaus, Business Software, Label;5;
06/2021;41;18;6;0;7;11;43.9;conforme;N.A;N.A, Label accordé, Label accordé dès le 2ème tour;B2B Tunisia;Mohamed Bechir Chniti
06/2021;41;18;6;0;7;11;43.9;conforme;Nedra Neffeti;Marketplace / e-commerce, Label;5;
06/2021;41;18;6;0;7;11;43.9;conforme;N.A;N.A, Label accordé, Label accordé dès le 2ème tour, Agritable, Hajer Siala, Sophiene Jebabli, Marketplace / e-commerce, Label;6;
06/2021;41;18;6;0;7;11;43.9;conforme;N.A;N.A, Label accordé, Label accordé dès le 2ème tour, Ghazela Technology, Anis Hachani, Business Software, Label;1;
06/2021;41;18;6;0;7;11;43.9;conforme;Label accordé;Label accordé suite au pitching, GDTC, Haithem Cherni, EdTech, Label;4;
06/2021;41;18;6;0;7;11;43.9;conforme;Label accordé;Label accordé suite au pitching, Kabylis, Oussama Romdhane, Khalil Fakhfekh, Marketplace / e-commerce, Label;2;
06/2021;41;18;6;0;7;11;43.9;conforme;Label accordé;Label accordé suite au pitching, Dlilek, Moussa Tajouri, Chourouk Attig, Plateforme Social, Prélabel;5;
06/2021;41;18;6;0;7;11;43.9;conforme;N.A;N.A, Prélabel accordé, Prélabel accordé dès le 2ème tour;robotdot;Mohamed Ghazi Baccouche
06/2021;41;18;6;0;7;11;43.9;conforme;Habib Gafsi;Advanced Manufacturing &, Industry, Prélabel;5;
06/2021;41;18;6;0;7;11;43.9;conforme;N.A;N.A, Prélabel accordé, Prélabel accordé dès le 2ème tour, Provectus, Kamel Jemli, Dhia Jemli, Monji Jemli, Environment, Prélabel;5;
06/2021;41;18;6;0;7;11;43.9;conforme;N.A;N.A, Prélabel accordé, Prélabel accordé dès le 2ème tour, AquaDeep, Mohamed Ben Ahmed, Mohamed Youssef Chahed, Agritech, Prélabel;6;
06/2021;41;18;6;0;7;11;43.9;conforme;N.A;N.A, Prélabel accordé, Prélabel accordé dès le 2ème tour;myCarCare;Rami Brahem
06/2021;41;18;6;0;7;11;43.9;conforme;Amani Bettaieb;Ahmed Ben Yedder, Mobility, Prélabel;7;
06/2021;41;18;6;0;7;11;43.9;conforme;N.A;N.A, Prélabel accordé, Prélabel accordé dès le 2ème tour, Cooptatio, Mohamed Ali BRINI, Hayfa Ben Mohamed, Social Business, Prélabel;7;
06/2021;41;18;6;0;7;11;43.9;conforme;N.A;N.A, Prélabel accordé, Prélabel accordé dès le 2ème tour, WIKI ACADEMY SA, Wassef Ben Ounis, Social Business, Label;1;
06/2021;41;18;6;0;7;11;43.9;conforme;N.A;N.A, Label non accordé, Label non accordé dès le 2ème tour, Mirva Intertnational Trading, Marwa Ferchichi, Severin Judicael Mombembo, Agritech, Label;-;
06/2021;41;18;6;0;7;11;43.9;conforme;N.A;N.A, Label non accordé, Label non accordé dès le 2ème tour, Convergen, Sarah Lamine, Mohamed Ali Aguel, Creative industry, Label;1;
06/2021;41;18;6;0;7;11;43.9;conforme;N.A;N.A, Label non accordé, Label non accordé dès le 2ème tour, RED LION MATRIX, Marwane Arsslene Zribi, Rhym Ben Ghazi, Teja Kallel, Services de communication, Label;-;
06/2021;41;18;6;0;7;11;43.9;conforme;N.A;N.A, Label non accordé, Label non accordé dès le 2ème tour, TEK4OFFICE, Ali Khelifi, Khelifi Ibrahim, Business Software, Label;-;
06/2021;41;18;6;0;7;11;43.9;conforme;N.A;N.A, Label non accordé, Label non accordé dès le 2ème tour, Tunisia's Harvest, Nahla Elmi, Health care, Label;-;
06/2021;41;18;6;0;7;11;43.9;conforme;N.A;N.A, Label non accordé, Label non accordé dès le 2ème tour, Escape Room Tunisia, Nadhmi Jourchi, Narjess Derouiche, Creative industry, Label;1;
06/2021;41;18;6;0;7;11;43.9;conforme;N.A;N.A, Label non accordé, Label non accordé dès le 2ème tour, Roost, Firas Raddadi, Ghada Radadi, Hatem Temimi, Services de communication, Label;2;
06/2021;41;18;6;0;7;11;43.9;conforme;Label non accordé;Label non accordé suite au pitching, Elyes Jeribi a déclaré un conflit d'intérêt, KatYos, Yosra Arous, Mahdi Arous, Creative industry, Label;2;
06/2021;41;18;6;0;7;11;43.9;conforme;Label non accordé;Label non accordé suite au pitching, Elyes Jeribi a déclaré un conflit d'intérêt, JOBGATE, Angoud Houssem, EdTech, Label;4;
06/2021;41;18;6;0;7;11;43.9;conforme;Label non accordé;Label non accordé suite au pitching, LE BISCUIT FONCTIONNEL, Neila Hafsia, Seifeddine Memmiche, FoodTech & New Food, Prélabel;-;
06/2021;41;18;6;0;7;11;43.9;conforme;N.A;N.A, Prélabel non accordé Prélabel non accordé dès le 2ème tour, DDC Tunis, Amin Dridi, Hedy Jamoussi, Creative industry, Prélabel;-;
06/2021;41;18;6;0;7;11;43.9;conforme;N.A;N.A, Prélabel non accordé Prélabel non accordé dès le 2ème tour, Inaya, Omar Ben Haj Said, Mohamed Aouinet, Walid Msallem, Health care, Prélabel;-;
06/2021;41;18;6;0;7;11;43.9;conforme;N.A;N.A, Prélabel non accordé Prélabel non accordé dès le 2ème tour, Digital Deals, Mourad Sahloul, S'himi Heni, Social Business, Prélabel;1;
06/2021;41;18;6;0;7;11;43.9;conforme;N.A;N.A, Prélabel non accordé Prélabel non accordé dès le 2ème tour, ALEXEER Dynamics, Mohamed Habib Chebbi, Business Software, Prélabel;-;
06/2021;41;18;6;0;7;11;43.9;conforme;N.A;N.A, Prélabel non accordé Prélabel non accordé dès le 2ème tour, Dolce Vita Overseas, Nour El Kamel, Lilia El Kamel, Social Business, Prélabel;-;
06/2021;41;18;6;0;7;11;43.9;conforme;N.A;N.A, Prélabel non accordé Prélabel non accordé dès le 2ème tour, Lamikal, Anis Ben Slimane, Social Business, Prélabel;-;
06/2021;41;18;6;0;7;11;43.9;conforme;N.A;N.A, Prélabel non accordé Prélabel non accordé dès le 2ème tour, Gear, Amir Askri, Advanced Manufacturing & Industry, Prélabel;-;
06/2021;41;18;6;0;7;11;43.9;conforme;N.A;N.A, Prélabel non accordé Prélabel non accordé dès le 2ème tour, VirtoTrip, Zayane Mohamed Yassine, TravelTech, Prélabel;-;
06/2021;41;18;6;0;7;11;43.9;conforme;N.A;N.A, Prélabel non accordé Prélabel non accordé dès le 2ème tour, SUCCESS STORY, Slim Zribi, Social Business, Prélabel;1;
06/2021;41;18;6;0;7;11;43.9;conforme;N.A;N.A, Prélabel non accordé Prélabel non accordé dès le 2ème tour, WeFix, Sabri Cheriha, Environment, Prélabel;1;
06/2021;41;18;6;0;7;11;43.9;conforme;Prélabel non accordé Prélabel non accordé suite au pitching;Elyes Jeribi a déclaré un conflit d'intérêt, Sport Land, ADEL CHAARI, Social Business, Prélabel;2;
06/2021;41;18;6;0;7;11;43.9;conforme;Prélabel non accordé Prélabel non accordé suite au pitching;EDU'COM, Mohamed Seddik Azzabi, EdTech, Prélabel;-;
06/2021;41;18;6;0;7;11;43.9;conforme;Prélabel non accordé Prélabel non accordé suite au pitching;Digiflow, Ghassen Maalej, Mohamed Limame, Elie Zoghaib, Mohamed Kadi, Fintech, Prélabel;-;Prélabel non accordé Prélabel non accordé suite au pitching
06/2021;41;18;6;0;7;11;43.9;conforme;Khaled Ben Jimani a déclaré un conflit d'intérêt;Passage de Prélabels aux Labels, Société, Projet, Fondateurs, Secteur, Session d'obtention;du Prélabel;Résultat
06/2021;41;18;6;0;7;11;43.9;conforme;Commentaires;SMART SPORTS, Smart Racing Hub, Oussema Dhaouadi, Creative industry;Janvier 2021;Label accordé
06/2021;41;18;6;0;7;11;43.9;conforme;Label accordé suite à la création de la Startup et le respect des;;conditions d'octroi;NeoBionics
06/2021;41;18;6;0;7;11;43.9;conforme;Bionics;Monaam Ayachi, Ikhlas Ayachi, Health care;Mars 2021;Label accordé
06/2021;41;18;6;0;7;11;43.9;conforme;Label accordé suite à la création de la Startup et le respect des;;conditions d'octroi;STE YAGRI
06/2021;41;18;6;0;7;11;43.9;conforme;YAGRI;Yasser Belguesmi, Dorsaf Bouallagui, Agritech, Janvier 2021, Label accordé, Label accordé suite à la création de la Startup et le respect des;conditions d'octroi;IH PAPRITECH
06/2021;41;18;6;0;7;11;43.9;conforme;Paprika Solutions;Ibrahim Jlassi, Mohamed Belouaer, Houssem Chaabani, Creative industry, Avril 2021, Label accordé, Label accordé suite à la création de la Startup et le respect des;conditions d'octroi;Eva Dam Technology
06/2021;41;18;6;0;7;11;43.9;conforme;EVADAM;Souhail Msakni, Sami Sghaier, Ahmed Liouene, Fintech, Avril 2021, Label accordé, Label accordé suite à la création de la Startup et le respect des;conditions d'octroi;Tunisian identity online
06/2021;41;18;6;0;7;11;43.9;conforme;BankeID;Karim Jebali, Nader Chibani;wael kassis;Fintech
06/2021;41;18;6;0;7;11;43.9;conforme;Décembre 2020;Label accordé, Label accordé suite à la création de la Startup et le respect des;conditions d'octroi;STE KTN TRAFFIC
06/2021;41;18;6;0;7;11;43.9;conforme;Ktn_Traffic;Mohamed Salah Zaggar, Business Software, Décembre 2020, Label accordé, Label accordé suite à la création de la Startup et le respect des;conditions d'octroi;
07/2021;40;22;5;0;11;11;55.0;conforme;N.A;N.A, Label accordé, Label accordé dès le 2ème tour, Coart Container Creatif, Malek Maazoun, Yassine Mseddi, Creative industry, Label;5;
07/2021;40;22;5;0;11;11;55.0;conforme;N.A;N.A, Label accordé, Label accordé dès le 2ème tour, Mohamed Salah Frad a déclaré un conflit d'intérêt, Hkeya w Ebra, Youssef Dridi, Atef Boutara, Yatim Omar, Firas Ben Ghayadha, Creative industry, Label;6;
07/2021;40;22;5;0;11;11;55.0;conforme;N.A;N.A, Label accordé, Label accordé dès le 2ème tour, DROBEE, Mayssa Karchoud, Nadhmi Amara, Aladin Khantouch, Haytham Khemakhem, Agritech, Label;5;
07/2021;40;22;5;0;11;11;55.0;conforme;N.A;N.A, Label accordé, Label accordé dès le 2ème tour, FINRA Ltd, Ons El Gaied, Amir Farah, Advanced Manufacturing & Industry, Label;5;
07/2021;40;22;5;0;11;11;55.0;conforme;N.A;N.A, Label accordé, Label accordé dès le 2ème tour, Vital Tools, Yassine Bouchoucha, Ali Babbou, Business Software, Label;5;
07/2021;40;22;5;0;11;11;55.0;conforme;N.A;N.A, Label accordé, Label accordé dès le 2ème tour, Ticketchainer, Sami Bouden, Walid Karray, Obeyd Melliti, Business Software, Label;6;
07/2021;40;22;5;0;11;11;55.0;conforme;N.A;N.A, Label accordé, Label accordé dès le 2ème tour, STE JUNIORS CV, Samy Jaidène, Mayassa Fehaiem, EdTech, Label;5;
07/2021;40;22;5;0;11;11;55.0;conforme;N.A;N.A, Label accordé, Label accordé dès le 2ème tour, ELBIO, Sana Saadani, Haythem Dridi, Syrine Guettat, FoodTech & New Food, Label;5;
07/2021;40;22;5;0;11;11;55.0;conforme;N.A;N.A, Label accordé, Label accordé dès le 2ème tour, Compaktor, Mohamed Amine Omrani, Ali Mansour, Business Software, Label;3;Label accordé
07/2021;40;22;5;0;11;11;55.0;conforme;Label accordé suite au pitching;Elyes Jeribi a déclaré un conflit d'intérêt;2BK Innovation;Mehdi Boudhraa
07/2021;40;22;5;0;11;11;55.0;conforme;Omar Khalfet;Environment, Label;2;
07/2021;40;22;5;0;11;11;55.0;conforme;Label accordé;Label accordé suite au pitching, Tiktak PRO, Zied Bouhejba, Marketplace / e-commerce, Prélabel;7;
07/2021;40;22;5;0;11;11;55.0;conforme;N.A;N.A, Prélabel accordé, Prélabel accordé dès le 2ème tour, TRUE DELTA, Henda Regaya, Maher Hemissi, Marketplace / e-commerce, Prélabel;6;
07/2021;40;22;5;0;11;11;55.0;conforme;N.A;N.A, Prélabel accordé, Prélabel accordé dès le 2ème tour, Amel Saidane a déclaré un conflit d'interet, Société JPARTENERS TUNISIE SUARL, Zied Jbali, Logistique, Prélabel;5;
07/2021;40;22;5;0;11;11;55.0;conforme;N.A;N.A, Prélabel accordé, Prélabel accordé dès le 2ème tour, DORRY, Ellouze Fares, Fintech, Prélabel;3;
07/2021;40;22;5;0;11;11;55.0;conforme;Prélabel accordé;Prélabel accordé suite au pitching, RIBLUM, Hadded Malek, Sara Bennour, Environment, Prélabel;2;
07/2021;40;22;5;0;11;11;55.0;conforme;Prélabel accordé;Prélabel accordé suite au pitching, AREMA international, Zina Kobbi, Health care, Label;-;
07/2021;40;22;5;0;11;11;55.0;conforme;N.A;N.A, Label non accordé, Label non accordé dès le 2ème tour, Pipeline Studio, Rami Rouini, Amal Cherif, Mahdi Ben khmis, Creative industry, Label;-;
07/2021;40;22;5;0;11;11;55.0;conforme;N.A;N.A, Label non accordé, Label non accordé dès le 2ème tour, BORNTEQ, Mohamed Fekih-Romdhane, Business Software, Label;-;
07/2021;40;22;5;0;11;11;55.0;conforme;N.A;N.A, Label non accordé, Label non accordé dès le 2ème tour, Tunisia Home Staging, Malek Dey Daly, Chahrazed Dey daly, Creative industry, Label;-;
07/2021;40;22;5;0;11;11;55.0;conforme;N.A;N.A, Label non accordé, Label non accordé dès le 2ème tour, Goodif, Khawla Ben Mansour, Mohamed Kadi, Mohamed Limame, Fintech, Label;-;
07/2021;40;22;5;0;11;11;55.0;conforme;N.A;N.A, Label non accordé, Label non accordé dès le 2ème tour, ECOPOINT, Soua Salah, Zoubeida Chaouch, Najla Kacem, Creative industry, Label;-;
07/2021;40;22;5;0;11;11;55.0;conforme;N.A;N.A, Label non accordé, Label non accordé dès le 2ème tour, Nat-Hub / Pikoro, Sabryn Hamrouny, Khelifi Ahmed, Ibrahim Sarray, Mohamed Amine Jebali, Business Software, Label;-;
07/2021;40;22;5;0;11;11;55.0;conforme;N.A;N.A, Label non accordé, Label non accordé dès le 2ème tour, SMARTI'Z, Karim Amous, Health care, Prélabel;1;
07/2021;40;22;5;0;11;11;55.0;conforme;N.A;N.A, Prélabel non accordé Prélabel non accordé dès le 2ème tour, Gold Queen, Afef Mkaoure, Abir Mkawar, Creative industry, Prélabel;1;
07/2021;40;22;5;0;11;11;55.0;conforme;N.A;N.A, Prélabel non accordé Prélabel non accordé dès le 2ème tour, GUISS, Akrem Belguith, Tayeb Beb Ayed, Fares Mallek, Maher Marwani, Business Software, Prélabel;-;
07/2021;40;22;5;0;11;11;55.0;conforme;N.A;N.A, Prélabel non accordé, Prélabel non accordé dès le 2ème tour, The English Lab, Rabeb Rezgui, EdTech, Prélabel;-;
07/2021;40;22;5;0;11;11;55.0;conforme;N.A;N.A, Prélabel non accordé Prélabel non accordé dès le 2ème tour, E-pharmacy, Zaineb Saadallah, Health care, Prélabel;-;
07/2021;40;22;5;0;11;11;55.0;conforme;N.A;N.A, Prélabel non accordé Prélabel non accordé dès le 2ème tour, Levry Food, Mohamed Naim Boubtane, Myriam Boubtane, Marketplace / e-commerce, Prélabel;-;Prélabel non accordé Prélabel non accordé dès le 2ème tour
07/2021;40;22;5;0;11;11;55.0;conforme;Elyes Jeribi a déclaré un conflit d'intérêt;Mantouj, Bilel Amdouni, Mohamed Ali Belajouza, Agritech, Prélabel;-;
07/2021;40;22;5;0;11;11;55.0;conforme;N.A;N.A, Prélabel non accordé Prélabel non accordé dès le 2ème tour, KOPRICE, Mohamed Taher Bouchahoua, Juste Méthode Bocovo, Inès Aichi, Marketplace / e-commerce, Prélabel;-;Prélabel non accordé
07/2021;40;22;5;0;11;11;55.0;conforme;Prélabel non accordé dès le 2ème tour;Elyes Jeribi a déclaré un conflit d'intérêt, StockPad, Mechria Rafik, Tarek Hechmi, Business Software, Prélabel;-;
07/2021;40;22;5;0;11;11;55.0;conforme;N.A;N.A, Prélabel non accordé Prélabel non accordé dès le 2ème tour, HACHARA Novel Food, Nedra Kharbeche, Sana Bourguiba, FoodTech & New Food, Prélabel;-;
07/2021;40;22;5;0;11;11;55.0;conforme;N.A;N.A, Prélabel non accordé Prélabel non accordé dès le 2ème tour, Swavl, Yahya Touil, Mathouthi Akrem, Social Business, Prélabel;-;
07/2021;40;22;5;0;11;11;55.0;conforme;N.A;N.A, Prélabel non accordé Prélabel non accordé dès le 2ème tour, Karhebti, Houssem Eddine Noamen, Amdouni Mohamed Amine, Creative industry, Prélabel;-;
07/2021;40;22;5;0;11;11;55.0;conforme;N.A;N.A, Prélabel non accordé Prélabel non accordé dès le 2ème tour, ELPERMIS, Mohamed Hedi Khanfir, Abdennaceur Tarrouch, EdTech, Prélabel;1;
07/2021;40;22;5;0;11;11;55.0;conforme;N.A;N.A, Prélabel non accordé Prélabel non accordé dès le 2ème tour, Dokeni, Amine Abassi, Mohamed El Abbassi, Maher El Abbassi, Logistique, Prélabel;-;
07/2021;40;22;5;0;11;11;55.0;conforme;Prélabel non accordé;Prélabel non accordé suite au pitching;tnmarket;Rahma Ayadi
07/2021;40;22;5;0;11;11;55.0;conforme;Chokri Siala;Yousra Ayadi, Marketplace / e-commerce, Prélabel;2;
07/2021;40;22;5;0;11;11;55.0;conforme;Prélabel non accordé;Prélabel non accordé suite au pitching, Elyes Jeribi a déclaré un conflit d'intérêt, IBANFIRST TN, Amira Hannachi, Patrick Mollard, Oualid Abderrazek, Fintech, Label, N.A, N.A, N.A, N.A, N.A, N.A, Label non accordé, Le dossier est irrecevable pour non conformité aux;critères d'éligibilité décrits par le décret 2018-840;Candidature reportée à la prochaine session
07/2021;40;22;5;0;11;11;55.0;conforme;TN Smartbot;Label, Candidature reportée, La candidature a été reportée à la session d'Août, Passage de Prélabels aux Labels, Société, Projet, Fondateurs, Secteur, Session d'obtention;du Prélabel;Résultat
07/2021;40;22;5;0;11;11;55.0;conforme;Commentaires;Istidama, WaterSec, Ahmed Slim Bouakez, Khoubeib Tlili, Zoubeir Zarrouk, Mohamed Guenbri, Environement, Février 2021, Label accordé, Label accordé suite à la création de la Startup et le respect des;conditions d'octroi;Mrcus Studio
07/2021;40;22;5;0;11;11;55.0;conforme;Marcus Studio;Azzez Moatez, Hamza Gassab, Creative industry, Avril 2021, Label accordé, Label accordé suite à la création de la Startup et le respect des;conditions d'octroi;STE LAVERIT H O
07/2021;40;22;5;0;11;11;55.0;conforme;Hedi Hrigua;Oussama Hlaoui, Logistique, Janvier 2021, Label accordé, Label accordé suite à la création de la Startup et le respect des;conditions d'octroi;Wassaloo Tunisie
07/2021;40;22;5;0;11;11;55.0;conforme;Wassaloo;Abdeljelil Lazaar, Mustapha Guellaty, Mohamed Zouhaier Zammel, Agritech, Avril 2021, Label accordé, Label accordé suite à la création de la Startup et le respect des;conditions d'octroi;Wimbee Product
07/2021;40;22;5;0;11;11;55.0;conforme;WimbeyondAnalytica;Neila Benzina, Business Software, Mai 2021, Label accordé, Label accordé suite à la création de la Startup et le respect des;conditions d'octroi;AquaDeep
07/2021;40;22;5;0;11;11;55.0;conforme;AquaDeep;Mohamed Ben Ahmed, Mohamed Youssef Chahed, Agritech, Juin 2021, Label accordé, Label accordé suite à la création de la Startup et le respect des;conditions d'octroi;KINDEAL EDUCATION
07/2021;40;22;5;0;11;11;55.0;conforme;KINDEAL;Mohamed Ali Shili, Moez Hammami, EdTech, Avril 2021, Label accordé, Label accordé suite à la création de la Startup et le respect des;conditions d'octroi;Société de Services pour les Organismes
07/2021;40;22;5;0;11;11;55.0;conforme;Solidaires;;ILEY'COM-مﻛﯾﻟإ;Mehdi Ben Abdallah
07/2021;40;22;5;0;11;11;55.0;conforme;Marwa Moula;Social Business, Mars 2021, Label accordé, Label accordé suite à la création de la Startup et le respect des;conditions d'octroi;HAKEEMA Pour la Santé
07/2021;40;22;5;0;11;11;55.0;conforme;Amr Bakr;Sahar Awad, Tamer Shawer, HealthTech;Janvier 2021;Label accordé
07/2021;40;22;5;0;11;11;55.0;conforme;Label accordé suite à la création de la Startup et le respect des;;conditions d'octroi;Société ramzi de stock engineering et gestion
07/2021;40;22;5;0;11;11;55.0;conforme;Gelivro;Ramzi Houidi, Rim Harabi, Marketplace / e-commerce, Février 2021, Label accordé, Label accordé suite à la création de la Startup et le respect des;conditions d'octroi;SAYARTICARE
07/2021;40;22;5;0;11;11;55.0;conforme;Rami Brahem;Amani Bettaieb, Ahmed Ben Yedder, Mobility, Juin 2021, Label accordé, Label accordé suite à la création de la Startup et le respect des;conditions d'octroi;
08/2021;25;13;4;1;7;6;52.0;conforme;N.A;N.A, Label accordé, Label accordé dès le 2ème tour, ARTY COLLECTION, Ymen Matri, Marketplace, Label;5;
08/2021;25;13;4;1;7;6;52.0;conforme;N.A;N.A, Label accordé, Label accordé dès le 2ème tour, Ali Mnif a déclaré un conflit d'intérêt, Smart Ecowico Technology, Ilyes mhiri, Achraf Zorgati, Mohamed Amine Chalbi, CyberSecurity, Label;7;
08/2021;25;13;4;1;7;6;52.0;conforme;N.A;N.A, Label accordé, Label accordé dès le 2ème tour, TŪNIQ, Iman Masmoudi, Social Business, Label;7;
08/2021;25;13;4;1;7;6;52.0;conforme;N.A;N.A, Label accordé, Label accordé dès le 2ème tour, Facstore, Takoua Gharbi, Aya Jallali, EdTech, Label;5;
08/2021;25;13;4;1;7;6;52.0;conforme;N.A;N.A, Label accordé, Label accordé dès le 2ème tour, Smart Factory Revolution, Jawhar Kobbi, Omar Maalej, Advanced Manufacturing &, Industry, Label;3;
08/2021;25;13;4;1;7;6;52.0;conforme;Label accordé;Label accordé suite au pitching, Hassen Harrabi a déclaré un conflit d'intérêt;istishara;Atef Azizi
08/2021;25;13;4;1;7;6;52.0;conforme;Services de communication;Prélabel;5;
08/2021;25;13;4;1;7;6;52.0;conforme;N.A;N.A, Prélabel accordé, Label accordé dès le 2ème tour, Tunisia market, Ibrahim Chouikh, Abdelfattah Lahbib, Abdelhamid Guinoubi, Ahmed Ettoumi, Laila Balti, Marketplace, Prélabel;5;
08/2021;25;13;4;1;7;6;52.0;conforme;N.A;N.A, Prélabel accordé, Label accordé dès le 2ème tour, Hayat Tech, Mohamed Amine Bensalem, Mohamed Kharrat, Ahmed Yassine Bensalem, Habib Mestiri, Health care, Prélabel;6;
08/2021;25;13;4;1;7;6;52.0;conforme;N.A;N.A, Prélabel accordé, Label accordé dès le 2ème tour, SkyRanger, Chedhli Hafien, Ramzi Bouzaiene, Mokhtar Hafien, Agritech, Prélabel;3;
08/2021;25;13;4;1;7;6;52.0;conforme;Prélabel accordé;Prélabel accordé suite au pitching, Food lab belarabi, Jihene Chouiref, Rasha Chwiref, FoodTech & New Food, Label;-;
08/2021;25;13;4;1;7;6;52.0;conforme;Label non accordé;Label non accordé dès le 2ème tour, Softbook, Marwen Khouaja, Houssem Miled, Hedi Miled, Health care, Label;-;
08/2021;25;13;4;1;7;6;52.0;conforme;N.A;N.A, Label non accordé, Label non accordé dès le 2ème tour, Bridge Technology, Hafedh Barhoumi, Business Software, Label;-;
08/2021;25;13;4;1;7;6;52.0;conforme;N.A;N.A, Label non accordé, Label non accordé dès le 2ème tour, EMISERV, Slim Mahrsi, Mahdi Truki, Walim JRIBI, Advanced Manufacturing &, Industry, Label;-;
08/2021;25;13;4;1;7;6;52.0;conforme;N.A;N.A, Label non accordé, Label non accordé dès le 2ème tour, BOOSTENO TUNISIE, Mohamed Ismail Mesbeh, Mohamed Amine Jarraya, Maher Tlili, Khalil Cherif, Services de communication, Label;-;
08/2021;25;13;4;1;7;6;52.0;conforme;Label non accordé;Label non accordé dès le 2ème tour, Signalétique intelligente / Thor System, Mohamed salah Nachi, Malek Redissi, Creative industry, Label;-;
08/2021;25;13;4;1;7;6;52.0;conforme;Label non accordé;Label non accordé dès le 2ème tour, Learnygo, Samir Zabi, Mohamed Essid, Business Software, Label;1;
08/2021;25;13;4;1;7;6;52.0;conforme;Label non accordé;Label non accordé suite au pitching, Herbéos, Maroua Ben Ali, Mohamed Yassine Soussi, Agritech, Label;3;
08/2021;25;13;4;1;7;6;52.0;conforme;Label non accordé;Label non accordé suite au pitching, Taxiora Pub, Walid Saadaoui, Khaled Benlatrach, Services de communication, Prélabel;-;
08/2021;25;13;4;1;7;6;52.0;conforme;N.A;N.A, Prélabel non accordé Prélabel non accordé dès le 2ème tour, The Bridge, Youssef Hammami, Bassem Thabti, EdTech, Prélabel;-;
08/2021;25;13;4;1;7;6;52.0;conforme;N.A;N.A, Prélabel non accordé Prélabel non accordé dès le 2ème tour, Talasin, Majdi Ben Farhat, Social Business, Prélabel;-;
08/2021;25;13;4;1;7;6;52.0;conforme;N.A;N.A, Prélabel non accordé Prélabel non accordé dès le 2ème tour, Freeman, Khalil Hamdi, Mohamed Dridi, Social Business, Prélabel;-;
08/2021;25;13;4;1;7;6;52.0;conforme;N.A;N.A, Prélabel non accordé Prélabel non accordé dès le 2ème tour, ECOclicko, Nissaf Sleymi, EdTech, Prélabel;-;
08/2021;25;13;4;1;7;6;52.0;conforme;N.A;N.A, Prélabel non accordé Prélabel non accordé dès le 2ème tour, C'mind, Maher Zahar, Sabri Barbaria, Health care, Prélabel;1;
08/2021;25;13;4;1;7;6;52.0;conforme;Prélabel non accordé Prélabel non accordé suite au pitching;TN Smartbot, Sofienne Mallek, Assil Salah, Creative industry, Label;2;
08/2021;25;13;4;1;7;6;52.0;conforme;Label non accordé;Désistement de la part  de la société sur la;candidature au Label suite à sa cession;Passage de Prélabels aux Labels
08/2021;25;13;4;1;7;6;52.0;conforme;Société;Projet, Fondateurs, Secteur, Session d'obtention;du Prélabel;Résultat
08/2021;25;13;4;1;7;6;52.0;conforme;Commentaires;Birou Suite, Birou Suite, Chaibi Alaa, Boumiza Imen, Business Software, Avril 2021, Label accordé, Label accordé suite à la création de la Startup et le respect des;conditions d'octroi;Lait Espoir
08/2021;25;13;4;1;7;6;52.0;conforme;Lait Espoir;Hayfa KHALFAOUI, Agritech, Février 2021, Label accordé, Label accordé suite à la création de la Startup et le respect des;conditions d'octroi;SUPREMCLOUD TECHNOLOGIES
08/2021;25;13;4;1;7;6;52.0;conforme;Suprem;Khaireddine Mejri, Creative industry, Mars 2021, Label accordé, Label accordé suite à la création de la Startup et le respect des;conditions d'octroi;ASQII
08/2021;25;13;4;1;7;6;52.0;conforme;MediTek;Adel Hamdi, Health care, Avril 2021, Label accordé, Label accordé suite à la création de la Startup et le respect des;conditions d'octroi;JPARTNERS TUNISIE
08/2021;25;13;4;1;7;6;52.0;conforme;Société JPARTENERS TUNISIE SUARL;ZIED JBALI, Business Software, Juillet 2021, Label accordé, Label accordé suite à la création de la Startup et le respect des;conditions d'octroi;BAKO MOTORS
08/2021;25;13;4;1;7;6;52.0;conforme;BAKO MOTORS;Boubaker Siala, Rached Ben Hmadou, Mahmoud Siala, Environement, Février 2021, Label accordé, Label accordé suite à la création de la Startup et le respect des;conditions d'octroi;Rebound Dev
08/2021;25;13;4;1;7;6;52.0;conforme;Takwira;Zied Dahmani, Amen Allah Dahmani, Plateforme Social, Avril 2021, Label accordé, Label accordé suite à la création de la Startup et le respect des;conditions d'octroi;Retrait de Label Startup
08/2021;25;13;4;1;7;6;52.0;conforme;Société;Fondateurs, Secteur, Session d'obtention;du Label;Décision
08/2021;25;13;4;1;7;6;52.0;conforme;Commentaires;STE SAMM TEST & AUTOMATION, MOHAMED ANANE, Sofiene Grati, AMOR MEGADMINI, MAHDI KAMOUN, Robotique, Novembre 2019, Retrait du Label, La société a dépassé l'âge maximum de 8 ans fixé par la loi 20-;2018 pour les sociétés bénéficiaires du Label;
09/2021;15;15;6;0;13;2;100.0;corrigee;N.A;N.A, Label accordé, Label accordé dès le 2ème tour, Urban Green, Malek Hamouda, Hamed Baltagi, Agritech, Label;3;
09/2021;15;15;6;0;13;2;100.0;corrigee;Label accordé;Label accordé suite au pitching, Unify, Abdelhalim Zaibi, Ahmed Ben Mahmoud, Wael Gargouri, Adam Boulila, Creative industry, Prélabel;5;
09/2021;15;15;6;0;13;2;100.0;corrigee;N.A;N.A, Prélabel accordé, Prélabel accordé dès le 2ème tour, Smartfleet, Ilyes Belhaj, Business Software, Prélabel;5;
09/2021;15;15;6;0;13;2;100.0;corrigee;N.A;N.A, Prélabel accordé, Prélabel accordé dès le 2ème tour, CUIDA, Kamel Sanai, Yousri Filali, Majdi Sidaoui;Farhat Akrout;Houssem Eddine Sanai
09/2021;15;15;6;0;13;2;100.0;corrigee;Walid Zaghdoud;;Amel Saif Ennasser;Ameni Jebahi
09/2021;15;15;6;0;13;2;100.0;corrigee;Asma Ben Abdallah;Health care, Prélabel;5;
09/2021;15;15;6;0;13;2;100.0;corrigee;N.A;N.A, Prélabel accordé, Prélabel accordé dès le 2ème tour, CAIRUS DIGITAL BUSINESS CENTER, Basma Yacoubi, Oussema Yacoubi, Fintech, Prélabel;6;
09/2021;15;15;6;0;13;2;100.0;corrigee;N.A;N.A, Prélabel accordé, Prélabel accordé dès le 2ème tour, GARK, Haithem Besghaier, Amine Gongi, Mohamed Taha Jemmali, Health care, Prélabel;3;
09/2021;15;15;6;0;13;2;100.0;corrigee;Prélabel accordé;Prélabel accordé suite au pitching, Pivlo, Hamadi Ben Slimane, Mosbehi Mohamed Montassar, Business Software, Prélabel;3;
09/2021;15;15;6;0;13;2;100.0;corrigee;Prélabel accordé;Prélabel accordé suite au pitching, D-SIGNALITIQUE, Jawhara Ben Aissa, Services de communication, Label;-;
09/2021;15;15;6;0;13;2;100.0;corrigee;N.A;N.A, Label non accordé, Label non accordé dès le 2ème tour, DIGITAL DRINA, Ramzi Hmani, Leila Slim, Services de communication, Label;-;
09/2021;15;15;6;0;13;2;100.0;corrigee;N.A;N.A, Label non accordé, Label non accordé dès le 2ème tour, Jibheli, Boubaker Tilouche, Ibtihel Kochat, Habib Jrad, Mobility, Label;3;
09/2021;15;15;6;0;13;2;100.0;corrigee;Label non accordé;Label non accordé suite au pitching, Meducol, Amine Zgarni, Bassem Dahmani, Sarra Bahrini, EdTech, Prélabel;2;
09/2021;15;15;6;0;13;2;100.0;corrigee;N.A;N.A, Prélabel non accordé, Prélabel non accordé dès le 2ème tour, Delivery, Habib Miladi, Marketplace, Prélabel;-;
09/2021;15;15;6;0;13;2;100.0;corrigee;N.A;N.A, Prélabel non accordé Prélabel non accordé dès le 2ème tour, Promo alert, Marwen Ferchichi, Ghassen Cherif, Services de communication, Prélabel;-;
09/2021;15;15;6;0;13;2;100.0;corrigee;N.A;N.A, Prélabel non accordé Prélabel non accordé dès le 2ème tour, Mosta9bli, Mounir secrafi, Elyes Chihaoui, Services de communication, Prélabel;-;
09/2021;15;15;6;0;13;2;100.0;corrigee;N.A;N.A, Prélabel non accordé Prélabel non accordé dès le 2ème tour, NETOX, Lynda Belhadj, Lina Belhadj, Jihene El Ouakdi, EdTech, Prélabel;-;
09/2021;15;15;6;0;13;2;100.0;corrigee;N.A;N.A, Prélabel non accordé, Prélabel non accordé dès le 2ème tour, Baazar, Fatma Abou el hija;ghassen ksouri;Business Software
09/2021;15;15;6;0;13;2;100.0;corrigee;Prélabel;;-;
09/2021;15;15;6;0;13;2;100.0;corrigee;N.A;N.A, Prélabel non accordé Prélabel non accordé dès le 2ème tour, STAGGY, Wathek BenFradj, Sarra Mannai, Eya Chebili, Health care, Prélabel;-;
09/2021;15;15;6;0;13;2;100.0;corrigee;N.A;N.A, Prélabel non accordé, Prélabel non accordé dès le 2ème tour, YARAKA PROTEIN, Bassem Louati, FoodTech & New Food, Prélabel;-;
09/2021;15;15;6;0;13;2;100.0;corrigee;N.A;N.A, Prélabel non accordé Prélabel non accordé dès le 2ème tour, Mediterranean Advanced Marine, Engineering, Abdelkader Mahmoud, Zied Manai, Creative industry, Prélabel;-;
09/2021;15;15;6;0;13;2;100.0;corrigee;N.A;N.A, Prélabel non accordé Prélabel non accordé dès le 2ème tour, La Beylicale, Mehdi Hamrouni, Khalil Agrebi, Imen Guezguez, FoodTech & New Food, Prélabel;2;
09/2021;15;15;6;0;13;2;100.0;corrigee;N.A;N.A, Prélabel non accordé, Prélabel non accordé dès le 2ème tour, SOSADRESSE.COM, Mohamed Jawher Hamed, Bellahssen Bellili, Syrine Rhoùma, Services de communication, Prélabel;-;
09/2021;15;15;6;0;13;2;100.0;corrigee;N.A;N.A, Prélabel non accordé, Prélabel non accordé dès le 2ème tour;iziclaim;Ghassen Sghaier
09/2021;15;15;6;0;13;2;100.0;corrigee;Senda Akili;Mohamed Habib Sghaier, Fintech, Prélabel;1;
09/2021;15;15;6;0;13;2;100.0;corrigee;Prélabel non accordé Prélabel non accordé suite au pitching;Kiné Plus, Rahma Dakhli, Amal Mejri, Boutheina Boughanmi, Health care, Prélabel;1;
09/2021;15;15;6;0;13;2;100.0;corrigee;Prélabel non accordé Prélabel non accordé suite au pitching;SHYK, Mohamed Nathan Fenina, Nadia El Jed, Wellness, Prélabel, Candidature reportée, La candidature a été reportée à la session de Septembre, Passage de Prélabels aux Labels, Société, Projet, Fondateurs, Secteur, Session d'obtention;du Prélabel;Résultat
09/2021;15;15;6;0;13;2;100.0;corrigee;Commentaires;Provectus Technology, Provectus, Kamel Jemli, Dhia Jemli, Monji Jemli, Advanced Manufacturing &, Industry, Juin 2021, Label accordé, Label accordé suite à la création de la Startup et le respect des;conditions d'octroi;DIGITIN
09/2021;15;15;6;0;13;2;100.0;corrigee;DIGITIN;Aymen Bergaoui, Creative industry, Avril 2021, Label accordé, Label accordé suite à la création de la Startup et le respect des;conditions d'octroi;STE PERSAVIA
09/2021;15;15;6;0;13;2;100.0;corrigee;NextAV;Hichem Mokni, Foued Elkamel, Mobility, Avril 2021, Label accordé, Label accordé suite à la création de la Startup et le respect des;conditions d'octroi;EdTrust
09/2021;15;15;6;0;13;2;100.0;corrigee;School Pack;Fatma Abou El Hija, Ahmed Maalej, EdTech, Avril 2021, Label accordé, Label accordé suite à la création de la Startup et le respect des;conditions d'octroi;REDUP
09/2021;15;15;6;0;13;2;100.0;corrigee;KICK LIGHT;Med Amir Lahmar, Health care, Avril 2021, Label accordé, Label accordé suite à la création de la Startup et le respect des;conditions d'octroi;STE Vizmerald
09/2021;15;15;6;0;13;2;100.0;corrigee;Vizmerald;Bassem Seddik, Advanced Manufacturing &, Industry, Avril 2021, Label accordé, Label accordé suite à la création de la Startup et le respect des;conditions d'octroi;Cooptatio
09/2021;15;15;6;0;13;2;100.0;corrigee;Cooptatio;Mohamed Ali Brini, Hayfa Ben Mohamed, Business Software, Juin 2021, Label accordé, Label accordé suite à la création de la Startup et le respect des;conditions d'octroi;INVESTHUNE PLUS
09/2021;15;15;6;0;13;2;100.0;corrigee;Investhune plus;Wael Hassen, Ala Eddine Hassen, Malek Chaabane, Mohamed Amine Berguiga, Fintech, Mai 2021, Label accordé, Label accordé suite à la création de la Startup et le respect des;conditions d'octroi;Analytix YS
09/2021;15;15;6;0;13;2;100.0;corrigee;Analytix;;mariam ouanes;Ahmed Becha
09/2021;15;15;6;0;13;2;100.0;corrigee;Ines El Ayeb;Amine Gara, Fintech, Avril 2021, Label accordé, Label accordé suite à la création de la Startup et le respect des;conditions d'octroi;FIVE DELIVERY
09/2021;15;15;6;0;13;2;100.0;corrigee;Deliv's;Sinda Bououn, FoodTech & New Food, Mars 2021, Label accordé, Label accordé suite à la création de la Startup et le respect des;conditions d'octroi;WELINCO
09/2021;15;15;6;0;13;2;100.0;corrigee;TiKtak Pro;Zied Bouhejba, Services de communication, Juillet 2021, Label accordé, Label accordé suite à la création de la Startup et le respect des;conditions d'octroi;RIBLUM
09/2021;15;15;6;0;13;2;100.0;corrigee;RIBLUM;Hadded Malek, Sara Bennour, Environement, Juillet 2021, Label accordé, Label accordé suite à la création de la Startup et le respect des;conditions d'octroi;DIMAZINA
09/2021;15;15;6;0;13;2;100.0;corrigee;DIMAZINA;Hajer Sahnoun, Social business, Avril 2021, Label accordé, Label accordé suite à la création de la Startup et le respect des;conditions d'octroi;
10/2021;41;23;7;0;8;15;56.1;conforme;N.A;N.A, Label accordé, Label accordé dès le 2ème tour, BaBa Ali, Hichem Chelbi, Marketplace, Label;7;
10/2021;41;23;7;0;8;15;56.1;conforme;N.A;N.A, Label accordé, Label accordé dès le 2ème tour, Elyes Jeribi a déclaré un conflit d'intérêt, Pwn & Patch, Rim Ben Brahim, Oussama Lessis, CyberSecurity, Label;6;
10/2021;41;23;7;0;8;15;56.1;conforme;N.A;N.A, Label accordé, Label accordé dès le 2ème tour, Byessa.com, Mohamed Slim Mansouri, Asma Saidi, Marketplace, Label;8;
10/2021;41;23;7;0;8;15;56.1;conforme;N.A;N.A, Label accordé, Label accordé dès le 2ème tour, Ground Transportation Business, Management Suite, Kamel Alouani, Jacer Omri, Mobility, Label;7;
10/2021;41;23;7;0;8;15;56.1;conforme;N.A;N.A, Label accordé, Label accordé dès le 2ème tour, Limonade Technologies, Aymen Sakka, Fintech, Label;6;
10/2021;41;23;7;0;8;15;56.1;conforme;N.A;N.A, Label accordé, Label accordé dès le 2ème tour, Domicilier.tn, Aymen Mokadem, Haykel Ben othman, Business Software, Label;7;
10/2021;41;23;7;0;8;15;56.1;conforme;N.A;N.A, Label accordé, Label accordé dès le 2ème tour, Tagamuta Valley, Syrine Elaydi, Ahmed Gammoudi, Health care, Label;6;
10/2021;41;23;7;0;8;15;56.1;conforme;N.A;N.A, Label accordé, Label accordé dès le 2ème tour, Makerfy, Hani Hamrouni, David Di Majo, Business Software, Label;5;
10/2021;41;23;7;0;8;15;56.1;conforme;N.A;N.A, Label accordé, Label accordé dès le 2ème tour, Pure Beauty Labs, Yassine Zrelli, Health care & wellnace, Label;6;
10/2021;41;23;7;0;8;15;56.1;conforme;N.A;N.A, Label accordé, Label accordé dès le 2ème tour, Ijeni, Safi Eddine Negra, Marketplace, Label;6;
10/2021;41;23;7;0;8;15;56.1;conforme;N.A;N.A, Label accordé, Label accordé dès le 2ème tour, JURIDOC;kais Assali;Mohamed Ali Belajouza
10/2021;41;23;7;0;8;15;56.1;conforme;Maya Boureghda;Anis Wahabi, LegalTech, Label;6;
10/2021;41;23;7;0;8;15;56.1;conforme;N.A;N.A, Label accordé, Label accordé dès le 2ème tour, Faza.tn, Zahra Jenane, Creative industry, Label;4;
10/2021;41;23;7;0;8;15;56.1;conforme;Label accordé;Label accordé suite au pitching;bmoov;Ghassen Chattouna
10/2021;41;23;7;0;8;15;56.1;conforme;Mobility;Label;-;
10/2021;41;23;7;0;8;15;56.1;conforme;Label accordé;Label accordé suite au pitching, Chill&Lit, Fares Kotti, Makrem Kotti, Marketplace, Label;4;Label accordé
10/2021;41;23;7;0;8;15;56.1;conforme;Label accordé suite au pitching;Elyes Jeribi a déclaré un conflit d'intérêt, Storzy (Myairstorage), Samer Ouerfelli, Yazid Ouerfelli, Marketplace, Prélabel;7;
10/2021;41;23;7;0;8;15;56.1;conforme;N.A;N.A, Prélabel accordé, Prélabel accordé dès le 2ème tour, BIESSA AUTO, Sahli Sonia, Ahmed Sahli, Marketplace, Prélabel;7;
10/2021;41;23;7;0;8;15;56.1;conforme;N.A;N.A, Prélabel accordé, Prélabel accordé dès le 2ème tour, Bartita, Bochra Bouchhima, Said Mseddi, Abbes Mseddi, EdTech, Prélabel;6;
10/2021;41;23;7;0;8;15;56.1;conforme;N.A;N.A, Prélabel accordé, Prélabel accordé dès le 2ème tour, Quiz Mentor, Amelle Homrani, Hayfa Hosni, EdTech, Prélabel;7;
10/2021;41;23;7;0;8;15;56.1;conforme;N.A;N.A, Prélabel accordé, Prélabel accordé dès le 2ème tour, WaveOn, Houssem Ouali, Creative industry, Prélabel;5;
10/2021;41;23;7;0;8;15;56.1;conforme;N.A;N.A, Prélabel accordé, Prélabel accordé dès le 2ème tour, Avoconsulte, Alaa edinee Ben Mbarek, Nahdi Ali, Marketplace, Prélabel;6;
10/2021;41;23;7;0;8;15;56.1;conforme;N.A;N.A, Prélabel accordé, Prélabel accordé dès le 2ème tour, SHYK, Mohamed Nathan Fenina, Nadia El Jed, Wellness, Prélabel;3;
10/2021;41;23;7;0;8;15;56.1;conforme;Prélabel accordé;Prélabel accordé suite au pitching, VOLUS, Wissam Siblini, Gilbert Fakhoury, Creative industry, Label;-;
10/2021;41;23;7;0;8;15;56.1;conforme;N.A;N.A, Label non accordé, Prélabel non accordé dès le 2ème tour;aivataria;Anis Mzali
10/2021;41;23;7;0;8;15;56.1;conforme;Mohamed Ali Belajouza;Youssef Boufaied, Creative industry, Label;-;
10/2021;41;23;7;0;8;15;56.1;conforme;N.A;N.A, Label non accordé, Prélabel non accordé dès le 2ème tour, Digipages, Anis Touibi, FoodTech & New Food, Label;-;
10/2021;41;23;7;0;8;15;56.1;conforme;N.A;N.A, Label non accordé, Prélabel non accordé dès le 2ème tour, INNOV'ALGUE, Myriam Belgacem, Health care, Label;-;
10/2021;41;23;7;0;8;15;56.1;conforme;N.A;N.A, Label non accordé, Prélabel non accordé dès le 2ème tour;chendir;Aymen Yahmed
10/2021;41;23;7;0;8;15;56.1;conforme;Khalifa Haythem;Ines Yahmed, Bassem Rejeb, Social Business, Label;-;
10/2021;41;23;7;0;8;15;56.1;conforme;Label non accordé;Label non accordé suite au pitching, Litteuls, Abir Barket, Sofiene Msadek, Creative industry, Prélabel;-;
10/2021;41;23;7;0;8;15;56.1;conforme;N.A;N.A, Prélabel non accordé Prélabel non accordé dès le 2ème tour, Tawelti, Nader Ben Cheikh Brahim, Business Software, Prélabel;-;
10/2021;41;23;7;0;8;15;56.1;conforme;N.A;N.A, Prélabel non accordé Prélabel non accordé dès le 2ème tour, SNO, Ismai Benmiled, Walid Ksouri, Environment, Prélabel;1;
10/2021;41;23;7;0;8;15;56.1;conforme;N.A;N.A, Prélabel non accordé Prélabel non accordé dès le 2ème tour, CHLOROFIN, Riadh Chabchoub, Abir Chabchoub, Marketplace, Prélabel;-;
10/2021;41;23;7;0;8;15;56.1;conforme;N.A;N.A, Prélabel non accordé Prélabel non accordé dès le 2ème tour, Guya Gang, Marwa Zitouni, Mahdi Houli, Environment, Prélabel;2;
10/2021;41;23;7;0;8;15;56.1;conforme;N.A;N.A, Prélabel non accordé Prélabel non accordé dès le 2ème tour;i-mouzika;Amine Dimassi
10/2021;41;23;7;0;8;15;56.1;conforme;Sinda Daghfous;Creative industry, Prélabel;-;
10/2021;41;23;7;0;8;15;56.1;conforme;N.A;N.A, Prélabel non accordé Prélabel non accordé dès le 2ème tour, TIKA CLUB, Mohamed Sadok Krifa, Mohamed Karim Kechalfi, Fintech, Prélabel;-;
10/2021;41;23;7;0;8;15;56.1;conforme;N.A;N.A, Prélabel non accordé Prélabel non accordé dès le 2ème tour, Hemileco-Plast, Nour Ouertani, Environment, Prélabel;-;
10/2021;41;23;7;0;8;15;56.1;conforme;N.A;N.A, Prélabel non accordé Prélabel non accordé dès le 2ème tour, Organic City, Ahmed Ben Jmeaa, Hela Alaya, Mouadh Dridi, Environment, Prélabel;-;
10/2021;41;23;7;0;8;15;56.1;conforme;N.A;N.A, Prélabel non accordé, Prélabel non accordé dès le 2ème tour, The Hub Coworking, Mohamed Ali Rekik, Rafik Rekik, Creative industry, Prélabel;-;
10/2021;41;23;7;0;8;15;56.1;conforme;N.A;N.A, Prélabel non accordé Prélabel non accordé dès le 2ème tour, D-carte, Fourat Ouerghemmi, Services de communication, Prélabel;1;
10/2021;41;23;7;0;8;15;56.1;conforme;N.A;N.A, Prélabel non accordé Prélabel non accordé dès le 2ème tour, Wassali, Amine Kallel, Firas Gargouri, Business Software, Prélabel;-;
10/2021;41;23;7;0;8;15;56.1;conforme;Prélabel non accordé Prélabel non accordé suite au pitching;Artalk, Fatma Ezzahra Maatoug, Asma Aloui, Arij Jemai, Mohamed Amine Jalel, Marketplace, Prélabel;-;
10/2021;41;23;7;0;8;15;56.1;conforme;Prélabel non accordé Prélabel non accordé suite au pitching;Log'In, Ahmed Riza, Meriem Sendy, Mobility, Label, N.A, N.A, N.A, N.A, N.A, N.A, Label non accordé, Le dossier est irrecevable pour non conformité aux;critères d'éligibilité décrits par le décret 2018-840;Passage de Prélabels aux Labels
10/2021;41;23;7;0;8;15;56.1;conforme;Société;Projet, Fondateurs, Secteur, Session d'obtention;du Prélabel;Résultat
10/2021;41;23;7;0;8;15;56.1;conforme;Commentaires;PROTABAR COM, PROTABAR, Walid Trabelsi, FoodTech & New Food;Avril 2021;Label accordé
10/2021;41;23;7;0;8;15;56.1;conforme;Label accordé suite à la création de la Startup et le respect des;;conditions d'octroi;ROBODOT
10/2021;41;23;7;0;8;15;56.1;conforme;ROBODOT;Mohamed Ghazi Baccouche, Habib Gafsi, Advanced Manufacturing &, Industry;Juin 2021;Label accordé
10/2021;41;23;7;0;8;15;56.1;conforme;Label accordé suite à la création de la Startup et le respect des;;conditions d'octroi;Décotis
10/2021;41;23;7;0;8;15;56.1;conforme;Décotis;Meher Hedhli, Mohamed Barki, Real Estate tech, Avril 2021, Label accordé, Label accordé suite à la création de la Startup et le respect des;conditions d'octroi;Les Ateliers de Yallaa
10/2021;41;23;7;0;8;15;56.1;conforme;Rania WERDA;Rania Werda, Social Business, Avril 2021, Label accordé, Label accordé suite à la création de la Startup et le respect des;conditions d'octroi;Z-Partners
10/2021;41;23;7;0;8;15;56.1;conforme;Maher Zaanouni;Business Software, Avril 2021, Label accordé, Label accordé suite à la création de la Startup et le respect des;conditions d'octroi;Click and Win
10/2021;41;23;7;0;8;15;56.1;conforme;Firas Yousfi;Abdessalem Bazine, Mehdi Maalawi, Services de communication, Avril 2021, Label accordé, Label accordé suite à la création de la Startup et le respect des;conditions d'octroi;WASSALNI EXPRESS
10/2021;41;23;7;0;8;15;56.1;conforme;TAWSILA;Hajer Romdhani, Hafedh Ben Abdelhafidh, Mobility, Avril 2021, Label accordé, Label accordé suite à la création de la Startup et le respect des;conditions d'octroi;DIGIZONE
10/2021;41;23;7;0;8;15;56.1;conforme;MCOM;Khaled Mediouni, Mohamed Haythem Goddi, Marketplace, Avril 2021, Label accordé, Label accordé suite à la création de la Startup et le respect des;conditions d'octroi;
11/2021;40;19;10;0;7;12;47.5;conforme;N.A;N.A, Label accordé, Label accordé dès le 2ème tour, Festin/Vetcare, Lamine Bouzguenda, Khellil Bouzguenda, Sarah-Tatiana Bouzguenda, Mestiri Faouzi, Rania Ben hassine, Agritech, Label;5;
11/2021;40;19;10;0;7;12;47.5;conforme;N.A;N.A, Label accordé, Label accordé dès le 2ème tour, WorkPoint / X-Point, Amira Hasnaoui, Montassar Bach Ouerdiane, Business Software, Label;6;
11/2021;40;19;10;0;7;12;47.5;conforme;N.A;N.A, Label accordé, Label accordé dès le 2ème tour;"""Ahyini""/ développé par la société CBM-EE";(nom commercial : cbm eearning)
11/2021;40;19;10;0;7;12;47.5;conforme;Afef Letaief;Salem Oun, Seif Dormek, Environment, Label;7;
11/2021;40;19;10;0;7;12;47.5;conforme;N.A;N.A, Label accordé, Label accordé dès le 2ème tour, Livestore, Moalla Habib, Habib Baaboura, Moez Taïeb, Marketplace, Label;5;
11/2021;40;19;10;0;7;12;47.5;conforme;N.A;N.A, Label accordé, Label accordé dès le 2ème tour;e-health.tn;Sarah Ben Slimene
11/2021;40;19;10;0;7;12;47.5;conforme;Kirmene Marzouki;Healthcare & Wellness, Label;7;
11/2021;40;19;10;0;7;12;47.5;conforme;N.A;N.A, Label accordé, Label accordé dès le 2ème tour, Xchange Advisor, Mohamed Belghith, Younes Mabrouk, Fintech, Label;6;
11/2021;40;19;10;0;7;12;47.5;conforme;N.A;N.A, Label accordé, Label accordé dès le 2ème tour, Chosa, Walid Mansia, Business Software, Label;5;
11/2021;40;19;10;0;7;12;47.5;conforme;N.A;N.A, Label accordé, Label accordé dès le 2ème tour, InspireTech, Moez Kazdaghli, Anis Trigui, Mohamed Maatoug, Amine Mahdhi, Advanced Manufacturing &, Industry, Label;6;
11/2021;40;19;10;0;7;12;47.5;conforme;N.A;N.A, Label accordé, Label accordé dès le 2ème tour, GARANTY, Mustapha Messaoudi, Mourad Boubaker, InsuranceTech, Label;-;
11/2021;40;19;10;0;7;12;47.5;conforme;Label accordé;Label accordé suite au pitching, Myflix, Haythem Dridi, Imen Ben Fradj, Inès Bourgou, Saber Ben Khaled, Business Software, Label;3;
11/2021;40;19;10;0;7;12;47.5;conforme;Label accordé;Label accordé suite au pitching, Khaled Ben jilani a déclaré un conflit d'intérêt, Rouet, Rafik Aouem, Haykel Ben Othman, Marketplace, Label;-;
11/2021;40;19;10;0;7;12;47.5;conforme;Label accordé;Label accordé suite au pitching, Coachini, Sawsen Dhifallah, Lotfi Mzoughi, Marketplace, Prélabel;7;
11/2021;40;19;10;0;7;12;47.5;conforme;N.A;N.A, Prélabel accordé, Prélabel accordé dès le 2ème tour, Farkito, Omar Kennou, Ali Frad, Mohamed Guirat, Nada Hadrich, Marketplace, Prélabel;6;
11/2021;40;19;10;0;7;12;47.5;conforme;N.A;N.A, Prélabel accordé, Prélabel accordé dès le 2ème tour, Elyes Jeribi a déclaré un conflit d'intérêt, Hello Dati, Nizar Hamdi, TravelTech, Prélabel;6;
11/2021;40;19;10;0;7;12;47.5;conforme;N.A;N.A, Prélabel accordé, Prélabel accordé dès le 2ème tour, Smart Detection, Manel Elleuchi, Agritech, Prélabel;7;
11/2021;40;19;10;0;7;12;47.5;conforme;N.A;N.A, Prélabel accordé, Prélabel accordé dès le 2ème tour, LegalTech.tn, Maher CHAFII, Ahmed Battikh, Mourad Chafiaa, Legal Tech, Prélabel;6;
11/2021;40;19;10;0;7;12;47.5;conforme;N.A;N.A, Prélabel accordé, Prélabel accordé dès le 2ème tour, Rezervini, Amine Slimene, Mohamed Ghayadhi, Mohamed Nabil Essefaihi, Business Software, Prélabel;6;
11/2021;40;19;10;0;7;12;47.5;conforme;N.A;N.A, Prélabel accordé, Prélabel accordé dès le 2ème tour, Digital Health Services & Solutions, Houssem Ben Cheikh, Riadh Dkhil, Mariem Turki, Maher Naouali, Mona Khaled, Healthcare & Wellness, Prélabel;6;
11/2021;40;19;10;0;7;12;47.5;conforme;N.A;N.A, Prélabel accordé, Prélabel accordé dès le 2ème tour;yosri ben salah;Yosri Ben Salah
11/2021;40;19;10;0;7;12;47.5;conforme;Ben Nasr Rayen;Bydon Austin Nyimbiri, Dridi Chafik, Kais Chihaoui, EdTech, Prélabel;-;
11/2021;40;19;10;0;7;12;47.5;conforme;Prélabel accordé;Prélabel accordé dès le 2ème tour, Ali Mnif a déclaré un conflit d'intérêt, Vardoc, Raafat Hamdi, Amine Selmi, Healthcare & Wellness, Prélabel;-;
11/2021;40;19;10;0;7;12;47.5;conforme;Prélabel accordé;Prélabel accordé suite au pitching, Halonursery, Amira Dabbous, Agritech, Prélabel;2;
11/2021;40;19;10;0;7;12;47.5;conforme;Prélabel accordé;Prélabel accordé suite au pitching, IGREEN;khaled Bachtobji;Semah lachheb
11/2021;40;19;10;0;7;12;47.5;conforme;Environment;Label;-;
11/2021;40;19;10;0;7;12;47.5;conforme;N.A;N.A, Label non accordé, Prélabel non accordé dès le 2ème tour, SOLFA, Rim Attia, Cabinet d'orthoprie Ahres, Healthcare & Wellness, Label;-;
11/2021;40;19;10;0;7;12;47.5;conforme;N.A;N.A, Label non accordé, Prélabel non accordé dès le 2ème tour, PICTUS CO, Mohamed Mosbehi, Services de communication, Label;-;
11/2021;40;19;10;0;7;12;47.5;conforme;N.A;N.A, Label non accordé, Prélabel non accordé dès le 2ème tour, TAMMANI, Rim Debbich, Elyes Chakroun, Healthcare & Wellness, Label;-;
11/2021;40;19;10;0;7;12;47.5;conforme;N.A;N.A, Label non accordé, Prélabel non accordé dès le 2ème tour, BOXSTAGE, Mehdi Ghandri, Moez El Methni, Sami Zoghlami, Creative industry, Label;-;
11/2021;40;19;10;0;7;12;47.5;conforme;N.A;N.A, Label non accordé, Prélabel non accordé dès le 2ème tour, Biocare Health, Sabri Rabhi, Healthcare & Wellness, Prélabel;-;
11/2021;40;19;10;0;7;12;47.5;conforme;N.A;N.A, Prélabel non accordé Prélabel non accordé dès le 2ème tour, Zriba SPA Thermoludism & Wellness, Ali Labiadh, Healthcare & Wellness, Prélabel;-;
11/2021;40;19;10;0;7;12;47.5;conforme;N.A;N.A, Prélabel non accordé Prélabel non accordé dès le 2ème tour, Falta cycling, Lassad Lounis, Emna Bellagha, Mobility, Prélabel;-;
11/2021;40;19;10;0;7;12;47.5;conforme;N.A;N.A, Prélabel non accordé Prélabel non accordé dès le 2ème tour, MC SCALE UP, Cheima Ayachi, Creative industry, Prélabel;-;
11/2021;40;19;10;0;7;12;47.5;conforme;N.A;N.A, Prélabel non accordé Prélabel non accordé dès le 2ème tour, Thbet behi, Mohamed mehdi Gharbi, Business Software, Prélabel;-;
11/2021;40;19;10;0;7;12;47.5;conforme;N.A;N.A, Prélabel non accordé Prélabel non accordé dès le 2ème tour, New Derby, Hamdi Ammari, Creative industry, Prélabel;-;
11/2021;40;19;10;0;7;12;47.5;conforme;N.A;N.A, Prélabel non accordé Prélabel non accordé dès le 2ème tour, Funڨi, Soumaya Boudagga, FoodTech & New Food, Prélabel;-;
11/2021;40;19;10;0;7;12;47.5;conforme;N.A;N.A, Prélabel non accordé Prélabel non accordé dès le 2ème tour, FranchiseLab, Mohamed Amin Kallel, Aymen Feriani, Hamdi Coura, Akrem Rmili, Business Software, Prélabel;1;
11/2021;40;19;10;0;7;12;47.5;conforme;N.A;N.A, Prélabel non accordé, Prélabel non accordé dès le 2ème tour;ebniecolo.tn;Dorra Ismail épouse Dellagi
11/2021;40;19;10;0;7;12;47.5;conforme;Environment;Prélabel;-;
11/2021;40;19;10;0;7;12;47.5;conforme;N.A;N.A, Prélabel non accordé Prélabel non accordé dès le 2ème tour, Elastic-Solutions, Abdelmonam Kouka, Ayed Akrout, Agritech, Label;3;
11/2021;40;19;10;0;7;12;47.5;conforme;Label non accordé;Label non accordé suite au pitching, EASYSHIP, Wael Zariat, Mohamed Amine Torkhani, Mobility, Prélabel;4;
11/2021;40;19;10;0;7;12;47.5;conforme;Prélabel non accordé Prélabel non accordé suite au pitching;RAJJA3 FLOUSSEK, Riadh HILI, Chaima Khalfaoui, Business Software, Label;-;
11/2021;40;19;10;0;7;12;47.5;conforme;Label non accordé;Label non accordé suite au pitching, Digipages, Anis Touibi, FoodTech & New Food, Label;-;
11/2021;40;19;10;0;7;12;47.5;conforme;Label non accordé;Digipages a candidaté durant la session d'Octobre 2021., Passage de Prélabels aux Labels, Société, Projet, Fondateurs, Secteur, Session d'obtention;du Prélabel;Résultat
11/2021;40;19;10;0;7;12;47.5;conforme;Commentaires;GARK, GARK, Haithem Besghaier, Amine Gongi, Mohamed Taha Jemmali, Healthcare & Wellness, Septembre 2021, Label accordé, Label accordé suite à la création de la Startup et le respect des;conditions d'octroi;DORRY BIO
11/2021;40;19;10;0;7;12;47.5;conforme;DORRY;Fares Ellouze, Marketplace, Juillet 2021, Label accordé, Label accordé suite à la création de la Startup et le respect des;conditions d'octroi;S S S INNOVATION
11/2021;40;19;10;0;7;12;47.5;conforme;Mohamed Slimeni;Marketplace, Mai 2021, Label accordé, Label accordé suite à la création de la Startup et le respect des;conditions d'octroi;Flexiolar
11/2021;40;19;10;0;7;12;47.5;conforme;Hamdi Kardough;Ben Salem Chayma, Farrah Marwa, Environement & Energy, Avril 2021, Label accordé, Label accordé suite à la création de la Startup et le respect des;conditions d'octroi;Luceor Labs
11/2021;40;19;10;0;7;12;47.5;conforme;INOVA WIRELESS;Mohamed Tlich, Services de communication, Mai 2021, Label accordé, Label accordé suite à la création de la Startup et le respect des;conditions d'octroi;Proway CONNECT
11/2021;40;19;10;0;7;12;47.5;conforme;Proway CONNECT;Atef Azizi, Services de communication, Août 2021, Label accordé, Label accordé suite à la création de la Startup et le respect des;conditions d'octroi;BIESSA AUTO
11/2021;40;19;10;0;7;12;47.5;conforme;Beissa Auto;Sahli Sonia, Ahmed Sahli, Marketplace;Octobre 2021;Label accordé
11/2021;40;19;10;0;7;12;47.5;conforme;Label accordé suite à la création de la Startup et le respect des;;conditions d'octroi;
12/2021;38;20;11;19;6;14;52.6;conforme;N.A;N.A, Label accordé, Label accordé dès le 2ème tour, Koofin.co, Abdellaziz Boujbel, Molka Khemir, Monia Boujbel, Marketplace, Label;5;
12/2021;38;20;11;19;6;14;52.6;conforme;N.A;N.A, Label accordé, Label accordé dès le 2ème tour, LoxBox Services, Mohamed Riadh Hamama, Helmi Selmi, Henda Hamama, Mobility, Label;5;
12/2021;38;20;11;19;6;14;52.6;conforme;N.A;N.A, Label accordé, Label accordé dès le 2ème tour, ALGAEPOOL, Taieb Nemissi, Dominique Delobel, Agritech, Label;5;
12/2021;38;20;11;19;6;14;52.6;conforme;N.A;N.A, Label accordé, Label accordé dès le 2ème tour, Shwoppy, Ikram Aloui, Karim Aloui, Yussr Chaouach, Marketplace, Label;5;
12/2021;38;20;11;19;6;14;52.6;conforme;N.A;N.A, Label accordé, Label accordé dès le 2ème tour, TUNISIE ENCHERE, Yassine Jebir, Marketplace, Label;5;
12/2021;38;20;11;19;6;14;52.6;conforme;N.A;N.A, Label accordé, Label accordé dès le 2ème tour, Koors, Mehdi Ben Abi Zid, EdTech, Label;6;
12/2021;38;20;11;19;6;14;52.6;conforme;N.A;N.A, Label accordé, Label accordé dès le 2ème tour, Shotime, Souhail Berhouma, Eya Kochta, Saifeddine Berhouma, Marketplace, Label;6;
12/2021;38;20;11;19;6;14;52.6;conforme;N.A;N.A, Label accordé, Label accordé dès le 2ème tour;allcarta;Khalil Jebeniani
12/2021;38;20;11;19;6;14;52.6;conforme;Ahmed Omar Miladi;EdTech, Label;6;
12/2021;38;20;11;19;6;14;52.6;conforme;N.A;N.A, Label accordé, Label accordé dès le 2ème tour, Care-Up, Adam Marzouki, Emna Graja, Health care, Label;7;
12/2021;38;20;11;19;6;14;52.6;conforme;N.A;N.A, Label accordé, Label accordé dès le 2ème tour;lexi;Wael Ben Echikh
12/2021;38;20;11;19;6;14;52.6;conforme;Business Software & Services;Label;8;
12/2021;38;20;11;19;6;14;52.6;conforme;N.A;N.A, Label accordé, Label accordé dès le 2ème tour, On hand Apps, Foued Amiri, Malek Amiri, Business Software & Services, Label;8;
12/2021;38;20;11;19;6;14;52.6;conforme;N.A;N.A, Label accordé, Label accordé dès le 2ème tour, ZID.tn, Iheb Souilem, Marketplace, Label;2;
12/2021;38;20;11;19;6;14;52.6;conforme;Label accordé;Label accordé suite au pitching, Dracoss, Amen Allah Souli, Amal Bououd, Environment & Energy, Label;3;
12/2021;38;20;11;19;6;14;52.6;conforme;Label accordé;Label accordé suite au pitching;mramma.tn;Akram Bsila
12/2021;38;20;11;19;6;14;52.6;conforme;Marwen Ben Mzoughia;Nizar Said, Proptech, Prélabel;5;
12/2021;38;20;11;19;6;14;52.6;conforme;N.A;N.A, Prélabel accordé, Prélabel accordé dès le 2ème tour, Data For Brands, Myryam Toukabri, Idris Bachali losada, Abir Chérif, Business Software & Services, Prélabel;5;
12/2021;38;20;11;19;6;14;52.6;conforme;N.A;N.A, Prélabel accordé, Prélabel accordé dès le 2ème tour, Amel Saidane a déclaré un conflit d'intérêt, Karni, Afef Belhadj, Mahmoud Hachicha, Mohamed Amine Boussarsar, Fintech, Prélabel;5;
12/2021;38;20;11;19;6;14;52.6;conforme;N.A;N.A, Prélabel accordé, Prélabel accordé dès le 2ème tour, Amel Saidane et Ali Mnif ont déclaré un conflit d'intérêt, Fidness, Ahmed Najjar, Business Software & Services, Prélabel;5;
12/2021;38;20;11;19;6;14;52.6;conforme;N.A;N.A, Prélabel accordé, Prélabel accordé dès le 2ème tour;arsek dripbox;Mohamed Haj Abdallah
12/2021;38;20;11;19;6;14;52.6;conforme;Kais Oueslati;Agritech, Prélabel;5;
12/2021;38;20;11;19;6;14;52.6;conforme;N.A;N.A, Prélabel accordé, Prélabel accordé dès le 2ème tour, Génération de l'hydrogène vert et son;application aux stockage et conversion;d'énergie
12/2021;38;20;11;19;6;14;52.6;conforme;Bilel Gassara;Kais Jamoussi, Nabil Kechaou, Mounir Trabelsi, Fatma Mellouli, Environment & Energy, Prélabel;6;
12/2021;38;20;11;19;6;14;52.6;conforme;N.A;N.A, Prélabel accordé, Prélabel accordé dès le 2ème tour, Skanit, Abdelkarim Rahal, Nada Dkhil, Marketplace, Prélabel;6;
12/2021;38;20;11;19;6;14;52.6;conforme;N.A;N.A, Prélabel accordé, Prélabel accordé dès le 2ème tour, Secret Sucré Kids, Sana Abid, Mohamed Amine Mhiri, Creative industry, Prélabel;6;
12/2021;38;20;11;19;6;14;52.6;conforme;N.A;N.A, Prélabel accordé, Prélabel accordé dès le 2ème tour, Revampr, Firas Ben Abid, Marwen Sallem, Adnen Saadaoui, Adnen Somai;AI;Prélabel
12/2021;38;20;11;19;6;14;52.6;conforme;N.A;N.A, Prélabel accordé, Prélabel accordé dès le 2ème tour, E-Fair, Mahdi Gargouri, Hana Fersi, Services de communication, Prélabel;7;
12/2021;38;20;11;19;6;14;52.6;conforme;N.A;N.A, Prélabel accordé, Prélabel accordé dès le 2ème tour, LeTakeAway, Mohamed Bilel Fitouri, FoodTech & New Food, Prélabel;7;
12/2021;38;20;11;19;6;14;52.6;conforme;N.A;N.A, Prélabel accordé, Prélabel accordé dès le 2ème tour, Arkan, Hassen Marzouk, Tarek Marzouk, Marketplace, Label;2;
12/2021;38;20;11;19;6;14;52.6;conforme;N.A;N.A, Label non accordé, Label non accordé dès le 2ème tour, AIFOG, Bassem Hadjkacem, Hanen Hadjkacem, Services de communication, Label;-;
12/2021;38;20;11;19;6;14;52.6;conforme;N.A;N.A, Label non accordé, Label non accordé dès le 2ème tour, Evidens, Zied Jayari, Advanced Manufacturing &, Industry, Label;-;
12/2021;38;20;11;19;6;14;52.6;conforme;N.A;N.A, Label non accordé, Label non accordé dès le 2ème tour, Baddal, Fares Zouari, Ibtihel Fekih, Social Business, Prélabel;-;
12/2021;38;20;11;19;6;14;52.6;conforme;N.A;N.A, Prélabel non accordé Prélabel non accordé dès le 2ème tour, Ali Mnif a déclaré un conflit d'intérêt, Smart cube store, Taher Ben Hammamia, Seif Eddine Charada, Advanced Manufacturing &, Industry, Prélabel;-;
12/2021;38;20;11;19;6;14;52.6;conforme;N.A;N.A, Prélabel non accordé Prélabel non accordé dès le 2ème tour, GreenEdge, Sahbi Mallouli, Creative industry, Prélabel;-;
12/2021;38;20;11;19;6;14;52.6;conforme;N.A;N.A, Prélabel non accordé Prélabel non accordé dès le 2ème tour, Polygone-learning, Adel Hamdi, Amel Hamdi, Ahmed Massaoud, Dhia Daly, Imen Bouzidi, Hiba Bakaka, Health care, Prélabel;-;
12/2021;38;20;11;19;6;14;52.6;conforme;N.A;N.A, Prélabel non accordé, Prélabel non accordé dès le 2ème tour;ﻲﺋاوھ ﻲﺋﺎﺑرﮭﻛ كرﺣﻣ;Rafik Jaballah
12/2021;38;20;11;19;6;14;52.6;conforme;Mobility;Prélabel;-;
12/2021;38;20;11;19;6;14;52.6;conforme;N.A;N.A, Prélabel non accordé Prélabel non accordé dès le 2ème tour, Pixii motors, Anis Fekih, Wafa Dhifi, Med Aymen Chebbi, Mobility, Label;2;
12/2021;38;20;11;19;6;14;52.6;conforme;Label non accordé;Label non accordé suite au pitching;julapi;Mohamed Mokrani
12/2021;38;20;11;19;6;14;52.6;conforme;Soufeya Ben Ezzdine;Marketplace, Prélabel;2;
12/2021;38;20;11;19;6;14;52.6;conforme;Prélabel non accordé Prélabel non accordé suite au pitching;Elyes Jeribi a déclaré un conflit d'intérêt, Innovant Screen Flex, Bilal Nsib, Aymen Fezai, Services de communication, Prélabel;2;
12/2021;38;20;11;19;6;14;52.6;conforme;Prélabel non accordé Prélabel non accordé suite au pitching;ARTY, Bilal Nsib, Mohamed Amine Maiz, Aymen Fezai, Creative industry, Prélabel;1;
12/2021;38;20;11;19;6;14;52.6;conforme;Prélabel non accordé;Prélabel non accordé suite au pitching;allcarta;Khalil Jebeniani
12/2021;38;20;11;19;6;14;52.6;conforme;Ahmed Omar Miladi;EdTech, Prélabel;-;
12/2021;38;20;11;19;6;14;52.6;conforme;Prélabel non accordé Le projet a candidater pour le Label durant la même;;session - Décembre 2021;Passage de Prélabels aux Labels
12/2021;38;20;11;19;6;14;52.6;conforme;Société;Projet, Fondateurs, Secteur, Session d'obtention;du Prélabel;Résultat
12/2021;38;20;11;19;6;14;52.6;conforme;Commentaires;Hello Dati, Hello Dati, Nizar Hamdi, TravelTech, Novembre 2021, Label accordé, Label accordé suite à la création de la Startup et le respect des;conditions d'octroi;Dlilek Network
12/2021;38;20;11;19;6;14;52.6;conforme;Dlilek Network;Moussa Tajouri, Chourouk Attig, Marketplace;Juin 2021;Label accordé
12/2021;38;20;11;19;6;14;52.6;conforme;Label accordé suite à la création de la Startup et le respect des;;conditions d'octroi;FARKITO
12/2021;38;20;11;19;6;14;52.6;conforme;FARKITO;Omar Kennou, Ali Frad, Mohamed Guirat, Nada Hadrich, Marketplace, Novembre 2021, Label accordé, Label accordé suite à la création de la Startup et le respect des;conditions d'octroi;KIDZOOLINK
12/2021;38;20;11;19;6;14;52.6;conforme;Bartita;Bochra Bouchhima, Said Mseddi, Abbes Mseddi, EdTech, Octobre 2021, Label accordé, Label accordé suite à la création de la Startup et le respect des;conditions d'octroi;Digital Health Services & Solutions
12/2021;38;20;11;19;6;14;52.6;conforme;Digital Health Services & Solutions;Houssem Ben Cheikh, Riadh Dkhil, Mariem Turki, Maher Naouali, Mona Khaled, Health care, Novembre 2021, Label accordé, Label accordé suite à la création de la Startup et le respect des;conditions d'octroi;DEV and DATAOPS
12/2021;38;20;11;19;6;14;52.6;conforme;DataSense;Charef Ahmed, Anas Charfi, Services de communication, Avril 2021, Label accordé, Label accordé suite à la création de la Startup et le respect des;conditions d'octroi;Retrait de Label Startup
12/2021;38;20;11;19;6;14;52.6;conforme;Société;Fondateurs, Secteur, Session d'obtention;du Label;Décision
12/2021;38;20;11;19;6;14;52.6;conforme;Commentaires;STE NIWEES TUNISIA, Abdallah NAJAH, Hamza MEHRI, Sofienne LASSOUED, Boubaker KHALFAT, Nour BOUYEDDA, Mahassen MAHFOUDH, Mohamed NAJAH, Marketplace, Juillet 2019, Retrait du Label, La société n'a pas respecté l'obligation légale de déclarer ses;états financiers annuels tel que stipulé par la loi;Embedded Solutions and Adcanced
12/2021;38;20;11;19;6;14;52.6;conforme;"Technology ""E.S.A.T""";Mohamed SELLAOUTI, Advanced Manufacturing &, Industry, Avril 2019, Retrait du Label, La société n'a pas respecté l'obligation légale de déclarer ses;états financiers annuels tel que stipulé par la loi;Datavision
12/2021;38;20;11;19;6;14;52.6;conforme;Skander Amor;Borhen Jlidi;AI;Octobre 2019
12/2021;38;20;11;19;6;14;52.6;conforme;Retrait du Label;La société n'a pas respecté l'obligation légale de déclarer ses;états financiers annuels tel que stipulé par la loi;Wireless Services
12/2021;38;20;11;19;6;14;52.6;conforme;Majdouline Mansour;Majed Jabri, Sahbi Mansour, Mobility;Avril 2020;Retrait du Label
12/2021;38;20;11;19;6;14;52.6;conforme;La société n'a pas respecté l'obligation légale de déclarer ses;;états financiers annuels tel que stipulé par la loi;WareCom
12/2021;38;20;11;19;6;14;52.6;conforme;Hamza SAIDI;Nour ABBOUS, Ali SAIDI, Mobility, Octobre 2019, Retrait du Label, La société n'a pas respecté l'obligation légale de déclarer ses;états financiers annuels tel que stipulé par la loi;We Code
12/2021;38;20;11;19;6;14;52.6;conforme;Montasar Zaroui;Mannai Karim, EdTech, Septembre 2019, Retrait du Label, La société n'a pas respecté l'obligation légale de déclarer ses;états financiers annuels tel que stipulé par la loi;VSOBER
12/2021;38;20;11;19;6;14;52.6;conforme;Mohamed ala eddine Ben trad;Syrine Boudriga, Health tech & wellbeing, Août 2019, Retrait du Label, La société n'a pas respecté l'obligation légale de déclarer ses;états financiers annuels tel que stipulé par la loi;Sports Fields
12/2021;38;20;11;19;6;14;52.6;conforme;Youssef CHERIF;Health tech & wellbeing;Septembre 2019;Retrait du Label
12/2021;38;20;11;19;6;14;52.6;conforme;La société n'a pas respecté l'obligation légale de déclarer ses;;états financiers annuels tel que stipulé par la loi;Smart And Clean
12/2021;38;20;11;19;6;14;52.6;conforme;Mourad Bouabdallah;Environment & Energy, Avril 2019, Retrait du Label, La société n'a pas respecté l'obligation légale de déclarer ses;états financiers annuels tel que stipulé par la loi;Rhintos Games
12/2021;38;20;11;19;6;14;52.6;conforme;Ayoub Ben Thabet;Ahmed Chlagou, Hishem Zarrad, Creative industry, Octobre 2019, Retrait du Label, La société n'a pas respecté l'obligation légale de déclarer ses;états financiers annuels tel que stipulé par la loi;KuikLink Technologies
12/2021;38;20;11;19;6;14;52.6;conforme;Lotfi Aguerbaoui;Services de communication, Juillet 2019, Retrait du Label, La société n'a pas respecté l'obligation légale de déclarer ses;états financiers annuels tel que stipulé par la loi;Armani Arabic Academy
12/2021;38;20;11;19;6;14;52.6;conforme;Salwa Armani;EdTech;Avril 2019;Retrait du Label
12/2021;38;20;11;19;6;14;52.6;conforme;La société n'a pas respecté l'obligation légale de déclarer ses;;états financiers annuels tel que stipulé par la loi;Iwassel
12/2021;38;20;11;19;6;14;52.6;conforme;Yasmine Dahmoul;Sarra Khemakhem, Mobility, Septembre 2019, Retrait du Label, La société n'a pas respecté l'obligation légale de déclarer ses;états financiers annuels tel que stipulé par la loi;Custos Med
12/2021;38;20;11;19;6;14;52.6;conforme;Amine Riahi;Haroun Moula, Firas Rhaiem, Health tech & wellbeing, Septembre 2019, Retrait du Label, La société n'a pas respecté l'obligation légale de déclarer ses;états financiers annuels tel que stipulé par la loi;
12/2021;38;20;11;19;6;14;52.6;conforme;AZA;Oussama Gmati, Marketplace, Novembre 2019, Retrait du Label, La société n'a pas respecté l'obligation légale de déclarer ses;états financiers annuels tel que stipulé par la loi;ADIOM
12/2021;38;20;11;19;6;14;52.6;conforme;Wael Kanzari;Agritech;Juin 2020;Retrait du Label
12/2021;38;20;11;19;6;14;52.6;conforme;La société n'a pas respecté l'obligation légale de déclarer ses;;états financiers annuels tel que stipulé par la loi;IOTICS
12/2021;38;20;11;19;6;14;52.6;conforme;MOHAMED ZOUHAIER ZAMMEL;Youssef Barketi, Environment & Energy, Novembre 2019, Retrait du Label, La société n'a pas respecté l'obligation légale de déclarer ses;états financiers annuels tel que stipulé par la loi;Beego
12/2021;38;20;11;19;6;14;52.6;conforme;Amine Sammary;Business Software & services, Décembre 2019, Retrait du Label, La société n'a pas respecté l'obligation légale de déclarer ses;états financiers annuels tel que stipulé par la loi;Courses Golf
12/2021;38;20;11;19;6;14;52.6;conforme;Assil Talmoudi;Marketplace, Octobre 2019, Retrait du Label, La société n'a pas respecté l'obligation légale de déclarer ses;états financiers annuels tel que stipulé par la loi;
01/2022;38;15;9;4;6;9;39.5;conforme;N.A;N.A, Label accordé, Label accordé dès le 2ème tour, Kinko, Bilel Barouni, Noureddine Ben Tahar, Mohamed bilel Kedidi, Atef Turki, Mobility, Label;7;
01/2022;38;15;9;4;6;9;39.5;conforme;N.A;N.A, Label accordé, Label accordé dès le 2ème tour, KatYos, Yosra Arous, Leila Bennasr, Mahdi Arous, Marketplace, Label;5;
01/2022;38;15;9;4;6;9;39.5;conforme;N.A;N.A, Label accordé, Label accordé dès le 2ème tour, Lavocato, Khelifi Ali, Khelifi Ibrahim, Business Software & Services, Label;7;
01/2022;38;15;9;4;6;9;39.5;conforme;N.A;N.A, Label accordé, Label accordé dès le 2ème tour, ArtForNess, Ines baccouche, Aziz Baccouche, Marketplace, Label;6;
01/2022;38;15;9;4;6;9;39.5;conforme;N.A;N.A, Label accordé, Label accordé dès le 2ème tour, Ali Mnif a déclaré un conflit d'intérêt, GoPayzi, Marouan Omezzine, Houssem Charfi, Khalil Zahouani, Fintech, Label;6;
01/2022;38;15;9;4;6;9;39.5;conforme;N.A;N.A, Label accordé, Label accordé dès le 2ème tour, Mohamed Salah Frad a déclaré un conflit d'intérêt, Above Creation, Ahmad Melki, Houssem Othmeni, Business Software & Services, Label;5;
01/2022;38;15;9;4;6;9;39.5;conforme;N.A;N.A, Label accordé, Label accordé suite au pitching, Tomobile Store, Hamdi Ammar, Fakhreddine Menzli, Mobility, Label;-;Label accordé
01/2022;38;15;9;4;6;9;39.5;conforme;Label accordé suite au pitching;Elyes Jeribi a déclaré un conflit d'intérêt, Ostool, Ahmed Adnene Aissi, Khameis El Hichri, Mehdi Maadi, Walid Ben Ali, Mobility, Label;3;
01/2022;38;15;9;4;6;9;39.5;conforme;Label accordé;Label accordé suite au pitching, Karriery, Halim Boussada, Samy Ben Chaalia, EdTech, Prélabel;6;
01/2022;38;15;9;4;6;9;39.5;conforme;N.A;N.A, Prélabel accordé, Prélabel accordé dès le 2ème tour, Mohamed Alaya Bouabda, Sofiene Haouas, Sahbi Helali, Ahmed Jlassi, Hamza Nouir, Yessine Bouriga, Mobility, Prélabel;5;
01/2022;38;15;9;4;6;9;39.5;conforme;N.A;N.A, Prélabel accordé, Prélabel accordé dès le 2ème tour, PolyPath HealthTech Company, Karim Kachouri, Salem Abdessalem, Mohamed Zegdene, Nejah Ben Nasrallah, Health tech & wellbeing, Prélabel;5;
01/2022;38;15;9;4;6;9;39.5;conforme;N.A;N.A, Prélabel accordé, Prélabel accordé dès le 2ème tour, Iysaal;kawther Mouelhi;Mahfoudh Aouichri
01/2022;38;15;9;4;6;9;39.5;conforme;Haddad Rafik;Business Software & Services, Prélabel;5;
01/2022;38;15;9;4;6;9;39.5;conforme;N.A;N.A, Prélabel accordé, Prélabel accordé dès le 2ème tour, Survey Fibre & Civil, Hichem Boussetta, Jamel Hassine, Zohra Neffati, Monji Haddad, Services de communication, Prélabel;5;
01/2022;38;15;9;4;6;9;39.5;conforme;N.A;N.A, Prélabel accordé, Prélabel accordé dès le 2ème tour, Tryppy, Mohamed Amine Mzoughi, Yassine Kardoun, Skander Saidi, Guesmi Marwen, Creative industry, Prélabel;7;
01/2022;38;15;9;4;6;9;39.5;conforme;N.A;N.A, Prélabel accordé, Prélabel accordé dès le 2ème tour, Deepth, Hamdi Mustapha, Bouchra Abdallah, Health tech & wellbeing, Prélabel;5;
01/2022;38;15;9;4;6;9;39.5;conforme;N.A;N.A, Prélabel accordé, Prélabel accordé dès le 2ème tour;maginater;Madani Moutaa
01/2022;38;15;9;4;6;9;39.5;conforme;Bilel Bilelbasly;Creative industry, Prélabel;5;
01/2022;38;15;9;4;6;9;39.5;conforme;N.A;N.A, Prélabel accordé, Prélabel accordé dès le 2ème tour, Hayat Tech, Mohamed Amine Bensalem, Mohamed Kharrat, Ahmed Yassine Bensalem, Mestiri Habib, Health tech & wellbeing, Prélabel;7;
01/2022;38;15;9;4;6;9;39.5;conforme;N.A;N.A, Prélabel accordé, Prélabel accordé dès le 2ème tour, ZNet-IT, Yassin Guirat, Health tech & wellbeing, Label;-;
01/2022;38;15;9;4;6;9;39.5;conforme;N.A;N.A, Label non accordé, Label non accordé dès le 2ème tour, Sté Carcoliva, Hassen Krid, Ibrahim Hachicha, Khalil Zouari, Moez Krid, Bassem Ayadi, Soufiane Saddoud, Agritech, Label;-;
01/2022;38;15;9;4;6;9;39.5;conforme;N.A;N.A, Label non accordé, Label non accordé dès le 2ème tour, Delifood, Lassaad Ben Rejeb, FoodTech & New Food, Label;-;
01/2022;38;15;9;4;6;9;39.5;conforme;N.A;N.A, Label non accordé, Label non accordé dès le 2ème tour, Birdhouce, Ramzi Chahin, Creative industry, Label;-;
01/2022;38;15;9;4;6;9;39.5;conforme;N.A;N.A, Label non accordé, Label non accordé dès le 2ème tour;H2S;Amin Haddad
01/2022;38;15;9;4;6;9;39.5;conforme;Health tech & wellbeing;Label;-;
01/2022;38;15;9;4;6;9;39.5;conforme;N.A;N.A, Label non accordé, Label non accordé dès le 2ème tour, Pharmadis, Fares Zarrouk, Hatem Zarrouk, Health tech & wellbeing, Label;2;
01/2022;38;15;9;4;6;9;39.5;conforme;Label non accordé;Label non accordé suite au pitching, Hémisphère, Aouadi Aymen, Malek Ben Yeder, Firas Ben Hamida, EdTech, Label;3;
01/2022;38;15;9;4;6;9;39.5;conforme;Label non accordé;Label non accordé suite au pitching, Rewav, Adnene Ayed, Hatem Ksouri, Creative industry, Label;3;
01/2022;38;15;9;4;6;9;39.5;conforme;Label non accordé;Label non accordé suite au pitching, IPOLY STUDIO, Seifeddine El Ayeb, El Ayeb Houssem Eddine, Creative industry, Label;4;
01/2022;38;15;9;4;6;9;39.5;conforme;Label non accordé;Label non accordé suite au pitching, LOCA BNB, Bassem Almarzouki, TravelTech, Prélabel;-;
01/2022;38;15;9;4;6;9;39.5;conforme;N.A;N.A, Prélabel non accordé, Prélabel non accordé dès le 2ème tour, Dawyny, Ridha Mahjoub, Health tech & wellbeing, Prélabel;-;
01/2022;38;15;9;4;6;9;39.5;conforme;N.A;N.A, Prélabel non accordé, Prélabel non accordé dès le 2ème tour, AgroGrowth, Sami Arfaoui, Mohamed Takieddine Chabchoub, Arij Ben Abid, Omri takwa, Agritech, Prélabel;-;
01/2022;38;15;9;4;6;9;39.5;conforme;N.A;N.A, Prélabel non accordé, Prélabel non accordé dès le 2ème tour, Fluffy Food, Fedia Ayari, Fida Ailaoui, FoodTech & New Food, Prélabel;-;
01/2022;38;15;9;4;6;9;39.5;conforme;N.A;N.A, Prélabel non accordé, Prélabel non accordé dès le 2ème tour, Skillias, Ahmed Ayadi, Yosr Ksontini, Ahmed Sebai, Nedra Khelil, Khemaies Ahmed, EdTech, Prélabel;-;
01/2022;38;15;9;4;6;9;39.5;conforme;N.A;N.A, Prélabel non accordé, Prélabel non accordé dès le 2ème tour, DJubatusR, Houssem El Abed, Ali Bayoudh, Business Software & Services, Prélabel;-;
01/2022;38;15;9;4;6;9;39.5;conforme;N.A;N.A, Prélabel non accordé, Prélabel non accordé dès le 2ème tour, Evoo, Mohamed Gorrab, Business Software & Services, Prélabel;-;
01/2022;38;15;9;4;6;9;39.5;conforme;N.A;N.A, Prélabel non accordé, Prélabel non accordé dès le 2ème tour, Agazone, Boussaidi Mohamed, Agritech, Prélabel;-;
01/2022;38;15;9;4;6;9;39.5;conforme;N.A;N.A, Prélabel non accordé, Prélabel non accordé dès le 2ème tour, ActivXtract, Sonia El Fekih, Faouzi Zaghbib, Amine Zaghbib, Agritech, Prélabel;-;
01/2022;38;15;9;4;6;9;39.5;conforme;N.A;N.A, Prélabel non accordé, Prélabel non accordé dès le 2ème tour, Bguir Abdallah, Hajar Bouchiba, Bakouch Abderrazag, Social Business, Prélabel;-;
01/2022;38;15;9;4;6;9;39.5;conforme;N.A;N.A, Prélabel non accordé, Prélabel non accordé dès le 2ème tour, CORADASH, Sameh Souissi, Nour Elimene Essid, Radhouene Bousnina, Marah Bouzaida, Health tech & wellbeing, Prélabel;1;
01/2022;38;15;9;4;6;9;39.5;conforme;Prélabel non accordé;Prélabel non accordé suite au pitching, Passage de Prélabels aux Labels, Société, Projet, Fondateurs, Secteur, Session d'obtention;du Prélabel;Résultat
01/2022;38;15;9;4;6;9;39.5;conforme;Commentaires;Shyk Voyage, SHYK, Mohamed Nathan Fenina, Nadia El Jed, Marketplace;Octobre 2021;Label accordé
01/2022;38;15;9;4;6;9;39.5;conforme;Label accordé suite à la création de la Startup et le respect des;;conditions d'octroi;STE DINEOMED SOLUTIONS
01/2022;38;15;9;4;6;9;39.5;conforme;CUIDA;Kamel Sanai, Yousri Filali, Majdi Sidaoui, Farhat Akrout, Houssem eddine Sanai, Walid Zaghdoud, Amel saif ennasser, Ameni Jebahi, Asma Ben Abdallah, Health tech & wellbeing, Septembre 2021, Label accordé, Label accordé suite à la création de la Startup et le respect des;conditions d'octroi;AI REC
01/2022;38;15;9;4;6;9;39.5;conforme;TRUE DELTA;Henda Regaya, Maher Hemissi, Fintech, Juillet 2021, Label accordé, Label accordé suite à la création de la Startup et le respect des;conditions d'octroi;Pivlo Technologies
01/2022;38;15;9;4;6;9;39.5;conforme;Pivlo;Hamadi Ben Slimane, Mosbehi Mohamed Montassar, Business Software & Services, Septembre 2021, Label accordé, Label accordé suite à la création de la Startup et le respect des;conditions d'octroi;Hayat Tech
01/2022;38;15;9;4;6;9;39.5;conforme;Hayat Tech;Mohamed Amine Bensalem, Mohamed Kharrat, Ahmed Yassine Bensalem, Mestiri Habib, Health tech & wellbeing, Août 2021, Label accordé, Label accordé suite à la création de la Startup et le respect des;conditions d'octroi;SOCIETE CREATOR HUNTER
01/2022;38;15;9;4;6;9;39.5;conforme;Unify;Abdelhalim Zaibi, Ahmed Ben Mahmoud, Wael Gargouri, Adam Boulila, Creative industry, Septembre 2021, Label accordé, Label accordé suite à la création de la Startup et le respect des;conditions d'octroi;Retrait de Label Startup
01/2022;38;15;9;4;6;9;39.5;conforme;Société;Fondateurs, Secteur, Session d'obtention;du Label;Décision
01/2022;38;15;9;4;6;9;39.5;conforme;Commentaires;Géo Solutions Technologie, Nesria LEHIANI, Mobility, Août 2020, Retrait du Label, La société a dépassé l'âge maximum de 8 ans fixé par la loi 20-;2018 pour les sociétés bénéficiaires du Label;Expensya Tunisie
01/2022;38;15;9;4;6;9;39.5;conforme;Karim Jouini;Jihed Othmani, Fintech, Mars 2019, Retrait du Label, La société a dépassé l'âge maximum de 8 ans fixé par la loi 20-;2018 pour les sociétés bénéficiaires du Label;Fouta Tunisia
01/2022;38;15;9;4;6;9;39.5;conforme;Beldi Zied;Marketplace, Mai 2019, Retrait du Label, La société a dépassé l'âge maximum de 8 ans fixé par la loi 20-;2018 pour les sociétés bénéficiaires du Label;BYEISSA
02/2022;18;12;3;0;4;8;66.7;conforme;N.A;N.A, Label accordé, Label accordé dès le 2ème tour, Fidness, Ahmed Najjar, BusinessSoftware & Services, Label;9;
02/2022;18;12;3;0;4;8;66.7;conforme;N.A;N.A, Label accordé, Label accordé dès le 2ème tour, Nqollek Haja, Yasmine Ansari, Social Business, Label;9;
02/2022;18;12;3;0;4;8;66.7;conforme;N.A;N.A, Label accordé, Label accordé dès le 2ème tour, Wefix, Sabri Cheriha, Environment/Energie, Label;9;
02/2022;18;12;3;0;4;8;66.7;conforme;N.A;N.A, Label accordé, Label accordé dès le 2ème tour, Trivaw, Houssem Eddine Ben Smida, Awatef Rebhi, TravelTech, Label;9;
02/2022;18;12;3;0;4;8;66.7;conforme;N.A;N.A, Label accordé, Label accordé dès le 2ème tour, Kumulus, Iheb Triki, Mohamed Ali Abid, Nouha Abroug, Environment/Energie, Label;9;
02/2022;18;12;3;0;4;8;66.7;conforme;N.A;N.A, Label accordé, Label accordé dès le 2ème tour, WIN NOW, Nesrine Welhezi, Nizar Welhazi, Services de communication, Label;5;
02/2022;18;12;3;0;4;8;66.7;conforme;N.A;N.A, Label accordé, Label accordé dès le 2ème tour, Kiddo, Ahmed Jemaa, Ines Rahrah, EdTech, Label;6;
02/2022;18;12;3;0;4;8;66.7;conforme;N.A;N.A, Label accordé, Label accordé dès le 2ème tour, Qr Menu, Nour Kraiem, Sirine Kraiem, FoodTech & New Food, Prélabel;8;
02/2022;18;12;3;0;4;8;66.7;conforme;N.A;N.A, Prélabel accordé, Prélabel accordé dès le 2ème tour, Foodoo.tn, Sonia Othman, Houssem Sahli, FoodTech & New Food, Prélabel;7;
02/2022;18;12;3;0;4;8;66.7;conforme;N.A;N.A, Prélabel accordé, Prélabel accordé dès le 2ème tour, Mohamed Salah Frad a déclaré un conflit d'intérêt, Clic to know, Zied Teber, Nejmeddinne Sakly, Houssem Chkioua, EdTech, Prélabel;9;
02/2022;18;12;3;0;4;8;66.7;conforme;N.A;N.A, Prélabel accordé, Prélabel accordé dès le 2ème tour, NEFEL EDUCATION, Amira Guermazi, Abdeljelil Lazaar, Bashar Kamel Lazaar, EdTech, Label;1;
02/2022;18;12;3;0;4;8;66.7;conforme;N.A;N.A, Label non accordé, Label non accordé dès le 2ème tour, Khaled Ben Jilani a déclaré avoir un conflit d'intérêt, Monia Jendoubi a décalré avoir un conflit d'intérêt, VIRIBUS CENTER, Houssem Sliti, Ahmed Laamouchi, Services de communication, Label;-;
02/2022;18;12;3;0;4;8;66.7;conforme;N.A;N.A, Label non accordé, Label non accordé dès le 2ème tour, SAFE STUDENT, Meriem Bel Haj Mohamed, Hajer Mzoughi, Eya Bel Haj Mohamed, Proptech, Prélabel;-;
02/2022;18;12;3;0;4;8;66.7;conforme;N.A;N.A, Prélabel non accordé, Prélabel non accordé dès le 2ème tour, Tunifund, Mustapha Bouarrouj, Kathleen White, Mobility, Prélabel;-;
02/2022;18;12;3;0;4;8;66.7;conforme;N.A;N.A, Prélabel non accordé, Prélabel non accordé dès le 2ème tour, Stile.ai, Mohamed Kallel, Achraf Chabbouh, Amel Aloulou, Sahar Ben Mabrouk, Rateb Jabbar, Ahmed Ben Said, Creative industry, Prélabel;-;
02/2022;18;12;3;0;4;8;66.7;conforme;N.A;N.A, Prélabel non accordé, Prélabel non accordé dès le 2ème tour, Digix, Amir Trigui, Social Business, Prélabel;2;
02/2022;18;12;3;0;4;8;66.7;conforme;N.A;N.A, Prélabel non accordé, Prélabel non accordé dès le 2ème tour, Kiddo, Ahmed Jemaa, Ines Rahrah, EdTech, Prélabel, N.A, N.A, N.A, N.A, N.A, N.A, Prélabel non accordé, Prélabel non accordé dès le 1 er tour., Le projet a candidaté pour le Label durant la même session., Passage de Prélabels aux Labels, Société, Projet, Fondateurs, Secteur, Session d'obtention;du Prélabel;Résultat
02/2022;18;12;3;0;4;8;66.7;conforme;Commentaires;STE COACHINI, Coachini, Sawsen Dhifallah, Lotfi Mzoughi, Services de communication, Novembre 2021, Label accordé, Label accordé suite à la création de la Startup et le respect des;conditions d'octroi;SECRET SUCRE KIDS
02/2022;18;12;3;0;4;8;66.7;conforme;SECRET SUCRE KIDS;Sana Abid, Mohamed amine Mhiri, Creative industry, Décembre 2021, Label accordé, Label accordé suite à la création de la Startup et le respect des;conditions d'octroi;WEDTECT
02/2022;18;12;3;0;4;8;66.7;conforme;Smart Detection;Manel Elleuchi, Agritech, Novembre 2021, Label accordé, Label accordé suite à la création de la Startup et le respect des;conditions d'octroi;Data For Brands
02/2022;18;12;3;0;4;8;66.7;conforme;Insight Lab;Myryam Toukabri, Idris Bachali losada, Abir Chérif;AI;Décembre 2021
02/2022;18;12;3;0;4;8;66.7;conforme;Label accordé;Label accordé suite à la création de la Startup et le respect des;conditions d'octroi;
03/2022;21;14;5;0;9;5;66.7;conforme;N.A;N.A, Label accordé, Label accordé dès le 2ème tour, FINBUDD, Ons Bouali, EdTech, Label;8;
03/2022;21;14;5;0;9;5;66.7;conforme;N.A;N.A, Label accordé, Label accordé dès le 2ème tour;smic;Seifallah Ben Ismail
03/2022;21;14;5;0;9;5;66.7;conforme;Riadh Ben Salem;Selim Benaoun, Health tech & wellbeing, Label;5;
03/2022;21;14;5;0;9;5;66.7;conforme;N.A;N.A, Label accordé, Label accordé dès le 2ème tour, Meducol, Amine Zgarni, Sarra Bahrini, Bassem Dahmani, EdTech, Label;7;
03/2022;21;14;5;0;9;5;66.7;conforme;N.A;N.A, Label accordé, Label accordé dès le 2ème tour, LOGIMES, Mohamed Louati, Taha Knani, Abdeljalil Trabelsi, BusinessSoftware & Services, Label;8;
03/2022;21;14;5;0;9;5;66.7;conforme;N.A;N.A, Label accordé, Label accordé dès le 2ème tour, Water4all, Selim Ben Salem, Malek Fendri, Aziz Ben Nejma, Mohamed Hassan Aziz Gafsi, Environment/Energie, Prélabel;8;
03/2022;21;14;5;0;9;5;66.7;conforme;N.A;N.A, Prélabel  accordé, Prélabel accordé dès le 2ème tour, CRAWN, Wissal Farjallah, Lotfi Ben Romdhane, Lotfi Ammar, Souad Dziri, Health tech & wellbeing, Prélabel;8;
03/2022;21;14;5;0;9;5;66.7;conforme;N.A;N.A, Prélabel  accordé, Prélabel accordé dès le 2ème tour, SMARTOOLS, Talel Chaouch, Wajih Abdelhedi, Badii Gharbi, Fintech, Prélabel;7;
03/2022;21;14;5;0;9;5;66.7;conforme;N.A;N.A, Prélabel  accordé, Prélabel accordé dès le 2ème tour;ecn.tn;Rami Ben Mhenni
03/2022;21;14;5;0;9;5;66.7;conforme;Kais Kharroubi;Yosr Belghith, EdTech, Prélabel;5;
03/2022;21;14;5;0;9;5;66.7;conforme;N.A;N.A, Prélabel  accordé, Prélabel accordé dès le 2ème tour, StyleLinker, Hamza Mansour, Oussema Chemingui, Social Business, Prélabel;5;
03/2022;21;14;5;0;9;5;66.7;conforme;N.A;N.A, Prélabel  accordé, Prélabel accordé dès le 2ème tour, Atlas Security Tunisia, Slim Benkadhi, BusinessSoftware & Services, Label;-;
03/2022;21;14;5;0;9;5;66.7;conforme;N.A;N.A, Label non accordé, Label non accordé dès le 2ème tour, Pineapple Studio & Shop, Dhouha Mechergui, Consumer Products & Services, Label;-;
03/2022;21;14;5;0;9;5;66.7;conforme;N.A;N.A, Label non accordé, Label non accordé dès le 2ème tour, Start Line Skills, Haythem Ben Yahia, Creative industry, Label;-;
03/2022;21;14;5;0;9;5;66.7;conforme;N.A;N.A, Label non accordé, Label non accordé dès le 2ème tour, Chatbot.tn, Mohamed Amine Landolsi, Wiem Ben Othmen, Consumer Products & Services, Label;1;
03/2022;21;14;5;0;9;5;66.7;conforme;N.A;N.A, Label non accordé, Label non accordé dès le 2ème tour, Relead, Hadhami Rjiba, Rayen Cherni, Creative industry, Label;2;
03/2022;21;14;5;0;9;5;66.7;conforme;N.A;N.A, Label non accordé, Label non accordé dès le 2ème tour, Houda Ghozzi a décalré avoir un conflit d'intérêt, TUILABS, Nizar Jeridi, Sameh Taktak, Legal Tech, Prélabel;-;
03/2022;21;14;5;0;9;5;66.7;conforme;N.A;N.A, Prélabel non accordé Prélabel non accordé dès le 2ème tour, Marinus, Montassar Dhiaf, Souha Soussi, Advanced Manufacturing & Industry, Prélabel;-;
03/2022;21;14;5;0;9;5;66.7;conforme;N.A;N.A, Prélabel non accordé Prélabel non accordé dès le 2ème tour, Tunisie Bartering;Sabrine Beldi;Rached Dridi
03/2022;21;14;5;0;9;5;66.7;conforme;Plateforme Sociale;Prélabel;1;
03/2022;21;14;5;0;9;5;66.7;conforme;N.A;N.A, Prélabel non accordé Prélabel non accordé dès le 2ème tour, Trigo, Sofiene Bouslimi, Mohamed Charrada, Environment/Energie, Prélabel;-;
03/2022;21;14;5;0;9;5;66.7;conforme;N.A;N.A, Prélabel non accordé Prélabel non accordé dès le 2ème tour;كرﺎﺟ / Jarek;Aicha Debaieb
03/2022;21;14;5;0;9;5;66.7;conforme;Oumaima Dadssi;FoodTech & New Food, Prélabel;1;
03/2022;21;14;5;0;9;5;66.7;conforme;N.A;N.A, Prélabel non accordé Prélabel non accordé dès le 2ème tour, Meetart, Khaled Bouzayene, Manel Yaakoubi, Imen Yaakoubi, Creative industry, Prélabel;-;
03/2022;21;14;5;0;9;5;66.7;conforme;N.A;N.A, Prélabel non accordé Prélabel non accordé dès le 2ème tour, Passage de Prélabels aux Labels, Société, Projet, Fondateurs, Secteur, Session d'obtention;du Prélabel;Résultat
03/2022;21;14;5;0;9;5;66.7;conforme;Commentaires;Digital Fiber Solutions, Survey Fibre & Civil, Hichem Boussetta, Jamel Hassine, Zohra Neffati, Monji Haddad, Services de communication, Janvier 2022, Label accordé, Label accordé suite à la création de la Startup et le respect des;conditions d'octroi;AvoConsulte
03/2022;21;14;5;0;9;5;66.7;conforme;Avoconsulte;Alaa Edinee Ben Mbarek, Nahdi Ali, Services de communication, Octobre 2020, Label accordé, Label accordé suite à la création de la Startup et le respect des;conditions d'octroi;Quiz Mentor
03/2022;21;14;5;0;9;5;66.7;conforme;Quiz Mentor;Amelle Homrani, Hayfa Hosni, EdTech, Octobre 2021, Label accordé, Label accordé suite à la création de la Startup et le respect des;conditions d'octroi;Terminal22
03/2022;21;14;5;0;9;5;66.7;conforme;Tunisia Market;Ibrahim Chouikh, Abdelfattah Lahbib, Abdelhamid Guinoubi, Ahmed Ettoumi, Laila Balti, Advanced Manufacturing & Industry, Août 2021, Label accordé, Label accordé suite à la création de la Startup et le respect des;conditions d'octroi;Halonursery
03/2022;21;14;5;0;9;5;66.7;conforme;Halonursery;Amira Dabbous, Agritech, Novembre 2021, Label accordé, Label accordé suite à la création de la Startup et le respect des;conditions d'octroi;Proxifleet
03/2022;21;14;5;0;9;5;66.7;conforme;Smartfleet;Ilyes Belhaj, Business Software & Services, Septembre 2021, Label accordé, Label accordé suite à la création de la Startup et le respect des;conditions d'octroi;CAIRUS BUSINESS GROUP
03/2022;21;14;5;0;9;5;66.7;conforme;CAIRUS DIGITAL BUSINESS CENTER;Basma Yacoubi, Oussama Yacoubi, Fintech, Septembre 2021, Label accordé, Label accordé suite à la création de la Startup et le respect des;conditions d'octroi;SKANIT DIGITAL SOLUTIONS
03/2022;21;14;5;0;9;5;66.7;conforme;Skanit;Abdelkarim Rahal, Nada Dkhil, FoodTech & New Food, Décembre 2021, Label accordé, Label accordé suite à la création de la Startup et le respect des;conditions d'octroi;Rythminno
03/2022;21;14;5;0;9;5;66.7;conforme;Yosri Ben Salah;Yosri Ben Salah, Rayen Ben Nasr, Bydon Austin Nyimbri, Chafik Dridi, Kais Chihaoui, EdTech, Novembre 2021, Label accordé, Label accordé suite à la création de la Startup et le respect des;conditions d'octroi;
04/2022;22;9;6;1;4;5;40.9;conforme;Samy Mzali;Mohamed Saidi, Business Software & Services, Label;8;
04/2022;22;9;6;1;4;5;40.9;conforme;N.A;N.A, Label accordé, Label accordé dès le 2ème tour, Lanterns, Jihed Jaouabi, Nabil Braham, Oussama Ben mariem, Ad Tech and Creative Tech, Label;8;
04/2022;22;9;6;1;4;5;40.9;conforme;N.A;N.A, Label accordé, Label accordé dès le 2ème tour, SPOFUN, Mohamed Sadek Sassi, Samiha Hamdi, Farouk Laribi, Wellness, Label;6;
04/2022;22;9;6;1;4;5;40.9;conforme;N.A;N.A, Label accordé, Label accordé dès le 2ème tour, WAY CARE, Aymen Touhent, Souha Mander, Jamel Eddine Ben Aissa, Consumer Products & Services, Label;5;Label accordé
04/2022;22;9;6;1;4;5;40.9;conforme;Label accordé dès le 2ème tour;Aymen Mbarek a déclaré avoir un conflit d'intérêt, Finansya Ecosystem, Achref Sayadi, Business Software & Services, Label;2;
04/2022;22;9;6;1;4;5;40.9;conforme;Label accordé;Label accordé suite au pitching, VAL BIO DECHETS COMPOSITE, Mohamed Medhaffar, Ghabri Siwar, Raja Dhief, Rabiaa Abdaoui, Chefia Nasr, Environment/Energie, Prélabel;8;
04/2022;22;9;6;1;4;5;40.9;conforme;N.A;N.A, Prélabel  accordé, Prélabel accordé dès le 2ème tour, INSTAWARE, Adnene Labidi, Abir Labidi, Sabri Bouzouita, Advanced Manufacturing & Industry, Prélabel;8;
04/2022;22;9;6;1;4;5;40.9;conforme;N.A;N.A, Prélabel  accordé, Prélabel accordé dès le 2ème tour, Digihunt, Ahmed Ismail Azzabi, Wahiba Ben Fredj, Business Software & Services, Prélabel;8;
04/2022;22;9;6;1;4;5;40.9;conforme;N.A;N.A, Prélabel  accordé, Prélabel accordé dès le 2ème tour, Selim Ferchiou a déclaré avoir un conflit d'intérêt, Digital work solutions, Amani Bouaziz, Yousser Sabbagh, Slim Dhahri, Business Software & Services, Prélabel;7;
04/2022;22;9;6;1;4;5;40.9;conforme;N.A;N.A, Prélabel  accordé, Prélabel accordé dès le 2ème tour, INNOROV, Mohamed Aziz Boufaied, Mohamed Khalil Mattar, Khalil Selmane, Yasmine Kerkeny, Advanced Manufacturing & Industry, Prélabel;7;
04/2022;22;9;6;1;4;5;40.9;conforme;N.A;N.A, Prélabel  accordé, Prélabel accordé dès le 2ème tour, Saptun l'ERP du futur, Mahmoud Siala, Business Software & Services, Prélabel;5;
04/2022;22;9;6;1;4;5;40.9;conforme;N.A;N.A, Prélabel  accordé, Prélabel accordé dès le 2ème tour, Basket of art, Ahdi Hidri, Marketplace, Label;1;
04/2022;22;9;6;1;4;5;40.9;conforme;N.A;N.A, Label non accordé, Label non accordé dès le 2ème tour, AB AUDIT, Walid Bouzouita, Business Software & Services, Label;1;
04/2022;22;9;6;1;4;5;40.9;conforme;N.A;N.A, Label non accordé, Label non accordé dès le 2ème tour, Flouse, Hatem Chanoufi, Fintech, Label;-;
04/2022;22;9;6;1;4;5;40.9;conforme;N.A;N.A, Label non accordé, Label non accordé dès le 2ème tour, Aymen Mbarek a déclaré avoir un conflit d'intérêt, CG-Box, Abdelhedi Montassar, Mohamed Triki, Business Software & Services, Label;-;
04/2022;22;9;6;1;4;5;40.9;conforme;N.A;N.A, Label non accordé, Label non accordé dès le 2ème tour, Taxiora Pub, Walid Saadaoui, Khaled Ben Latrach, Services de communication, Label;-;
04/2022;22;9;6;1;4;5;40.9;conforme;N.A;N.A, Label non accordé, Label non accordé dès le 2ème tour, Kasero, Maher Chekir, Mohamed Amine Bellili, Nouha Kourda, FoodTech & New Food, Prélabel;2;
04/2022;22;9;6;1;4;5;40.9;conforme;N.A;N.A, Prélabel non accordé Prélabel non accordé dès le 2ème tour, Oostoora, Nour Tekaya, Iskander Gafsi, Advanced Manufacturing & Industry, Prélabel;1;
04/2022;22;9;6;1;4;5;40.9;conforme;N.A;N.A, Prélabel non accordé Prélabel non accordé dès le 2ème tour, E-commerce Tunsia beauty, Hichem Boughdiri, Bilel Ltifi, Hamdi Adnan, Marketplace, Prélabel;1;
04/2022;22;9;6;1;4;5;40.9;conforme;N.A;N.A, Prélabel non accordé Prélabel non accordé dès le 2ème tour, All Tounsi, Iliess Ajmi, Marketplace, Prélabel;-;
04/2022;22;9;6;1;4;5;40.9;conforme;N.A;N.A, Prélabel non accordé Prélabel non accordé dès le 2ème tour, Parkey, Mehdi Romdhane, Narjes Seffen, Neirouz Seffen, Mobility, Prélabel;-;
04/2022;22;9;6;1;4;5;40.9;conforme;N.A;N.A, Prélabel non accordé Prélabel non accordé dès le 2ème tour, GOtrial, Ayoub Zemni, Consumer Products & Services, Prélabel;-;
04/2022;22;9;6;1;4;5;40.9;conforme;N.A;N.A, Prélabel non accordé Prélabel non accordé dès le 2ème tour, Passage de Prélabels aux Labels, Société, Projet, Fondateurs, Secteur, Session d'obtention;du Prélabel;Résultat
04/2022;22;9;6;1;4;5;40.9;conforme;Commentaires;VARWARE, Vardoc, Raafat Hamdi, Amine Selmi, Health tech & wellbeing, Novembre 2021, Label accordé, Label accordé suite à la création de la Startup et le respect des;conditions d'octroi;Legaltech
04/2022;22;9;6;1;4;5;40.9;conforme;LegalTech.tn;Maher Chafii, Ahmed Battikh, Mourad Chafiaa, Fintech, Novembre 2021, Label accordé, Label accordé suite à la création de la Startup et le respect des;conditions d'octroi;WaveOn
04/2022;22;9;6;1;4;5;40.9;conforme;WaveOn;Houssem Ouali, Creative industry, Octobre 2021, Label accordé, Label accordé suite à la création de la Startup et le respect des;conditions d'octroi;Karriery
04/2022;22;9;6;1;4;5;40.9;conforme;Karriery;Halim Boussada, Samy Ben Chaalia, EdTech, Janvier 2022, Label accordé, Label accordé suite à la création de la Startup et le respect des;conditions d'octroi;Retrait de Label Startup
04/2022;22;9;6;1;4;5;40.9;conforme;Société;Fondateurs, Secteur, Session d'obtention;du Label;Décision
04/2022;22;9;6;1;4;5;40.9;conforme;Commentaires;Instadeep, Zohra Slim, Karim Beguir;AI;Mai 2019
04/2022;22;9;6;1;4;5;40.9;conforme;Retrait du Label;La société a dépassé l'âge maximum de 8 ans fixé par la loi 20-;2018 pour les sociétés bénéficiaires du Label;
05/2022;41;14;9;2;6;8;34.1;conforme;N.A;N.A, Label accordé, Label accordé dès le 2ème tour, AUZY, Abid Khouloud, Ahmed Sahab, Salma Ben Brahim, Amine Belkacem, HealthTech & wellbeing, Label;8;
05/2022;41;14;9;2;6;8;34.1;conforme;N.A;N.A, Label accordé, Label accordé dès le 2ème tour, BADDAL, Fares Zouari, Firas Gazzah, Plateforme Sociale, Label;8;
05/2022;41;14;9;2;6;8;34.1;conforme;N.A;N.A, Label accordé, Label accordé dès le 2ème tour, FINWEDGE MEA, Chaouki Charfeddine, Delphine Monti, Fintech, Label;8;
05/2022;41;14;9;2;6;8;34.1;conforme;N.A;N.A, Label accordé, Label accordé dès le 2ème tour, Soledu, Abdelaziz Sifaoui, Moahmmed Abu Sharekh, EdTech, Label;7;
05/2022;41;14;9;2;6;8;34.1;conforme;N.A;N.A, Label accordé, Label accordé dès le 2ème tour, Mohamed Salah Frad a déclaré avoir un conflit d'intérêt, Beenomi, Haifa Tlaila, Ahmed Sassi, Mohamed yassine Karaouli, Tarek Loukil, Real Estate Tech, Label;6;
05/2022;41;14;9;2;6;8;34.1;conforme;N.A;N.A, Label accordé, Label accordé dès le 2ème tour, MONSAPO, Sabrine Chennaoui, Aziza Ibn Hadj Hassine, Amir Fourati, Environment/Energie, Label;5;
05/2022;41;14;9;2;6;8;34.1;conforme;N.A;N.A, Label accordé, Label accordé dès le 2ème tour, Irbe7, Mannana Dbibi, Anis Habibi, Aymen Bouhlel, EdTech, Label;4;
05/2022;41;14;9;2;6;8;34.1;conforme;Label accordé;Label accordé suite au pitching, EquiBooster, Farouk Bouzouita, Saber Elabidi, Nadia Sghaier, Plateforme Sociale, Prélabel;8;
05/2022;41;14;9;2;6;8;34.1;conforme;N.A;N.A, Prélabel accordé, Prélabel accordé dès le 2ème tour, Auto Sans Risque, Ali Koubaa, Feryel Mechri, Mohamed Koubaa, Consumer products and services, Prélabel;7;
05/2022;41;14;9;2;6;8;34.1;conforme;N.A;N.A, Prélabel accordé, Prélabel accordé dès le 2ème tour, Bridge ITOPS, Walid Saad, Business Software & Services, Prélabel;7;
05/2022;41;14;9;2;6;8;34.1;conforme;N.A;N.A, Prélabel accordé, Prélabel accordé dès le 2ème tour, Fluoink Nanotechnologies, Ramzi Maalej, Fakher Chabchoub, Hanen Douiri, Marwa Abid, Advanced Manufacturing & Industry, Prélabel;7;
05/2022;41;14;9;2;6;8;34.1;conforme;N.A;N.A, Prélabel accordé, Prélabel accordé dès le 2ème tour, Bakourat, Oumaya Mejri, Wassim Hannachi, Asma Tezeghedenti, Agritech, Prélabel;6;
05/2022;41;14;9;2;6;8;34.1;conforme;N.A;N.A, Prélabel accordé, Prélabel accordé dès le 2ème tour, Njano, Ons Hamza, Houssem Aoudi, Mayssa Mrabet, Business Software & Services, Prélabel;6;
05/2022;41;14;9;2;6;8;34.1;conforme;N.A;N.A, Prélabel accordé, Prélabel accordé dès le 2ème tour, Houda Ghozzi a déclaré avoir un conflit d'intérêt;womia;Ouissem Lahouar
05/2022;41;14;9;2;6;8;34.1;conforme;Anas Dogui;Sabrine Aidi, HealthTech & wellbeing, Prélabel;5;Prélabel accordé
05/2022;41;14;9;2;6;8;34.1;conforme;Prélabel accordé dès le 2ème tour;Zoubeir Turki a déclaré avoir un conflit d'intérêt, Vectors, Melek Jebnoun, Sofien Chaabouni, Business Software & Services, Prélabel;5;
05/2022;41;14;9;2;6;8;34.1;conforme;N.A;N.A, Prélabel accordé, Prélabel accordé dès le 2ème tour, Staffiny, Zied Brahim, Business Software & Services, Prélabel;5;
05/2022;41;14;9;2;6;8;34.1;conforme;N.A;N.A, Prélabel accordé, Prélabel accordé dès le 2ème tour, Olivier Zone, Bilel Grindi, Wafa Attia, Anis Selmani, Samir Benzineb, Agritech, Label;3;
05/2022;41;14;9;2;6;8;34.1;conforme;N.A;N.A, Label non accordé, Label non accordé dès le 2ème tour, LEDISON, Safa Bouhajar, Advanced Manufacturing & Industry, Label;-;
05/2022;41;14;9;2;6;8;34.1;conforme;N.A;N.A, Label non accordé, Label non accordé dès le 2ème tour;rdv B;Ghassen Ben Jmeaa
05/2022;41;14;9;2;6;8;34.1;conforme;Zied Allouch;Mohamed Abdelkefi, Consumer products and services, Label;-;
05/2022;41;14;9;2;6;8;34.1;conforme;N.A;N.A, Label non accordé, Label non accordé dès le 2ème tour, Le Lemon Tour, Nicolas Planchenault, Célia Corneil, Markus Breitweg, TravelTech, Label;3;
05/2022;41;14;9;2;6;8;34.1;conforme;N.A;N.A, Label non accordé, Label non accordé dès le 2ème tour;minwin;Ines Borni
05/2022;41;14;9;2;6;8;34.1;conforme;Mohamed Choucheni;Alaa Boukhchina, HealthTech & wellbeing, Label;-;
05/2022;41;14;9;2;6;8;34.1;conforme;N.A;N.A, Label non accordé, Label non accordé dès le 2ème tour, TUNISIA BAITS, Ahmed Malek, Marwen Mokdad, Agritech, Label;4;
05/2022;41;14;9;2;6;8;34.1;conforme;N.A;N.A, Label non accordé, Label non accordé dès le 2ème tour, Hayvan World, Ahmed Mahouachi, Mokhtar Ben Amor, Radhouane Kouki, Mohamed Cherif, HealthTech & wellbeing, Label;-;
05/2022;41;14;9;2;6;8;34.1;conforme;N.A;N.A, Label non accordé, Label non accordé dès le 2ème tour, Développement d'un biomédicament anti-obésité, Jannet Kamoun, Ahmed Aloulou, HealthTech & wellbeing, Label;-;
05/2022;41;14;9;2;6;8;34.1;conforme;N.A;N.A, Label non accordé, Label non accordé dès le 2ème tour, SimExperience, Mohamed Abichou, Advanced Manufacturing & Industry, Label;2;
05/2022;41;14;9;2;6;8;34.1;conforme;Label non accordé;Label non accordé suite au pitching, We Talk Food, Jihen Chouiref, Racha Chouiref, Creative industry, Label;2;
05/2022;41;14;9;2;6;8;34.1;conforme;Label non accordé;Label non accordé suite au pitching, Verdeline, Mohsen Mahdaoui, Commerce and shopping, Label;2;
05/2022;41;14;9;2;6;8;34.1;conforme;Label non accordé;Label non accordé suite au pitching, DR.WELL, Walid Bayoudhi, Mouna Chtourou, Houda Msalmi, HealthTech & wellbeing, Prélabel;2;
05/2022;41;14;9;2;6;8;34.1;conforme;N.A;N.A, Prélabel non accordé Prélabel non accordé dès le 2ème tour, KARIA, Kamel Nafsi, Walid Sola, Consumer products and services, Prélabel;-;
05/2022;41;14;9;2;6;8;34.1;conforme;N.A;N.A, Prélabel non accordé Prélabel non accordé dès le 2ème tour, ABC FORMATION, Sondes Amara, Mohamed Mehdi Farhat, EdTech, Prélabel;-;
05/2022;41;14;9;2;6;8;34.1;conforme;N.A;N.A, Prélabel non accordé Prélabel non accordé dès le 2ème tour, Kardily, Badis Boujnah, Fintech, Prélabel;2;
05/2022;41;14;9;2;6;8;34.1;conforme;N.A;N.A, Prélabel non accordé Prélabel non accordé dès le 2ème tour, LearnySlide, Omar Dahmani, Moez Kallel, Sarra Bourehla, Ferchichi Roua, Manell Kamoun, Olfa Ben Henda, Business Software & Services, Prélabel;2;
05/2022;41;14;9;2;6;8;34.1;conforme;N.A;N.A, Prélabel non accordé Prélabel non accordé dès le 2ème tour, BOXI, Hamdi Hassine, Mohamed Habib Hassine, Creative industry, Prélabel;-;
05/2022;41;14;9;2;6;8;34.1;conforme;N.A;N.A, Prélabel non accordé Prélabel non accordé dès le 2ème tour, Digital Deals Group, Mourad Sahloul, Commerce and shopping, Prélabel;-;
05/2022;41;14;9;2;6;8;34.1;conforme;N.A;N.A, Prélabel non accordé Prélabel non accordé dès le 2ème tour;B2fine;Makrem Boughdiri
05/2022;41;14;9;2;6;8;34.1;conforme;Ramzi Hermassi;Commerce and shopping, Prélabel;-;
05/2022;41;14;9;2;6;8;34.1;conforme;N.A;N.A, Prélabel non accordé Prélabel non accordé dès le 2ème tour, Adeekt, Hafedh Abid, Seif Ben Chaabene, Creative industry, Prélabel;3;
05/2022;41;14;9;2;6;8;34.1;conforme;N.A;N.A, Prélabel non accordé Prélabel non accordé dès le 2ème tour, KTEB, Ferah Iyed, Mohammed Fraj, Commerce and shopping, Prélabel;-;
05/2022;41;14;9;2;6;8;34.1;conforme;N.A;N.A, Prélabel non accordé Prélabel non accordé dès le 2ème tour, Carthago3D, Yahya Koudhai, Advanced Manufacturing & Industry, Prélabel;-;
05/2022;41;14;9;2;6;8;34.1;conforme;N.A;N.A, Prélabel non accordé Prélabel non accordé dès le 2ème tour, New Life Babies, Heni Mechichi, Abderrahmen Ben Gdara, Consumer products and services, Prélabel;2;
05/2022;41;14;9;2;6;8;34.1;conforme;Prélabel non accordé Prélabel non accordé suite au pitching;Hawkar, Khadija Jallouli, Mobility, Label, N.A, N.A, N.A, N.A, N.A, N.A, Label non accordé, Dossier irrecevale pour présentation d'un document officiel altéré., Passage de Prélabels aux Labels, Société, Projet, Fondateurs, Secteur, Session d'obtention;du Prélabel;Résultat
05/2022;41;14;9;2;6;8;34.1;conforme;Commentaires;Rooly s, Rooly, Montassar Ferjani, Faten Mestikou, Mobility, Janvier 2022, Label accordé, Label accordé suite à la création de la Startup et le respect des;conditions d'octroi;REVAMPR INTELLIGENCE
05/2022;41;14;9;2;6;8;34.1;conforme;Revampr;Firas Ben Abid, Marwen Sallem, Adnen Saadaoui, Adnen Somai, Creative industry, Décembre 2021, Label accordé, Label accordé suite à la création de la Startup et le respect des;conditions d'octroi;IYSSAL AMENA
05/2022;41;14;9;2;6;8;34.1;conforme;Iysaal;Kaouther Mouelhi, Mahfoudh Aouichri, Rafik Haddad, Business Software & Services, Janvier 2022, Label accordé, Label accordé suite à la création de la Startup et le respect des;conditions d'octroi;Sophia software solutions
05/2022;41;14;9;2;6;8;34.1;conforme;Qr Menu;Nour Kraiem, Sirine Kraiem, FoodTech & New Food, Février 2022, Label accordé, Label accordé suite à la création de la Startup et le respect des;conditions d'octroi;STE MRAMMA TN
05/2022;41;14;9;2;6;8;34.1;conforme;Mramma.tn;Akram Bsila, Marwen Ben Mzoughia, Nizar Said, Proptech, Décembre 2021, Label accordé, Label accordé suite à la création de la Startup et le respect des;conditions d'octroi;
05/2022;41;14;9;2;6;8;34.1;conforme;Rezervini;Amine Slimene, Mohamed Ghayadhi, Mohamed Nabil Essefaihi, Business Software & Services, Novembre 2021, Label accordé, Label accordé suite à la création de la Startup et le respect des;conditions d'octroi;Retrait de Label Startup
05/2022;41;14;9;2;6;8;34.1;conforme;Société;Fondateurs, Secteur, Session d'obtention;du Label;Décision
05/2022;41;14;9;2;6;8;34.1;conforme;Commentaires;ENOVA Robotics, Anis Sahbani, Philippe Bidaud, Christophe Grand, Advanced Manufacturing & Industry, Mai 2019, Retrait du Label, La société a dépassé l'âge maximum de 8 ans fixé par la loi 20-;2018 pour les sociétés bénéficiaires du Label;Sté WEBCOMING
05/2022;41;14;9;2;6;8;34.1;conforme;Ikram Aloui;Karim Aloui, Yussr Chaouach, Plateforme Sociale, Décembre 2021, Retrait du Label, La société a dépassé l'âge maximum de 8 ans fixé par la loi 20-;2018 pour les sociétés bénéficiaires du Label;
06/2022;40;14;10;2;4;10;35.0;conforme;N.A;N.A, Label accordé, Label accordé dès le 2ème tour, ERWINI, Thabet Esmail, Mekki Bahri, Ahmed Sghir, Agritech, Label;8;
06/2022;40;14;10;2;4;10;35.0;conforme;N.A;N.A, Label accordé, Label accordé dès le 2ème tour, DIGMACO, Anis Ben Arbia, Abir Ben Arbia, Business Software & Services, Label;8;
06/2022;40;14;10;2;4;10;35.0;conforme;N.A;N.A, Label accordé, Label accordé dès le 2ème tour, Lisssen, Khalil Zammeli, Hosn el Oujoud Tebourski, Creative industry, Label;5;
06/2022;40;14;10;2;4;10;35.0;conforme;N.A;N.A, Label accordé, Label accordé dès le 2ème tour, Houda Ghozzi a déclaré avoir un conflit d'intérêt, Comporoll, Ghalia Damak, Mohamed Damak, Environment/Energie, Label;8;
06/2022;40;14;10;2;4;10;35.0;conforme;N.A;N.A, Label accordé, Label accordé dès le 2ème tour, Abneam, Haythem Hamdi, Amine Hamdi, Seifeddine Hamdi, Abdelbasset Ben Hnia, Commerce Shopping, Label;8;
06/2022;40;14;10;2;4;10;35.0;conforme;N.A;N.A, Label accordé, Label accordé dès le 2ème tour, Bakoo, Azza Dsouli, Social Business, Label;5;
06/2022;40;14;10;2;4;10;35.0;conforme;N.A;N.A, Label accordé, Label accordé dès le 2ème tour, LASERSEVEN, Mohamed Boudabbous, Advanced Manufacturing &, Industry, Label;5;
06/2022;40;14;10;2;4;10;35.0;conforme;N.A;N.A, Label accordé, Label accordé dès le 2ème tour, E-Tafakna, Norchen Mezni, Legal Tech, Label;4;Label accordé
06/2022;40;14;10;2;4;10;35.0;conforme;Label accordé suite au Pitching;Houda Ghozzi a déclaré avoir un conflit d'intérêt;khallasli;Chakchouk Khatib
06/2022;40;14;10;2;4;10;35.0;conforme;Houssem Sandli;Fintech, Label;2;
06/2022;40;14;10;2;4;10;35.0;conforme;Label accordé;Label accordé suite au pitching, Mohamed Salah Frad a déclaré avoir un conflit d'intérêt, BIGDATIS, Ahlem Bouchahda, Amine Fahem, Real Estate Tech, Prélabel;8;
06/2022;40;14;10;2;4;10;35.0;conforme;N.A;N.A, Prélabel  accordé, Prélabel accordé dès le 2ème tour, WiseVision, Soufi Majdeddine, Bassem Mathlouthi, Rawand Skoury, Malek Zribi, Kenza Boukhris, Business Software and;services;Prélabel
06/2022;40;14;10;2;4;10;35.0;conforme;N.A;N.A, Prélabel  accordé, Prélabel accordé dès le 2ème tour, C'MIND, Maher Zahar, Sabri Barbaria, HealthTech, Prélabel;8;
06/2022;40;14;10;2;4;10;35.0;conforme;N.A;N.A, Prélabel  accordé, Prélabel accordé dès le 2ème tour, CargoWeen, Aberraouf Terres, Yasmine Terres, Dhia El Hak Merai, Business Software and;service;Prélabel
06/2022;40;14;10;2;4;10;35.0;conforme;N.A;N.A, Prélabel  accordé, Prélabel accordé dès le 2ème tour, Docinov, Maroua Boubaker, Sadok Derouich, Safwen Derouiche, HealthTech, Prélabel;7;
06/2022;40;14;10;2;4;10;35.0;conforme;N.A;N.A, Prélabel  accordé, Prélabel accordé dès le 2ème tour, HUBS TRAVEL, Hatem Ben Brahim, Wafa Ghrir, TravelTech, Prélabel;6;
06/2022;40;14;10;2;4;10;35.0;conforme;N.A;N.A, Prélabel  accordé, Prélabel accordé dès le 2ème tour, Sougui, Hamza Jabnouni, Abderraouf Achouch, Alaeddine Abidi, Commerce and shopping, Prélabel;5;
06/2022;40;14;10;2;4;10;35.0;conforme;N.A;N.A, Prélabel  accordé, Prélabel accordé dès le 2ème tour, TuniBionics, Dhia Elhak Guedri, Farah Jenhani, Hamdi Nasreddin, HealthTech, Prélabel;3;
06/2022;40;14;10;2;4;10;35.0;conforme;Prélabel  accordé;Prélabel accordé suite au pitching, IrriApp, Mohamed Mekki Maalej, Mohamed Wajdi Khelil, Jihed Becher, Agritech, Prélabel;2;
06/2022;40;14;10;2;4;10;35.0;conforme;Prélabel  accordé;Prélabel accordé suite au pitching, IGIDER, Faten Meziou, Ahmed Chabchoub, Moataz Jemni, Koussay Bouchaala, CyberSecurity, Prélabel;2;
06/2022;40;14;10;2;4;10;35.0;conforme;Prélabel  accordé;Prélabel accordé suite au pitching, Wahb Ouertani a déclaré avoir un conflit d'intérêt, DEFOULI, Wiem Barhoumi, Asma Barhoumi, Khalil Neffati, TravelTech, Label;2;
06/2022;40;14;10;2;4;10;35.0;conforme;N.A;N.A, Label non accordé, Label non accordé dès le 2ème tour;hormiga;Messaoud Cherif
06/2022;40;14;10;2;4;10;35.0;conforme;Foued Tlahig;Ad Tech and Creative Tech, Label;-;
06/2022;40;14;10;2;4;10;35.0;conforme;N.A;N.A, Label non accordé, Label non accordé dès le 2ème tour, MAHLENI, Mohamed Mehdi Belhout, Business Software and;services;Label
06/2022;40;14;10;2;4;10;35.0;conforme;N.A;N.A, Label non accordé, Label non accordé dès le 2ème tour;chachia;Najla Challouf
06/2022;40;14;10;2;4;10;35.0;conforme;Dhamir Hammi;Adel Boulares, Seif Edinne Ferchichi, Commerce and shopping, Label;-;
06/2022;40;14;10;2;4;10;35.0;conforme;N.A;N.A, Label non accordé, Label non accordé dès le 2ème tour, Ingenious labs, Riadh Felhi, Business Software and;services;Label
06/2022;40;14;10;2;4;10;35.0;conforme;N.A;N.A, Label non accordé, Label non accordé dès le 2 ème tour., Houda Ghozzi déclare avoir un conflit d'intérêt, WeaveLines, Faten Matmati, Business Software and;services;Label
06/2022;40;14;10;2;4;10;35.0;conforme;N.A;N.A, Label non accordé, Label non accordé dès le 2ème tour, STE EDEN ENGINEERING, Wassim Amri, Advanced Manufacturing &, Robotics, Label;-;
06/2022;40;14;10;2;4;10;35.0;conforme;N.A;N.A, Label non accordé, Label non accordé dès le 2ème tour, Ostedhy, Yassine Boubaker, Sami Benrhim, EdTech, Label;-;
06/2022;40;14;10;2;4;10;35.0;conforme;Label non accordé;Label non accordé suite au pitching;tawalancer;Fakhrezzamen Zayani
06/2022;40;14;10;2;4;10;35.0;conforme;Moez Ben Amor;Business Software and;services;Label
06/2022;40;14;10;2;4;10;35.0;conforme;Label non accordé;Label non accordé suite au pitching;weerise;Najjari Mohamed
06/2022;40;14;10;2;4;10;35.0;conforme;Hanen Anjari;Adel Elenjari, Business Software and;services;Prélabel
06/2022;40;14;10;2;4;10;35.0;conforme;N.A;N.A, Prélabel non accordé Prélabel non accordé dès le 2ème tour;gifty.tn;Haythem Banney
06/2022;40;14;10;2;4;10;35.0;conforme;Chief executive officer;Jihed Chemlali, Commerce and shopping, Prélabel;1;
06/2022;40;14;10;2;4;10;35.0;conforme;N.A;N.A, Prélabel non accordé Prélabel non accordé dès le 2ème tour, DigiQuorum, Nawel Brahmi, Business Software and;services;Prélabel
06/2022;40;14;10;2;4;10;35.0;conforme;N.A;N.A, Prélabel non accordé Prélabel non accordé dès le 2ème tour, Zhezi, Maha Moussi, Chiheb Moussi, Commerce and shopping, Prélabel;-;
06/2022;40;14;10;2;4;10;35.0;conforme;N.A;N.A, Prélabel non accordé Prélabel non accordé dès le 2ème tour;eHealthBridge;Mouna Ben Djebara
06/2022;40;14;10;2;4;10;35.0;conforme;Maher Abouda;HealthTech, Prélabel;-;
06/2022;40;14;10;2;4;10;35.0;conforme;N.A;N.A, Prélabel non accordé Prélabel non accordé dès le 2ème tour, WANIS, Slim Kchaou, HealthTech, Prélabel;-;
06/2022;40;14;10;2;4;10;35.0;conforme;N.A;N.A, Prélabel non accordé Prélabel non accordé dès le 2ème tour, Bjomla, Ilyes Kadri, Iskander Dakkem, Commerce and shopping, Prélabel;-;
06/2022;40;14;10;2;4;10;35.0;conforme;N.A;N.A, Prélabel non accordé Prélabel non accordé dès le 2ème tour, Courskamp, Marwa Zouaoui, Ali Tebourski, EdTech, Prélabel;-;
06/2022;40;14;10;2;4;10;35.0;conforme;N.A;N.A, Prélabel non accordé Prélabel non accordé dès le 2ème tour, Gros.tn, Islem Smaoui, Habib Miladi, Omar Bouzid, Commerce and shopping, Prélabel;-;
06/2022;40;14;10;2;4;10;35.0;conforme;Prélabel non accordé Prélabel non accordé suite au pitching;Skill ZONE, Amira Bacha, Oussama Elayeb, EdTech, Prélabel;-;
06/2022;40;14;10;2;4;10;35.0;conforme;Prélabel non accordé Prélabel non accordé suite au pitching;Khelel.tn, Hatem Chanoufi, Commerce and shopping, Label;-;Label non accordé
06/2022;40;14;10;2;4;10;35.0;conforme;Le dossier est irrecevable pour non conformité aux;;critères d'éligibilité décrits par le décret 2018-840;Passage de Prélabels aux Labels
06/2022;40;14;10;2;4;10;35.0;conforme;Société;Projet, Fondateurs, Secteur, Session d'obtention;du Prélabel;Résultat
06/2022;40;14;10;2;4;10;35.0;conforme;Commentaires;Collaborative smartools, SMARTOOLS, Talel Chaouch, Wajih Abdelhedi, Badii Gharbi, Fintech, Mars 2022, Label accordé, Label accordé suite à la création de la Startup et le respect des;conditions d'octroi;Saptun Solution
06/2022;40;14;10;2;4;10;35.0;conforme;Saptun Solution;Mahmoud Siala, Business Software & Services, Avril 2022, Label accordé, Label accordé suite à la création de la Startup et le respect des;conditions d'octroi;Génération de l'hydrogène vert
06/2022;40;14;10;2;4;10;35.0;conforme;HyO-Tec;Bilel Gassra, Kais Jamoussi, Nabil Kechaou, Mounir Trabelsi, Fatma Mellouli, Environment/Energie, Décembre 2021, Label accordé, Label accordé suite à la création de la Startup et le respect des;conditions d'octroi;E Fair
06/2022;40;14;10;2;4;10;35.0;conforme;E Fair;Mahdi Gargouri, Hana Fersi, Services de communication, Décembre 2021, Label accordé, Label accordé suite à la création de la Startup et le respect des;conditions d'octroi;Retrait de Label Startup
06/2022;40;14;10;2;4;10;35.0;conforme;Société;Fondateurs, Secteur, Session d'obtention;du Label;Décision
06/2022;40;14;10;2;4;10;35.0;conforme;Commentaires;VITALIGHT LAB, Ilyes Gouja, Khaoula Ben Slimane, HealthTech, Mars 2019, Retrait du Label, La société a dépassé l'âge maximum de 8 ans fixé par la loi 20-;2018 pour les sociétés bénéficiaires du Label;CONTROL-MED
06/2022;40;14;10;2;4;10;35.0;conforme;Faten Hamdi;AgriTech, Mars 2021, Retrait du Label, La société a dépassé l'âge maximum de 8 ans fixé par la loi 20-;2018 pour les sociétés bénéficiaires du Label;
07/2022;40;18;9;1;4;14;45.0;conforme;N.A;N.A, Label accordé, Label accordé dès le 2ème tour, Contratou, Walid Nouni, Kais Ferchiou, Omar Ferchiou, Business Software & Services, Label;6;
07/2022;40;18;9;1;4;14;45.0;conforme;N.A;N.A, Label accordé, Label accordé dès le 2ème tour, Selim Ferchiou a déclaré avoir un conflit d'intérêt, Vintage Bae Studio, Khouloud Torkhani, Commerce & Shopping, Label;6;
07/2022;40;18;9;1;4;14;45.0;conforme;N.A;N.A, Label accordé, Label accordé dès le 2ème tour, Swieq, Khaireddine Fredj, Zied Jallouli, Tarek Trabelsi, Ad Tech and Creative Tech, Label;8;
07/2022;40;18;9;1;4;14;45.0;conforme;N.A;N.A, Label accordé, Label accordé dès le 2ème tour, INTERMISSA VENOM, Fedia Zribi, Mohamed Kamel Abderrahim, Wellness, Label;5;
07/2022;40;18;9;1;4;14;45.0;conforme;N.A;N.A, Label accordé, Label accordé dès le 2ème tour, TripAware, Anouar Kanzari, Nedya kanzari, Mayssa Ben kahla, Jlassi Wael, Aymen Sellaouti, Dalel Kanzari, Abdelmonem Tlili, Mohamed Ali Toumi, TravelTech, Label;7;
07/2022;40;18;9;1;4;14;45.0;conforme;N.A;N.A, Label accordé, Label accordé dès le 2ème tour, SMARTY, Marwa Souki, Mayssa Souki, EdTech, Label;7;
07/2022;40;18;9;1;4;14;45.0;conforme;N.A;N.A, Label accordé, Label accordé dès le 2ème tour, Digipages, Anis Touibi, FoodTech & New Food, Label;6;
07/2022;40;18;9;1;4;14;45.0;conforme;N.A;N.A, Label accordé, Label accordé dès le 2ème tour, Shopy Science, Gael Personnaz, Gaelle Personnaz, Business Software & Services, Label;7;
07/2022;40;18;9;1;4;14;45.0;conforme;N.A;N.A, Label accordé, Label accordé dès le 2ème tour, VENARI SECURITY TUN..., Millar Thoms John, CyberSecurity, Label;8;
07/2022;40;18;9;1;4;14;45.0;conforme;N.A;N.A, Label accordé, Label accordé dès le 2ème tour, Tabaani, Hamza Moussi, TravelTech, Label;8;
07/2022;40;18;9;1;4;14;45.0;conforme;N.A;N.A, Label accordé, Label accordé dès le 2ème tour;O2W;Marouen Jlassi
07/2022;40;18;9;1;4;14;45.0;conforme;Khaled Jelassi;Mahdi Mhiri, Mokhtar Hichri, Business Software & Services, Label;8;
07/2022;40;18;9;1;4;14;45.0;conforme;N.A;N.A, Label accordé, Label accordé dès le 2ème tour, Energy expert team c..., Mohamed Bouhlel, Mohamed Anouar Brini, Ali Mekni, Environment/Energie, Label;3;
07/2022;40;18;9;1;4;14;45.0;conforme;Label accordé;Label accordé suite au pitching, International Highwa..., Fatma Ben Amar, Soumaya Dammak, Youssef Ouenniche, EdTech, Label;3;
07/2022;40;18;9;1;4;14;45.0;conforme;Label accordé;Label accordé dès le 3ème tour;eDATA;Kamel Chahed
07/2022;40;18;9;1;4;14;45.0;conforme;Fakhri Jemail;Business Software & Services, Prélabel;7;
07/2022;40;18;9;1;4;14;45.0;conforme;N.A;N.A, Prélabel accordé, Prélabel accordé dès le 2ème tour, Pozitron, Fedia El Ayeb, Fahmi Ayeb, Mohamed Saadi, Mohamed Wael Sghaier, Mobility, Prélabel;7;
07/2022;40;18;9;1;4;14;45.0;conforme;N.A;N.A, Prélabel accordé, Prélabel accordé dès le 2ème tour, IZAGRI, Imen Zouari, Zineb Zouari, Agritech, Prélabel;7;
07/2022;40;18;9;1;4;14;45.0;conforme;N.A;N.A, Prélabel accordé, Prélabel accordé dès le 2ème tour, TAOO, Walid Hached, Fintech, Prélabel;6;
07/2022;40;18;9;1;4;14;45.0;conforme;N.A;N.A, Prélabel accordé, Prélabel accordé dès le 2ème tour, Houda Ghozzi a déclaré avoir un conflit d'intérêt, AquaNergy, Ilyes Ben Hassine, Hejra Melanie Trabelsi, Environment/Energie, Prélabel;7;
07/2022;40;18;9;1;4;14;45.0;conforme;N.A;N.A, Prélabel  accordé, Prélabel accordé dès le 2ème tour, Power solution, Eskander Alaya, Ahmed Baccouch, Chaima Grira, Environment/Energie, Prélabel;7;
07/2022;40;18;9;1;4;14;45.0;conforme;N.A;N.A, Prélabel  accordé, Prélabel accordé dès le 2ème tour, FinConnect Financial..., Slim El Benna, Taha Bennasr, Fintech, Prélabel;7;
07/2022;40;18;9;1;4;14;45.0;conforme;N.A;N.A, Prélabel  accordé, Prélabel accordé dès le 2ème tour, Taw Taw Delivery, Nacir Bouazizi, Mobility, Prélabel;6;
07/2022;40;18;9;1;4;14;45.0;conforme;N.A;N.A, Prélabel  accordé, Prélabel accordé dès le 2ème tour, Nero, Jihen Guerchi, Ahmed Ferchichi, Agritech, Prélabel;4;
07/2022;40;18;9;1;4;14;45.0;conforme;Prélabel  accordé;Prélabel accordé suite au pitching, Projet BoGo, Mohamed Chatti, Mohamed Jaouadi, Communication services, Label;-;
07/2022;40;18;9;1;4;14;45.0;conforme;N.A;N.A, Label non accordé, Prélabel accordé dès le 2ème tour, Projet de production..., Freddy Boscat, Environment/Energie, Label;-;
07/2022;40;18;9;1;4;14;45.0;conforme;N.A;N.A, Label non accordé, Prélabel accordé dès le 2ème tour, AERO CCF, Nesrine Ben Askri, Social Business, Label;-;
07/2022;40;18;9;1;4;14;45.0;conforme;N.A;N.A, Label non accordé, Prélabel accordé dès le 2ème tour;ireveal;Cyrine Rezgui
07/2022;40;18;9;1;4;14;45.0;conforme;Hamz Ayech;Hamdi Jomaa, Communication services, Label;-;
07/2022;40;18;9;1;4;14;45.0;conforme;N.A;N.A, Label non accordé, Prélabel accordé dès le 2ème tour, DENGRY619, Meher Zekri, Ahmed Alyaoui, Commerce and shopping, Label;-;
07/2022;40;18;9;1;4;14;45.0;conforme;N.A;N.A, Label non accordé, Label non accordé dès le 2ème tour;3annn;Haythem Khouildi
07/2022;40;18;9;1;4;14;45.0;conforme;Firas Alkhouildi;Ad Tech and Creative Tech, Label;-;
07/2022;40;18;9;1;4;14;45.0;conforme;Label non accordé;Label accordé suite au pitching, PUBAG, Tarak Mnif, Communication services, Prélabel;-;
07/2022;40;18;9;1;4;14;45.0;conforme;N.A;N.A, Prélabel non accordé Prélabel non accordé dès le 2ème tour, KADRA NOVA BIOTECOIN, Walid Zeddini, Yasmina Zarrouk, Environment/Energie, Prélabel;-;
07/2022;40;18;9;1;4;14;45.0;conforme;N.A;N.A, Prélabel non accordé Prélabel non accordé dès le 2ème tour;...كﻣدﺧﻧ ﻲﻧﻣدﺧ;Ayoub Landolsi
07/2022;40;18;9;1;4;14;45.0;conforme;Mouhamed Aziz Lazreg;Communication services, Prélabel;-;
07/2022;40;18;9;1;4;14;45.0;conforme;N.A;N.A, Prélabel non accordé Prélabel non accordé dès le 2ème tour, Get UP, Hadda Zammazi, Mobility, Prélabel;-;
07/2022;40;18;9;1;4;14;45.0;conforme;N.A;N.A, Prélabel non accordé Prélabel non accordé dès le 2ème tour, Never Lost, Omar Baccar, Sofiene Mokhbi, Hiba Baccar, Mobility, Prélabel;-;
07/2022;40;18;9;1;4;14;45.0;conforme;N.A;N.A, Prélabel non accordé Prélabel non accordé dès le 2ème tour, SD Innovation, Farah Tounsi, Alaa Suissi, May Tounsi, Leila Ben Abdallah, Ghazwa Hammouda, EdTech, Prélabel;-;
07/2022;40;18;9;1;4;14;45.0;conforme;N.A;N.A, Prélabel non accordé Prélabel non accordé dès le 2ème tour, Golden Hour, Walid Annabi, Ad Tech and Creative Tech, Prélabel;-;
07/2022;40;18;9;1;4;14;45.0;conforme;N.A;N.A, Prélabel non accordé Prélabel non accordé dès le 2ème tour, Tnker, Achref Gamoudi, Mohamed Amine Aouini, Consumer products and;services;Prélabel
07/2022;40;18;9;1;4;14;45.0;conforme;Prélabel non accordé Prélabel non accordé suite au pitching;Pas Comme Eux Entert..., Ahmed Bahaeddine Abdelwahed, Ghofrane Amdouni, Communication services, Prélabel;-;
07/2022;40;18;9;1;4;14;45.0;conforme;Label non accordé;Label non accordé suite au pitching, Atlas Mobility Platf..., Fradj Zayen, Mobility, Prélabel;-;
07/2022;40;18;9;1;4;14;45.0;conforme;Label non accordé;Label non accordé suite au pitching, Valideeny, Aymen Wazzeni, Mohamed Aziz Louifi, Souhir Bchini, Nadia Trabelsi, Business Software & Services, Prélabel;4;
07/2022;40;18;9;1;4;14;45.0;conforme;Prélabel non accordé Prélabel non accordé suite au pitching;Passage de Prélabels aux Labels, Société, Projet, Fondateurs, Secteur, Session d'obtention;du Prélabel;Résultat
07/2022;40;18;9;1;4;14;45.0;conforme;Commentaires;;BMS TECHNOLOGY;Le Take Away
07/2022;40;18;9;1;4;14;45.0;conforme;Mohamed Bilel Fitouri;FoodTech & New Food, Décembre 2021, Label accordé, Label accordé suite à la création de la Startup et le respect des;conditions d'octroi;Maginater
07/2022;40;18;9;1;4;14;45.0;conforme;Madani Moutaa;Bilel Basly, Creative industry, Janvier 2022, Label accordé, Label accordé suite à la création de la Startup et le respect des;conditions d'octroi;POLYPATH HEALTH COMPANY
07/2022;40;18;9;1;4;14;45.0;conforme;Polypath Health Company;Karim Kachouri, Salem Abdessalem, Mohamed Zegdene, Nejah Ben Nasrallah, Health care, Janvier 2022, Label accordé, Label accordé suite à la création de la Startup et le respect des;conditions d'octroi;Tryppy Light
07/2022;40;18;9;1;4;14;45.0;conforme;Tryppy;Mohamed Amine Mzoughi, Yassine Kardoun, Skander Saidi, Marwen Guesmi, Creative industry, Janvier 2022, Label accordé, Label accordé suite à la création de la Startup et le respect des;conditions d'octroi;Retrait de Label Startup
07/2022;40;18;9;1;4;14;45.0;conforme;Société;Fondateurs, Secteur, Session d'obtention;du Label;Décision
07/2022;40;18;9;1;4;14;45.0;conforme;Commentaires;NEPTUNE MOSAIC, NEPTUNE MOSAIC, Creative Industry, Octobre 2019, Retrait du Label, La société a dépassé l'âge maximum de 8 ans fixé par la loi 20-;2018 pour les sociétés bénéficiaires du Label;
08/2022;36;12;12;2;6;6;33.3;conforme;N.A;N.A, Label accordé, Label accordé dès le 2ème tour, Miam!, Mohamed Aziz Ghorbel, Chedly Soltana, Business Software & Services, Label;7;
08/2022;36;12;12;2;6;6;33.3;conforme;N.A;N.A, Label accordé, Label accordé dès le 2ème tour, HEROI, Rami Touati, Taha Ben Abdelmalek, Ad Tech and Creative Tech, Label;7;
08/2022;36;12;12;2;6;6;33.3;conforme;N.A;N.A, Label accordé, Label accordé dès le 2ème tour, Slidzo, Fedi Ben Nejma, FoodTech & New Food, Label;8;
08/2022;36;12;12;2;6;6;33.3;conforme;N.A;N.A, Label accordé, Label accordé dès le 2ème tour, The Vastlight Platform, Mohamed Amine Messaoudi, Seif Islem Messaoudi, Abdel Baset Mrabet, Business Software & Services, Label;8;
08/2022;36;12;12;2;6;6;33.3;conforme;N.A;N.A, Label accordé, Label accordé dès le 2ème tour, Rivezli.tn, Jawher Thabet, Fakher Bourray, Ghaith Thabet, Moncef Ben Rabia, EdTech, Label;2;
08/2022;36;12;12;2;6;6;33.3;conforme;Label accordé;Label accordé suite au pitching, Elevage des abeilles pour la collecte de leurs;venins pour des fins cosmétiques et;thérapeutiques
08/2022;36;12;12;2;6;6;33.3;conforme;Chedly Ellijimi;HealthTech, Prélabel;6;
08/2022;36;12;12;2;6;6;33.3;conforme;N.A;N.A, Prélabel  accordé, Prélabel accordé dès le 2ème tour, Moovin360, Dheker Hamami, Bilel Chebbi, Communication services, Prélabel;0;
08/2022;36;12;12;2;6;6;33.3;conforme;Prélabel  accordé;Prélabel accordé suite au pitching, Waf Waf House, Cyrine Atallah, Emilio Illc La Peruta, Ridha Bouasker, Yusbely Nacary Jimenez Guerra, Hassine Atallah, Consumer products and services, Prélabel;6;
08/2022;36;12;12;2;6;6;33.3;conforme;N.A;N.A, Prélabel  accordé, Prélabel accordé dès le 2ème tour, Thnity, Anouar Abdelkoudous Bouassida, Amina Garbouj, Sayma Besbes, Mobility, Prélabel;4;
08/2022;36;12;12;2;6;6;33.3;conforme;Prélabel  accordé;Prélabel accordé suite au pitching, CapsaFood, Oussama Dhahri, Amine Chortani, Hadil Fouli, Mobility, Prélabel;7;
08/2022;36;12;12;2;6;6;33.3;conforme;N.A;N.A, Prélabel  accordé, Prélabel accordé dès le 2ème tour;cell pulse;Halima Mahjoubi
08/2022;36;12;12;2;6;6;33.3;conforme;Jihed Jridi;Kaouther Zenati, Salem Hamidi, Elhem Cheour, HealthTech, Prélabel;4;
08/2022;36;12;12;2;6;6;33.3;conforme;N.A;N.A, Prélabel  accordé, Prélabel accordé dès le 2ème tour, Innovega, Rami Khouja, Rym Ghribi, Amira Ben Abdeljelil, Agritech, Prélabel;8;
08/2022;36;12;12;2;6;6;33.3;conforme;N.A;N.A, Prélabel  accordé, Prélabel accordé dès le 2ème tour, Tabachir Games, Skander Khaled Fourati, Aymen Ayadi, Yassine Mohammed Bouassida, EdTech, Prélabel;7;
08/2022;36;12;12;2;6;6;33.3;conforme;N.A;N.A, Prélabel  accordé, Prélabel accordé dès le 2ème tour, Caminova, Salma Bessalah, Sihem Bessalah, HealthTech, Prélabel;7;
08/2022;36;12;12;2;6;6;33.3;conforme;N.A;N.A, Prélabel  accordé, Prélabel accordé dès le 2ème tour, Meeda la table connectée destinée à votre;usage intérieur et extérieur.;Aziz Annabi
08/2022;36;12;12;2;6;6;33.3;conforme;Consumer products and services;Prélabel;1;
08/2022;36;12;12;2;6;6;33.3;conforme;Prélabel  accordé;Prélabel accordé suite au pitching, WiseBoard, Slim Abdeljelil, Ali Ayari, Slim Oueslati, Rym Oueslati, Fintech, Prélabel;8;
08/2022;36;12;12;2;6;6;33.3;conforme;N.A;N.A, Prélabel  accordé, Prélabel accordé dès le 2ème tour, D-carte, Fourat Ouerghemmi, Skander Hadj Romdhan, Ala Ben Hassen, Business Software and services, Prélabel;8;
08/2022;36;12;12;2;6;6;33.3;conforme;N.A;N.A, Prélabel  accordé, Prélabel accordé dès le 2ème tour, Mraabila, Pagnagda Frederic Soubeiga, Alia Sabah, Social Business, Label;-;
08/2022;36;12;12;2;6;6;33.3;conforme;N.A;N.A, Label non accordé, Label non accordé dès le 2ème tour, Boosty/Almoshtari, Mahdi Kharrat, Fedia ayari, Mohamed Amine Bensalem, Mohamed Badreddine Kharrat, Social Business, Label;-;
08/2022;36;12;12;2;6;6;33.3;conforme;N.A;N.A, Label non accordé, Label non accordé dès le 2ème tour, Axifraud, Sabri Abassi, Abdesslem Bhouri khila, Badis Souissi, Business Software and services, Label;-;
08/2022;36;12;12;2;6;6;33.3;conforme;N.A;N.A, Label non accordé, Label non accordé dès le 2ème tour, Hadooc, Borni Dhifi, Walid Mchiri, Walid Oussai, Business Software and services, Label;-;
08/2022;36;12;12;2;6;6;33.3;conforme;N.A;N.A, Label non accordé, Label non accordé dès le 2ème tour, MSS CONSULTING, Karim Gharbi, Business Software and services, Label;-;
08/2022;36;12;12;2;6;6;33.3;conforme;N.A;N.A, Label non accordé, Label non accordé dès le 2ème tour, Pure Juice, Nebyl Ben Attia, Mehdi Cheikh, Nadia Cheikh, Mohamed Ali Cheikh, FoodTech & New Food, Label;2;
08/2022;36;12;12;2;6;6;33.3;conforme;Label non accordé;Label non accordé suite au pitching, Houda Ghozzi a déclaré avoir un conflit d'intérêt, Aymen Mbarek a déclaré avoir un conflit d'intérêt, DocShipper, Charley Hochet, Nicolas Rahmé, Pierre Rahme, Consumer products and services, Label;3;
08/2022;36;12;12;2;6;6;33.3;conforme;Label non accordé;Label non accordé suite au pitching, BOXSTAGE, Mehdi Ghandri, Moez EL Methni, Sami Zoghlami, Ad Tech and Creative Tech, Label;-;
08/2022;36;12;12;2;6;6;33.3;conforme;Label non accordé;Label non accordé suite au pitching, Matmour, Hajer Briki, Agritech, Prélabel;-;
08/2022;36;12;12;2;6;6;33.3;conforme;N.A;N.A, Prélabel non accordé Prélabel non accordé dès le 2ème tour, Meal_is_ Deal, Amine Mkaouar, Rihab Boukhris, Wellness, Prélabel;-;
08/2022;36;12;12;2;6;6;33.3;conforme;N.A;N.A, Prélabel non accordé Prélabel non accordé dès le 2ème tour, Edutech, Foued Daboussi, Sahar Sfar, Ad Tech and Creative Tech, Prélabel;-;
08/2022;36;12;12;2;6;6;33.3;conforme;N.A;N.A, Prélabel non accordé Prélabel non accordé dès le 2ème tour, Popeye's, Siwar Maalej, FoodTech & New Food, Prélabel;-;
08/2022;36;12;12;2;6;6;33.3;conforme;N.A;N.A, Prélabel non accordé Prélabel non accordé dès le 2ème tour, SANAATY-T, Taoufik Ksiksi, Consumer products and services, Prélabel;-;
08/2022;36;12;12;2;6;6;33.3;conforme;N.A;N.A, Prélabel non accordé Prélabel non accordé dès le 2ème tour, Go Switch Home, Marwa Setti, Abdelahmid KAOUECH, Melki May, Mohamed Aziz Setti, TravelTech, Prélabel;-;
08/2022;36;12;12;2;6;6;33.3;conforme;N.A;N.A, Prélabel non accordé Prélabel non accordé dès le 2ème tour, Dream for fun, Helmi Abed, Business Software and services, Prélabel;-;
08/2022;36;12;12;2;6;6;33.3;conforme;Prélabel non accordé Prélabel non accordé suite au pitching;Muziget, Rami Sliti, Consumer products and services, Prélabel;-;
08/2022;36;12;12;2;6;6;33.3;conforme;Prélabel non accordé Prélabel non accordé suite au pitching;The Vastlight Platform, Seif Islem Messaoudi, Business Software & Services, Label, N.A, N.A, N.A, N.A, N.A, N.A, Label non accordé, Label non accordé dès le 1 er tour., Le projet a candidaté pour le Label durant la même session., A.M.I.S., Amel Ben Ammar Elgaaïed, Moez Elgaaïed, HealthTech, Label, N.A, N.A, N.A, N.A, N.A, N.A, Label non accordé, Label non accordé dès le 1 er tour. Le dossier est;irrecevable pour manque de documents requis par le;décret 2018-840
08/2022;36;12;12;2;6;6;33.3;conforme;Passage de Prélabels aux Labels;Société, Projet, Fondateurs, Secteur, Session d'obtention;du Prélabel;Résultat
08/2022;36;12;12;2;6;6;33.3;conforme;Commentaires;AQDHILIأقضيلي, Mohamed Alaya Bouabda, Sofiene Haouas, Sahbi Helali, Ahmed Jlassi, Hamza Nouir, Yessine Bouriga, Mobility, Janvier 2022, Label accordé, Label accordé suite à la création de la Startup et le respect des;conditions d'octroi;Finconnect Financial Solutions
08/2022;36;12;12;2;6;6;33.3;conforme;Finconncet financial solutions;Slim El Benna, Taha Bennasr, FinTech, Juillet 2022, Label accordé, Label accordé suite à la création de la Startup et le respect des;conditions d'octroi;LINKERS IT
08/2022;36;12;12;2;6;6;33.3;conforme;Style Linkers;Hamza Mansour, Oussema Chemingui, Social Business, Mars 2022, Label accordé, Label accordé suite à la création de la Startup et le respect des;conditions d'octroi;INSTAWARE
08/2022;36;12;12;2;6;6;33.3;conforme;Instaware;Adnene Labidi, Abir Labidi, Sabri Bouzouita, Advanced Manufacturing &, Industry, Avril 2022, Label accordé, Label accordé suite à la création de la Startup et le respect des;conditions d'octroi;CLICK TO KNOW
08/2022;36;12;12;2;6;6;33.3;conforme;Click to Know;Najmeddine Sakly, Houssem Chkioua, EdTech, Février 2022, Label accordé, Label accordé suite à la création de la Startup et le respect des;conditions d'octroi;NJANOO
08/2022;36;12;12;2;6;6;33.3;conforme;Njano;Ons Hamza, Houssem Aoudi, Mayssa Mrabet, Business Software &, Services, Mai 2022, Label accordé, Label accordé suite à la création de la Startup et le respect des;conditions d'octroi;Retrait de Label Startup
08/2022;36;12;12;2;6;6;33.3;conforme;Société;Fondateurs, Secteur, Session d'obtention;du Label;Décision
08/2022;36;12;12;2;6;6;33.3;conforme;Commentaires;Sciencia, Latifa Elghezal, Ahmed Ben Ali, Mohamed Jaidane, EdTech, Août 2019, Retrait du Label, La société a dépassé l'âge maximum de 8 ans fixé par la loi 20-;2018 pour les sociétés bénéficiaires du Label;Paypos Tunisie
08/2022;36;12;12;2;6;6;33.3;conforme;Khatib Chakchouk;;Fintech;Mars 2019
08/2022;36;12;12;2;6;6;33.3;conforme;Retrait du Label;La société a dépassé l'âge maximum de 8 ans fixé par la loi 20-;2018 pour les sociétés bénéficiaires du Label;
09/2022;40;19;5;0;9;10;47.5;conforme;N.A;N.A, Label accordé, Label accordé dès le 2ème tour, Super Senses, Sarra Boufayed, Aymen Abid Boukadida, Business Software & Services, Label;5;
09/2022;40;19;5;0;9;10;47.5;conforme;N.A;N.A, Label accordé, Label accordé dès le 2ème tour, Teligencia.io, Hamza Ben Ammar, Aymen Gatri, CyberSecurity, Label;7;Label accordé
09/2022;40;19;5;0;9;10;47.5;conforme;Label accordé dès le 2ème tour;Pedalo, Amany Hamdany, Adnen Ben Hadj, Business Software & Services, Label;6;
09/2022;40;19;5;0;9;10;47.5;conforme;N.A;N.A, Label accordé, Label accordé dès le 2ème tour, Houda Ghozzi a déclaré avoir un conflit d'intérêt, DSAP (Data System Analysis Platform), Hugues Blin, Elyes Maherzi, Ad Tech and Creative Tech, Label;8;
09/2022;40;19;5;0;9;10;47.5;conforme;N.A;N.A, Label accordé, Label accordé dès le 2ème tour, Lissene-نﺎﺳﻟ, Hachem Charfi, EdTech, Label;7;
09/2022;40;19;5;0;9;10;47.5;conforme;N.A;N.A, Label accordé, Label accordé dès le 2ème tour, QUANTA TN, Romain Lamaison, Guillaume THIBAUX, Business Software & Services, Label;8;
09/2022;40;19;5;0;9;10;47.5;conforme;N.A;N.A, Label accordé, Label accordé dès le 2ème tour, Screenflex, Aymen Fezai, Bilel Nsibi, Ad Tech and Creative Tech, Label;8;
09/2022;40;19;5;0;9;10;47.5;conforme;N.A;N.A, Label accordé, Label accordé dès le 2ème tour;aivataria;Anis Mzali
09/2022;40;19;5;0;9;10;47.5;conforme;Youssef Boufaied;Mohamed Ali Belajouza, Ad Tech and Creative Tech, Label;6;
09/2022;40;19;5;0;9;10;47.5;conforme;N.A;N.A, Label accordé, Label accordé dès le 2ème tour, El Fallega, Ramzi Larbi, Khouloud Abid, Med Khalil Terzi, Ali Gaigi, TravelTech, Label;3;
09/2022;40;19;5;0;9;10;47.5;conforme;Label accordé;Label accordé suite au pitching;dyno;Moez Lidinellah Waddey
09/2022;40;19;5;0;9;10;47.5;conforme;Mohamad Obeid;Mohamed-Hedi Jridi, FinTech, Prélabel;5;
09/2022;40;19;5;0;9;10;47.5;conforme;N.A;N.A, Prélabel  accordé, Prélabel accordé dès le 2ème tour, Storycraft, Ali Mehrez, Meher Somrani, Mustapha Lejri, Ad Tech and Creative Tech, Prélabel;5;
09/2022;40;19;5;0;9;10;47.5;conforme;N.A;N.A, Prélabel  accordé, Prélabel accordé dès le 2ème tour, Oceanus, Sami Bellalah, Houneida Majdoub, Seifeddine Majdoub, Environment, Prélabel;8;
09/2022;40;19;5;0;9;10;47.5;conforme;N.A;N.A, Prélabel  accordé, Prélabel accordé dès le 2ème tour, Kayotica, Zied Ben Slimen, Najla Hamza, Yassine Jdey, Mohamed Salem Menssi, Amine Angliz, Ad Tech and Creative Tech, Prélabel;7;
09/2022;40;19;5;0;9;10;47.5;conforme;N.A;N.A, Prélabel  accordé, Prélabel accordé dès le 2ème tour, Bitaqa.tn, Amine Miladi, Business Software and services, Prélabel;8;
09/2022;40;19;5;0;9;10;47.5;conforme;N.A;N.A, Prélabel  accordé, Prélabel accordé dès le 2ème tour, CHLORIS Flowers, Ines Chouchi, Eya Khamassi, Consumer products and services, Label;3;
09/2022;40;19;5;0;9;10;47.5;conforme;N.A;N.A, Label non accordé, Label non accordé dès le 2ème tour, Sefer, Mohamed Souidi, Mohamed Oussama Ben Yahia, Mobility, Label;-;
09/2022;40;19;5;0;9;10;47.5;conforme;N.A;N.A, Label non accordé, Label non accordé dès le 2ème tour, AZRO EVENTS, Afef Bouazizi, Rkiwa Tijani, TravelTech, Label;-;
09/2022;40;19;5;0;9;10;47.5;conforme;N.A;N.A, Label non accordé, Label non accordé dès le 2ème tour, DABy Go, Saima Znaidi, Cyrine Znaidi, Mahmoud Hattab, Fintech, Label;1;
09/2022;40;19;5;0;9;10;47.5;conforme;N.A;N.A, Label non accordé, Label non accordé dès le 2ème tour, DATUM, Fatma Zahra Hichri, Marwene Khouaja, Ad Tech and Creative Tech, Label;-;
09/2022;40;19;5;0;9;10;47.5;conforme;N.A;N.A, Label non accordé, Label non accordé dès le 2ème tour;karhebti / sociéte :CHIRON;Houssem Eddine Noamen
09/2022;40;19;5;0;9;10;47.5;conforme;Mohamed Amine Amdouni;Consumer products and services, Label;-;
09/2022;40;19;5;0;9;10;47.5;conforme;N.A;N.A, Label non accordé, Label non accordé dès le 2ème tour, ABBK Physicsworks, Ammar Kouki, Mohamed Khebir, Ad Tech and Creative Tech, Label;-;
09/2022;40;19;5;0;9;10;47.5;conforme;N.A;N.A, Label non accordé, Label non accordé dès le 2ème tour, Viore digital, Med Amine Brinis, Ghofrane Brinis, Azza Channoufi, Hamza Nechi, Business Software and services, Label;-;
09/2022;40;19;5;0;9;10;47.5;conforme;N.A;N.A, Label non accordé, Label non accordé dès le 2ème tour, Sellkit, Ali Abdallah, Ala Touati, Commerce and shopping, Label;-;
09/2022;40;19;5;0;9;10;47.5;conforme;N.A;N.A, Label non accordé, Label non accordé dès le 2ème tour, Home Decor AR, Mariem Ben Maallem, Majdi Ben Maallem, Firas Bouzou, Yosri Kossontini, Consumer products and services, Prélabel;-;
09/2022;40;19;5;0;9;10;47.5;conforme;N.A;N.A, Prélabel non accordé, Prélabel non accordé dès le 2ème tour, Noir Ou Blanc, Mustapha Gharbi, Alaa Edinee Ben Mbarek, Ad Tech and Creative Tech, Prélabel;1;
09/2022;40;19;5;0;9;10;47.5;conforme;N.A;N.A, Prélabel non accordé, Prélabel non accordé dès le 2ème tour, Opus, Adel Askri, Youssef Ben Abdallah, Atef Askri, Business Software and services, Prélabel;1;
09/2022;40;19;5;0;9;10;47.5;conforme;N.A;N.A, Prélabel non accordé, Prélabel non accordé dès le 2ème tour, PINUS, Fahd Guedoiri, Sofien Saadaoui, Siwar Khadhraoui, Agritech, Prélabel;-;
09/2022;40;19;5;0;9;10;47.5;conforme;N.A;N.A, Prélabel non accordé, Prélabel non accordé dès le 2ème tour, HealthyGO, Hayfa Oueslati, FoodTech & New Food, Prélabel;-;
09/2022;40;19;5;0;9;10;47.5;conforme;N.A;N.A, Prélabel non accordé, Prélabel non accordé dès le 2ème tour, Flyss, Linda Abdelghaffar, Adam Ben Mokded, Oumayma Obay, Malek Hattab, Fintech, Prélabel;1;
09/2022;40;19;5;0;9;10;47.5;conforme;N.A;N.A, Prélabel non accordé, Prélabel non accordé dès le 2ème tour, STEMA-Do, Arbia Hosni, EdTech, Prélabel;-;
09/2022;40;19;5;0;9;10;47.5;conforme;N.A;N.A, Prélabel non accordé, Prélabel non accordé dès le 2ème tour;taxi commande;Majdi Chakchouk
09/2022;40;19;5;0;9;10;47.5;conforme;Makrem Chakchouk;Mobility, Prélabel;-;
09/2022;40;19;5;0;9;10;47.5;conforme;N.A;N.A, Prélabel non accordé, Prélabel non accordé dès le 2ème tour, DentistUP, Loua Slama, Oussama Souaf, HealthTech, Prélabel;-;
09/2022;40;19;5;0;9;10;47.5;conforme;N.A;N.A, Prélabel non accordé, Prélabel non accordé dès le 2ème tour, Tijara Lab, Houssem Dammak, Mahmoud Ketata, Communication services, Prélabel;-;
09/2022;40;19;5;0;9;10;47.5;conforme;N.A;N.A, Prélabel non accordé, Prélabel non accordé dès le 2ème tour, Caduceus Company, Wael Mahjoubi, Business Software and services, Prélabel;-;
09/2022;40;19;5;0;9;10;47.5;conforme;N.A;N.A, Prélabel non accordé, Prélabel non accordé dès le 2ème tour, Cabello, Ilhem Mrabet, Commerce and shopping, Prélabel;-;
09/2022;40;19;5;0;9;10;47.5;conforme;N.A;N.A, Prélabel non accordé, Prélabel non accordé dès le 2ème tour, Easy Bank, Mohamed Khelifi, Maher Khelifi, Fintech, Prélabel;1;
09/2022;40;19;5;0;9;10;47.5;conforme;N.A;N.A, Prélabel non accordé, Prélabel non accordé dès le 2ème tour, Poc Store, Tarek Ben Ali, Balkis Aifa, Akrem Rmili, Achref Rmili, Nour Mekki, Commerce and shopping, Prélabel;-;
09/2022;40;19;5;0;9;10;47.5;conforme;Prélabel non accordé;Prélabel non accordé suite au pitching, SOCIETE INFOSQUARE TUNISIE, Nizar Ellouze, Business Software and services, Label, N.A, N.A, N.A, N.A, N.A, N.A, Label non accordé, Le dossier est irrecevable pour manque de documents requis par le décret;2018-839;Si-Gounda
09/2022;40;19;5;0;9;10;47.5;conforme;Mohamed Borhen Mokni;Fintech, Prélabel, N.A, N.A, N.A, N.A, N.A, N.A, Prélabel non accordé, Le dossier est réfusé  pour non présentation de l’approbation préalable à;tout exercice d’activité bancaire octroyée par l’autorité administrative;compétente à savoir la Banque Centrale de Tunisie (conformément aux
09/2022;40;19;5;0;9;10;47.5;conforme;Passage de Prélabels aux Labels;Société, Projet, Fondateurs, Secteur, Session d'obtention;du Prélabel;Résultat
09/2022;40;19;5;0;9;10;47.5;conforme;Commentaires;Digital work solutions, Digital work solutions, Amani Bouaziz, Yousser Sabbagh, Slim Dhahri, Business Software & Services, Avril 2022, Label accordé, Label accordé suite à la création de la Startup et le respect des conditions d'octroi, VAL BIO DECHETS COMPOSITE, VAL BIO DECHETS COMPOSITE, Mohamed Medhaffar, Ghabri Siwar, Raja Dhief, Rabiaa Abdaoui, Chefia Nasr, Environment/Energie, Avril 2022, Label accordé, Label accordé suite à la création de la Startup et le respect des conditions d'octroi, STE Vivia Clinical Network, CRAWN, Wissal Farjallah, Lotfi Ben Romdhane, Lotfi Ammar, Souad Dziri, HealthTech & wellbeing, Mars 2022, Label accordé, Label accordé suite à la création de la Startup et le respect des conditions d'octroi, Offensylab, IGIDER, Faten Meziou, Ahmed Chabchoub, Moataz Jemni, Koussay Bouchaala, CyberSecurity, Juin 2022, Label accordé, Label accordé suite à la création de la Startup et le respect des conditions d'octroi;moovin 360;Moovin 360
10/2022;38;14;7;1;6;8;36.8;conforme;N.A;N.A, Label accordé, Label accordé dès le 2ème tour, KWIK, Sayf Eddine Brahmi, Commerce & Shopping, Label;5;
10/2022;38;14;7;1;6;8;36.8;conforme;N.A;N.A, Label accordé, Label accordé dès le 2ème tour, Brandee, Arthur Callarec, Riadh Adouani, Business Software & Services, Label;5;
10/2022;38;14;7;1;6;8;36.8;conforme;N.A;N.A, Label accordé, Label accordé dès le 2ème tour, Quenzi, Mariem Limam, Consumer Product & Services, Label;4;
10/2022;38;14;7;1;6;8;36.8;conforme;Label accordé;Label accordé suite au pitching, KARNI, Afef Belhadj, Mohamed Amine Boussarsar, Mahmoud Hachicha, Walid Kaabachi, Fintech, Label;4;
10/2022;38;14;7;1;6;8;36.8;conforme;Label accordé;Label accordé suite au pitching, STE Birdhouce, Ramzi Chahin, Consumer Product & Services, Label;4;
10/2022;38;14;7;1;6;8;36.8;conforme;Label accordé;Label accordé suite au pitching, FranchiseLab, Mohamed Amin Kallel, Aymen Feriani, Wissem Ben Ali, Amine Hariz, Business Software & Services, Label;2;
10/2022;38;14;7;1;6;8;36.8;conforme;Label accordé;Label accordé suite au pitching, Queney Tunisie, Mohamed Ali Bouchaala, Walid Khodja, Mahmoud Challouf, Business Software & Services, Label;1;
10/2022;38;14;7;1;6;8;36.8;conforme;Label accordé;Label accordé suite au pitching, Watto, Selim Mohamed Gharbi, Omar Khemakhem, Fintech, Prélabel;9;
10/2022;38;14;7;1;6;8;36.8;conforme;N.A;N.A, Prélabel  accordé, Prélabel accordé dès le 2ème tour, ContyFind, Aymen Sarraj, Maan Mrabet, Hassen Tahri, Business Software & Services, Prélabel;8;
10/2022;38;14;7;1;6;8;36.8;conforme;N.A;N.A, Prélabel  accordé, Prélabel accordé dès le 2ème tour, DIGITAL CITY INNOVATION, Hassouna Ben Jemaa, Noomen Tounsi, Social Business, Prélabel;5;
10/2022;38;14;7;1;6;8;36.8;conforme;N.A;N.A, Prélabel  accordé, Prélabel accordé dès le 2ème tour, KARMA, Sofiene Ben Hmida, Mohamed Zied Razzegui, Rania Zarg El Ayoun, Khaled Taher, Business Software & Services, Prélabel;5;
10/2022;38;14;7;1;6;8;36.8;conforme;N.A;N.A, Prélabel  accordé, Prélabel accordé dès le 2ème tour, X-Mall, Wael El Amri, Helmi Bouraoui Cherif, Commerce & Shopping, Prélabel;5;
10/2022;38;14;7;1;6;8;36.8;conforme;N.A;N.A, Prélabel  accordé, Prélabel accordé dès le 2ème tour, MRC SURVEY, Mohamed Turki, Skander Hadj Mabrouk, Business Software & Services, Prélabel;5;Prélabel  accordé
10/2022;38;14;7;1;6;8;36.8;conforme;Prélabel accordé dès le 2ème tour;"Selim Ferchiou a déclaré avoir un conflit d'intérêt, Color and Natural Extracts ""C-Nexts"", Saloua Sadok, FoodTech & New Food, Prélabel";3;
10/2022;38;14;7;1;6;8;36.8;conforme;Prélabel  accordé;Prélabel accordé suite au pitching, Coloc'Qui, Chaima Torkhani, Maroua Torkhani, PropTech, Label;1;
10/2022;38;14;7;1;6;8;36.8;conforme;N.A;N.A, Label non accordé, Label non accordé dès le 2ème tour, First Master Class, Kais Khenine, EdTech, Label;-;
10/2022;38;14;7;1;6;8;36.8;conforme;N.A;N.A, Label non accordé, Label non accordé dès le 2ème tour;chilift;Lilia Bouricha
10/2022;38;14;7;1;6;8;36.8;conforme;Hichem Bouricha;Wellness, Label;-;
10/2022;38;14;7;1;6;8;36.8;conforme;N.A;N.A, Label non accordé, Label non accordé dès le 2ème tour, BIOTOPE / SmartEcolo, Mohamed salah NACHI, Kais Jrad, Khaled Kekli, Kamel Belhadj, Environment, Label;-;
10/2022;38;14;7;1;6;8;36.8;conforme;N.A;N.A, Label non accordé, Label non accordé dès le 2ème tour, STERECO, Ala Eddine Maatoug, HealthTech, Label;-;
10/2022;38;14;7;1;6;8;36.8;conforme;N.A;N.A, Label non accordé, Label non accordé dès le 2ème tour, EUROMAGHREB BUSINESS CENTER, Anis Msahli, Asma Chaabi, Business Software & Services, Label;-;
10/2022;38;14;7;1;6;8;36.8;conforme;N.A;N.A, Label non accordé, Label non accordé dès le 2ème tour, SK Tech, Karim Jelliti, Sabri Mzoughi, Fintech, Label;-;
10/2022;38;14;7;1;6;8;36.8;conforme;N.A;N.A, Label non accordé, Label non accordé dès le 2ème tour, YILDIZ BUSINESS TRAVEL, Ons Kchaou, Sami Kchaou, TravelTech, Label;-;
10/2022;38;14;7;1;6;8;36.8;conforme;N.A;N.A, Label non accordé, Label non accordé dès le 2ème tour, Open Mind Academy, Raouf Messai, Communication Services, Label;-;
10/2022;38;14;7;1;6;8;36.8;conforme;N.A;N.A, Label non accordé, Label non accordé dès le 2ème tour, RANKSTOP, Mohamed Ramzi Ben Youssef, Business Software & Services, Label;-;
10/2022;38;14;7;1;6;8;36.8;conforme;Label non accordé;Label non accordé suite au pitching, Dailymaps, Amine Ben Ammar, Mehdi Essid, Yassine Lassoued, Ad Tech and Creative Tech, Prélabel;-;
10/2022;38;14;7;1;6;8;36.8;conforme;N.A;N.A, Prélabel non accordé Prélabel non accordé dès le 2ème tour;Ia4Med;Nabil Besbes
10/2022;38;14;7;1;6;8;36.8;conforme;Maher Sakka;HealthTech, Prélabel;-;
10/2022;38;14;7;1;6;8;36.8;conforme;N.A;N.A, Prélabel non accordé Prélabel non accordé dès le 2ème tour, Ukla, Mohamed Achraf Mrabet, Ahmed Gouiaa, Mohamed Khalil Hosni, Consumer products and services, Prélabel;-;
10/2022;38;14;7;1;6;8;36.8;conforme;N.A;N.A, Prélabel non accordé Prélabel non accordé dès le 2ème tour, NovEV, Hamza Alsalihi, Abdelbari Ben Yagouta, Mobility, Prélabel;-;
10/2022;38;14;7;1;6;8;36.8;conforme;N.A;N.A, Prélabel non accordé Prélabel non accordé dès le 2ème tour, Prime Profs, Mehdi Ben hassine, Khaled Ben Hassine, EdTech, Prélabel;-;
10/2022;38;14;7;1;6;8;36.8;conforme;N.A;N.A, Prélabel non accordé Prélabel non accordé dès le 2ème tour, DRESTEK ( Destination Revenue Strategy, Technologies), Maher Guetary, TravelTech, Prélabel;-;
10/2022;38;14;7;1;6;8;36.8;conforme;N.A;N.A, Prélabel non accordé Prélabel non accordé dès le 2ème tour, Rendez-vous RDV, Salem Zgar, Social Business, Prélabel;-;
10/2022;38;14;7;1;6;8;36.8;conforme;N.A;N.A, Prélabel non accordé Prélabel non accordé dès le 2ème tour, Digex, Mohamed Jedidi, Haythem Achour, Commerce & Shopping, Prélabel;-;
10/2022;38;14;7;1;6;8;36.8;conforme;N.A;N.A, Prélabel non accordé Prélabel non accordé dès le 2ème tour, Upmarket, Kais Abid, Mohamed Yermani, Communication services, Prélabel;-;
10/2022;38;14;7;1;6;8;36.8;conforme;N.A;N.A, Prélabel non accordé Prélabel non accordé dès le 2ème tour, KANTARA, Kais Ben Ammar, Jihed Baccouche, Mohamed Kharrat, Fourat Beji, Business Software & Services, Prélabel;-;
10/2022;38;14;7;1;6;8;36.8;conforme;N.A;N.A, Prélabel non accordé Prélabel non accordé dès le 2ème tour;ﺔﺑرﺟﺗﻟا شﯾﻋ / Ich Tajerba;Seif Eddine Ferjani
10/2022;38;14;7;1;6;8;36.8;conforme;Oussema Gharbi;Amel Lagha, Wafa Bourguiba, EdTech, Prélabel;-;
10/2022;38;14;7;1;6;8;36.8;conforme;N.A;N.A, Prélabel non accordé Prélabel non accordé dès le 2ème tour, Shipper Network, Racem Chakroun, Becem Zahgden, Commerce & Shopping, Prélabel;-;
10/2022;38;14;7;1;6;8;36.8;conforme;Prélabel non accordé Prélabel non accordé suite au pitching;AMIGO, Oussama Alibi, Mobility, Prélabel;-;
10/2022;38;14;7;1;6;8;36.8;conforme;Prélabel non accordé Prélabel non accordé suite au pitching;Passage de Prélabels aux Labels, Société, Projet, Fondateurs, Secteur, Session d'obtention;du Prélabel;Résultat
10/2022;38;14;7;1;6;8;36.8;conforme;Commentaires;INNOROV, INNOROV, Mohamed Aziz Boufaied, Mohamed Khalil Mattar, Khalil Selmane, Yasmine Kerkeny, Advanced Manufacturing;& Industry;Avril 2022
10/2022;38;14;7;1;6;8;36.8;conforme;Label accordé;Label accordé suite à la création de la Startup et le respect des;conditions d'octroi;Vectors Software
10/2022;38;14;7;1;6;8;36.8;conforme;Vectors Software;Melek Jebnoun, Sofien Chaabouni, Business Software &, Services, Mai 2022, Label accordé, Label accordé suite à la création de la Startup et le respect des;conditions d'octroi;Wise Board
10/2022;38;14;7;1;6;8;36.8;conforme;Wise Board;Slim Abdejelil, Ali Ayari, Slim Oueslati, Rym Oueslati, Fintech, Août 2022, Label accordé, Label accordé suite à la création de la Startup et le respect des;conditions d'octroi;Digihunt
10/2022;38;14;7;1;6;8;36.8;conforme;Digihunt;Ahmed Ismail Azzabi, Wahiba Ben Fredj, Business Software &, Services, Avril 2022, Label accordé, Label accordé suite à la création de la Startup et le respect des;conditions d'octroi;Fluoink nanotechnologies
10/2022;38;14;7;1;6;8;36.8;conforme;Fluoink nanotechnologies;Ramzi Maalej, Fakher Chabchoub, Hanen Douiri, Marwa Abid, Advanced Manufacturing;& Industry;Mai 2022
10/2022;38;14;7;1;6;8;36.8;conforme;Label accordé;Label accordé suite à la création de la Startup et le respect des;conditions d'octroi;Meeda Inc
10/2022;38;14;7;1;6;8;36.8;conforme;Meeda la table connectée destinée à;;votre usage intérieur et extérieur.;Aziz Annabi
10/2022;38;14;7;1;6;8;36.8;conforme;Consumer Product &;Services, Août 2022, Label accordé, Label accordé suite à la création de la Startup et le respect des;conditions d'octroi;Retrait de Label Startup
10/2022;38;14;7;1;6;8;36.8;conforme;Société;Fondateurs, Secteur, Session d'obtention;du Label;Décision
10/2022;38;14;7;1;6;8;36.8;conforme;Commentaires;Smart Mobility, Mokhles Masmoudi, IoT, Avril 2019, Retrait du Label, La société a dépassé l'âge maximum de 8 ans fixé par la loi 20-;2018 pour les sociétés bénéficiaires du Label;
11/2022;34;17;10;0;8;9;50.0;conforme;N.A;N.A, Label accordé, Label accordé dès le 2ème tour, Foodoo Nutrition, Sahli Houssem, Sonia Othman, FoodTech & New Food, Label;8;
11/2022;34;17;10;0;8;9;50.0;conforme;N.A;N.A, Label accordé, Label accordé dès le 2ème tour, Relead, Hadhami Rjiba, Rayen Cherni, Ad Tech and Creative Tech, Label;7;
11/2022;34;17;10;0;8;9;50.0;conforme;N.A;N.A, Label accordé, Label accordé dès le 2ème tour, Houda Ghozzi a déclaré avoir un conflit d'intérêt, AMAL XR, Kais Siala, Mahdi Kharrat, Mohamed Bassem Mazghouni, Mohamed Kharrat, Mohamed Belghith, HealthTech, Label;7;
11/2022;34;17;10;0;8;9;50.0;conforme;N.A;N.A, Label accordé, Label accordé dès le 2ème tour, Arkan, Hassen Marzouk, Tarek Marzouk, Commerce and shopping, Label;6;
11/2022;34;17;10;0;8;9;50.0;conforme;N.A;N.A, Label accordé, Label accordé dès le 2ème tour, Shape, Rahma Ben Abid, EdTech, Label;5;
11/2022;34;17;10;0;8;9;50.0;conforme;N.A;N.A, Label accordé, Label accordé dès le 2ème tour, Elokencia, Mohamed Moez Touil, Houcem Ben Lasfar, Services de communication, Label;5;
11/2022;34;17;10;0;8;9;50.0;conforme;N.A;N.A, Label accordé, Label accordé dès le 2ème tour, Mon Ingénieur Express, Mohamed Moatez Jendoubi, Frederic Delahaigue, Business Software & Services, Label;5;
11/2022;34;17;10;0;8;9;50.0;conforme;N.A;N.A, Label accordé, Label accordé dès le 2ème tour, Rendez vous, Zied Hamouda, Consumer products and services Label;1;
11/2022;34;17;10;0;8;9;50.0;conforme;Label accordé;Label accordé suite au pitching, DeepAI, Seifedine Guizeni, Jihène Ben Slimene, Ad Tech and Creative Tech, Prélabel;8;
11/2022;34;17;10;0;8;9;50.0;conforme;N.A;N.A, Prélabel  accordé, Prélabel accordé dès le 2ème tour, YARI, Mohamed Adel Tarki, Mohamed Nejib Bejar, HealthTech, Prélabel;8;
11/2022;34;17;10;0;8;9;50.0;conforme;N.A;N.A, Prélabel  accordé, Prélabel accordé dès le 2ème tour, IZICLAIM, Ghassen Sghaier, Mohamed Sghaier, Senda Akili, FinTech, Prélabel;8;
11/2022;34;17;10;0;8;9;50.0;conforme;N.A;N.A, Prélabel  accordé, Prélabel accordé dès le 2ème tour, FeedIn, Amal khémira, AgriTech, Prélabel;7;
11/2022;34;17;10;0;8;9;50.0;conforme;N.A;N.A, Prélabel  accordé, Prélabel accordé dès le 2ème tour, Firma Solutions, Hamza Mehdaoui, Haythem Ilehi, Ghazi Tlalet, AgriTech, Prélabel;5;
11/2022;34;17;10;0;8;9;50.0;conforme;N.A;N.A, Prélabel  accordé, Prélabel accordé dès le 2ème tour, Planet Dev, Achref Chouchene, Mohamed Houcem Eddine Ibn Essghaier, Khouloud Essghaier, Nermine Abid, Social Business, Prélabel;5;
11/2022;34;17;10;0;8;9;50.0;conforme;N.A;N.A, Prélabel  accordé, Prélabel accordé dès le 2ème tour, Flexipik, Mohamed Amine Kefi, Beya Ben Saâd, Communication services, Prélabel;5;
11/2022;34;17;10;0;8;9;50.0;conforme;N.A;N.A, Prélabel  accordé, Prélabel accordé dès le 2ème tour, OTOSPEX, Karim Ben Saber, Houssam Rihane, Business Software and services, Prélabel;4;
11/2022;34;17;10;0;8;9;50.0;conforme;Prélabel  accordé;Prélabel accordé suite au pitching, ID grouping&connect, Ftouma Bannour, Mahdi Ben Ahmed, HealthTech, Prélabel;3;
11/2022;34;17;10;0;8;9;50.0;conforme;Prélabel  accordé;Prélabel accordé suite au pitching, PRO'FIT, Salim Benaoun, Mohamed Wassim Abidi, Hela Msaddek, Consumer products and services Prélabel;3;
11/2022;34;17;10;0;8;9;50.0;conforme;Prélabel  accordé;Prélabel accordé suite au pitching, Dentallx, Ayoub Maatallaoui, Hanane El Kaoui, Sirine Guediche, HealthTech, Label;-;
11/2022;34;17;10;0;8;9;50.0;conforme;N.A;N.A, Label non accordé, Label non accordé dès le 2ème tour, EPI GreenVision, Mohamed Ali Karoui, Environment, Label;-;
11/2022;34;17;10;0;8;9;50.0;conforme;N.A;N.A, Label non accordé, Label non accordé dès le 2ème tour, Plateformance, Francois Dejeager, Anis Dabbebi, Saber Jelassi, Business Software and services, Label;-;
11/2022;34;17;10;0;8;9;50.0;conforme;N.A;N.A, Label non accordé, Label non accordé dès le 2ème tour, FTM, Rami Htira, Mondher Htira, Ad Tech and Creative Tech, Label;-;
11/2022;34;17;10;0;8;9;50.0;conforme;N.A;N.A, Label non accordé, Label non accordé dès le 2ème tour, MIZZA, Hamza Naoui, Aya Kelthoumi, Business Software and services, Label;-;
11/2022;34;17;10;0;8;9;50.0;conforme;N.A;N.A, Label non accordé, Label non accordé dès le 2ème tour, Stardust.tn, Najmeddine Bouzir, Emna Bahri, Commerce and shopping, Prélabel;3;
11/2022;34;17;10;0;8;9;50.0;conforme;N.A;N.A, Prélabel non accordé Prélabel non accordé dès le 2ème tour, Smart Factory, Melek Mehrez, Firas Mehrez, Advanced Manufacturing &, Robotics, Prélabel;1;
11/2022;34;17;10;0;8;9;50.0;conforme;N.A;N.A, Prélabel non accordé Prélabel non accordé dès le 2ème tour;tracetech;Hamdi Amine Elkhaldi
11/2022;34;17;10;0;8;9;50.0;conforme;Ferid Rahmani;Adel Loussaief, Advanced Manufacturing &, Robotics, Prélabel;-;
11/2022;34;17;10;0;8;9;50.0;conforme;N.A;N.A, Prélabel non accordé Prélabel non accordé dès le 2ème tour, ANZAR, Aziz Hlaoua, Real Estate Tech, Prélabel;-;
11/2022;34;17;10;0;8;9;50.0;conforme;N.A;N.A, Prélabel non accordé Prélabel non accordé dès le 2ème tour;wecoloc;Mohamed Amine Grichi
11/2022;34;17;10;0;8;9;50.0;conforme;Real Estate Tech;Prélabel;-;
11/2022;34;17;10;0;8;9;50.0;conforme;N.A;N.A, Prélabel non accordé Prélabel non accordé dès le 2ème tour, Livmo, Oussema Marai, Sami Naifar, TravelTech, Prélabel;-;
11/2022;34;17;10;0;8;9;50.0;conforme;N.A;N.A, Prélabel non accordé Prélabel non accordé dès le 2ème tour, Paymoi, Wassim Challouf, Business Software and services, Prélabel;-;
11/2022;34;17;10;0;8;9;50.0;conforme;N.A;N.A, Prélabel non accordé Prélabel non accordé dès le 2ème tour, Education à l'entrepreneuriat pour les;adolescents;Najla Ben Haj Maouia
11/2022;34;17;10;0;8;9;50.0;conforme;Dhia Tajouri;Sahar Tajouri, EdTech, Prélabel;-;
11/2022;34;17;10;0;8;9;50.0;conforme;N.A;N.A, Prélabel non accordé Prélabel non accordé dès le 2ème tour, Nēo, Elyes Darghouth, Nabil Majoul, Ahmed Choucheni, FinTech, Prélabel;-;
11/2022;34;17;10;0;8;9;50.0;conforme;Prélabel non accordé Prélabel non accordé suite au pitching;Lendi, Karim Ben Khaled, Hichem Fantar, FinTech, Prélabel, N.A, N.A, N.A, N.A, N.A, N.A, Prélabel non accordé, Le dossier est réfusé  pour non présentation de l’;approbation préalable à tout exercice d’activité bancaire;octroyée par l’autorité administrative compétente à
11/2022;34;17;10;0;8;9;50.0;conforme;Passage de Prélabels aux Labels;Société, Projet, Fondateurs, Secteur, Session d'obtention;du Prélabel;Résultat
11/2022;34;17;10;0;8;9;50.0;conforme;Commentaires;;D-carte solutions;D-Carte
11/2022;34;17;10;0;8;9;50.0;conforme;Fourat Ouerghemmi;Skander Hadj Romdhan, Ala Ben Hassen, Business Software & Services, Août 2022, Label accordé, Label accordé suite à la création de la Startup et le respect des;conditions d'octroi;Ste BITAQA TN
11/2022;34;17;10;0;8;9;50.0;conforme;Bitaqa;Amine Miladi, Business Software & Services, Septembre 2022, Label accordé, Label accordé suite à la création de la Startup et le respect des;conditions d'octroi;Wisevision Artificial Intelligence
11/2022;34;17;10;0;8;9;50.0;conforme;Technologies;Wise Vision, Soufi Majdeddine, Bassem Mathlouthi, Rawand Skoury, Malek Zribi, Kenza Boukhris, Business Software & Services, Juin 2022, Label accordé, Label accordé suite à la création de la Startup et le respect des;conditions d'octroi;ITOps Bridge
11/2022;34;17;10;0;8;9;50.0;conforme;Bridge Itops;Walid Saad, Business Software & Services, Mai 2022, Label accordé, Label accordé suite à la création de la Startup et le respect des;conditions d'octroi;SOUGUI E-SHOP
11/2022;34;17;10;0;8;9;50.0;conforme;Sougui;Hamza Jabnouni, Abderraouf Achouch, Alaeddine Abidi, Commerce and shopping, Juin 2022, Label accordé, Label accordé suite à la création de la Startup et le respect des;conditions d'octroi;Denarius Payment Services
11/2022;34;17;10;0;8;9;50.0;conforme;Watto;Selim Mohamed Gharbi, Omar Khemakhem, FinTech, Octobre 2022, Label accordé, Label accordé suite à la création de la Startup et le respect des;conditions d'octroi;Deltabionic
11/2022;34;17;10;0;8;9;50.0;conforme;Tunibionics;Dhia Elhak Guedri, Farah Jenhani, Nasreddine Hamdi, Advanced Manufacturing &, Robotics, Juin 2022, Label accordé, Label accordé suite à la création de la Startup et le respect des;conditions d'octroi;STE OCEANUSTART
11/2022;34;17;10;0;8;9;50.0;conforme;Oceanus;Sami Bellalah, Houneida Majdoub, Seifeddine Majdoub, Environment, Septembre 2022, Label accordé, Label accordé suite à la création de la Startup et le respect des;conditions d'octroi;
12/2022;30;16;5;0;9;7;53.3;corrigee;N.A;N.A, Label accordé, Label accordé dès le 2ème tour, Petsigo, Dhia Zitouni, Hafedh Dridi, HealthTech, Label;8;
12/2022;30;16;5;0;9;7;53.3;corrigee;N.A;N.A, Label accordé, Label accordé dès le 2ème tour, LIPONOV, Jannet Kamoun, Ahmed Aloulou, HealthTech, Label;8;
12/2022;30;16;5;0;9;7;53.3;corrigee;N.A;N.A, Label accordé, Label accordé dès le 2ème tour, Asterkid, Mohamed Amine Ziraoui, Amel Barbou, Business Software & Services, Label;7;
12/2022;30;16;5;0;9;7;53.3;corrigee;N.A;N.A, Label accordé, Label accordé dès le 2ème tour, KADRA NOVA - KN نﺋﺎﻛ, Khalifa Zeddini, Walid Zeddini, Yasmina Zarrouk, Environment/Energie, Label;7;
12/2022;30;16;5;0;9;7;53.3;corrigee;N.A;N.A, Label accordé, Label accordé dès le 2ème tour, Jemolio, Malek Lamine, Karim Soussi, Malek Ben Mbarek, Consumer Product & Services Label;6;
12/2022;30;16;5;0;9;7;53.3;corrigee;N.A;N.A, Label accordé, Label accordé dès le 2ème tour, Yoteqi, Mohamed Khedher, Jalel Ben Romdhane, Social Business, Label;6;
12/2022;30;16;5;0;9;7;53.3;corrigee;N.A;N.A, Label accordé, Label accordé dès le 2ème tour, Taskflow, Walid Meddeb, Mohamed Aziz Lahkimi, Mobility, Prélabel;8;
12/2022;30;16;5;0;9;7;53.3;corrigee;N.A;N.A, Prélabel  accordé, Prélabel accordé dès le 2ème tour, Papi'Pets, Emna Bellagha, Achref Ksontini, Chahrazed Remadi, Mortadha Ouadday, FoodTech & New Food, Prélabel;8;
12/2022;30;16;5;0;9;7;53.3;corrigee;N.A;N.A, Prélabel  accordé, Prélabel accordé dès le 2ème tour, SunAir Fountain® : Générateur d’eau de;boisson atmosphérique par le solaire;Rami Elgolli
12/2022;30;16;5;0;9;7;53.3;corrigee;Luc Metivier;Environment, Prélabel;8;
12/2022;30;16;5;0;9;7;53.3;corrigee;N.A;N.A, Prélabel  accordé, Prélabel accordé dès le 2ème tour, Tennex Tunisie, Chahine Hamila, Business Software & Services, Prélabel;6;
12/2022;30;16;5;0;9;7;53.3;corrigee;N.A;N.A, Prélabel  accordé, Prélabel accordé dès le 2ème tour, WeMiam HappyTeams, Mohamed Aimen Jouini, EdTech, Prélabel;6;
12/2022;30;16;5;0;9;7;53.3;corrigee;N.A;N.A, Prélabel  accordé, Prélabel accordé dès le 2ème tour, Cava.tn, Mohamed Ben Youssef, Commerce and shopping, Label;3;
12/2022;30;16;5;0;9;7;53.3;corrigee;N.A;N.A, Label non accordé, Label non accordé dès le 2ème tour, FastCharging, Hamza Guizani, Nizar Guizani, Mobility, Label;2;
12/2022;30;16;5;0;9;7;53.3;corrigee;N.A;N.A, Label non accordé, Label non accordé dès le 2ème tour, SamRise, Mohamed Aziz Ben Mahmoud, Mariem Hamzaoui, Imed hanana, Meriem Dkhil, Feriel Ben Hassine, Arbi Soussi, Business Software & Services, Label;1;
12/2022;30;16;5;0;9;7;53.3;corrigee;N.A;N.A, Label non accordé, Label non accordé dès le 2ème tour, OREADZ, Sami Mokaddem, Atef Attia, Aymen Draoui, Consumer products and;services;Label
12/2022;30;16;5;0;9;7;53.3;corrigee;N.A;N.A, Label non accordé, Label non accordé dès le 2ème tour, Laboratoire HYGIE, Sahbi Ben Lamine, HealthTech, Label;-;
12/2022;30;16;5;0;9;7;53.3;corrigee;N.A;N.A, Label non accordé, Label non accordé suite au pitching, Culinary, Dhouha Kouki, Asma Chebbi, Elyes Somai, FoodTech & New Food, Prélabel;2;
12/2022;30;16;5;0;9;7;53.3;corrigee;N.A;N.A, Label non accordé, Label non accordé suite au pitching, WMS, Mohamed Naoues, Yosr Salhi, Business Software & Services, Prélabel;-;
12/2022;30;16;5;0;9;7;53.3;corrigee;N.A;N.A, Prélabel non accordé Prélabel non accordé dès le 2ème tour, Fabriquer les produits électroniques, Marwene Selmi, Consumer products and;services;Prélabel
12/2022;30;16;5;0;9;7;53.3;corrigee;N.A;N.A, Prélabel non accordé Prélabel non accordé dès le 2ème tour, Aram Clinic, Aymen Boujbel, HealthTech, Prélabel;-;
12/2022;30;16;5;0;9;7;53.3;corrigee;N.A;N.A, Prélabel non accordé Prélabel non accordé dès le 2ème tour, AsOne4Health, Abdelhalim Rafrafi, HealthTech, Prélabel;-;
12/2022;30;16;5;0;9;7;53.3;corrigee;N.A;N.A, Prélabel non accordé Prélabel non accordé dès le 2ème tour, Zoubeir Tourki a déclaré avoir un conflit d'intérêt, Canadin, Aymen Jhidri, Wassim Abdel Malek, Mohamed Ali Ben Slimen, Souad Belghith, Dhiaeddinne Rahali, Business Software & Services, Prélabel;-;
12/2022;30;16;5;0;9;7;53.3;corrigee;N.A;N.A, Prélabel non accordé Prélabel non accordé dès le 2ème tour, Achref Bejaoui, Achref Bejaoui, Ilyes Elgaied, Advanced Manufacturing &, Robotics, Prélabel;-;
12/2022;30;16;5;0;9;7;53.3;corrigee;N.A;N.A, Prélabel non accordé Prélabel non accordé dès le 2ème tour, TGL - The German Lab, Adnen Ben Chagra, Mohamed Elyess Kharroubi, EdTech, Prélabel;-;
12/2022;30;16;5;0;9;7;53.3;corrigee;N.A;N.A, Prélabel non accordé Prélabel non accordé dès le 2ème tour, MTM SOLUTIONS, Marwa Agrebi, Aymen Kassis, Business Software & Services, Prélabel;-;
12/2022;30;16;5;0;9;7;53.3;corrigee;N.A;N.A, Prélabel non accordé Prélabel non accordé dès le 2ème tour, Siraj'Tech, Majd Ghdiri, Siwar Lachiheb, Youssef Gorcia, Houssem Cheffi, Environment, Prélabel;-;
12/2022;30;16;5;0;9;7;53.3;corrigee;N.A;N.A, Prélabel non accordé Prélabel non accordé dès le 2ème tour, Chfamma Ftour, Jihed Jed, FoodTech & New Food, Prélabel;-;
12/2022;30;16;5;0;9;7;53.3;corrigee;N.A;N.A, Prélabel non accordé Prélabel non accordé dès le 2ème tour, Marsix, Mohamed Amine Moussa, Consumer products and;services;Prélabel
12/2022;30;16;5;0;9;7;53.3;corrigee;N.A;N.A, Prélabel non accordé Prélabel non accordé suite au pitching, TerraÏne, Zeineb Zardoumi, FoodTech & New Food, Prélabel;-;
12/2022;30;16;5;0;9;7;53.3;corrigee;N.A;N.A, Prélabel non accordé Prélabel non accordé suite au pitching, Passage de Prélabels aux Labels, Société, Projet, Fondateurs, Secteur, Session d'obtention;du Prélabel;Résultat
12/2022;30;16;5;0;9;7;53.3;corrigee;Commentaires;Baktrain Solutions, Bakourat, Oumaya Mejri, Hannachi Wassim, Tezeghedenti Asma, Agritech, Mai 2022, Label accordé, Label accordé suite à la création de la Startup et le respect des;conditions d'octroi;TAOO
12/2022;30;16;5;0;9;7;53.3;corrigee;TAOO;Walid Hached, Fintech, Juillet 2022, Label accordé, Label accordé suite à la création de la Startup et le respect des;conditions d'octroi;Taw Taw Group
12/2022;30;16;5;0;9;7;53.3;corrigee;Taw Taw Group;Nacir Bouazizi, Mobility, Juillet 2022, Label accordé, Label accordé suite à la création de la Startup et le respect des;conditions d'octroi;DOTS TECHNOLOGY
12/2022;30;16;5;0;9;7;53.3;corrigee;Auto Sans Risque;Ali Koubaa, Feryel Mechri, Mohamed Koubaa, Consumer products and;services;Mai 2022
12/2022;30;16;5;0;9;7;53.3;corrigee;Label accordé;Label accordé suite à la création de la Startup et le respect des;conditions d'octroi;EquiBooster
12/2022;30;16;5;0;9;7;53.3;corrigee;EquiBooster;Farouk Bouzouita, Saber Elabidi, Nadia Sghaier, Social Business, Mai 2022, Label accordé, Label accordé suite à la création de la Startup et le respect des;conditions d'octroi;Karma solution
12/2022;30;16;5;0;9;7;53.3;corrigee;KARMA;Sofiene Ben Hamida, Mohamed Zied Razzegui, Rania Zarg El Ayoun, Khaled Taher, Business Software &, Services, Octobre 2022, Label accordé, Label accordé suite à la création de la Startup et le respect des;conditions d'octroi;EDATA WAREHOUSE
12/2022;30;16;5;0;9;7;53.3;corrigee;Kamel Chahed;Fakhri Jemail, Business Software &, Services, Juillet 2022, Label accordé, Label accordé suite à la création de la Startup et le respect des;conditions d'octroi;BIGDATIS
12/2022;30;16;5;0;9;7;53.3;corrigee;BIGDATIS;Ahlem Bouchahda, Amine Fahem, Real Estate Tech, Juin 2022, Label accordé, Label accordé suite à la création de la Startup et le respect des;conditions d'octroi;Feed In Green
12/2022;30;16;5;0;9;7;53.3;corrigee;FeedIn;Amal Khémira, Agritech, Novembre 2022, Label accordé, Label accordé suite à la création de la Startup et le respect des;conditions d'octroi;
01/2023;26;16;6;2;10;6;61.5;conforme;N.A;N.A, Label accordé, Label accordé dès le 2ème tour, Mohamed Salah Frad a déclaré un conflit d'intérêt, Dooda, Mhamed Ali Abassi, Omar Louzir, Aziz Kaouech, FoodTech & New Food, Label;6;Label accordé
01/2023;26;16;6;2;10;6;61.5;conforme;Label accordé dès le 2ème tour;Houda Ghozzi a déclaré avoir un conflit d'intérêt, Crop's Talk, Rabeb Fersi, Samir Chebil, Chahine Fersi, Yassine Awadni, Riadh Jomaa, Agritech, Label;9;
01/2023;26;16;6;2;10;6;61.5;conforme;N.A;N.A, Label accordé, Label accordé dès le 2ème tour, Pixii Motors, Anis Fekih;koutheir cherni;Wafa Dhifi
01/2023;26;16;6;2;10;6;61.5;conforme;Mobility;Label;8;
01/2023;26;16;6;2;10;6;61.5;conforme;N.A;N.A, Label accordé, Label accordé dès le 2ème tour, Houda Ghozzi a déclaré avoir un conflit d'intérêt, HawKar, Khadija Jallouli, Seifeddine Aissa, Mobility, Label;9;
01/2023;26;16;6;2;10;6;61.5;conforme;N.A;N.A, Label accordé, Label accordé dès le 2ème tour, IASOTWIN, Mohamed Moez Touil Touil, Mohamed Hamdi, Linda Touil, Yasmine Bziouech, Houcem Eddine Ben Lasfar, HealthTech, Label;2;
01/2023;26;16;6;2;10;6;61.5;conforme;Label accordé;Label accordé au 3ème tour, Smart For Green: Farm and, Forest Fire Protection, Sahli Nader, Sabri Sahli, Karim Fathallah, Rania Fathallah, Mohamed-Hedi Mellekh, Oussema Charbib, Wael Fathallah, Mohamed Ali Fathallah, Agritech, Prélabel;9;
01/2023;26;16;6;2;10;6;61.5;conforme;N.A;N.A, Prélabel accordé, Prélabel accordé dès le 2ème tour, DigiMove, Iheb Lourimi, Saif touzi, Haoua Guezguez, Nour Ladhari, Nassim Bensassi, Hfaiedh Bedoui, EdTech, Prélabel;8;
01/2023;26;16;6;2;10;6;61.5;conforme;N.A;N.A, Prélabel accordé, Prélabel accordé dès le 2ème tour, Boky, Mohamed Aziz Brinis, Othmane Barnis, TravelTech, Prélabel;7;
01/2023;26;16;6;2;10;6;61.5;conforme;N.A;N.A, Prélabel accordé, Prélabel accordé dès le 2ème tour, Train Your Mind, Ghofrane Ben Mabrouk, Mohamed Khalil Ben Chebil, Mohamed Salah Ouelhazi, HealthTech, Prélabel;7;
01/2023;26;16;6;2;10;6;61.5;conforme;N.A;N.A, Prélabel accordé, Prélabel accordé dès le 2ème tour, Mouqawel, Ikbel Sassi, Business Software & Services, Prélabel;4;
01/2023;26;16;6;2;10;6;61.5;conforme;Prélabel accordé;Prélabel accordé au 3ème tour, Link Park, Emna Skhiri, Omar Triki, Business Software & Services, Prélabel;2;
01/2023;26;16;6;2;10;6;61.5;conforme;Prélabel accordé;Prélabel accordé au 3ème tour, URBAN DANCE, Ala Zrafi, Mansoura Jilani, Wellness, Label;-;
01/2023;26;16;6;2;10;6;61.5;conforme;N.A;N.A, Label non accordé, Label non accordé dès le 2ème tour, Hbibty Market, Rahma Mabrouk, Baha Wiem Agrebi EP Johnson, Skander Benzarti, Meriam Maaloul, FoodTech & New Food, Label;-;
01/2023;26;16;6;2;10;6;61.5;conforme;N.A;N.A, Label non accordé, Label non accordé dès le 2ème tour, BusinessChat, Wifak Ghaddab, Hayet El Ayeb, Business Software & Services, Label;-;
01/2023;26;16;6;2;10;6;61.5;conforme;N.A;N.A, Label non accordé, Label non accordé dès le 2ème tour, YASLINE ENGINEERING, Nizar Romdhane, Salsabil Mansouri, Business Software & Services, Label;-;
01/2023;26;16;6;2;10;6;61.5;conforme;N.A;N.A, Label non accordé, Label non accordé dès le 2ème tour, LIGHTRESA, Mohamed Mellouki, TravelTech, Label;3;
01/2023;26;16;6;2;10;6;61.5;conforme;N.A;N.A, Label non accordé, Label non accordé dès le 2ème tour, KLAP, Taoufik Belkhodja, Ad Tech and Creative Tech, Label;1;
01/2023;26;16;6;2;10;6;61.5;conforme;Label non accordé;Label non accordé au 3ème tour, AGROVAL PLUS, Ataa Barkaoui, Alaa Barkaoui, EdTech, Prélabel;4;
01/2023;26;16;6;2;10;6;61.5;conforme;N.A;N.A, Prélabel non accordé, Prélabel non accordé dès le 2ème tour, Watar cover, Dhaker Boughattas, Zied Chouikh, Advanced Manufacturing &, Robotics, Prélabel;3;
01/2023;26;16;6;2;10;6;61.5;conforme;N.A;N.A, Prélabel non accordé, Prélabel non accordé dès le 2ème tour, Le dépanneur, Sabrine Rais Bouzgarrou, Mahmoud Kortas, Consumer Product & Services, Prélabel;-;
01/2023;26;16;6;2;10;6;61.5;conforme;N.A;N.A, Prélabel non accordé, Prélabel non accordé dès le 2ème tour, COLISPO, Sana Hamdi, Lasaad Geusmi, Nasreddine Hnana, Amor Skah, TravelTech, Prélabel;-;
01/2023;26;16;6;2;10;6;61.5;conforme;N.A;N.A, Prélabel non accordé, Prélabel non accordé dès le 2ème tour, Modèle SHE, Ahmed Chouikh, Sara Ben Aissa, Menel Azouz, Wellness, Prélabel;3;
01/2023;26;16;6;2;10;6;61.5;conforme;Prélabel non accordé;Prélabel non accordé au 3ème tour;clik2read/MIP Livrel;Ahmed Sami Meksi
01/2023;26;16;6;2;10;6;61.5;conforme;Nebil Briki;Ahmed Sami Meksi, Meriem Zouari, EdTech, Label, N.A, N.A, N.A, N.A, N.A, N.A, Label non accordé, Le dossier est irrecevable pour non conformité aux;critères d'éligibilité décrits par le décret 2018-840;fulfillmentbridge
01/2023;26;16;6;2;10;6;61.5;conforme;Ferjani Fethi;Kais Khadraoui, Business Software & Services, Label, N.A, N.A, N.A, N.A, N.A, N.A, Label non accordé, Label non accordé dès le 1 er tour., Le projet a déjà un label actif., Machind Fitness, Marwen Boukattaya, Consumer Product & Services, Label, N.A, N.A, N.A, N.A, N.A, N.A, Label non accordé, Label non accordé dès le 1 er tour. Le dossier est;irrecevable pour manque de documents requis par;le décret 2018-840
01/2023;26;16;6;2;10;6;61.5;conforme;Passage de Prélabels aux Labels;Société, Projet, Fondateurs, Secteur, Session d'obtention;du Prélabel;Résultat
01/2023;26;16;6;2;10;6;61.5;conforme;Commentaires;C'MIND, C'MIND, Maher Zahar, Sabri Barbaria, HealthTech, Juin 2022, Label accordé, Label accordé suite à la création de la Startup et le respect des;conditions d'octroi;IZ AGRI
01/2023;26;16;6;2;10;6;61.5;conforme;IZAGRI;Imen Zouari, Zineb Zouari, Agritech, Juillet 2022, Label accordé, Label accordé suite à la création de la Startup et le respect des;conditions d'octroi;IZICLAIM
01/2023;26;16;6;2;10;6;61.5;conforme;IZICLAIM;Ghassen Sghaier, Mohamed Sghaier, Senda Akili, InsuranceTech, Novembre 2022, Label accordé, Label accordé suite à la création de la Startup et le respect des;conditions d'octroi;WAF WAF HOUSE
01/2023;26;16;6;2;10;6;61.5;conforme;Waf Waf House;Cyrine Atallah, Emilio Illc La Peruta, Ridha Bouasker, Yusbely Nacary Jimenez Guerra, Hassine Atallah, Consumer Product &, Services, Août 2022, Label accordé, Label accordé suite à la création de la Startup et le respect des;conditions d'octroi;Dyno & Motiva Systems
01/2023;26;16;6;2;10;6;61.5;conforme;Moez Lidinellah Waddey;Mohamad Obeid, Mohamed Hedi Jridi, Fintech, Septembre 2022, Label accordé, Label accordé suite à la création de la Startup et le respect des;conditions d'octroi;Digital city innovation
01/2023;26;16;6;2;10;6;61.5;conforme;DIGITAL CITY INNOVATION;Hassouna Ben Jemaa, Noomen Tounsi, Social Business, Octobre 2022, Label accordé, Label accordé suite à la création de la Startup et le respect des;conditions d'octroi;Thnity Maas
01/2023;26;16;6;2;10;6;61.5;conforme;Thnity;Anouar Abdelkoudous Bouassida, Amina Garbouj, Sayma Besbes, Mobility, Août 2022, Label accordé, Label accordé suite à la création de la Startup et le respect des;conditions d'octroi;OPKODERLABS
01/2023;26;16;6;2;10;6;61.5;conforme;Taskflow;Walid Meddeb, Mohamed Aziz Lahkimi, Mobility, Décembre 2022, Label accordé, Label accordé suite à la création de la Startup et le respect des;conditions d'octroi;YARI PROJECT
01/2023;26;16;6;2;10;6;61.5;conforme;YARI;Mohamed Adel Tarki, Mohamed Nejib Bejar, HealthTech, Novembre 2022, Label accordé, Label accordé suite à la création de la Startup et le respect des;conditions d'octroi;WHEELZ
01/2023;26;16;6;2;10;6;61.5;conforme;PRO'FIT;Salim Benaoun, Mohamed Wassim Abidi, Hela Msaddek, Mobility, Novembre 2022, Label accordé, Label accordé suite à la création de la Startup et le respect des;conditions d'octroi;Retrait de Label Startup
01/2023;26;16;6;2;10;6;61.5;conforme;Société;Projet, Fondateurs, Secteur, Session d'obtention;du Prélabel;Résultat
01/2023;26;16;6;2;10;6;61.5;conforme;Commentaires;XTENDPLEX S A R L, XTENDPLEX, Ahmed Ben Hamouda, Hassan Cheriha, Fintech, Février 2020, Retrait du Label, La société a dépassé l'âge maximum de 8 ans fixé par la loi 20-2018 pour;les sociétés bénéficiaires du Label;Polysmart
01/2023;26;16;6;2;10;6;61.5;conforme;Polysmart;Ahmed Cheikhrouhou, Haroun Bouchrit, Ad Tech and Creative, Tech, Mars 2019, Retrait du Label, La société a dépassé l'âge maximum de 8 ans fixé par la loi 20-2018 pour;les sociétés bénéficiaires du Label;
02/2023;33;18;11;1;11;7;54.5;conforme;N.A;N.A, Label accordé dès le 2ème tour, Replic-A, Mejdi Bouaﬁf, Wissem Jerbi, Sonia Issaad, Business So�ware and services, Label;-;
02/2023;33;18;11;1;11;7;54.5;conforme;N.A;N.A, Label accordé dès le 2ème tour, Tunisia Baits, Ahmed Malek, Marwen Mokdad, Agritech, Label;-;
02/2023;33;18;11;1;11;7;54.5;conforme;N.A;N.A, Label accordé dès le 2ème tour, Tunisian Campers, Mohamed Temimi, Wellness, Label;1;
02/2023;33;18;11;1;11;7;54.5;conforme;N.A;N.A, Label accordé dès le 2ème tour, Tsiwrat Stock, Rania Makhlouf, Firas Chetouane, Ad Tech and Crea�ve Tech, Label;2;
02/2023;33;18;11;1;11;7;54.5;conforme;N.A;N.A, Label accordé dès le 2ème tour, Advantry X, Adam Bouchaala, Kawthar Ayedi, Advanced Manufacturing &, Robo�cs, Label;7;
02/2023;33;18;11;1;11;7;54.5;conforme;Label accordé au 3ème tour;KOM YA, Imene Aidi, Yosra Aydi, Meriam Aidi, Commerce and shopping, Label;5;
02/2023;33;18;11;1;11;7;54.5;conforme;Label accordé au 3ème tour;My Brain, Wissal Dhuib, Rahma Harzi, Yasmine Ben Saad, HealthTech, Prélabel;-;
02/2023;33;18;11;1;11;7;54.5;conforme;N.A;N.A, Prélabel accordé dès le 2ème tour, TOF: Tyres On Fire, Yassine Boumaiza, Oussama Bel Hadj Ali, Ad Tech and Crea�ve Tech, Prélabel;-;
02/2023;33;18;11;1;11;7;54.5;conforme;N.A;N.A, Prélabel accordé dès le 2ème tour;cercina.ai;Ahmed Ben Othman
02/2023;33;18;11;1;11;7;54.5;conforme;Oussema Bennour;Dhiaeddine Gharsallah, Ad Tech and Crea�ve Tech, Prélabel;-;
02/2023;33;18;11;1;11;7;54.5;conforme;N.A;N.A, Prélabel accordé dès le 2ème tour, Grün Skincare, Foued Kilani, Djazia Messous, Wellness, Prélabel;1;
02/2023;33;18;11;1;11;7;54.5;conforme;N.A;N.A, Prélabel accordé dès le 2ème tour, Xpro, Zied Hriz, Yosra Tahri, Agritech, Prélabel;1;
02/2023;33;18;11;1;11;7;54.5;conforme;N.A;N.A, Prélabel accordé dès le 2ème tour, Gi�y.tn, Haythem Il Banney, Jihed Chemlali, Commerce and shopping, Prélabel;1;
02/2023;33;18;11;1;11;7;54.5;conforme;N.A;N.A, Prélabel accordé dès le 2ème tour, A.M.I.S., Amel Ben Ammar Elgaïed, Rabie Razgallah, HealthTech, Prélabel;3;
02/2023;33;18;11;1;11;7;54.5;conforme;N.A;N.A, Prélabel accordé dès le 2ème tour, Ziwziw Family Friend, Siwar Mechri, Nawres Mechri, Samar Zardi, Yassmine Dahmene, EdTech, Prélabel;4;
02/2023;33;18;11;1;11;7;54.5;conforme;Prélabel accordé au 3ème tour;Houda Ghozzi a déclaré avoir un conﬂit d'intérêt, COADIS, Chaker Trabelsi, Imen jridi, Advanced Manufacturing &, Robo�cs, Prélabel;4;
02/2023;33;18;11;1;11;7;54.5;conforme;Prélabel accordé au 3ème tour;PARKEY, Mehdi Romdhane, Mobility, Prélabel;3;
02/2023;33;18;11;1;11;7;54.5;conforme;Prélabel accordé au 3ème tour;Thiqab, Kaouther Hedhly, Business So�ware and services, Prélabel;5;
02/2023;33;18;11;1;11;7;54.5;conforme;Prélabel accordé au 3ème tour;Cer�f.tn, Aicha Zahou, Sameh Ben Hmida, Ad Tech and Crea�ve Tech, Label;1;
02/2023;33;18;11;1;11;7;54.5;conforme;N.A;N.A, Label non accordé dès le 2ème tour, ITEM TUNISIA, Abdessalem Barkia, Advanced Manufacturing &, Robo�cs, Label;-;
02/2023;33;18;11;1;11;7;54.5;conforme;N.A;N.A, Label non accordé dès le 2ème tour, DigiQuorum, Nawel Brahmi, Business So�ware and services, Label;1;
02/2023;33;18;11;1;11;7;54.5;conforme;N.A;N.A, Label non accordé dès le 2ème tour, Addval Solu�ons, Aymen El Kadhi, Noamen Hassen, Business So�ware and services, Label;-;
02/2023;33;18;11;1;11;7;54.5;conforme;N.A;N.A, Label non accordé dès le 2ème tour, Ukka, Jean David Rombi, Ukka Ukka, Ad Tech and Crea�ve Tech, Label;-;
02/2023;33;18;11;1;11;7;54.5;conforme;N.A;N.A, Label non accordé dès le 2ème tour;8;
02/2023;33;18;11;1;11;7;54.5;conforme;Label non accordé;;7;Label non accordé
02/2023;33;18;11;1;11;7;54.5;conforme;Label non accordé;;7;Label non accordé
02/2023;33;18;11;1;11;7;54.5;conforme;Label non accordé;Label accordé, Label accordé, Label accordé, Label accordé, Label accordé, Label accordé, Label accordé, Prélabel accordé, Prélabel accordé, Prélabel accordé, Prélabel accordé, Prélabel accordé, Prélabel accordé, Prélabel accordé, Prélabel accordé, Prélabel accordé, Prélabel accordé, Prélabel accordé;1;CG-Box
02/2023;33;18;11;1;11;7;54.5;conforme;Abdelhedi Montassar;Mohamed Triki, Business So�ware and services, Label;-;
02/2023;33;18;11;1;11;7;54.5;conforme;N.A;N.A, Label non accordé dès le 2ème tour, Ar�ﬁs, Houssem Ben Romdhane, Ahmed Bellagha, Commerce and shopping, Prélabel;-;
02/2023;33;18;11;1;11;7;54.5;conforme;N.A;N.A, Prélabel non accordé dès le 2ème tour, Afar tunisie, Malek Radhouen, Commerce and shopping, Label;-;
02/2023;33;18;11;1;11;7;54.5;conforme;N.A;N.A, Label non accordé dès le 2ème tour, Moneymakr, Imen Me�ah, Karima Makhlouf, EdTech, Prélabel;-;
02/2023;33;18;11;1;11;7;54.5;conforme;N.A;N.A, Prélabel non accordé dès le 2ème tour, NER, Imen Moncer, Abderrahmen Ben Ouaghrem, Houssem Ben Cheikh, Maher Naouali, Real Estate Tech, Prélabel;-;
02/2023;33;18;11;1;11;7;54.5;conforme;N.A;N.A, Prélabel non accordé dès le 2ème tour, NEWAY Solu�ons, Alaa Maaoui, Amen Khliﬁ, Business So�ware and services, Prélabel;-;
02/2023;33;18;11;1;11;7;54.5;conforme;N.A;N.A, Prélabel non accordé dès le 2ème tour, NEVER LOST, Omar Baccar, Hager Bouchoucha, Soﬁene Mokhbi, Communica�on services, Prélabel;-;
02/2023;33;18;11;1;11;7;54.5;conforme;N.A;N.A, Prélabel non accordé dès le 2ème tour;booky;Mohamed Ali Bousboo
02/2023;33;18;11;1;11;7;54.5;conforme;Emna Bousboo;EdTech, Prélabel;-;
02/2023;33;18;11;1;11;7;54.5;conforme;N.A;N.A, Prélabel non accordé dès le 2ème tour, Tunisie Colis, Zied Beldi, Anis Harzallah, Mohamed Salah Mzoughi, Ahmed Ba�kh, Business So�ware and services, Prélabel;5;
02/2023;33;18;11;1;11;7;54.5;conforme;Prélabel non accordé au 3 ème tour;EyTecFarm, Malek Ben Mbarek, Lo�i Msaddak, Mohamed Ali Foura�, Imen Hbiri, Agritech, Prélabel;-;
02/2023;33;18;11;1;11;7;54.5;conforme;Prélabel non accordé au 3 ème tour;Voltat Technologies, Pozitron, Fedia El Ayeb, Ayeb Fahmi, Saadi Mohamed, Sghaier Mohamed Wael, Mobility, Juillet 2022, Label accordé suite à la créa�on de la Startup et le respect des;condi�ons d'octroi;CAMINOVA
02/2023;33;18;11;1;11;7;54.5;conforme;Caminova;Salma Bessalah, Sihem Bessalah, HealthTech, Août 2022, Label accordé suite à la créa�on de la Startup et le respect des;condi�ons d'octroi;SOCIETE  SAGUEDNI
02/2023;33;18;11;1;11;7;54.5;conforme;CapsaFood;Oussama Dhahri, Amine Chortani, Hadil Fouli, Mobility, Août 2022, Label accordé suite à la créa�on de la Startup et le respect des;condi�ons d'octroi;BLUEPSOL
02/2023;33;18;11;1;11;7;54.5;conforme;Power solu�on;Eskander Alaya, Ahmed Baccouch, Chaima GRIRA, Environment, Juillet 2022, Label accordé suite à la créa�on de la Startup et le respect des;condi�ons d'octroi;SOCIETE INNOVEGA
02/2023;33;18;11;1;11;7;54.5;conforme;Innovega;Rami Khouja, Rym Ghribi, Amira Ben Abdeljelil, Agritech, Août 2022, Label accordé suite à la créa�on de la Startup et le respect des;condi�ons d'octroi;MRC SURVEY
02/2023;33;18;11;1;11;7;54.5;conforme;MRC SURVEY;Mohamed Turki, Skander Hadj Mabrouk, Business So�ware and, Services, Octobre 2022, Label accordé suite à la créa�on de la Startup et le respect des;condi�ons d'octroi;Workly Hub
02/2023;33;18;11;1;11;7;54.5;conforme;Canadin;Aymen Jhidri, Wassim Abdel Malek, Mohamed Ali Ben Slimen, Souad Belghith, Dhiaeddinne Rahali, Business So�ware and, Services, Décembre 2022, Label accordé suite à la créa�on de la Startup et le respect des;condi�ons d'octroi;BEE SPRING
02/2023;33;18;11;1;11;7;54.5;conforme;Chedly Ellijimi;Wellness, Août 2022, Label accordé suite à la créa�on de la Startup et le respect des;condi�ons d'octroi;Elevage des abeilles pour la collecte
02/2023;33;18;11;1;11;7;54.5;conforme;Label non accordé;;5;Prélabel non accordé
02/2023;33;18;11;1;11;7;54.5;conforme;Label non accordé;;8;Prélabel non accordé
02/2023;33;18;11;1;11;7;54.5;conforme;Prélabel non accordé;;7;Prélabel non accordé
02/2023;33;18;11;1;11;7;54.5;conforme;Prélabel non accordé;;8;Prélabel non accordé
02/2023;33;18;11;1;11;7;54.5;conforme;Prélabel non accordé;;6;Prélabel non accordé
02/2023;33;18;11;1;11;7;54.5;conforme;Passage de Prélabels aux Labels;Société, Projet, Fondateurs, Secteur, Session d'obten�on;du Prélabel;Résultat
02/2023;33;18;11;1;11;7;54.5;conforme;Commentaires;Label accordé, Label accordé, Label accordé, Label accordé, Label accordé, Label accordé, Label accordé, Label accordé, Kickso� Studio, Kayo�ca, Zied Ben Slimene, Najla Hamza, Yassine Jdey, Menssi Mohamed Salem, Amine Angliz, Ad Tech and Crea�ve, Tech, Septembre 2022, Label accordé suite à la créa�on de la Startup et le respect des;condi�ons d'octroi;BOKYVACATIONS
02/2023;33;18;11;1;11;7;54.5;conforme;Boky;Mohamed Aziz Brinis, Othmane Barnis, TravelTech, Janvier 2023, Label accordé suite à la créa�on de la Startup et le respect des;condi�ons d'octroi;PAPIPETS
02/2023;33;18;11;1;11;7;54.5;conforme;Papi'Pets;Achref kson�ni, Chahrazed Remadi, Mortadha Ouadday, FoodTech & New Food, Décembre 2022, Label accordé suite à la créa�on de la Startup et le respect des;condi�ons d'octroi;Avempace
02/2023;33;18;11;1;11;7;54.5;conforme;Haythem Boughzala;Abdelhamid Kerkeni, Advanced Manufacturing;& Robo�cs;Juillet 2019
02/2023;33;18;11;1;11;7;54.5;conforme;La société a dépassé l'âge maximum de 8 ans ﬁxé par la loi 20-2018;;pour les sociétés bénéﬁciaires du Label;Label accordé
02/2023;33;18;11;1;11;7;54.5;conforme;Label accordé;Label accordé, Retrait de Label Startup, Société, Projet, Fondateurs, Secteur, Session d'obten�on;du Label;Résultat
03/2023;37;14;6;0;5;9;37.8;corrigee;N.A;N.A, Label accordé, Label accordé dès le 2ème tour, Tunarco, Nassira Barhoumi, Marwen El Bari, Advanced Manufacturing & Industry, Label;8;
03/2023;37;14;6;0;5;9;37.8;corrigee;N.A;N.A, Label accordé, Label accordé dès le 2ème tour, Gloristory, Héla Majdoub, Afef Majdoub, Ad Tech and Creative Tech, Label;7;
03/2023;37;14;6;0;5;9;37.8;corrigee;N.A;N.A, Label accordé, Label accordé dès le 2ème tour, CIVILAB, Zied Ayedi, Amine Grichi, Ali Ben Mohamed, Ad Tech and Creative Tech, Label;5;
03/2023;37;14;6;0;5;9;37.8;corrigee;N.A;N.A, Label accordé, Label accordé dès le 2ème tour, DLSgaming, Mansour Noucair, Mansour Haroun, Khalil Dridi, EdTech, Label;5;
03/2023;37;14;6;0;5;9;37.8;corrigee;N.A;N.A, Label accordé, Label accordé dès le 2ème tour, Detavoon, Mohamed Salem, Luay Ben Ali, HealthTech, Label;4;
03/2023;37;14;6;0;5;9;37.8;corrigee;N.A;N.A, Label accordé, Label accordé au 3ème tour, Laboratoire SCI, Chokri Nader, Wellness, Label;3;
03/2023;37;14;6;0;5;9;37.8;corrigee;Label accordé;Label accordé au 3ème tour, Contigo Booking Events, Mouayed Errahmene Sahnoun, Wassim Ayari, Consumer Product & Services, Label;-;
03/2023;37;14;6;0;5;9;37.8;corrigee;Label accordé;Label accordé au 3ème tour, Innovation production Services, Mehdi Ben Abdallah, Hichem Mansour, Chris Bennie, Advanced Manufacturing & Industry, Label;4;
03/2023;37;14;6;0;5;9;37.8;corrigee;Label accordé;Label accordé au 3ème tour, ARRIMA-AGRITECH, Majdi Saidi, Khouloud Ghorraf, Agritech, Prélabel;8;
03/2023;37;14;6;0;5;9;37.8;corrigee;N.A;N.A, Prélabel accordé, Prélabel accordé dès le 2ème tour, Probe.tn, Mohamed Kristou, Mohamed Hedi Jebali, HealthTech, Prélabel;6;
03/2023;37;14;6;0;5;9;37.8;corrigee;N.A;N.A, Prélabel accordé, Prélabel accordé dès le 2ème tour, MIGsens, Adnane Abdelghani, Khalifa Aguir, Environment, Prélabel;6;
03/2023;37;14;6;0;5;9;37.8;corrigee;N.A;N.A, Prélabel accordé, Prélabel accordé dès le 2ème tour, Firas Karoui a décalré avoir un conflit d'intérêt;iTrend;Mohamed Ali Blaiti
03/2023;37;14;6;0;5;9;37.8;corrigee;Business Software and services;Prélabel;5;
03/2023;37;14;6;0;5;9;37.8;corrigee;N.A;N.A, Prélabel accordé, Prélabel accordé dès le 2ème tour, RAF TELCOS, Fayçal Hamrouni, Sami Karzout, Fintech, Prélabel;5;
03/2023;37;14;6;0;5;9;37.8;corrigee;N.A;N.A, Prélabel accordé, Prélabel accordé dès le 2ème tour, Digify, Mehdi Ben Hassine, Khaled Ben Hassine, EdTech, Prélabel;-;
03/2023;37;14;6;0;5;9;37.8;corrigee;Prélabel accordé;Prélabel accordé au 3ème tour, Green foods traiteur vegan, Fatma Houissa, Nefaa Abdessalem, Consumer products and services, Label;2;
03/2023;37;14;6;0;5;9;37.8;corrigee;N.A;N.A, Label non accordé, Label non accordé au 2ème tour, Bridella, Rihab Hmida, Amel Amamou, Firas Boukhriss, Commerce and shopping, Label;1;
03/2023;37;14;6;0;5;9;37.8;corrigee;N.A;N.A, Label non accordé, Label non accordé au 2ème tour, Curve & Smiles, Manel Souai, Mohamed Benyaiche, Anas Ben Yaiche, HealthTech, Label;-;
03/2023;37;14;6;0;5;9;37.8;corrigee;N.A;N.A, Label non accordé, Label non accordé au 2ème tour, DEKORTIK PLUS, Foued Jaballah, Real Estate Tech, Label;-;
03/2023;37;14;6;0;5;9;37.8;corrigee;N.A;N.A, Label non accordé, Label non accordé au 2ème tour, HIVE, Idris Tlili, Dirar Rtima, Aymen Tlili, Wiem Tlili, Maycène Mejri, Business Software and services, Label;-;
03/2023;37;14;6;0;5;9;37.8;corrigee;N.A;N.A, Label non accordé, Label non accordé au 2ème tour, Ostedhy, Yassine Boubaker, EdTech, Label;-;
03/2023;37;14;6;0;5;9;37.8;corrigee;N.A;N.A, Label non accordé, Label non accordé au 2ème tour, Studenty, Sabryn Hamrouny, Wael Belaid, Ibrahim Sarray, Manel Abdelwahed, EdTech, Label;3;Label non accordé
03/2023;37;14;6;0;5;9;37.8;corrigee;Label non accordé au 3ème tour;Houda Ghozzi a déclaré avoir un conflit d'intérêt, DourbIA, Ines Hassoumi, Alia Belkaid, TravelTech, Prélabel;2;
03/2023;37;14;6;0;5;9;37.8;corrigee;N.A;N.A, Prélabel non accordé, Prélabel non accordé au 2ème tour, CourZelo, Khaled Ben Hafaiedh, EdTech, Prélabel;1;
03/2023;37;14;6;0;5;9;37.8;corrigee;N.A;N.A, Prélabel non accordé, Prélabel non accordé au 2ème tour, ASTlab (Art, Science and, Technology Lab), Nouha Ben Lahbib, Najla Trabelsi, Ad Tech and Creative Tech, Prélabel;-;
03/2023;37;14;6;0;5;9;37.8;corrigee;N.A;N.A, Prélabel non accordé, Prélabel non accordé au 2ème tour, Parkito, Haithem Souissi, Fares Ben Younes, Dhia eddine Ben Haddada, Ahmed Souissi, Fintech, Prélabel;-;
03/2023;37;14;6;0;5;9;37.8;corrigee;N.A;N.A, Prélabel non accordé, Prélabel non accordé au 2ème tour, Loesa ( ةزﯾوﻟ ), Anouar Hamdaoui, Marwa Selmi, Commerce and shopping, Prélabel;-;
03/2023;37;14;6;0;5;9;37.8;corrigee;N.A;N.A, Prélabel non accordé, Prélabel non accordé au 2ème tour, ImproBrain, Walid Smaoui, Fares Jaloul, Marwen Chaabouni, HealthTech, Prélabel;-;
03/2023;37;14;6;0;5;9;37.8;corrigee;N.A;N.A, Prélabel non accordé, Prélabel non accordé au 2ème tour, Smart Maintenance & Control, Saber Lefi, Ad Tech and Creative Tech, Prélabel;-;
03/2023;37;14;6;0;5;9;37.8;corrigee;N.A;N.A, Prélabel non accordé, Prélabel non accordé au 2ème tour, InstaLink, Oussema Boukeri, Advanced Manufacturing & Robotics, Prélabel;-;
03/2023;37;14;6;0;5;9;37.8;corrigee;N.A;N.A, Prélabel non accordé, Prélabel non accordé au 2ème tour, Ai Cv Lab, Anis Harbaoui, Radhouen Harbaoui, Zied Rajhi, Ad Tech and Creative Tech, Prélabel;-;
03/2023;37;14;6;0;5;9;37.8;corrigee;N.A;N.A, Prélabel non accordé, Prélabel non accordé au 2ème tour, SOK'ARI, Manel Mrad, Mohamed Amine Mrad, HealthTech, Prélabel;-;
03/2023;37;14;6;0;5;9;37.8;corrigee;N.A;N.A, Prélabel non accordé, Prélabel non accordé au 2ème tour, Doulicha, Montassar Ben Hmidene, Narjess Bouslama, Moataz Ben Hmidene, TravelTech, Prélabel;-;
03/2023;37;14;6;0;5;9;37.8;corrigee;N.A;N.A, Prélabel non accordé, Prélabel non accordé au 2ème tour, Zarty, Abir Guecha, Boudhina Seifeddine, Commerce and shopping, Prélabel;-;
03/2023;37;14;6;0;5;9;37.8;corrigee;N.A;N.A, Prélabel non accordé, Prélabel non accordé au 2ème tour, SPADES, Karim Gharbi, Business Software and services, Prélabel;3;
03/2023;37;14;6;0;5;9;37.8;corrigee;N.A;N.A, Prélabel non accordé, Prélabel non accordé au 2ème tour, Imova, Fadhel Sassi, Yassine Dhane, Real Estate Tech, Prélabel;-;
03/2023;37;14;6;0;5;9;37.8;corrigee;Prélabel non accordé;Prélabel non accordé au 3ème tour, Digitalimmo, Haythem Chebbi, Imen Masmoudi, Wajdi Omrani, Tarek Thabet, Mariangela Paparo, Hanen Ben Ammou, Real Estate Tech, Prélabel;-;
03/2023;37;14;6;0;5;9;37.8;corrigee;Prélabel non accordé;Prélabel non accordé au 3ème tour, Passage de Prélabels;aux Labels;Société
03/2023;37;14;6;0;5;9;37.8;corrigee;Projet;Fondateurs, Secteur, Session d'obtention;du Prélabel;Résultat
03/2023;37;14;6;0;5;9;37.8;corrigee;Commentaires;ID grouping&connect, ID Grouping & connect, Ftouma Bannour, Mahdi Ben Ahmed, HealthTech, Novembre 2022, Label accordé, Label accordé suite à la création de la Startup et le respect des;conditions d'octroi;DM NOVA
03/2023;37;14;6;0;5;9;37.8;corrigee;DigiMove;Iheb Lourimi, Saif touzi, Haoua Guezguez, Nour Ladhari, Nassim Bensassi, Hfaiedh Bedoui, EdTech, Janvier 2023, Label accordé, Label accordé suite à la création de la Startup et le respect des;conditions d'octroi;ELINA DEV
03/2023;37;14;6;0;5;9;37.8;corrigee;PlanetDev;Chouchene Achref, Mohamed Houcem Eddine Ibn Essghaier, Khouloud Essghaier, Nermine Abid, Social Business, Novembre 2022, Label accordé, Label accordé suite à la création de la Startup et le respect des;conditions d'octroi;JEUCIJAN
03/2023;37;14;6;0;5;9;37.8;corrigee;X-Mall;Wael El Amri, Helmi Bouraoui Cherif, Commerce and shopping, Octobre 2022, Label accordé, Label accordé suite à la création de la Startup et le respect des;conditions d'octroi;ContyFind
03/2023;37;14;6;0;5;9;37.8;corrigee;ContyFind;Aymen Sarraj, Maan Mrabet, Hassen Tahri, Business Software and, Services, Octobre 2022, Label accordé, Label accordé suite à la création de la Startup et le respect des;conditions d'octroi;
04/2023;40;13;5;0;0;13;32.5;corrigee;Label accordé dès le 2ème tour;ONECLOUD, Helmi Ben Amara, Mustafa Almawsoof, Business Software & Services, Label;7;Label Accordé
04/2023;40;13;5;0;0;13;32.5;corrigee;Label accordé dès le 2ème tour;ECOFEED Tunisie, Malak Boukthir, Khoubaieb Samir, FoodTech & New Food, Label;6;Label Accordé
04/2023;40;13;5;0;0;13;32.5;corrigee;Label accordé dès le 2ème tour;Servini, Ramzi Hachicha, Mohamed Achraf Jomaa, Zied Hachicha, Dhia eddine Abdelli, Business Software & Services, Label;6;Label Accordé
04/2023;40;13;5;0;0;13;32.5;corrigee;Label accordé dès le 2ème tour;Pas Comme Eux, Ahmed Bahaeddine Abdelwahed, Ghofrane Amdouni, Environment, Label;5;Label Accordé
04/2023;40;13;5;0;0;13;32.5;corrigee;Label accordé dès le 2ème tour;H eco ferme, Hedi Amorri, Aboud Fatma, Environment, Label;5;Label Accordé
04/2023;40;13;5;0;0;13;32.5;corrigee;Label accordé dès le 2ème tour;Xgenbox, Naoufel Ben Moussa, Kais Jrad, Mohamed salah Nachi, Selim Ben Mansour, Commerce & Shopping, Label;5;Label Accordé
04/2023;40;13;5;0;0;13;32.5;corrigee;Label accordé dès le 2ème tour;The Package Center, Souheil Sassi, Commerce and shopping, Label;4;Label Accordé
04/2023;40;13;5;0;0;13;32.5;corrigee;Label Accordé suite au pitching;Bytale Games, Saadaoui Ghassen, Ad Tech and Creative Tech, Label;1;Label Accordé
04/2023;40;13;5;0;0;13;32.5;corrigee;Label Accordé suite au pitching;Oriwood/ Entreprise Wahy artisan du;bois;Farouk Wahi
04/2023;40;13;5;0;0;13;32.5;corrigee;Consumer products and services;Label;3;Label Non Accordé
04/2023;40;13;5;0;0;13;32.5;corrigee;Label Non accordé dès le 2ème tour;Teachica, Hichem Amami, Moatassem Belleh Guesmi, EdTech, Label;2;Label Non Accordé
04/2023;40;13;5;0;0;13;32.5;corrigee;Label Non accordé dès le 2ème tour;NORMA TUNISIE, Rejeb Chaalia, Khaled Hadj Ali, Jawad Alaoui M'hammed, Fintech, Label;1;Label Non Accordé
04/2023;40;13;5;0;0;13;32.5;corrigee;Label Non accordé dès le 2ème tour;SURVIVE RESILIENCE, Raouf Riahi, Walaeddine Riahi, Noura Nasri, Business Software and services, Label;1;Label Non Accordé
04/2023;40;13;5;0;0;13;32.5;corrigee;Label Non accordé dès le 2ème tour;;droplocal.ai;Amine Abdennour
04/2023;40;13;5;0;0;13;32.5;corrigee;Commerce and shopping;Label;1;Label Non Accordé
04/2023;40;13;5;0;0;13;32.5;corrigee;Label Non accordé dès le 2ème tour;;souk elfalleh;Riadh Felhi
04/2023;40;13;5;0;0;13;32.5;corrigee;Agritech;Label;1;Label Non Accordé
04/2023;40;13;5;0;0;13;32.5;corrigee;Label Non accordé dès le 2ème tour;Twansa, Rani Ben Mahmoud, Safa Rzig, Ad Tech and Creative Tech, Label;0;Label Non Accordé
04/2023;40;13;5;0;0;13;32.5;corrigee;Label Non accordé dès le 2ème tour;Houda Ghozzi a déclaré avoir un conflit d'intérêt, Karhabti.app, Adnen Mrad, Amina Chouchane, Sanda Doghmen, Business Software and services, Label;0;Label Non Accordé
04/2023;40;13;5;0;0;13;32.5;corrigee;Label Non accordé dès le 2ème tour;Kosmos technologies, Wassim Amri, Agritech, Label;0;Label Non Accordé
04/2023;40;13;5;0;0;13;32.5;corrigee;Label Non accordé suite au pitching;Houda Ghozzi a déclaré avoir un conflit d'intérêt, IrWise, Mohamed Mekki Maalej, Marouen HAMMAMI, Mohamed Dhaouafi, Morsi Hamza, Hedi Neifar, Agritech, Label;0;Label Non Accordé
04/2023;40;13;5;0;0;13;32.5;corrigee;Label Non accordé suite au pitching;Houda Ghozzi a déclaré avoir un conflit d'intérêt, Alifa, Olfa Abid, Karim Gharbi, Social Business, Prélabel;7;Prélabel Accordé
04/2023;40;13;5;0;0;13;32.5;corrigee;Prélabel accordé dès le 2ème tour;;cell pulse;Jihed Jridi
04/2023;40;13;5;0;0;13;32.5;corrigee;Salem Hamidi;Halima Mahjoubi, Elhem Cheour, Neder Hamidi, HealthTech, Prélabel;7;Prélabel Accordé
04/2023;40;13;5;0;0;13;32.5;corrigee;Prélabel accordé dès le 2ème tour;Conception, formulation et production;de dispositifs pharmaceutiques à base;de principes actifs de plantes
04/2023;40;13;5;0;0;13;32.5;corrigee;Zohra Aloui-Zarrouk;HealthTech, Prélabel;6;Prélabel Accordé
04/2023;40;13;5;0;0;13;32.5;corrigee;Prélabel accordé dès le 2ème tour;Randev, Mohamed Regaieg, Younes Regaieg, Safa Rekik, Consumer products and services, Prélabel;5;Prélabel Accordé
04/2023;40;13;5;0;0;13;32.5;corrigee;Prélabel accordé dès le 2ème tour;Beitary, Firas Jribi, HealthTech, Prélabel;5;Prélabel Accordé
04/2023;40;13;5;0;0;13;32.5;corrigee;Prélabel accordé dès le 2ème tour;GET BIG FAST, Jean-David Rombi, Business Software and services, Prélabel;1;Prélabel Non Accordé
04/2023;40;13;5;0;0;13;32.5;corrigee;Prélabel Non accordé dès le 2ème tour;WEeFARM, Jasser Ben Saad, Ayeb Rihab, Rayen Ben Saad, Agritech, Prélabel;0;Prélabel Non Accordé
04/2023;40;13;5;0;0;13;32.5;corrigee;Prélabel Non accordé dès le 2ème tour;ShooFu, Khawla Hadriche, Houcem Ameur, Consumer products and services, Prélabel;0;Prélabel Non Accordé
04/2023;40;13;5;0;0;13;32.5;corrigee;Prélabel Non accordé dès le 2ème tour;;halli.tn;Farouk Ben Jaafar
04/2023;40;13;5;0;0;13;32.5;corrigee;Commerce and shopping;Prélabel;0;Prélabel Non Accordé
04/2023;40;13;5;0;0;13;32.5;corrigee;Prélabel Non accordé dès le 2ème tour;Noah, Mohamed Thamlaoui, Khaoula Souf, Rochdi Bchini, Commerce and shopping, Prélabel;0;Prélabel Non Accordé
04/2023;40;13;5;0;0;13;32.5;corrigee;Prélabel Non accordé dès le 2ème tour;BME-Power, Mohamed Bouazizi, Youssef Kaabechi, Ad Tech and Creative Tech, Prélabel;0;Prélabel Non Accordé
04/2023;40;13;5;0;0;13;32.5;corrigee;Prélabel Non accordé dès le 2ème tour;ECORISE, Morci Telmoudi, Safa Jridi, Business Software and services, Prélabel;0;Prélabel Non Accordé
04/2023;40;13;5;0;0;13;32.5;corrigee;Prélabel Non accordé dès le 2ème tour;;trymyculture;Issam Barhoumi
04/2023;40;13;5;0;0;13;32.5;corrigee;Hassan Khadhri;TravelTech, Prélabel;0;Prélabel Non Accordé
04/2023;40;13;5;0;0;13;32.5;corrigee;Prélabel Non accordé dès le 2ème tour;BiBin, Firas Hakim, EdTech, Prélabel;0;Prélabel Non Accordé
04/2023;40;13;5;0;0;13;32.5;corrigee;Prélabel Non accordé dès le 2ème tour;Metamax, Houssem Saadi, Business Software and services, Prélabel;0;Prélabel Non Accordé
04/2023;40;13;5;0;0;13;32.5;corrigee;Prélabel Non accordé dès le 2ème tour;HealthyGO, Hayfa Oueslati, Commerce and shopping, Prélabel;0;Prélabel Non Accordé
04/2023;40;13;5;0;0;13;32.5;corrigee;Prélabel Non accordé dès le 2ème tour;;goodbye;Dalel Manai
04/2023;40;13;5;0;0;13;32.5;corrigee;Communication services;Prélabel;0;Prélabel Non Accordé
04/2023;40;13;5;0;0;13;32.5;corrigee;Prélabel Non accordé dès le 2ème tour;AI WITH YOU, Hayouni Rafedh, Nasreddine Nasri, Mohamed Fateh Hajjej, Wellness, Prélabel;4;Prélabel Non Accordé
04/2023;40;13;5;0;0;13;32.5;corrigee;Prélabel non accordé suite au pitching;Au delà du Bio, Hajer Terras, Heithe Zaghouani, Agritech, Prélabel;3;Prélabel Non Accordé
04/2023;40;13;5;0;0;13;32.5;corrigee;Prélabel non accordé suite au pitching;BE beverages, Abdelhak Moussa, Ahlem Zrig, Mohamed Maher Elbekri, FoodTech & New Food, Prélabel;3;Prélabel Non Accordé
04/2023;40;13;5;0;0;13;32.5;corrigee;Prélabel non accordé suite au pitching;;verified authentic;Imed mabrouk
04/2023;40;13;5;0;0;13;32.5;corrigee;Firas Mabrouk;Consumer products and services, Label, N.A, N.A, N.A, N.A, N.A, N.A, Label Non accordé, Label non accordé dès le 1 er tour. Le dossier est;irrecevable pour manque de documents requis par;le décret 2018-840
04/2023;40;13;5;0;0;13;32.5;corrigee;Passage Prélabel Label;Société, Projet, Secteur, Session d'obtention;du Prélabel;Résultat
04/2023;40;13;5;0;0;13;32.5;corrigee;Commentaires;;vivid;Flexipik
04/2023;40;13;5;0;0;13;32.5;corrigee;Mohamed Amine Kefi;Beya Ben Saâd, Communication, Services, Novembre 2022, Label accordé, Label accordé suite à la création de la Startup et le respect des;conditions d'octroi;SOCIETE FIRMASOLUTIONS STARTUP
04/2023;40;13;5;0;0;13;32.5;corrigee;Firma Solutions;Hamza Mehdaoui, Ilehi Haythem, Ghazi Tlalet, Agritech, Novembre 2022, Label accordé, Label accordé suite à la création de la Startup et le respect des;conditions d'octroi;Color and Natural Extracts C NEXTS
04/2023;40;13;5;0;0;13;32.5;corrigee;Color and Natural Extracts C-Nexts;Saloua Sadok, FoodTech & New, Food, Octobre 2022, Label accordé, Label accordé suite à la création de la Startup et le respect des;conditions d'octroi;Ste Arrimapp Tech
04/2023;40;13;5;0;0;13;32.5;corrigee;Arrima Agritech;Majdi Saidi, Khouloud Ghorraf, Agritech, Mars 2023, Label accordé, Label accordé suite à la création de la Startup et le respect des;conditions d'octroi;
05/2023;39;19;9;0;6;13;48.7;conforme;Label accordé dès le 2ème tour;Live Metrics, Sarah Lamine, Khalil Ben Said, Karim Bouafif, Kerchaoui Amine, Business Software and services, Label;8;Label Accordé
05/2023;39;19;9;0;6;13;48.7;conforme;Label accordé dès le 2ème tour;FALKU, Slim Makhlouf, Khaled Omri, Ali Amamou, Advanced Manufacturing & Robotics Label;8;Label Accordé
05/2023;39;19;9;0;6;13;48.7;conforme;Label accordé dès le 2ème tour;Time and Money Tracker, Yousri Hajri, Ahmed Ayadi, Fintech, Label;7;Label Accordé
05/2023;39;19;9;0;6;13;48.7;conforme;Label accordé dès le 2ème tour;Deepnrise, Abdelkader Boussetta, Youssef Meddeb, Nizar Ayadi, Business Software and services, Label;7;Label Accordé
05/2023;39;19;9;0;6;13;48.7;conforme;Label accordé dès le 2ème tour;;2Y2S;Chermiti Rami Chermiti
05/2023;39;19;9;0;6;13;48.7;conforme;EdTech;Label;7;Label Accordé
05/2023;39;19;9;0;6;13;48.7;conforme;Label accordé dès le 2ème tour;Gigsdesk, Koussay Noomene, Iyed Ghribi, Nabil Amara, Business Software and services, Label;7;Label Accordé
05/2023;39;19;9;0;6;13;48.7;conforme;Label accordé dès le 2ème tour;Lyceena, Rayen Bouajaja, Jawher Thabet, Fakher Bourray, EdTech, Label;7;Label Accordé
05/2023;39;19;9;0;6;13;48.7;conforme;Label accordé dès le 2ème tour;Houda Ghozzi a déclaré avoir un conflit d'intérêt, INFINITE, Moez Jemaa, Mobility, Label;6;Label Accordé
05/2023;39;19;9;0;6;13;48.7;conforme;Label accordé dès le 2ème tour;SMOFT, Aymen Gahbiche, Business Software and services, Label;6;Label Accordé
05/2023;39;19;9;0;6;13;48.7;conforme;Label accordé dès le 2ème tour;Wildkard, Skander Chouka, Wellness, Label;5;Label Accordé
05/2023;39;19;9;0;6;13;48.7;conforme;Label accordé dès le 2ème tour;Ecobees, Mohamed Dhaouafi, Ali Dhaouafi, Ahmed Dhaouafi, Agritech, Label;5;Label Accordé
05/2023;39;19;9;0;6;13;48.7;conforme;Label accordé dès le 2ème tour;BFP, Boubaker Elaabed, Environment, Label;4;Label Accordé
05/2023;39;19;9;0;6;13;48.7;conforme;Label Accordé suite au pitching;;immersion3D;Omar Mellouli
05/2023;39;19;9;0;6;13;48.7;conforme;Amira Jihène Kalai;Mohamed mohamed, Siwar Ben Abdelwahed, Ad Tech and Creative Tech, Label;0;Label Non Accordé
05/2023;39;19;9;0;6;13;48.7;conforme;Label Non accordé dès le 2ème tour;Campus Numérique des Métiers, Fethi Zoghlami, Abeidi Slim, Ad Tech and Creative Tech, Label;0;Label Non Accordé
05/2023;39;19;9;0;6;13;48.7;conforme;Label Non accordé dès le 2ème tour;Green Card, Ismail Ibala, Nebil Aydi, Business Software and services, Label;2;Label Non Accordé
05/2023;39;19;9;0;6;13;48.7;conforme;Label Non accordé suite au pitching;South Fruits, Thouraya Rajah, Agritech, Label;2;Label Non Accordé
05/2023;39;19;9;0;6;13;48.7;conforme;Label Non accordé suite au pitching;Djerba Digital, Younsi Alaeddine, Mahjoubi Wael, Yassine Ben Ghorbal, Business Software and services, Label;0;Label Non Accordé
05/2023;39;19;9;0;6;13;48.7;conforme;Label Non accordé suite au pitching;E-KMANDI, Baha Hajri, Business Software and services, Prélabel;8;Prélabel Accordé
05/2023;39;19;9;0;6;13;48.7;conforme;Prélabel accordé dès le 2ème tour;EasyBank, Mohamed Khelifi, Maher Khelifi, Fintech, Prélabel;7;Prélabel Accordé
05/2023;39;19;9;0;6;13;48.7;conforme;Prélabel accordé dès le 2ème tour;Jhonny Bikes, Mohamed Bouhaouala, Miriam Abdeljaouad, Mobility, Prélabel;6;Prélabel Accordé
05/2023;39;19;9;0;6;13;48.7;conforme;Prélabel accordé dès le 2ème tour;Arzaak, Jihene Arzaak, Eya Akir, Racha Chwiref, Social Business, Prélabel;6;Prélabel Accordé
05/2023;39;19;9;0;6;13;48.7;conforme;Prélabel accordé dès le 2ème tour;Tunisie RGPD, Wissal Douissa, Rayen Cherni, Slim Abdejalil, Business Software and services, Prélabel;5;Prélabel Accordé
05/2023;39;19;9;0;6;13;48.7;conforme;Prélabel accordé dès le 2ème tour;Elevage des insectes (nutri-protéine), Abed Helmi Abed, FoodTech & New Food, Prélabel;5;Prélabel Accordé
05/2023;39;19;9;0;6;13;48.7;conforme;Prélabel accordé dès le 2ème tour;HelpyGo, Mohamed Melki, Yacine Maaroufi, Amani khalfaoui, Consumer products and services, Prélabel;5;Prélabel Accordé
05/2023;39;19;9;0;6;13;48.7;conforme;Prélabel accordé dès le 2ème tour;OneGlobb, Safouene Ratel, Younes Saidani, Marouene Ratel, Business Software and services, Prélabel;2;Prélabel Accordé
05/2023;39;19;9;0;6;13;48.7;conforme;Prélabel Accordé suite au pitching;Multiverse AI, Aymen Yahyaoui, Amine Mosbah, Business Software and services, Prélabel;0;Prélabel Accordé
05/2023;39;19;9;0;6;13;48.7;conforme;Prélabel Non Accordé suite au pitching;;lingerie.tn;Zarami Manel Zarami
05/2023;39;19;9;0;6;13;48.7;conforme;Commerce and shopping;Prélabel;3;Prélabel Non Accordé Prélabel Non accordé dès le 2ème tour
05/2023;39;19;9;0;6;13;48.7;conforme;Lanci.io;Nada Chatti, Mahdi Taghouti, Takwa Ben Abdessalem, Wifek Ben Romdhane, Consumer products and services, Prélabel;3;Prélabel Non Accordé Prélabel Non accordé dès le 2ème tour
05/2023;39;19;9;0;6;13;48.7;conforme;SPADES;Karim Gharbi, Marcel Deturche, Selim Mohamed Gharbi, Business Software and services, Prélabel;1;Prélabel Non Accordé Prélabel Non accordé dès le 2ème tour
05/2023;39;19;9;0;6;13;48.7;conforme;Ontej;Mohamed Amine Ouchari, Oussema Baklouti;achref Baklouti;Ezzahra Hamdi
05/2023;39;19;9;0;6;13;48.7;conforme;Communication services;Prélabel;0;Prélabel Non Accordé Prélabel Non accordé dès le 2ème tour
05/2023;39;19;9;0;6;13;48.7;conforme;Ethic Data;Sameh Louhichi, Aymen Khelifi, Ad Tech and Creative Tech, Prélabel;0;Prélabel Non Accordé Prélabel Non accordé dès le 2ème tour
05/2023;39;19;9;0;6;13;48.7;conforme;Orizon Booking;Zied Boukadida, Consumer products and services, Prélabel;0;Prélabel Non Accordé Prélabel Non accordé dès le 2ème tour
05/2023;39;19;9;0;6;13;48.7;conforme;EYE-SPY SECURITY;Basma Ben salah, Taher Ben salah, Security, Prélabel;0;Prélabel Non Accordé Prélabel Non accordé dès le 2ème tour
05/2023;39;19;9;0;6;13;48.7;conforme;Mohamed Ben Arfa;Mohamed Raddadi, Commerce and shopping, Prélabel;0;Prélabel Non Accordé Prélabel Non accordé dès le 2ème tour
05/2023;39;19;9;0;6;13;48.7;conforme;Hichem Bouguila Mokni;Madiha Belhamadi, Saber Kohli, Envionment, Prélabel;0;Prélabel Non Accordé Prélabel Non accordé dès le 2ème tour
05/2023;39;19;9;0;6;13;48.7;conforme;Creativecontent;Moalla Habib, Moez Taïeb, Habib Baaboura, Ad Tech and Creative Tech, Prélabel;0;Prélabel Non Accordé Prélabel Non accordé dès le 2ème tour
05/2023;39;19;9;0;6;13;48.7;conforme;Maazoun Khaled Maazoun;Agritech, Prélabel;1;Prélabel Non Accordé Prélabel Non Accordé suite au pitching
05/2023;39;19;9;0;6;13;48.7;conforme;SmartPay;Anis Abidi, Azza Kooli, Fintech, Label, N.A, N.A, N.A, N.A, N.A, N.A, Label non accordé, Dossier irrecevable pour non vérification d’une condition légale et;réglementaire inhérente à la candidature au Label Startup;Passage de Prélabels aux Labels
05/2023;39;19;9;0;6;13;48.7;conforme;Société;Projet, Fondateurs, Secteur, Session d'obtention;du Prélabel;Résultat
05/2023;39;19;9;0;6;13;48.7;conforme;Commentaires;DEEPAI Artificial Intelligence and Softwares, DEEP AI, Yosr Halleb, Oussama Bahri, Mariem Allouche, Ad Tech & Creative Tech, Novembre 2022, Label accordé, Label accordé suite à la création de la Startup et le respect des;conditions d'octroi;ALIFA FOR ANIMAL WELL BEING
05/2023;39;19;9;0;6;13;48.7;conforme;Alifa;Olfa Abid, Karim Gharbi, Social Business, Avril 2023, Label accordé, Label accordé suite à la création de la Startup et le respect des;conditions d'octroi;STE OTOSPEX SOULTIONS
05/2023;39;19;9;0;6;13;48.7;conforme;Otopex;Slim Makhlouf, Khaled Omri, Ali Amamou, Consumer Products & Services, Novembre 2022, Label accordé, Label accordé suite à la création de la Startup et le respect des;conditions d'octroi;RAF Telcos
05/2023;39;19;9;0;6;13;48.7;conforme;Raf Telcos;Yousri Hajri, Ahmed Ayadi, Fintech, Mars 2023, Label accordé, Label accordé suite à la création de la Startup et le respect des;conditions d'octroi;Cercina Artificial Intelligence
05/2023;39;19;9;0;6;13;48.7;conforme;CERCINA AI;Abdelkader Boussetta, Youssef Meddeb, Nizar Ayari, Ad Tech & Creative Tech, Février 2023, Label accordé, Label accordé suite à la création de la Startup et le respect des;conditions d'octroi;National Smart For Green Solutions and
05/2023;39;19;9;0;6;13;48.7;conforme;Applications;Smart for Green:Farm and, Forest Fire protection, Rami Chermiti, Agritech, Janvier 2023, Label accordé, Label accordé suite à la création de la Startup et le respect des;conditions d'octroi;
06/2023;28;10;8;0;6;4;35.7;conforme;Khlil Gargouri;FoodTech & New Food, Label;6;Label Accordé
06/2023;28;10;8;0;6;4;35.7;conforme;Label Accordé dès le 2 ème tour;Bionic Soul, Nada Ghanem, Healthtech, Label;6;Label Accordé
06/2023;28;10;8;0;6;4;35.7;conforme;Label Accordé dès le 2 ème tour;SamRise, Mohamed Aziz Ben Mahmoud, Imed Hanana, Mariem Hamzaoui, Arbi Soussi, Feriel Ben Hassine, Business Software and services, Label;6;Label Accordé
06/2023;28;10;8;0;6;4;35.7;conforme;Label Accordé dès le 2 ème tour;Minwin, Ines Borni, Mohamed Choucheni, Alaa Boukhchina, Wellness, Label;3;Label Accordé
06/2023;28;10;8;0;6;4;35.7;conforme;Label Accordé suite au Pitching;Rackham, Mohamed Toumi, Djohra Berki, Business Software and services, Label;0;Label Non Accordé
06/2023;28;10;8;0;6;4;35.7;conforme;Label Non accordé dès le 2ème tour;Proximabel Development, Abbassi Ahdi, Security, Label;1;Label Non Accordé
06/2023;28;10;8;0;6;4;35.7;conforme;Label Non accordé suite au pitching;TuniMeet, Business Software and services, Omar Saif Eddin Gorrab, Mohamed Halaili, Label;0;Label Non Accordé
06/2023;28;10;8;0;6;4;35.7;conforme;Label Non accordé suite au pitching;;www.kawanin.com;Business Software and services
06/2023;28;10;8;0;6;4;35.7;conforme;Mehdi Aloulou;Elyes Gaigi, Label;1;Label Non Accordé
06/2023;28;10;8;0;6;4;35.7;conforme;Label Non accordé suite au pitching;ARKHOU-DRONE, Khouloud Mhamdi, Elarbi Machraoui, Advanced Manufacturing &, Robotics, Prélabel;8;Prélabel Accordé
06/2023;28;10;8;0;6;4;35.7;conforme;Prélabel accordé dès le 2ème tour;OPUS LAB, Ahmed Ben Bouzid, Mohamed Berber, Siwar Gharbi, Mohmmed Sayed Hamdi, EdTech, Prélabel;8;Prélabel Accordé
06/2023;28;10;8;0;6;4;35.7;conforme;Prélabel accordé dès le 2ème tour;LeanTex, Melek Mehrez, Nihel Beji, Firas Mehrez, Advanced Manufacturing &, Robotics, Prélabel;7;Prélabel Accordé
06/2023;28;10;8;0;6;4;35.7;conforme;Prélabel accordé dès le 2ème tour;GymSwitch, Wael Lakhrach, Siwar Houssaî, Hiba Mned, Wellness, Prélabel;6;Prélabel Accordé
06/2023;28;10;8;0;6;4;35.7;conforme;Prélabel accordé dès le 2ème tour;Colisnet, Habib Chaari, Mehdi Ben Hmida, Wajdi Bouaziz, Business Software and services, Prélabel;6;Prélabel Accordé
06/2023;28;10;8;0;6;4;35.7;conforme;Prélabel accordé dès le 2ème tour;Expy.ai, Slim Nabli, Luay Ben Ali, Business Software and services, Prélabel;6;Prélabel Accordé
06/2023;28;10;8;0;6;4;35.7;conforme;Prélabel accordé dès le 2ème tour;SKINPHILOSOPHY;khouloud Abada;Saida Akermi
06/2023;28;10;8;0;6;4;35.7;conforme;Wellness;Prélabel;5;Prélabel Accordé
06/2023;28;10;8;0;6;4;35.7;conforme;Prélabel accordé dès le 2ème tour;Car Box, Wajih Messaoudi, Consumer Products & Services, Prélabel;4;Prélabel Accordé
06/2023;28;10;8;0;6;4;35.7;conforme;Prélabel Accordé suite au Pitching;So Green, Amira Guesmi, Environment, Prélabel;1;Prélabel Non Accordé Prélabel Non accordé dès le 2ème tour
06/2023;28;10;8;0;6;4;35.7;conforme;TuniToonz;Sana Makhloufi, EdTech, Prélabel;0;Prélabel Non Accordé Prélabel Non accordé dès le 2ème tour
06/2023;28;10;8;0;6;4;35.7;conforme;ENER ZED;Amor El Masri, Environment, Prélabel;0;Prélabel Non Accordé Prélabel Non accordé dès le 2ème tour
06/2023;28;10;8;0;6;4;35.7;conforme;CamGoal;Seif Nemri, Mohamed Mehdi Ben Mlouka, Ad Tech and Creative Tech, Prélabel;0;Prélabel Non Accordé Prélabel Non accordé dès le 2ème tour
06/2023;28;10;8;0;6;4;35.7;conforme;Chicify;Mohamed Touhami Rhaima, Rehayma Maher, Commerce and shopping, Prélabel;0;Prélabel Non Accordé Prélabel Non accordé dès le 2ème tour
06/2023;28;10;8;0;6;4;35.7;conforme;Ukla;Mohamed Achraf Mrabet, Ahmed Gouiaa, Mohamed Khalil Hosni, FoodTech & New Food, Prélabel;0;Prélabel Non Accordé Prélabel Non accordé dès le 2ème tour
06/2023;28;10;8;0;6;4;35.7;conforme;Book Pickups;Hajer Gabteni, TravelTech, Prélabel;0;Prélabel Non Accordé Prélabel Non accordé dès le 2ème tour
06/2023;28;10;8;0;6;4;35.7;conforme;Ommi;Mohamed Amine Mamlouk, Social Business, Prélabel;0;Prélabel Non Accordé Prélabel Non accordé dès le 2ème tour
06/2023;28;10;8;0;6;4;35.7;conforme;Padel Up;Eskander Nasri, Mehdy Belkhiria, Salah Ayed, Amine Hammami, Wellness, Prélabel;0;Prélabel Non Accordé Prélabel Non accordé dès le 2ème tour
06/2023;28;10;8;0;6;4;35.7;conforme;AntiBioGen;Ramzi Laâmouri, Chahnez Naccache, Iyadh Bouzghiba, Healthtech, Prélabel;0;Prélabel Non Accordé Prélabel Non accordé dès le 2ème tour
06/2023;28;10;8;0;6;4;35.7;conforme;Travelween;Oussama Ben Wafi, Safa Ben WafI, Sawssen Atoui, TravelTech, Prélabel;0;Prélabel Non Accordé Prélabel Non accordé dès le 2ème tour
06/2023;28;10;8;0;6;4;35.7;conforme;SIGORO;Sirin Zouga, Baha Eddine Khelifi, Fintech, Prélabel;0;Prélabel Non Accordé
06/2023;28;10;8;0;6;4;35.7;conforme;Prélabel Non accordé au  1er tour Exercice de l'activité;;bancaire soumis à l’approbation préalable del a Banque;Centrale de Tunisie conformément aux articles 4 et 24.de la
06/2023;28;10;8;0;6;4;35.7;conforme;Passage de Prélabels aux Labels;Société, Projet, Fondateurs, Secteur, Session d'obtention;du Prélabel;Résultat
06/2023;28;10;8;0;6;4;35.7;conforme;Commentaires;RGPD Tunisie, RGPD Tunisie, Wissal Douissa, Rayen Cherni, Slim Abdejlil, Business Software & Services, Mai 2023, Label accordé, Label accordé suite à la création de la Startup et le respect des;conditions d'octroi;A.M.I.S. RESEARCH
06/2023;28;10;8;0;6;4;35.7;conforme;A.M.I.S. RESEARCH;Amel Ben Ammar  Elgaied, Rabie Razgallah, HealthTech, Février 2023, Label accordé, Label accordé suite à la création de la Startup et le respect des;conditions d'octroi;LABORATOIRE HRIZ PHARMA
06/2023;28;10;8;0;6;4;35.7;conforme;Xpro;Zied Hriz, Yosra Tahri, Agritech, Février 2023, Label accordé, Label accordé suite à la création de la Startup et le respect des;conditions d'octroi;ITREND TECHNOLOGY
06/2023;28;10;8;0;6;4;35.7;conforme;Mohamed Ali Blaiti;Business Software & Services, Mars 2023, Label accordé, Label accordé suite à la création de la Startup et le respect des;conditions d'octroi;Easy Finance Corporate
06/2023;28;10;8;0;6;4;35.7;conforme;EasyBank;Mohamed Khelifi, Maher Khelifi, Fintech, Mai 2023, Label accordé, Label accordé suite à la création de la Startup et le respect des;conditions d'octroi;UNDERSCORE
06/2023;28;10;8;0;6;4;35.7;conforme;Probe.tn;Mohamed Kristou, Mohamed Hedi Jebali, HealthTech, Mars 2023, Label accordé, Label accordé suite à la création de la Startup et le respect des;conditions d'octroi;Société
06/2023;28;10;8;0;6;4;35.7;conforme;Secteur;Session d'obtention;du Label;Décision
06/2023;28;10;8;0;6;4;35.7;conforme;Commentaires;Knowledge and Business intelligence;integration Tunisie;Business software and services
06/2023;28;10;8;0;6;4;35.7;conforme;Octobre 2020;Retrait du Label, La société a dépassé l'âge maximum de 8 ans fixé par la loi 20-;2018 pour les sociétés bénéficiaires du Label;KOOL HOLDING
06/2023;28;10;8;0;6;4;35.7;conforme;FoodTech & New Food;Juin 2021, Retrait du Label, La société a dépassé l'effectif de 100 salariés  fixé par la loi 20-;2018 pour les sociétés bénéficiaires du Label;
07/2023;33;15;8;2;9;6;45.5;conforme;Label Accordé dès le 2 ème tour;FININFO SOLUTIONS, Fares Naiet El Gaied, Fintech, Label;6;Label Accordé
07/2023;33;15;8;2;9;6;45.5;conforme;Label Accordé dès le 2 ème tour;Damdoum, Faten Matmati, Ad Tech & Creative Tech, Label;6;Label Accordé
07/2023;33;15;8;2;9;6;45.5;conforme;Label Accordé suite au Pitching;Block plus plus, Mohamed Dhia Ben Fraj, Asma Yousfi, Fintech, Label;5;Label Accordé
07/2023;33;15;8;2;9;6;45.5;conforme;Label accordé dès le 2ème tour;La Galerie VR, Siryne Elouede, Hamza Chakroun, Montassar Chakroun, Communication Services, Label;3;Label Accordé
07/2023;33;15;8;2;9;6;45.5;conforme;Label Accordé suite au pitching;SK TECH, Sabri Mzoughizoughi, Karim Jelliti, Consumer Products and Services, Label;4;Label Accordé
07/2023;33;15;8;2;9;6;45.5;conforme;Label Accordé suite au pitching;Ghramna / Digital Drina, Ramzi Hmani, Leila Slim, Communication services, Label;0;Label Non Accordé
07/2023;33;15;8;2;9;6;45.5;conforme;Label Non accordé suite au pitching;Xtendmind / Novea, Mourad Mezghani, Hassan Cheriha, Ahmed Ben Hamouda, HealthTech, Label;0;Label Non Accordé
07/2023;33;15;8;2;9;6;45.5;conforme;Label Non accordé suite au pitching;PeaceSight, Sarra Ben Romdhane, Mehdi Mouelhi, TravelTech, Label;0;Label Non Accordé
07/2023;33;15;8;2;9;6;45.5;conforme;Label Non accordé dès le 2ème tour;SahEAT, Emna Rassaa, Taha Karoui, Mohamed Islem Ben Ali, FoodTech & New Food, Label;0;Label Non Accordé
07/2023;33;15;8;2;9;6;45.5;conforme;Label Non accordé dès le 2ème tour;UWAS, Houssem Kanzari, Mohamed Laouini, TravelTech, Label;1;Label Non Accordé
07/2023;33;15;8;2;9;6;45.5;conforme;Label Non accordé dès le 2ème tour;Schwaus, Ahmed Nizar Kalai, Ahmed Ben Hassana, Advanced Manufacturing & Robotics, Label;2;Label Non Accordé
07/2023;33;15;8;2;9;6;45.5;conforme;Label Non accordé suite au pitching;HulpAI, Abir Mahouchi, Business Software and services, Label;1;Label Non Accordé
07/2023;33;15;8;2;9;6;45.5;conforme;Label Non accordé suite au pitching;Smarting Serve, Mourad Sahloul, Business Software and services, Prélabel;5;Prélabel Accordé
07/2023;33;15;8;2;9;6;45.5;conforme;Prélabel accordé dès le 2ème tour;PTITAPTIT, Dhouha Belhaj Yahia, Makrem Aoun, Consumer products and services, Prélabel;5;Prélabel Accordé
07/2023;33;15;8;2;9;6;45.5;conforme;Prélabel Accordé suite au Pitching;Clic Holidays, Prélabel;5;Prélabel Accordé
07/2023;33;15;8;2;9;6;45.5;conforme;Prélabel accordé dès le 2ème tour;Arsek dripbox, Mohamed El Haj Abdallah, Kais Oueslati, Agritech, Prélabel;6;Prélabel Accordé
07/2023;33;15;8;2;9;6;45.5;conforme;Prélabel accordé dès le 2ème tour;ORcompost, Ahmed Boufahja, Emna Boufahja, Agritech, Prélabel;5;Prélabel Accordé
07/2023;33;15;8;2;9;6;45.5;conforme;Prélabel accordé dès le 2ème tour;United VITO, Nizar Affi, Business Software and services, Prélabel;1;Prélabel Accordé
07/2023;33;15;8;2;9;6;45.5;conforme;Prélabel Accordé suite au Pitching;SUCCESS STUDY, Anissa Najjar, Kais Dridi, Consumer products and services, Prélabel;4;Prélabel Accordé
07/2023;33;15;8;2;9;6;45.5;conforme;Prélabel Accordé suite au Pitching;NetConf, Houssem Jarraya, Ad Tech and Creative Tech, Prélabel;0;Prélabel Accordé
07/2023;33;15;8;2;9;6;45.5;conforme;Prélabel Accordé suite au Pitching;ReBoS, Aymen Mabrouki, Environment, Prélabel;0;Prélabel Non Accordé Prélabel Non accordé dès le 2ème tour
07/2023;33;15;8;2;9;6;45.5;conforme;SAVEE;Maher Ben Najm, Nabil Ben Najem, FoodTech & New Food, Prélabel;0;Prélabel Non Accordé Prélabel Non accordé dès le 2ème tour
07/2023;33;15;8;2;9;6;45.5;conforme;Nadhem Lihiouiel;Ismail Kahri, Business Software and services, Prélabel;0;Prélabel Non Accordé Prélabel Non accordé dès le 2ème tour
07/2023;33;15;8;2;9;6;45.5;conforme;E-mima food;Azzez Moatez, Associé;azzez Houssem;Hamza Gassab
07/2023;33;15;8;2;9;6;45.5;conforme;FoodTech & New Food;Prélabel;0;Prélabel Non Accordé Prélabel Non accordé dès le 2ème tour
07/2023;33;15;8;2;9;6;45.5;conforme;Fabrication des produits électroniques;Marwene Selmi, Consumer products and services, Prélabel;0;Prélabel Non Accordé Prélabel Non accordé dès le 2ème tour
07/2023;33;15;8;2;9;6;45.5;conforme;DentistUP;Oussama Souaf, Fahmi Haouala, Soulaimane Guedria, Loua Slama, Mohamed Malek, HealthTech, Prélabel;0;Prélabel Non Accordé Prélabel Non accordé dès le 2ème tour
07/2023;33;15;8;2;9;6;45.5;conforme;Sea Safe;Khouloud Bannour, Houssem Saadaoui, Meriem Zouali, Security, Prélabel;0;Prélabel Non Accordé Prélabel Non accordé dès le 2ème tour
07/2023;33;15;8;2;9;6;45.5;conforme;Vivlio;Nour Salah, Asma Mhadheb, Ahmed Hamouda, Mohamed Fadhel Saada, Communication services, Prélabel;0;Prélabel Non Accordé Prélabel Non accordé dès le 2ème tour
07/2023;33;15;8;2;9;6;45.5;conforme;Barsha Food;Zeineb Hadj Ali, Rania Souei, FoodTech & New Food, Prélabel;0;Prélabel Non Accordé Prélabel Non accordé dès le 2ème tour
07/2023;33;15;8;2;9;6;45.5;conforme;TOUTA;Alaa Bouajila, Nourhene Mhennaoui, Wael Chaouch, EdTech, Prélabel;0;Prélabel Non Accordé Prélabel Non accordé dès le 2ème tour
07/2023;33;15;8;2;9;6;45.5;conforme;Arès;Ahmed Souissi, Zaineb Gabsi, Saafi Khalil, Younes Mezen, EdTech, Prélabel;2;Prélabel Non Accordé Prélabel Non accordé dès le 2ème tour
07/2023;33;15;8;2;9;6;45.5;conforme;MSSYNDIC.com;Sami Marouani, Consumer products and services, Prélabel;0;Prélabel Non Accordé Prélabel Non accordé suite au pitching
07/2023;33;15;8;2;9;6;45.5;conforme;Passage de Prélabels aux Labels;Société, Projet, Fondateurs, Secteur, Session d'obtention;du Prélabel;Résultat
07/2023;33;15;8;2;9;6;45.5;conforme;Commentaires;Waqt Tech, Randev, Mohamed Regaieg, Younes Regaieg, Safa Rekik, Consumer Products and Services, Avril 2023, Label accordé, Label accordé suite à la création de la Startup et le respect des;conditions d'octroi;AGUA DE SOL TUNISIE
07/2023;33;15;8;2;9;6;45.5;conforme;SunAir Fountain® : Générateur d’eau;;de boisson atmosphérique par le;solaire
07/2023;33;15;8;2;9;6;45.5;conforme;Rami El Golli;Luc Metivier, Environment, Décembre 2022, Label accordé, Label accordé suite à la création de la Startup et le respect des;conditions d'octroi;MOBYERA
07/2023;33;15;8;2;9;6;45.5;conforme;Parkey;Mehdi Romdhane, Mobility, Février 2023, Label accordé, Label accordé suite à la création de la Startup et le respect des;conditions d'octroi;HS WARE
07/2023;33;15;8;2;9;6;45.5;conforme;Coadis;Chaker Trabelsi, Imen Jridi, Advanced Manufacturing & Robotics, Février 2023, Label accordé, Label accordé suite à la création de la Startup et le respect des;conditions d'octroi;THIQAB
07/2023;33;15;8;2;9;6;45.5;conforme;Thiqab;Kaouther Hedhly, Hatem Zegnani, Business Software and services, Février 2023, Label accordé, Label accordé suite à la création de la Startup et le respect des;conditions d'octroi;Tym Solutions
07/2023;33;15;8;2;9;6;45.5;conforme;Train Your Mind;Ghofrane Ben Mabrouk, Mohamed Khalil Ben Chebil, Mohamed Salah Ouelhazi, HealthTech, Janvier 2023, Label accordé, Label accordé suite à la création de la Startup et le respect des;conditions d'octroi;Digi Portal
07/2023;33;15;8;2;9;6;45.5;conforme;Mouqawel;Ikbel Sassi, Business Software and services, Janvier 2023, Label accordé, Label accordé suite à la création de la Startup et le respect des;conditions d'octroi;Expy
07/2023;33;15;8;2;9;6;45.5;conforme;Expy AI;Slim Nabli, Luay Ben Ali, Business Software and services, Juin 2023, Label accordé, Label accordé suite à la création de la Startup et le respect des;conditions d'octroi;Académie artisanal Arzaak
07/2023;33;15;8;2;9;6;45.5;conforme;Arzaak;Jihene Arzaak, Eya Akir, Racha Chwiref, Social Business, Mai 2023, Label accordé, Label accordé suite à la création de la Startup et le respect des;conditions d'octroi;Retraits Labels
07/2023;33;15;8;2;9;6;45.5;conforme;Société;Secteur, Session d'obtention;du Label;Décision
07/2023;33;15;8;2;9;6;45.5;conforme;Commentaires;Avempace, Consumer Products & Services, Juillet 2019, Retrait du Label, La société a dépassé l'âge maximum de 8 ans fixé par la loi 20-;2018 pour les sociétés bénéficiaires du Label;Carthage Eyewear international
07/2023;33;15;8;2;9;6;45.5;conforme;Consumer Products & Services;Novembre 2019, Retrait du Label, La société a dépassé l'âge maximum de 8 ans fixé par la loi 20-;2018 pour les sociétés bénéficiaires du Label;
08/2023;26;11;5;0;7;4;42.3;corrigee;Label accordé au 2ème tour;SD Academy, May Tounsi, Farah Tounsi, Leila Ben Abdallah, EdTech, Label;6;Label Accordé
08/2023;26;11;5;0;7;4;42.3;corrigee;Label accordé au 2ème tour;Deep Camp, Belhassen Chelbi, Sabrine Labidi, EdTech, Label;4;Label Accordé
08/2023;26;11;5;0;7;4;42.3;corrigee;Label accordé au 3 ème tour;;clik2read/MIPLIVREL;Ahmed Sami Meksi
08/2023;26;11;5;0;7;4;42.3;corrigee;Mourad Boubaker;EdTech, Label;4;Label Accordé
08/2023;26;11;5;0;7;4;42.3;corrigee;Label accordé au 3 ème tour;;sellya.net;Hamza Zarrouk
08/2023;26;11;5;0;7;4;42.3;corrigee;Rihem Ghzaiel;Ala Guezzi, Commerce and shopping, Prélabel;7;Prélabel Accordé
08/2023;26;11;5;0;7;4;42.3;corrigee;Prélabel accordé au 2ème tour;Verse, Hassen Serkhane, Malek Baouindi, Commerce and shopping, Prélabel;7;Prélabel Accordé
08/2023;26;11;5;0;7;4;42.3;corrigee;Prélabel accordé au 2ème tour;Drop'n Go, Riadh Bouassida, Ahmed Bouassida, Ramzi Arous, Consumer products and services, Prélabel;6;Prélabel Accordé
08/2023;26;11;5;0;7;4;42.3;corrigee;Prélabel accordé au 2ème tour;HygieSys, Jihen Kboubi, Aschraf Chadli, Chiheb Kboubi, Adem Kboubi, Environment, Prélabel;6;Prélabel Accordé
08/2023;26;11;5;0;7;4;42.3;corrigee;Prélabel accordé au 2ème tour;FIDELIUM, Ghaith Ben Mansour, Consumer products and services, Prélabel;5;Prélabel Accordé
08/2023;26;11;5;0;7;4;42.3;corrigee;Prélabel accordé au 2ème tour;WOLO, Mohamed Ali Hergli, Ad Tech and Creative Tech, Label;0;Label Non Accordé
08/2023;26;11;5;0;7;4;42.3;corrigee;Label Non accordé au 2ème tour;Elodox, Hafedh Farhani, Abdelrahman Nasser, Cyrine Ben Haj Ali, HealthTech, Label;0;Label Non Accordé
08/2023;26;11;5;0;7;4;42.3;corrigee;Label Non accordé au 2ème tour;Restojob, Mortadha Mehri, Adem Mehri, Mojtabah Mehri, Business Software and services, Prélabel;0;Prélabel Non Accordé Prélabel Non accordé au 2ème tour
08/2023;26;11;5;0;7;4;42.3;corrigee;Yolyc;Amine Maalaoui, Real estate Tech, Prélabel;0;Prélabel Non Accordé Prélabel Non accordé au 2ème tour
08/2023;26;11;5;0;7;4;42.3;corrigee;GMT International;Amal Abdelkafi, Communication services, Prélabel;0;Prélabel Non Accordé Prélabel Non accordé au 2ème tour
08/2023;26;11;5;0;7;4;42.3;corrigee;EagleEye;Rayen Naimi, Dabboussi Hassen, Mohamed Amine Naimi, Business Software and services, Prélabel;0;Prélabel Non Accordé Prélabel Non accordé au 2ème tour
08/2023;26;11;5;0;7;4;42.3;corrigee;BTG : Bridging The Gap;Raef RezguI, Badis Kardous, Chiheb Baazaoui, Firas Koraani, Ad Tech and Creative Tech, Prélabel;0;Label Non Accordé
08/2023;26;11;5;0;7;4;42.3;corrigee;Label Non accordé au 2ème tour;ZMEN, Sarra Goddi, Imen Ben Slimen, Ad Tech and Creative Tech, Prélabel;0;Label Non Accordé
08/2023;26;11;5;0;7;4;42.3;corrigee;Label Non accordé au 2ème tour;;dash sports;Melek Chakchouk
08/2023;26;11;5;0;7;4;42.3;corrigee;Bilel Ben Atitallah;Jawhar Ben Salem, Hatem Halouani, Welllness, Prélabel;0;Label Non Accordé
08/2023;26;11;5;0;7;4;42.3;corrigee;Label Non accordé au 2ème tour;Tutwide, Jawhar Farhat, Sami Hamdi, EdTech, Prélabel;0;Prélabel Non Accordé Prélabel Non accordé au 2ème tour
08/2023;26;11;5;0;7;4;42.3;corrigee;Modhif;Achraf Sekri, Real Estate Tech, Prélabel;0;Prélabel Non Accordé Prélabel Non accordé au 2ème tour
08/2023;26;11;5;0;7;4;42.3;corrigee;TIE-UP;Achouri Iyadh, Rami Ksouri, Consumer products and services, Prélabel;0;Prélabel Non Accordé Prélabel Non accordé au 2ème tour
08/2023;26;11;5;0;7;4;42.3;corrigee;Miled Mohamed;Mohamed ali Zorgui, Real Estate Tech, Prélabel;0;Prélabel Non Accordé Prélabel Non accordé au 2ème tour
08/2023;26;11;5;0;7;4;42.3;corrigee;AlloFermli;Naja Benali, Healthtech, Prélabel;0;Prélabel Non Accordé Prélabel Non accordé au 2ème tour
08/2023;26;11;5;0;7;4;42.3;corrigee;Clic Holidays;Seif Allah Azaiez, Philippe Dedrie, TravelTech, Prélabel;0;Prélabel Non accordé Prélabel Non accordé au 3ème Tour
08/2023;26;11;5;0;7;4;42.3;corrigee;IPPO;Ahmed Bouali, Mohamed Wassim Abidi, Salim Benaoun, Hela Msaddek, Mohamed Firas Najjar, Mohamed Elyes Abidi, Advanced Manufacturing & Robotics Prélabel;1;Prélabel Non accordé Prélabel Non accordé au 3ème Tour
08/2023;26;11;5;0;7;4;42.3;corrigee;Kardili;Med Mezri Ben Dkhil, Hamdi Mokni, Business Software and services, Prélabel, N.A, N.A, N.A, N.A, N.A, N.A, Prélabel Non accordé, Prélabel Non accordé au  1er tour Exercice de l'activité bancaire soumis à l’;approbation préalable del a Banque Centrale de Tunisie conformément aux;articles 4 et 24.de la loi n°2016-48 du 11 juillet 2016 relative aux banques
08/2023;26;11;5;0;7;4;42.3;corrigee;Passage de Prélabels aux Labels;Société, Projet, Fondateurs, Secteur, Session d'obtention;du Prélabel;Résultat
08/2023;26;11;5;0;7;4;42.3;corrigee;Commentaires;;ste vetalyst tech solution;Beitary
08/2023;26;11;5;0;7;4;42.3;corrigee;Firas Jribi;HealthTech, Avril 2023, Label accordé, Label accordé suite à la création de la Startup et le respect des;conditions d'octroi;Be Synchro
08/2023;26;11;5;0;7;4;42.3;corrigee;NetConf;Houssem Jarraya, Ad Tech & Creative Tech, Juillet 2023, Label accordé, Label accordé suite à la création de la Startup et le respect des;conditions d'octroi;Ziwziw Family Friend
08/2023;26;11;5;0;7;4;42.3;corrigee;Ziwziw Family Friend;Mechri Siwar, Nawres Mechri, Zardi Samar, Yassmine Dahmene, EdTech, Février 2023, Label accordé, Label accordé suite à la création de la Startup et le respect des;conditions d'octroi;MK Talent
08/2023;26;11;5;0;7;4;42.3;corrigee;Digify;Mehdi Ben Hassine, Khaled Ben hassine, EdTech, Mars 2023, Label accordé, Label accordé suite à la création de la Startup et le respect des;conditions d'octroi;Grün Skincare
08/2023;26;11;5;0;7;4;42.3;corrigee;Grün Skincare;Foued Kilani, Djazia Messous, Wellness, Février 2023, Label accordé, Label accordé suite à la création de la Startup et le respect des;conditions d'octroi;Lean Manufacturing Company
08/2023;26;11;5;0;7;4;42.3;corrigee;LeanTex;Melek Mehrez, Nihel Beji, Firas Mehrez, Advanced Manufacturing &, Robotics, Juin 2023, Label accordé, Label accordé suite à la création de la Startup et le respect des;conditions d'octroi;Gifty
08/2023;26;11;5;0;7;4;42.3;corrigee;Gifty;Il Banney Haythem, Jihed Chemlali, Commerce & Shopping, Février 2023, Label accordé, Label accordé suite à la création de la Startup et le respect des;conditions d'octroi;
09/2023;33;15;6;1;8;7;45.5;conforme;Label accordé au 2ème tour;Dopawin, Balkis Aifa, Rmili Akrem, Tarek Ben Ali, Achref Rmili, Communication services, Label;5;Label Accordé
09/2023;33;15;6;1;8;7;45.5;conforme;Label accordé au 2ème tour;MAKTOUB TECHNOLOGIES ET, SERVICES, Amir Aouididi, Communication services, Label;5;Label Accordé
09/2023;33;15;6;1;8;7;45.5;conforme;Label accordé au 2ème tour;Dactylos Service, Sahar Cheikh, Communication services, Label;4;Label Accordé
09/2023;33;15;6;1;8;7;45.5;conforme;Label accordé au 3ème tour;;d-talk;Ali Nakti
09/2023;33;15;6;1;8;7;45.5;conforme;Saber Bahri;Chaima Belhassen, Ad Tech and Creative Tech, Label;4;Label Accordé
09/2023;33;15;6;1;8;7;45.5;conforme;Label accordé au 3ème tour;HAT Information Security Corporate, Anis Fourati, Randa Sellami, Mohamed Ali Fitouhi, Security, Label;3;Label Accordé
09/2023;33;15;6;1;8;7;45.5;conforme;Label accordé au 3ème tour;Inspark, Wael Mlak, Salma Sayah ep Mallek, EdTech, Label;2;Label Accordé
09/2023;33;15;6;1;8;7;45.5;conforme;Label accordé au 3ème tour;Abajim.com, Mohamed Ali Zaier, Yassine Rhouma, Mohamed Ben Romdhan, EdTech, Prélabel;5;Prélabel Accordé
09/2023;33;15;6;1;8;7;45.5;conforme;Prélabel accordé au 2ème tour;ProteiNew, Aamira Ben Aamira, Issam Ben Aamira, Agritech, Prélabel;5;Prélabel Accordé
09/2023;33;15;6;1;8;7;45.5;conforme;Prélabel accordé au 2ème tour;Line Analyzer, Ali Ibn Ammar, Ad Tech and Creative Tech, Prélabel;4;Prélabel Accordé
09/2023;33;15;6;1;8;7;45.5;conforme;Prélabel Accordé au 3ème tour;Studenty, Nour El Houda benina, Rayhane Hedri, Mottaki Hajouni, Sabryn Hamrouni, Belaid Wael, Social Business, Prélabel;1;Prélabel Accordé
09/2023;33;15;6;1;8;7;45.5;conforme;Prélabel Accordé au 3ème tour;Digi-QAL, Mathias Wrzoncki, Belgacem Toumi, Sondess Lazrak, Business Software and services, Prélabel;0;Prélabel Accordé
09/2023;33;15;6;1;8;7;45.5;conforme;Prélabel Accordé au 3ème tour;Virtu-Lab, Mohamed Nahouchi, Amrou Kboubi, Siwar Ben Nejma, EdTech, Prélabel;0;Prélabel Accordé
09/2023;33;15;6;1;8;7;45.5;conforme;Prélabel Accordé au 3ème tour;Neural Genie, Jawher Ressaissi, Hatem Ressaissi, Ad Tech and Creative Tech, Label;0;Label Non Accordé
09/2023;33;15;6;1;8;7;45.5;conforme;Label Non accordé au 2ème tour;Elsabuy, Hichem Boughdiri, Consumer products and services, Label;0;Label Non Accordé
09/2023;33;15;6;1;8;7;45.5;conforme;Label Non accordé au 2ème tour;Docnet, Emna Ouerchfani, Aya Ouhichi, Ajmi ouerchfani, Montassar Zorgani, Directeur Technique, Imen Ouerchfani, Mohamed Ali Jebali, Adam Louhichi, HealthTech, Label;0;Label Non Accordé
09/2023;33;15;6;1;8;7;45.5;conforme;Label Non accordé au 2ème tour;;investy;Firas Sfaxi
09/2023;33;15;6;1;8;7;45.5;conforme;Achraf Ben Hiba;Mohamed Rayen Dakhlaoui, Leith Cousseni, Communication services, Label;0;Label Non Accordé
09/2023;33;15;6;1;8;7;45.5;conforme;Label Non accordé au 2ème tour;IDOS DIGITAL, Ghassen Selmi, Amen Mili, Business Software and services, Label;1;Label Non Accordé
09/2023;33;15;6;1;8;7;45.5;conforme;Label Non accordé au 3ème tour;Car Supervision, Jamel Eddine Belmadhkour, Letaief Omar, Mobility, Prélabel;0;Prélabel Non Accordé Prélabel Non accordé au 2ème tour
09/2023;33;15;6;1;8;7;45.5;conforme;MyAuto;Hatem Ben Chaabane, Commerce and shopping, Prélabel;0;Prélabel Non Accordé Prélabel Non accordé au 2ème tour
09/2023;33;15;6;1;8;7;45.5;conforme;SuperFactorial;Aymen Ben Rjab, Business Software and services, Prélabel;0;Prélabel Non Accordé Prélabel Non accordé au 2ème tour
09/2023;33;15;6;1;8;7;45.5;conforme;Growth Starter : Plateforme de;;marketing digital et SEO;Mohamed Mounir Mejri
09/2023;33;15;6;1;8;7;45.5;conforme;Abdelhakim Jamaaoui;Omrane Trabelssi, Business Software and services, Prélabel;0;Prélabel Non Accordé Prélabel Non accordé au 2ème tour
09/2023;33;15;6;1;8;7;45.5;conforme;Autom8;Dsouli Youssef, Aymen Rachdi, Hamza Zouari, Consumer products and services, Prélabel;0;Prélabel Non Accordé Prélabel Non accordé au 2ème tour
09/2023;33;15;6;1;8;7;45.5;conforme;Sayart;Amine Hayder, Communication services, Prélabel;0;Prélabel Non Accordé Prélabel Non accordé au 2ème tour
09/2023;33;15;6;1;8;7;45.5;conforme;SARBINI;Skander Guarbaa, FoodTech & New Food, Prélabel;0;Prélabel Non Accordé Prélabel Non accordé au 2ème tour
09/2023;33;15;6;1;8;7;45.5;conforme;AIO EVENTS;Iyed Ben Messaoud, Oussema Rifi, Aymen Derouiche, Ali Baroudi, Business Software and services, Prélabel;0;Prélabel Non Accordé Prélabel Non accordé au 2ème tour
09/2023;33;15;6;1;8;7;45.5;conforme;Coccinelle Green;Aymen Ammar, Mobility, Prélabel;0;Prélabel Non Accordé Prélabel Non accordé au 2ème tour
09/2023;33;15;6;1;8;7;45.5;conforme;Weventis;Hadil Abdallah, Mohamed Jouneidi Abderrazek, Rami Kelboussi, Hamza Mansour, Social Business, Prélabel;0;Prélabel Non Accordé Prélabel Non accordé au 2ème tour
09/2023;33;15;6;1;8;7;45.5;conforme;Felbis.ai;Sami Sakly, Business Software and services, Prélabel;0;Prélabel Non Accordé Prélabel Non accordé au 2ème tour
09/2023;33;15;6;1;8;7;45.5;conforme;Myprint;Salim Sassi, Commerce and shopping, Prélabel;0;Prélabel Non Accordé Prélabel Non accordé au 2ème tour
09/2023;33;15;6;1;8;7;45.5;conforme;MData One;Slimen Arnaout, Arafet Sbei, Tarek Ben Salah, Omar Ismail, Business Software and services, Prélabel;0;Prélabel Non accordé Prélabel Non accordé au 2ème tour
09/2023;33;15;6;1;8;7;45.5;conforme;TracklyGo;Ahmed Hedi, Imed Ayari, Lamjed Jedda, Mobility, Prélabel;0;Prélabel Non accordé Prélabel Non accordé au 2ème tour
09/2023;33;15;6;1;8;7;45.5;conforme;MY EASY TRANSFER;Ismail Khenissi, Jabrane Khenissi, Fintech, Prélabel, N.A, N.A, N.A, N.A, N.A, N.A, Prélabel Non accordé, Prélabel Non accordé au  1er tour Exercice de l'activité bancaire soumis à l’;approbation préalable del a Banque Centrale de Tunisie conformément aux;articles 4 et 24.de la loi n°2016-48 du 11 juillet 2016 relative aux banques
09/2023;33;15;6;1;8;7;45.5;conforme;Passage de Prélabels aux Labels;Société, Projet, Fondateurs, Secteur, Session d'obtention;du Prélabel;Résultat
09/2023;33;15;6;1;8;7;45.5;conforme;Commentaires;Ambition Study, Success Study, Anissa Najjar, Kais Dridi, Consumer, Products and, Services, Juillet 2023, Label accordé, Label accordé suite à la création de la Startup et le respect des;conditions d'octroi;MiGsens
09/2023;33;15;6;1;8;7;45.5;conforme;MiGsens;Abdelghani Adnane, Khalifa Aguir, Environment, Mars 2023, Label accordé, Label accordé suite à la création de la Startup et le respect des;conditions d'octroi;Cell Pulse Harmony
09/2023;33;15;6;1;8;7;45.5;conforme;Jridi Jihed;Salem Hamidi, Halima Mahjoubi, Elhem Cheour, Neder Hamidi, HealthTech, Avril 2023, Label accordé, Label accordé suite à la création de la Startup et le respect des;conditions d'octroi;SPINSHARE
09/2023;33;15;6;1;8;7;45.5;conforme;GymSwitch;Wael Lakhrach, Siwar Houssaî, Hiba Mned, Wellness, Juin 2023, Label accordé, Label accordé suite à la création de la Startup et le respect des;conditions d'octroi;Sellya Technologies
09/2023;33;15;6;1;8;7;45.5;conforme;Sellya.net;Hamza Zarrouk, Rihem Ghzaiel, Ala Guezzi, Commerce &, Shopping, Août 2023, Label accordé, Label accordé suite à la création de la Startup et le respect des;conditions d'octroi;Venus Zora Pharm
09/2023;33;15;6;1;8;7;45.5;conforme;Conception, formulation et;;production de dispositifs;pharmaceutiques
09/2023;33;15;6;1;8;7;45.5;conforme;Zohra Aloui-Zarrouk;HealthTech, Avril 2023, Label accordé, Label accordé suite à la création de la Startup et le respect des;conditions d'octroi;HygieSys Solutions for better
09/2023;33;15;6;1;8;7;45.5;conforme;HygieSys;Jihen Kboubi, Aschraf Chadli, Chiheb Kboubi, Adem Kboubi, Environment, Août 2023, Label accordé, Label accordé suite à la création de la Startup et le respect des;conditions d'octroi;Tunealgo
09/2023;33;15;6;1;8;7;45.5;conforme;HelpyGo;Mohamed Melki, Yacine Maaroufi, Amani Khalfaoui, Consumer, Products and, Services, Mai 2023, Label accordé, Label accordé suite à la création de la Startup et le respect des;conditions d'octroi;Retraits Labels
09/2023;33;15;6;1;8;7;45.5;conforme;Société;Secteur, Session d'obtention;du Label;Décision
09/2023;33;15;6;1;8;7;45.5;conforme;Commentaires;Qartaj, Consumer Products & Services, Octobre 2020, Retrait du Label, La société a dépassé l'âge maximum de 8 ans fixé par la loi 20-;2018 pour les sociétés bénéficiaires du Label;
10/2023;31;6;4;3;1;5;19.4;corrigee;Label accordé au 2ème tour;ShippingLog, Sami Jilani, Meriem Trabelsi, Mobility, Label;6;Label Accordé
10/2023;31;6;4;3;1;5;19.4;corrigee;Label accordé au 2ème tour;COLLARY, Riadh Ben Meftah, Jamel Gafsi, Business Software and services, Label;6;Label Accordé
10/2023;31;6;4;3;1;5;19.4;corrigee;Label accordé au 2ème tour;SEA DESIGN LAB/OUTA, Anis Montacer, Aymen Souissi, Asma Benyoussef, Sami Montacer, Environment, Label;5;Label Accordé
10/2023;31;6;4;3;1;5;19.4;corrigee;Label accordé au 2ème tour;Empowair, Atef Meftah, Iuliia Matviets, TravelTech, Label;4;Label Accordé
10/2023;31;6;4;3;1;5;19.4;corrigee;Label accordé au 3ème tour;;xscan;Houssem Eddine Rammeh
10/2023;31;6;4;3;1;5;19.4;corrigee;Oussama Ben Wahiba;Abderrahim Gdah, Business Software and services, Prélabel;7;Prélabel Accordé
10/2023;31;6;4;3;1;5;19.4;corrigee;Prélabel accordé au 2ème tour;CHITELIX, Kais Aouieb, Mohamed Anis Ben Ghalia, Agritech, Prélabel;6;Prélabel Accordé
10/2023;31;6;4;3;1;5;19.4;corrigee;Prélabel accordé au 2ème tour;Tadwir, Zeineb Blaiech, Dali Blaiech, Consumer products and services, Prélabel;6;Prélabel Accordé
10/2023;31;6;4;3;1;5;19.4;corrigee;Prélabel accordé au 2ème tour;Saydalid, Fares Messedi, Rayen Miaoui, Yadh Khalfallah, HealthTech, Prélabel;3;Prélabel Accordé
10/2023;31;6;4;3;1;5;19.4;corrigee;Prélabel accordé au 3ème tour;Techno Shark, Ahmed Jedidi, Ali Jedidi, Hsan Jedidi, HealthTech, Label;0;Label Non Accordé
10/2023;31;6;4;3;1;5;19.4;corrigee;Label Non accordé au 2ème tour;Emyehr, Mohamed Aimen Jouini, Business Software and services, Label;0;Label Non Accordé
10/2023;31;6;4;3;1;5;19.4;corrigee;Label non accordé au 3ème tour;SILVER-MADE CONSULTING, Houcem Kolsi, Issam Kolsi, Security, Label;0;Label Non Accordé
10/2023;31;6;4;3;1;5;19.4;corrigee;Label Non accordé au 2ème tour;LAND WASH, Mohamed Aziz Landolssi, Environment, Label;0;Label Non Accordé
10/2023;31;6;4;3;1;5;19.4;corrigee;Label Non accordé au 2ème tour;HIPPOMED AI, Walid Guellouz, Healthtech, Label;0;Label Non Accordé
10/2023;31;6;4;3;1;5;19.4;corrigee;Label Non accordé au 2ème tour;TBRL, Ilyes Karray, Ahmed Azer Ghimeji, Ad Tech and Creative Tech, Label;0;Label Non Accordé
10/2023;31;6;4;3;1;5;19.4;corrigee;Label Non accordé au 2ème tour;C&S EoleAvia, Sondes Massoudi, Chiheb Ben Rekaya, Communication services, Prélabel;0;Label Non Accordé
10/2023;31;6;4;3;1;5;19.4;corrigee;Label Non accordé au 3ème tour;AquaWise Solutions, Yosri Belhadj, Hamdi Maslah, May Mallouli, Advanced Manufacturing & Robotics, Prélabel;0;Prélabel Non Accordé
10/2023;31;6;4;3;1;5;19.4;corrigee;Prélabel Non accordé au 2ème tour;The pointing graphical tablet, Mohamed Taibah, Kais Ben Rhouma, Wafa Smaoui, Advanced Manufacturing & Robotics, Prélabel;0;Prélabel Non Accordé
10/2023;31;6;4;3;1;5;19.4;corrigee;Prélabel Non accordé au 2ème tour;Gori'fit, Nadhir Chebbi, Mohamed Itheb Ben Abbes, Wellness, Prélabel;0;Prélabel Non Accordé
10/2023;31;6;4;3;1;5;19.4;corrigee;Prélabel Non accordé au 2ème tour;GOATech, Mohamed Najar, Seifeddine Adouani, Firas Fejjeri, Business Software and services, Prélabel;0;Prélabel Non Accordé
10/2023;31;6;4;3;1;5;19.4;corrigee;Prélabel Non accordé au 2ème tour;;myparcel.tn;Saaidi Abdel Aziz
10/2023;31;6;4;3;1;5;19.4;corrigee;Safa Soltani;Business Software and services, Prélabel;0;Prélabel Non Accordé
10/2023;31;6;4;3;1;5;19.4;corrigee;Prélabel Non accordé au 2ème tour;Tadaa, Amine Ben Hmida, Business Software and services, Prélabel;0;Prélabel Non Accordé
10/2023;31;6;4;3;1;5;19.4;corrigee;Prélabel non accordé au 3ème tour;KYTOSAN TECHNOLOGIES, Adnene Kammoun, Mohamed Nassim Chouchene, Salah Bannour, Wassim Kammoun, Khawla Dhahri, Nasreddine Soualhia, Samia Noureddine, Agritech, Prélabel;0;Prélabel Non Accordé
10/2023;31;6;4;3;1;5;19.4;corrigee;Prélabel non accordé au 3ème tour;Haven, Mohamed Khalil Kouki, Khaled Ben ammar, Business Software and services, Prélabel;0;Prélabel Non Accordé
10/2023;31;6;4;3;1;5;19.4;corrigee;Prélabel non accordé au 3ème tour;DigiStract, Zaidi Chifa, Khadija Louati, Ala Eddine Maatoug, HealthTech, Prélabel;2;Prélabel Non Accordé
10/2023;31;6;4;3;1;5;19.4;corrigee;Prélabel non accordé au 3ème tour;Buy and Save, Marouene Darbi, Feten Boukari, Commerce and shopping, Prélabel;2;Prélabel Non Accordé
10/2023;31;6;4;3;1;5;19.4;corrigee;Prélabel non accordé au 3ème tour;EdgeCube, Alaeddine Ghabi, Mohamed Yassin Jemai, Taha Yassine Romdhane, Mouadh Abdellatif, Asma Hammami, Consumer products and services, Prélabel;0;Prélabel Non Accordé
10/2023;31;6;4;3;1;5;19.4;corrigee;Prélabel Non accordé au 2ème tour;The New Generation : For high;energy kids;Wejdane Ksiaa
10/2023;31;6;4;3;1;5;19.4;corrigee;EdTech;Prélabel;0;Prélabel Non Accordé
10/2023;31;6;4;3;1;5;19.4;corrigee;Prélabel Non accordé au 2ème tour;Maktba.tn, Rahma Boubaker, Boubaker Raed, Imen Messaoud, Commerce and shopping, Prélabel;0;Prélabel Non Accordé
10/2023;31;6;4;3;1;5;19.4;corrigee;Prélabel Non accordé au 2ème tour;Éyalla, Bassem Almarzouki, TravelTech, Prélabel;0;Prélabel Non Accordé
10/2023;31;6;4;3;1;5;19.4;corrigee;Prélabel Non accordé au 2ème tour;Passage de Prélabels aux Labels, Société, Projet, Fondateurs, Secteur, Session d'obtention;du Prélabel;Résultat
10/2023;31;6;4;3;1;5;19.4;corrigee;Commentaires;Abajim.com, Abajim.comm, Mohamed Ali Zaier, Yassine Rhouma, Mohamed Ben Romdhane, EdTech, Septembre 2023, Label accordé, Label accordé suite à la création de la Startup et le respect des;conditions d'octroi;Retraits Labels
10/2023;31;6;4;3;1;5;19.4;corrigee;Société;Secteur, Session d'obtention;du Label;Décision
10/2023;31;6;4;3;1;5;19.4;corrigee;Commentaires;;iowaves;Envrionment
10/2023;31;6;4;3;1;5;19.4;corrigee;Décembre 2019;Retrait du Label, La société a dépassé l'âge maximum de 8 ans fixé par la loi 20-;2018 pour les sociétés bénéficiaires du Label;LISTA INTERNATIONAL
10/2023;31;6;4;3;1;5;19.4;corrigee;Commerce & Shopping;Février 2021, Retrait du Label, La société a dépassé l'âge maximum de 8 ans fixé par la loi 20-;2018 pour les sociétés bénéficiaires du Label;CREATIVE CULINARY
10/2023;31;6;4;3;1;5;19.4;corrigee;FoodTech & New Food;Juin 2019, Retrait du Label, La société a dépassé l'âge maximum de 8 ans fixé par la loi 20-;2018 pour les sociétés bénéficiaires du Label;
11/2023;30;12;7;6;8;4;40.0;corrigee;ApiShield;Ala Eddine Dhaouafi, Rayen Nahdi, Hédil Fraihi, Yassine Ben Ali, Agritech, Label;7;Label Accordé au 2ème tour
11/2023;30;12;7;6;8;4;40.0;corrigee;Au delà du Bio;Hajer Terras, Heithem Zaghouani, Elyes Jeribi, Agritech, Label;7;Label Accordé au 2ème tour
11/2023;30;12;7;6;8;4;40.0;corrigee;ProtiBox / Kosmos Tech;Innovation, Wassim Amri, Asma Kilani, Agritech, Label;6;Label Accordé au 2ème tour
11/2023;30;12;7;6;8;4;40.0;corrigee;CarNet;Nabil Ben Nasrallah, Sana Balti, Wissem Mazgou, Mobility, Label;5;Prélabel Accordé au 2 ème tour
11/2023;30;12;7;6;8;4;40.0;corrigee;NeuralBey;Mohamed Aziz Chibani, Mahdi Lazreg, Mechria Mohamed Aziz, Business Software and services, Label;2;Prélabel Accordé au 2 ème tour
11/2023;30;12;7;6;8;4;40.0;corrigee;BE-SIYESSAH;Saif Eddine Naffati, Fedia Ayari, Ad Tech and Creative Tech, Label;2;Prélabel Accordé au 2 ème tour
11/2023;30;12;7;6;8;4;40.0;corrigee;Intake;Marouane Trimeche ?, HealthTech, Label;0;Prélabel Accordé au 2 ème tour
11/2023;30;12;7;6;8;4;40.0;corrigee;BRAIN-TEK;Montasser Khamassi, Nour El Houda Shili, Mohieddine Drissi, Slim Griri, Business Software and services, Prélabel;3;Prélabel accordé au 3 ème tour
11/2023;30;12;7;6;8;4;40.0;corrigee;Digital Catering Solution;Salmen Ajili, Mahdi Abdelmalek, Sahbi Ben hmida, Business Software and services, Prélabel;6;Prélabel Accordé au 2 ème tour
11/2023;30;12;7;6;8;4;40.0;corrigee;Deelshop;Hamza Bourougaa, Rachwan Tarraf, Aziz Kouki, Consumer products and services Prélabel;5;Prélabel Accordé au 2 ème tour
11/2023;30;12;7;6;8;4;40.0;corrigee;K-EYES;Zina Gachaoui, Ziad Kadhi, Business Software and services, Label;0;Label Non Accordé au 2 ème tour
11/2023;30;12;7;6;8;4;40.0;corrigee;BRIDGE IT;Ibtihel Driss, Lassaad Aissa Berraiess, Mohamed Ghodbane, Business Software and services, Label;0;Label Non Accordé au 2 ème tour
11/2023;30;12;7;6;8;4;40.0;corrigee;DourbIA;Ines Hassoumi, TravelTech, Prélabel;4;Prélabel Non Accordé au 2 ème tour
11/2023;30;12;7;6;8;4;40.0;corrigee;Vocalyst;Mohamed Omar Chaari, Business Software and services, Prélabel;3;Prélabel Non Accordé au 2 ème tour
11/2023;30;12;7;6;8;4;40.0;corrigee;STOREX;Mahdi Benabdallah, Business Software and services, Prélabel;2;Prélabel Non Accordé au 2 ème tour
11/2023;30;12;7;6;8;4;40.0;corrigee;X-Green;Azer Taieb, Houssem Tayeb, Mobility, Prélabel;2;Prélabel Non Accordé au 2 ème tour
11/2023;30;12;7;6;8;4;40.0;corrigee;WeeCode Development;Mouheb Mehdoui, Riadh Baroudi, EdTech, Prélabel;2;Prélabel Non Accordé au 2 ème tour
11/2023;30;12;7;6;8;4;40.0;corrigee;Oussama Noumi;Karim Bouchiba, Yosri Jlassi, Ad Tech and Creative Tech, Prélabel;1;Prélabel Non Accordé au 2 ème tour
11/2023;30;12;7;6;8;4;40.0;corrigee;BuzzBip;Mhamed Ali Ben, Mahmoud, Walid Tanazefti, Sabri Ben Marzouk, Youssef Denguir, Ad Tech and Creative Tech, Prélabel;0;Prélabel Non Accordé au 2 ème tour
11/2023;30;12;7;6;8;4;40.0;corrigee;LES ÉDITIONS IRIS;Malik Ayachi, EdTech, Prélabel;0;Prélabel Non Accordé au 2 ème tour
11/2023;30;12;7;6;8;4;40.0;corrigee;BIM STRATEGY;Khalil Mhamdi, Real Estate Tech, Prélabel;0;Prélabel Non Accordé au 2 ème tour
11/2023;30;12;7;6;8;4;40.0;corrigee;TestWize;Khaled Saidani, Azza Sandly, Business Software and services, Prélabel;0;Prélabel Non Accordé au 2 ème tour
11/2023;30;12;7;6;8;4;40.0;corrigee;Mntly;Hassen Saadi, FoodTech & New Food, Prélabel;0;Prélabel Non Accordé au 2 ème tour
11/2023;30;12;7;6;8;4;40.0;corrigee;VRmersion;Ranim Zouari, Sonda Charfi, HealthTech, Prélabel;0;Prélabel Non Accordé au 2 ème tour
11/2023;30;12;7;6;8;4;40.0;corrigee;Mohamed Boussaidi;Agritech, Prélabel;0;Prélabel Non Accordé au 2 ème tour
11/2023;30;12;7;6;8;4;40.0;corrigee;Orion;Ghassen Ghouibi, Habiba Ben Jabeur, Real Estate Tech, Prélabel;0;Prélabel Non Accordé au 2 ème tour
11/2023;30;12;7;6;8;4;40.0;corrigee;AhlaBik;Olfa Trabelsi, Kessé Emmanuel Sigui, Commerce and shopping, Prélabel;0;Prélabel Non Accordé au 2 ème tour
11/2023;30;12;7;6;8;4;40.0;corrigee;Chanvision;Mohamed Riahi, Yassine Idoudi, Business Software and services, Prélabel;0;Prélabel Non Accordé au 2 ème tour
11/2023;30;12;7;6;8;4;40.0;corrigee;Mellekher;Wassim Hamdani, Youssef Zrelli, Commerce and shopping, Prélabel;0;Prélabel Non Accordé au 2 ème tour
11/2023;30;12;7;6;8;4;40.0;corrigee;Passage de Prélabels aux Labels;Société, Projet, Fondateurs, Secteur, Session d'obtention;du Prélabel;Résultat
11/2023;30;12;7;6;8;4;40.0;corrigee;Commentaires;GAMAPPS, FIDELIUM, Ghaith Ben Mansour, Environment, Août 2023, Label accordé, Label accordé suite à la création de la Startup et le respect des conditions d'octroi, ORcompost solutions;naturelles;ORcompost
11/2023;30;12;7;6;8;4;40.0;corrigee;Ahmed Boufahja;Emna Boufahja, Agritech, Juillet 2023, Label accordé, Label accordé suite à la création de la Startup et le respect des conditions d'octroi, United VITO, United VITO, Nizar Affi, Business, Software and;services;Juillet 2023
11/2023;30;12;7;6;8;4;40.0;corrigee;Label accordé;Label accordé suite à la création de la Startup et le respect des conditions d'octroi, Skinphilosophy, SKINPHILOSOPHY, Khouloud Abada, Saida Akermi, Wellness, Juin 2023, Label accordé, Label accordé suite à la création de la Startup et le respect des conditions d'octroi, MultiVerse Ai, MultiVerse Ai, Aymen Yahyaoui, Amine Mosbah, Business, Software and;services;Mai 2023
11/2023;30;12;7;6;8;4;40.0;corrigee;Label accordé;Label accordé suite à la création de la Startup et le respect des conditions d'octroi, Société internationale;d'élevages des espèces;nutri protein
11/2023;30;12;7;6;8;4;40.0;corrigee;Elevage des insectes;;(nutri-protéine);Helmi Abed
11/2023;30;12;7;6;8;4;40.0;corrigee;FoodTech &;New Food, Mai 2023, Label accordé, Label accordé suite à la création de la Startup et le respect des conditions d'octroi, FORCE DE VENTE DIGITAL, E-KMANDI, Baha Hajri, Business, Software and;services;Mai 2023
11/2023;30;12;7;6;8;4;40.0;corrigee;Label accordé;Label accordé suite à la création de la Startup et le respect des conditions d'octroi, ONEGLOBB, OneGlobb, Safouene Ratel, Younes Saidani, Marouene Ratel, Business, Software and;services;Mai 2023
11/2023;30;12;7;6;8;4;40.0;corrigee;Label accordé;Label accordé suite à la création de la Startup et le respect des conditions d'octroi, Retraits Labels, Société, Secteur, Session d'obtention;du Label;Décision
11/2023;30;12;7;6;8;4;40.0;corrigee;Commentaires;EZZAYRA SOLUTIONS, Agritech, Mars 2019, Retrait du Label, La société a dépassé l'âge maximum de 8 ans fixé par la loi 20-2018 pour les sociétés bénéficiaires du Label, TAKI ACADEMY, Edtech, Mai 2019, Retrait du Label, La société a dépassé l'âge maximum de 8 ans fixé par la loi 20-2018 pour les sociétés bénéficiaires du Label, MedilSys, Healthtech, Mars 2019, Retrait du Label, La société a dépassé l'âge maximum de 8 ans fixé par la loi 20-2018 pour les sociétés bénéficiaires du Label, Tunisie Compagnie, Commerce & shopping, Mars 2020, Retrait du Label, La société a dépassé l'âge maximum de 8 ans fixé par la loi 20-2018 pour les sociétés bénéficiaires du Label, Société arabe de;commerce électronique;Commerce & shopping
12/2023;39;12;5;0;5;7;30.8;corrigee;Link 2 Grow Network;Rym Ayari Walid Ayari, Business Software and services, Label;6;Label Accordé au 2ème tour
12/2023;39;12;5;0;5;7;30.8;corrigee;Vesna Biotech;Hamza MAGRIMariem, MAGRIAymen CHEIBI, HealthTech, Label;6;Label Accordé au 2ème tour
12/2023;39;12;5;0;5;7;30.8;corrigee;DATABLIC;Abir Ben ArbiaAnis Ben, ArbiaRami Chermiti, Communication services, Label;6;Label Accordé au 2ème tour
12/2023;39;12;5;0;5;7;30.8;corrigee;Go Switch Home;Marwa SettiMohamed Aziz, Setti, TravelTech, Label;5;Label Accordé au 2ème tour
12/2023;39;12;5;0;5;7;30.8;corrigee;UCOD;Mouadh Hsoumi, Business Software and services, Label;6;Label Accordé au 2ème tour
12/2023;39;12;5;0;5;7;30.8;corrigee;MOOM;Maroua Ben Charrada, Mohamed Aymen, Bachrouch, Social Business, Label;6;Label Accordé au 2ème tour
12/2023;39;12;5;0;5;7;30.8;corrigee;RSE Time;Rym Bendhief Akremi, Mohamed Hbib Ben Akremi, Mohamed Aziz Ben Akremi, Business Software and services, Label;3;Label Non Accordé au 3 ème tour
12/2023;39;12;5;0;5;7;30.8;corrigee;South Fruits Agri;Thouraya Rajah, Agritech, Label;4;Label Non Accordé au 3 ème tour
12/2023;39;12;5;0;5;7;30.8;corrigee;Hippomed Entreprise SA;Mohamed Oualid Guellouz, Pascaline Mussot, HealthTech, Prélabel;5;Prélabel Accordé au 2 ème tour
12/2023;39;12;5;0;5;7;30.8;corrigee;Contractzlab;Mohamed Rafik Hwimli, Business Software and services, Prélabel;6;Prélabel Accordé au 2 ème tour
12/2023;39;12;5;0;5;7;30.8;corrigee;Uvey;Youssef Meddeb, Fintech, Prélabel;6;Prélabel Accordé au 2 ème tour
12/2023;39;12;5;0;5;7;30.8;corrigee;Tanit.ai;Kais Zhioua, HealthTech, Prélabel;2;Prélabel Accordé au 3 ème tour
12/2023;39;12;5;0;5;7;30.8;corrigee;JIOTIFY;Foued Jaballah, Rafik Jaballah, Agritech, Prélabel;4;Prélabel Accordé au 3 ème tour
12/2023;39;12;5;0;5;7;30.8;corrigee;IOT Bridges;Walid Khenissi, Business Software and services, Label;0;Label Non Accordé au 2 ème tour
12/2023;39;12;5;0;5;7;30.8;corrigee;DeviceSpeak;Makram TorjemenSouissi, AlHabib, Consumer products and services, Label;0;Label Non Accordé au 2 ème tour
12/2023;39;12;5;0;5;7;30.8;corrigee;WLEDI;Houssem Ben Slama, Dhouha Allagui, Abderrazak Hakim, Business Software and services, Label;0;Label Non Accordé au 2 ème tour
12/2023;39;12;5;0;5;7;30.8;corrigee;Kais Ben YoussefAymen;SellaoutiIssam Moalla, HealthTech, Label;0;Label Non Accordé au 2 ème tour
12/2023;39;12;5;0;5;7;30.8;corrigee;Gorilla;Aymen KochtiSahar Toujani, Ad Tech and Creative Tech, Label;1;Label Non Accordé au 2 ème tour
12/2023;39;12;5;0;5;7;30.8;corrigee;Magic nature;Hela Mghaieth, Ahmed Mghaieth, Consumer products and services, Label;1;Label Non Accordé au 2 ème tour
12/2023;39;12;5;0;5;7;30.8;corrigee;Food Safety;Majed DammakSaber, Naffati, Business Software and services, Label;0;Label Non Accordé au 2 ème tour
12/2023;39;12;5;0;5;7;30.8;corrigee;BRANDYU (application;;mobile).;Amine OueslatiOumaima
12/2023;39;12;5;0;5;7;30.8;corrigee;MahmoudSoufien Bsili;Communication services, Label;1;Label Non Accordé au 2 ème tour
12/2023;39;12;5;0;5;7;30.8;corrigee;Domaine El Htouba;Amine Boufaied, Consumer products and services, Label;0;Label Non Accordé au 3ème tour
12/2023;39;12;5;0;5;7;30.8;corrigee;Mohamed Lotfi Sassi;Business Software and services, Label;1;Label Non Accordé au 3ème tour
12/2023;39;12;5;0;5;7;30.8;corrigee;Kridipay;Amani ChattiMahmoud, ChattiMohamed Neji, KalboussiMakrem Jlassi, Fintech, Prélabel;0;Prélabel Non Accordé au 2 ème tour
12/2023;39;12;5;0;5;7;30.8;corrigee;Afrique vapeur;Saadallah Aymen, Consumer products and services, Prélabel;0;Prélabel Non Accordé au 2 ème tour
12/2023;39;12;5;0;5;7;30.8;corrigee;ADDEL;Mouhamed Nourdine, GuitouniKarima Tekaya, Maghri, Social Business, Prélabel;0;Prélabel Non Accordé au 2 ème tour
12/2023;39;12;5;0;5;7;30.8;corrigee;TIKTAK CV;Ibrahim BoubakriBadreddine, Ben Cheikh AhmedMoussa, Ouechtati, Business Software and services, Prélabel;0;Prélabel Non Accordé au 2 ème tour
12/2023;39;12;5;0;5;7;30.8;corrigee;Ad. Mall;Maha Ben Fredj, Malek Ben Fredj, Mouna Karoui, Commerce and shopping, Prélabel;0;Prélabel Non Accordé au 2 ème tour
12/2023;39;12;5;0;5;7;30.8;corrigee;Tanit Corporate Solutions;Raed Harzalli, Mohamed Aymen Zarouk, Fintech, Prélabel;0;Prélabel Non Accordé au 2 ème tour
12/2023;39;12;5;0;5;7;30.8;corrigee;Doken;Achref Hafedh, Ad Tech and Creative Tech, Prélabel;0;Prélabel Non Accordé au 2 ème tour
12/2023;39;12;5;0;5;7;30.8;corrigee;E-NERGIZE;Mohamed Rached, Bedis Bergaoui, Mobility, Prélabel;0;Prélabel Non Accordé au 2 ème tour
12/2023;39;12;5;0;5;7;30.8;corrigee;Olive Oil Connection;Walid MezghaniAmani, Ghezal, Commerce and shopping, Prélabel;0;Prélabel Non Accordé au 2 ème tour
12/2023;39;12;5;0;5;7;30.8;corrigee;Icecubex;Kcharem AhmedOmar, Ahmed, FoodTech & New Food, Prélabel;0;Prélabel Non Accordé au 2 ème tour
12/2023;39;12;5;0;5;7;30.8;corrigee;Wittverse;Myriem Slama, Business Software and services, Prélabel;1;Prélabel Non Accordé au 3 ème tour
12/2023;39;12;5;0;5;7;30.8;corrigee;ANCA BOX;Ahmed Mahouachi, Oumaima Ghali, Amal Daoudi, Hamdi Ben Brahim, HealthTech, Prélabel;0;Prélabel Non Accordé au 3 ème tour
12/2023;39;12;5;0;5;7;30.8;corrigee;Cyra Auto Tunisie;Sirine BelhassenAbdelkader, Belhassen, Business Software and services, Prélabel;3;Prélabel Non Accordé au 3 ème tour
12/2023;39;12;5;0;5;7;30.8;corrigee;EVOPACK BIO;Aram Ben Salem, Awatef Sadki, Afnene Ben salem, Advanced Manufacturing & Robotics, Prélabel;0;Prélabel Non Accordé au 3 ème tour
12/2023;39;12;5;0;5;7;30.8;corrigee;NutriCode;Rym Gamra, HealthTech, Prélabel;4;Prélabel Non Accordé au 3 ème tour
12/2023;39;12;5;0;5;7;30.8;corrigee;Passage de Prélabels aux Labels;Société, Projet, Fondateurs, Secteur, Session d'obtention;du Prélabel;Résultat
12/2023;39;12;5;0;5;7;30.8;corrigee;Commentaires;ARKHOU DRONE, Arkhou-Drone, Khouloud Mhamdi, Elarbi Machraoui, Advanced Manufacturing &, Robotics, Juin 2023, Label accordé, Label accordé suite à la création de la Startup et le respect des conditions d'octroi, OPUSLAB EdTECH, Opus Lab, Ahmed Ben Bouzid, Mohamed Berber, Siwar Gharbi, Mohmmed Sayed Hamdi, EdTech, Juin 2023, Label accordé, Label accordé suite à la création de la Startup et le respect des conditions d'octroi, OCEAN SOFT, Colisnet, Habib Chaari, Mehdi Ben Hmida, Wajdi Buaziz, Business Software and;services;Juin 2023
12/2023;39;12;5;0;5;7;30.8;corrigee;Label accordé;Label accordé suite à la création de la Startup et le respect des conditions d'octroi, PROTEINEW, Protei New, Amira Ben Amira, Issam Ben Amira, Agritech, Septembre 2023, Label accordé, Label accordé suite à la création de la Startup et le respect des conditions d'octroi;iLOCKER;Drop'NGO
12/2023;39;12;5;0;5;7;30.8;corrigee;Riadh Bouassida;Ahmed Bouassida, Ramzi Arous, Consumer products and;services;Aout 2023
01/2024;33;14;6;3;6;8;42.4;conforme;Atome Academy;Zeidoun Meksi, Adnen Somai, Jawhar Mtar, Adnen Somai, Yasser Joudi, EdTech, Label;7;Label Accordé au 2ème Tour
01/2024;33;14;6;3;6;8;42.4;conforme;ALIDADE;Mejdi Gaddouch, Monia Grtimene, Business Software and services, Label;6;Label Accordé au 2ème Tour
01/2024;33;14;6;3;6;8;42.4;conforme;Hi Interns;Hazem Hamrouni, Khalil Bessaad, Business Software and services, Label;6;Label Accordé au 2ème Tour
01/2024;33;14;6;3;6;8;42.4;conforme;Pedago;Helmi Benameur, Fares Gaida, Sofiene Gharbi, Ahmed Berred, El Montassar Belleh Gaida, Mohamed Amine Ghazouani, Wassim Affes, EdTech, Label;6;Label Accordé au 2ème Tour
01/2024;33;14;6;3;6;8;42.4;conforme;FlexyFleet;Karim Ben Fadhel, Mobility, Label;6;Label Accordé au 2ème Tour
01/2024;33;14;6;3;6;8;42.4;conforme;Syrine Abidi;Ad Tech and Creative Tech, Label;4;Label Accordé au 3 ème Tour
01/2024;33;14;6;3;6;8;42.4;conforme;COSMETIQUE BIO-PHYTO;Manel Mallek, HealthTech, Label;3;Label Accordé au 3 ème Tour
01/2024;33;14;6;3;6;8;42.4;conforme;Caire Health AI;Tekaya Oussama, Hamdi Belhassen, Mohtadi Ben Fraj, Daniel Angloher, HealthTech, Prélabel;6;Prélabel Accordé au 2ème Tour
01/2024;33;14;6;3;6;8;42.4;conforme;Saif Eddine BorgholKamel Ben;AnayaAsma MethamemSoulayma, Dhiab, Business Software and services, Prélabel;6;Prélabel Accordé au 2ème Tour
01/2024;33;14;6;3;6;8;42.4;conforme;Mahran Abid;Adam Bouchaala, Advanced Manufacturing & Robotics, Prélabel;6;Prélabel Accordé au 2ème Tour
01/2024;33;14;6;3;6;8;42.4;conforme;InnoDeep;Hamdi Mustapha, Majdi Jaber, HealthTech, Prélabel;6;Prélabel Accordé au 2ème Tour
01/2024;33;14;6;3;6;8;42.4;conforme;Qualimaker;Mehdi Zaabar, Business Software and services, Prélabel;1;Prélabel Accordé au 3 ème Tour
01/2024;33;14;6;3;6;8;42.4;conforme;Ecofactoriz;Malek Ben Mbarek, Imen Hbiri, Mohamed Zekri, Advanced Manufacturing & Robotics, Prélabel;0;Prélabel Accordé au 3 ème Tour
01/2024;33;14;6;3;6;8;42.4;conforme;Oussama Houcine;Najem Ddine, Souheil Elhoucine, Agritech, Label;0;Label Non Accordé au 2ème Tour
01/2024;33;14;6;3;6;8;42.4;conforme;VISIMEDIA;Ikram Ben Sassi, Communication services, Label;0;Label Non Accordé au 2ème Tour
01/2024;33;14;6;3;6;8;42.4;conforme;Quokka Agency;Bassem Lamouchi, Hedi Manai, Communication services, Label;0;Label Non Accordé au 2ème Tour
01/2024;33;14;6;3;6;8;42.4;conforme;Karthago Machine;Achraf Bleili, Ad Tech and Creative Tech, Label;0;Label Non Accordé au 2ème Tour
01/2024;33;14;6;3;6;8;42.4;conforme;Everwed;Ahmed Ben Attia, Mehdi Trabelsi, Ahmed Missaoui, Anis Mimech, Commerce and shopping, Label;0;Label Non Accordé au 2ème Tour
01/2024;33;14;6;3;6;8;42.4;conforme;Fares Jabloun;Commerce and shopping, Prélabel;0;Prélabel Non Accordé au 2ème Tour
01/2024;33;14;6;3;6;8;42.4;conforme;AIPenetraGuard;Hamzaoui Sofiene, Hamzaoui Noureddine, Sfaxi Ameur, Security, Prélabel;0;Prélabel Non Accordé au 2ème Tour
01/2024;33;14;6;3;6;8;42.4;conforme;Discover Tunisia;Danden Ahmed, Touati Selsebil, Ad Tech and Creative Tech, Prélabel;0;Prélabel Non Accordé au 2ème Tour
01/2024;33;14;6;3;6;8;42.4;conforme;Ticka;Mohamed Benyagoub, Said Abderrahmen, Minyar Meksi, Commerce and shopping, Prélabel;0;Prélabel Non Accordé au 2ème Tour
01/2024;33;14;6;3;6;8;42.4;conforme;Festime;Nasreddine Ragam, Ragam Amine, Consumer products and services, Prélabel;0;Prélabel Non Accordé au 2ème Tour
01/2024;33;14;6;3;6;8;42.4;conforme;SoK'ari;Manel Mrad, Mohamed Amine Mrad, HealthTech, Prélabel;0;Prélabel Non Accordé au 2ème Tour
01/2024;33;14;6;3;6;8;42.4;conforme;BNJMO;Mohamed Ben Jazia, Business Software and services, Prélabel;0;Prélabel Non Accordé au 2ème Tour
01/2024;33;14;6;3;6;8;42.4;conforme;Qrisp;Mohamed Amine Bellili, Mohamed Rayen Sadkaoui, Mohamed Aziz Saouabi, Business Software and services, Prélabel;0;Prélabel Non Accordé au 2ème Tour
01/2024;33;14;6;3;6;8;42.4;conforme;ExpatEase;Hassen Saadi, Ilef Karray, Sarah Gannoun, Consumer products and services, Prélabel;0;Prélabel Non Accordé au 2ème Tour
01/2024;33;14;6;3;6;8;42.4;conforme;WeeTest;Senda Khemiri, Communication services, Prélabel;0;Prélabel Non Accordé au 2ème Tour
01/2024;33;14;6;3;6;8;42.4;conforme;ZINA;Dridi Bachir, Ad Tech and Creative Tech, Prélabel;0;Prélabel Non Accordé au 2ème Tour
01/2024;33;14;6;3;6;8;42.4;conforme;PROMAINT;Mohamed Ali Ferjani, Fatma Ferjani, Mohamed El-Ochi, Advanced Manufacturing & Robotics, Prélabel;0;Prélabel Non Accordé au 2ème Tour
01/2024;33;14;6;3;6;8;42.4;conforme;HART Gaming;Molka Nasraoui, Dhafer Amine Nasraoui, Nasraoui Azza, EdTech, Prélabel;0;Prélabel Non Accordé au 2ème Tour
01/2024;33;14;6;3;6;8;42.4;conforme;Catchy;Zakaria Glenza, Souhail Saihi, Communication services, Prélabel, N.A, N.A, N.A, N.A, N.A, N.A, Prélabel Non Accordé au 1er Tour . Les candidats ont;déponsé une autre candidature pour le Label pour le;même projet durant la même session
01/2024;33;14;6;3;6;8;42.4;conforme;Passage de Prélabels aux Labels;Société, Projet, Fondateurs, Secteur, Session d'obtention;du Prélabel;Résultat
01/2024;33;14;6;3;6;8;42.4;conforme;Commentaires;Arsek dripbox, Arsek dripbox, Mohamed Haj Abdallah, Kais Oueslati, Agritech, Juillet 2023, Label accordé, Label accordé suite à la création de la Startup et le respect des conditions d'octroi, OCTOMIRO, BRAIN-TEK, Montasser Khamassi, Nour El Houda Shili, Mohieddine Drissi, Slim Griri, Business Software and;services;Novembre 2023
01/2024;33;14;6;3;6;8;42.4;conforme;Label accordé;Label accordé suite à la création de la Startup et le respect des conditions d'octroi, COHEALTH, Saydalid, Fares Messedi, Rayen Miaoui, Yadh Khalfallah, HealthTech, Octobre 2023, Label accordé, Label accordé suite à la création de la Startup et le respect des conditions d'octroi, VLSoft, Virtu-Lab, Mohamed Nahouchi, Amrou Kboubi, Siwar Ben Nejma, EdTech, Septembre 2023, Label accordé, Label accordé suite à la création de la Startup et le respect des conditions d'octroi, Code Pro Qr, Smarting Serve, Mourad Sahloul, Business Software and;services;Juillet 2023
01/2024;33;14;6;3;6;8;42.4;conforme;Label accordé;Label accordé suite à la création de la Startup et le respect des conditions d'octroi, D Customized Solution, Digital Catering Solution, Salmen Ajili, Mahdi Abdelmalek, Sahbi Ben Hmida, Business Software and;services;Novembre 2023
01/2024;33;14;6;3;6;8;42.4;conforme;Label accordé;Label accordé suite à la création de la Startup et le respect des conditions d'octroi, Retraits Labels, Société, Secteur, Session d'obtention;du Label;Décision
01/2024;33;14;6;3;6;8;42.4;conforme;Commentaires;Uniq Soft Technology, Business Software and services, Avril 2019, Retrait du Label, La société a dépassé l'âge maximum de 8 ans fixé par la loi 20-;2018 pour les sociétés bénéficiaires du Label;Rental Ride
01/2024;33;14;6;3;6;8;42.4;conforme;Commerce & Shopping;Février 2020, Retrait du Label, La société a dépassé l'âge maximum de 8 ans fixé par la loi 20-;2018 pour les sociétés bénéficiaires du Label;N.G TECHNOLOGIES
01/2024;33;14;6;3;6;8;42.4;conforme;Business Software and services;Octobre 2020, Retrait du Label, La société a dépassé l'âge maximum de 8 ans fixé par la loi 20-;2018 pour les sociétés bénéficiaires du Label;
02/2024;33;9;6;3;5;4;27.3;conforme;SupplyzPro;Seddik Houimli, Jacer Smat, Koutheir Cherni, Mohamed Amine Abdenadher, Hazem Housseini, Business Software and services, Label;5;Label Accordé au 2ème Tour
02/2024;33;9;6;3;5;4;27.3;conforme;ConvergenceAI;Mohamed Yassine Letaief, Hajer Hraghi, Business Software and services, Label;3;Label Accordé au 3 ème Tour
02/2024;33;9;6;3;5;4;27.3;conforme;TRUSTABLE;Ghazi Maatoug, Yi Shi, Olivier Patole, Security, Label;0;Label Accordé au 3 ème Tour
02/2024;33;9;6;3;5;4;27.3;conforme;Spooky And Diva;Mohamed Jemiai, Mohamed Taieb Jemiai, FoodTech & New Food, Label;0;Label Non Accordé au 2ème Tour
02/2024;33;9;6;3;5;4;27.3;conforme;Mootaz Hammami;EdTech, Label;0;Label Non Accordé au 2ème Tour
02/2024;33;9;6;3;5;4;27.3;conforme;BiBoo Children's planet;Jihed Aboulkacem, Mohamed Dinari, Social Business, Label;0;Label Non Accordé au 2ème Tour
02/2024;33;9;6;3;5;4;27.3;conforme;Yassine Ajili;Abdelwafi Jennayeh, Business Software and services, Label;0;Label Non Accordé au 2ème Tour
02/2024;33;9;6;3;5;4;27.3;conforme;Moncoin;Ahmed Sahraoui, Saber Sahraoui, Advanced Manufacturing & Robotics, Label;0;Label Non Accordé au 2ème Tour
02/2024;33;9;6;3;5;4;27.3;conforme;PlagPrevent;Amir Kboubi, Feres Othman, EdTech, Label;0;Label Non Accordé au 2ème Tour
02/2024;33;9;6;3;5;4;27.3;conforme;Ligne 13;Fahd Hannachi, Asma Ladjimi, Commerce and shopping, Label;0;Label Non Accordé au 3ème Tour
02/2024;33;9;6;3;5;4;27.3;conforme;Student Life Style;Safa Ben Romdhane, Wouroud Zemzem, Amira Grendi, EdTech, Label;0;Label Non Accordé au 3ème Tour
02/2024;33;9;6;3;5;4;27.3;conforme;ParkiHouni;Hammami Tarek, Mohamed Aymen Mechergui, Business Software and services, Label;0;Label Non Accordé au 3ème Tour
02/2024;33;9;6;3;5;4;27.3;conforme;Cherry ERP;Mohamed Amine Khemiri, Maroua Ellouze, Business Software and services, Prélabel;5;Prélabel Accordé au 2 ème Tour
02/2024;33;9;6;3;5;4;27.3;conforme;WeenPan;Arbi Ben bazza, Lokmani Yassine, Sana Hamdi, Jamila Ghediri, Consumer products and services, Prélabel;1;Prélabel Accordé au 3 ème Tour
02/2024;33;9;6;3;5;4;27.3;conforme;Dari;Souheil Bouzouita, Chebaane Med Aziz, Real Estate Tech, Prélabel;4;Prélabel Accordé au 3 ème Tour
02/2024;33;9;6;3;5;4;27.3;conforme;La réalité augmentée au service de la;;médecine;Oualid Kilani
02/2024;33;9;6;3;5;4;27.3;conforme;HealthTech;Prélabel;2;Prélabel Accordé au 3 ème Tour
02/2024;33;9;6;3;5;4;27.3;conforme;Owlinks;Mohamed Kchaou, Amine Guermazi, Real Estate Tech, Prélabel;0;Prélabel Accordé au 3 ème Tour
02/2024;33;9;6;3;5;4;27.3;conforme;Averroes Software;Sofiene Salem, Business Software and services, Prélabel;0;Prélabel Accordé au 3 ème Tour
02/2024;33;9;6;3;5;4;27.3;conforme;Fethi Laabidi;Haithem Abderrahmene, Advanced Manufacturing & Robotics, Prélabel;0;Prélabel Non Accordé au 2ème Tour
02/2024;33;9;6;3;5;4;27.3;conforme;KAÏNAU;Mouna Boussetta, Consumer products and services, Prélabel;0;Prélabel Non Accordé au 2ème Tour
02/2024;33;9;6;3;5;4;27.3;conforme;NAÂMÀ;Tesnim Jaziri, FoodTech & New Food, Prélabel;0;Prélabel Non Accordé au 2ème Tour
02/2024;33;9;6;3;5;4;27.3;conforme;Solar Chain;Ismail Khlif, Maram Arfaoui, Yessin Khlìf, Fintech, Prélabel;0;Prélabel Non Accordé au 2ème Tour
02/2024;33;9;6;3;5;4;27.3;conforme;YallaPlay;Ayoub Debbichi, Hedi Slim, Social Business, Prélabel;0;Prélabel Non Accordé au 2ème Tour
02/2024;33;9;6;3;5;4;27.3;conforme;CarCare;Nour Abbous, Hamza Omar, Business Software and services, Prélabel;0;Prélabel Non Accordé au 2ème Tour
02/2024;33;9;6;3;5;4;27.3;conforme;Erp indusoft;Ayoub Ben Abdallah, Chadi Belguith, Business Software and services, Prélabel;0;Prélabel Non Accordé au 2ème Tour
02/2024;33;9;6;3;5;4;27.3;conforme;Mohamed Rached Jomni;Donia Barakati, Hanen Bouamoud, Souheil Skouri, Business Software and services, Prélabel;0;Prélabel Non Accordé au 2ème Tour
02/2024;33;9;6;3;5;4;27.3;conforme;Bolt Pick-Up;Omar Baccar, Hager Bouchoucha, Mobility, Prélabel;0;Prélabel Non Accordé au 2ème Tour
02/2024;33;9;6;3;5;4;27.3;conforme;MyMy;Myriam karoui, Ines Karoui, Fintech, Prélabel;0;Prélabel Non Accordé au 2ème Tour
02/2024;33;9;6;3;5;4;27.3;conforme;Royaume d'amande;Hejer Kamoun, Ghada Daoud, Hajkacem Eya, FoodTech & New Food, Prélabel;0;Prélabel Non Accordé au 2ème Tour
02/2024;33;9;6;3;5;4;27.3;conforme;SKILLS 4 AFRICA;Nouha Bouwazra, Intidhar Nakouri, Basma Selmi, Social Business, Prélabel;0;Prélabel Non Accordé au 2ème Tour
02/2024;33;9;6;3;5;4;27.3;conforme;COOP'ESS;Wajdi Boufaroi, Abdelkader Lakhal, Boufarwa Wiem, Hakim Kadhi, Social Business, Prélabel;1;Prélabel Non Accordé au 3ème Tour
02/2024;33;9;6;3;5;4;27.3;conforme;Flavor Med Fish;Jarraya Mahdi, Ahmed Ben Rhaiem, Environment, Prélabel;0;Prélabel Non Accordé au 3ème Tour
02/2024;33;9;6;3;5;4;27.3;conforme;Passage Prélabels aux Labels;Société, Projet, Fondateurs, Secteur, Session d'obtention;du Prélabel;Résultat
02/2024;33;9;6;3;5;4;27.3;conforme;Commentaires;Mermez Lab, Tadwir, Zeineb Blaiech, Dali Blaiech, Consumer Products and, Services, Octobre 2023, Label accordé, Label accordé suite à la création de la Startup et le respect des conditions d'octroi, STE FACTOWISE, EcoFactoriz, Malek Ben Mbarek, Imen Hbiri, Mohamed Zekri, Advanced Manufacturing &, Robotics, Janvier 2024, Label accordé, Label accordé suite à la création de la Startup et le respect des conditions d'octroi, Verse Technologies, Verse, Hassen Serkhane, Malek Baouindi, Commerce & Shopping, Aout 2023, Label accordé, Label accordé suite à la création de la Startup et le respect des conditions d'octroi, BIM FLOW, Vibrom, Eya Hammouda, Ons Hammouda, Amal Hammouda, Mohamed Khalil Khaldi, Real Estate Tech, Aout 2023, Label accordé, Label accordé suite à la création de la Startup et le respect des conditions d'octroi, METACAD, La réalitée augmentée au service de;la médecine;Oualid kilani
02/2024;33;9;6;3;5;4;27.3;conforme;HealthTech;Février 2024, Label accordé, Label accordé suite à la création de la Startup et le respect des conditions d'octroi, Retraits Labels, Société, Secteur, Session d'obtention;du Label;Décision
02/2024;33;9;6;3;5;4;27.3;conforme;Commentaires;Sté Laboratoires SNAIL COSMETICA, INDUSTRTY, Wellness, Mars 2023, Retrait du Label, La société a dépassé l'âge maximum de 8 ans fixé par la loi 20-;2018 pour les sociétés bénéficiaires du Label;Sté Globale Automatique Thermique
02/2024;33;9;6;3;5;4;27.3;conforme;Advanced Manufacturing & Robotics;Mars 2020, Retrait du Label, La société a dépassé l'âge maximum de 8 ans fixé par la loi 20-;2018 pour les sociétés bénéficiaires du Label;Sté ideale conception
02/2024;33;9;6;3;5;4;27.3;conforme;HealthTech;Aout 2019, Retrait du Label, La société a dépassé l'âge maximum de 8 ans fixé par la loi 20-;2018 pour les sociétés bénéficiaires du Label;
03/2024;31;6;7;3;4;2;19.4;corrigee;XtendMedical par XtendMind;Mourad Mezghenni, TechLead Informatique, Ahmed Ben Hamouda, Hassan Cheriha, HealthTech, Label;1;Label Accordé au 3ème Tour
03/2024;31;6;7;3;4;2;19.4;corrigee;Société : Learnset / Premier projet : Medset;Oussema Rhif, Rached Fares, Mohamed Ali Chemli, Mohamed Skander Soltane, EdTech, Label;1;Label Accordé au 3ème Tour
03/2024;31;6;7;3;4;2;19.4;corrigee;OrderTech;Chokri Rayani, Jaafer Chniter, Jihen Haddad, Business Software and services, Label;0;Label Non Accordé au 2ème Tour
03/2024;31;6;7;3;4;2;19.4;corrigee;ROUNDESK TECHNOLOGIE;Franck Legendre, Business Software and services, Label;0;Label Non Accordé au 2ème Tour
03/2024;31;6;7;3;4;2;19.4;corrigee;CNM Community Hub;Fethi zoghlami, Slim Abeidi, Makrem Jebali, Alaa Sebai, Business Software and services, Label;1;Label Non Accordé au 2ème Tour
03/2024;31;6;7;3;4;2;19.4;corrigee;EuroVet Veterinaire;Riadh Zaidi, HealthTech, Label;0;Label Non Accordé au 2ème Tour
03/2024;31;6;7;3;4;2;19.4;corrigee;Deevium;Ala Eddine Hsairi, Raed Jridi, Business Software and services, Label;0;Label Non Accordé au 2ème Tour
03/2024;31;6;7;3;4;2;19.4;corrigee;Foootly;Imen Saidi, Zakaria Magouri, Sadok Kzadri, Wellness, Label;0;Label Non Accordé au 2ème Tour
03/2024;31;6;7;3;4;2;19.4;corrigee;Feres Okbi;Ali Benmohamed, Youssef Kzadri, Business Software and services, Label;0;Label Non Accordé au 3ème Tour
03/2024;31;6;7;3;4;2;19.4;corrigee;Innoway Solutions;Alaa Maaoui, Business Software and services, Label;2;Label Non Accordé au 3ème Tour
03/2024;31;6;7;3;4;2;19.4;corrigee;Green wall;Tesnime Khemiri, Balkis Bettoumi, Mohamed Aziz Laourine, Agritech, Prélabel;6;Prélabel Accordé au 2ème Tour
03/2024;31;6;7;3;4;2;19.4;corrigee;AGARUW HUB;Mejda Khaled, Zeineb Ben Abdallah, Hedi BenRomdhane, Environment, Prélabel;5;Prélabel Accordé au 2ème Tour
03/2024;31;6;7;3;4;2;19.4;corrigee;CC - Colombus Capital, The Infinite Trust;Mezri Karoui, Eymen Errais, Fintech, Prélabel;5;Prélabel Accordé au 2ème Tour
03/2024;31;6;7;3;4;2;19.4;corrigee;MSSyndic;Sami Marouani, Consumer products and services, Prélabel;5;Prélabel Accordé au 2ème Tour
03/2024;31;6;7;3;4;2;19.4;corrigee;Responsible Cyber;Magda Chelly, Mikko Laaksonen, Security, Prélabel;5;Prélabel Accordé au 2ème Tour
03/2024;31;6;7;3;4;2;19.4;corrigee;Speedy ERP;Kais Chehuma, Business Software and services, Prélabel;5;Prélabel Accordé au 2ème Tour
03/2024;31;6;7;3;4;2;19.4;corrigee;OPTOSCOPIA Intelligent Diagnostic Analyzers;Marouen Akermi, Francesc Gomez, HealthTech, Prélabel;0;Prélabel Accordé au 3ème Tour
03/2024;31;6;7;3;4;2;19.4;corrigee;LUNETTEC;Mouna Abid, Yosr Ghozzi, Sonia Abid, HealthTech, Prélabel;0;Prélabel Non Accordé au 2ème Tour
03/2024;31;6;7;3;4;2;19.4;corrigee;Noumeo Solutions;Mohamed Zlizi, HealthTech, Prélabel;1;Prélabel Non Accordé au 2ème Tour
03/2024;31;6;7;3;4;2;19.4;corrigee;AIBC;Med khalil Bousnina, Rahma Bousnina, Business Software and services, Prélabel;0;Prélabel Non Accordé au 2ème Tour
03/2024;31;6;7;3;4;2;19.4;corrigee;TRENA;Ala Larbi, Hatem Benchikh, Dorra Fredj, Wellness, Prélabel;0;Prélabel Non Accordé au 2ème Tour
03/2024;31;6;7;3;4;2;19.4;corrigee;Mozolang;Moez Debara, Jamila Khmiss, Hussein Dbara, EdTech, Prélabel;0;Prélabel Non Accordé au 2ème Tour
03/2024;31;6;7;3;4;2;19.4;corrigee;Nader Dermech;Maha Nacer, Consumer products and services, Prélabel;0;Prélabel Non Accordé au 2ème Tour
03/2024;31;6;7;3;4;2;19.4;corrigee;SM Business;Moez Ben Moelli, Safa Kanzari, Consumer products and services, Prélabel;0;Prélabel Non Accordé au 2ème Tour
03/2024;31;6;7;3;4;2;19.4;corrigee;QualiX.0;Hamdi Kooli, Oussama Benkahla, Advanced Manufacturing & Robotics, Prélabel;0;Prélabel Non Accordé au 2ème Tour
03/2024;31;6;7;3;4;2;19.4;corrigee;Zied Kacem;Nour elhouda Issaoui, Issam Kacem, EdTech, Prélabel;0;Prélabel Non Accordé au 2ème Tour
03/2024;31;6;7;3;4;2;19.4;corrigee;ServiDrone Solutions;Mohamed Achref Hamdouni, Hassen Mokadem, Agritech, Prélabel;0;Prélabel Non Accordé au 2ème Tour
03/2024;31;6;7;3;4;2;19.4;corrigee;Twiza;Aziz Masmoudi, Youssef Masmoudi, Edam Hamza, Omaima Daoud, Rim Mtibaa, Consumer products and services, Prélabel;0;Prélabel Non Accordé au 2ème Tour
03/2024;31;6;7;3;4;2;19.4;corrigee;Kidso;Mohamed ali Abbes, Houssem Hammami, Boussarsar Ahmed Amine, Communication services, Prélabel;3;Prélabel Non Accrodé au 3ème Tour
03/2024;31;6;7;3;4;2;19.4;corrigee;Ehdilou;Chaker Lazzez, Ben Amor Omar aziz, Commerce and shopping, Prélabel;3;Prélabel Non Accrodé au 3ème Tour
03/2024;31;6;7;3;4;2;19.4;corrigee;Passage de Prélabels aux Labels;Société, Projet, Fondateurs, Secteur, Session d'obtention;du Prélabel;Résultat
03/2024;31;6;7;3;4;2;19.4;corrigee;Commentaires;Nour Expert Telecom, Line Analyzer, Ali Ibn ammar, Ad Tech & Creative Tech, Septembre 2023, Label accordé, Label accordé suite à la création de la Startup et le respect des conditions d'octroi, AltaDigit, Xscan, Houssem eddine Rammeh, Oussama Ben Wahiba, Abderrahim Gdah, Business Software and;services;Octobre 2023
03/2024;31;6;7;3;4;2;19.4;corrigee;Label accordé;Label accordé suite à la création de la Startup et le respect des conditions d'octroi, CHERRY SOFT, Cherry ERP, Khemiri Mohamed Amine, Maroua Ellouze, Business Software and;services;Février 2024
03/2024;31;6;7;3;4;2;19.4;corrigee;Label accordé;Label accordé suite à la création de la Startup et le respect des conditions d'octroi, DQAL, Digi-QAL, Mathias Wrzoncki, Belgacem Toumi, Sondess Lazrak, Business Software and;services;Septembre 2023
03/2024;31;6;7;3;4;2;19.4;corrigee;Label accordé;Label accordé suite à la création de la Startup et le respect des conditions d'octroi, Retraits Labels, Société, Secteur, Session d'obtention;du Label;Décision
03/2024;31;6;7;3;4;2;19.4;corrigee;Commentaires;ASEPTIKA LAB, Wellness, Juillet 2019, Retrait du Label, La société a dépassé l'âge maximum de 8 ans fixé par la loi 20-;2018 pour les sociétés bénéficiaires du Label;Actifs Précieux Apex SA
03/2024;31;6;7;3;4;2;19.4;corrigee;Wellness;Mai 2019, Retrait du Label, La société a dépassé l'âge maximum de 8 ans fixé par la loi 20-;2018 pour les sociétés bénéficiaires du Label;ALIDADE
03/2024;31;6;7;3;4;2;19.4;corrigee;Business Software and services;Janvier 2024, Retrait du Label, La société a dépassé l'âge maximum de 8 ans fixé par la loi 20-;2018 pour les sociétés bénéficiaires du Label;
04/2024;39;14;5;2;5;9;35.9;conforme;Iheb Jendoubi;Souad Annabi, EdTech, Label;5;Label Accordé au 2ème Tour
04/2024;39;14;5;2;5;9;35.9;conforme;Graines Academy;Sana Ksouri, Dhouha Ksouri, Mohamed Ghassen Fhimi, EdTech, Label;5;Label Accordé au 2ème Tour
04/2024;39;14;5;2;5;9;35.9;conforme;EASY TRANSFER;Ismail Khenissi, Jabrane Khenissi, Fintech, Label;5;Label Accordé au 2ème Tour
04/2024;39;14;5;2;5;9;35.9;conforme;Imen Biosensor;HealthTech, Label;5;Label Accordé au 2ème Tour
04/2024;39;14;5;2;5;9;35.9;conforme;Tissu.tn | Mercerie.tn;Malek Dhahri, Majdi Dhahri, Moez Dhahri, Commerce and shopping, Label;5;Label Accordé au 2ème Tour
04/2024;39;14;5;2;5;9;35.9;conforme;ISTYA NATURAL POOL;Nawel Dghim, Aziza Ibn Hadj Hassine, Mohamed Nefaa Dghim, Environment, Label;5;Label Accordé au 2ème Tour
04/2024;39;14;5;2;5;9;35.9;conforme;Gori'fit;Nadhir Chebbi, Mohamed Itheb Ben Abbes, Ahmed Méchergui, Wellness, Label;5;Label Accordé au 2ème Tour
04/2024;39;14;5;2;5;9;35.9;conforme;TunBra;Montassar Moussa, Firas Rouine, Mhamed Moncer, EdTech, Label;5;Label Accordé au 2ème Tour
04/2024;39;14;5;2;5;9;35.9;conforme;SAFESPHERE;Maher Fekih, Samar Ouni, Mahdi Taghouti, Security, Label;1;Label Accordé au 3ème Tour
04/2024;39;14;5;2;5;9;35.9;conforme;Akram Rekik;TravelTech, Prélabel;0;Prélabel Non Accordé au 3ème Tour
04/2024;39;14;5;2;5;9;35.9;conforme;Perro;Mohamed Yassine Brahem, Hiba Mateur, Ahmed Bechir Mezhoud, Salah Dabbech, Aicha Farah Souelmi, EdTech, Prélabel;6;Prélabel Accordé au 2ème Tour
04/2024;39;14;5;2;5;9;35.9;conforme;ACRIDIDEA;Noura Ayadi, Najet Ayadi, FoodTech & New Food, Prélabel;5;Prélabel Accordé au 2ème Tour
04/2024;39;14;5;2;5;9;35.9;conforme;ALTABIB;Mohamed Ali Ben Chaabane, Hadhami Ghaffari, HealthTech, Prélabel;5;Prélabel Accordé au 2ème Tour
04/2024;39;14;5;2;5;9;35.9;conforme;ITri;Majdi Ben Farhat, Hanen Louati, Ramzi Halouani, Environment, Prélabel;5;Prélabel Accordé au 2ème Tour
04/2024;39;14;5;2;5;9;35.9;conforme;Hapivot;Francois Dejeager, Anis Dabbebi, Saber Jelassi, Business Software and services, Prélabel;5;Prélabel Accordé au 2ème Tour
04/2024;39;14;5;2;5;9;35.9;conforme;R&D=Riders and Drivers;Sana Elleuch, Mohamed Elleuch, Mobility, Label;2;Label Non Accordé au 2ème Tour
04/2024;39;14;5;2;5;9;35.9;conforme;Scale Pro;Makrem Chakchouk, Business Software and services, Label;1;Label Non Accordé au 2ème Tour
04/2024;39;14;5;2;5;9;35.9;conforme;PERMA EMERGENCY ASSISTANCE;Marwa Abrougui, Mustapha Nasraoui, Fares Hana, Communication services, Label;0;Label Non Accordé au 2ème Tour
04/2024;39;14;5;2;5;9;35.9;conforme;Eside;Mohamed Jaidane, Abdallah Raies, Raed Debbabi, Business Software and services, Label;0;Label Non Accordé au 2ème Tour
04/2024;39;14;5;2;5;9;35.9;conforme;MINA;Moutaa Madani, Rihem Madani, Ad Tech & Creative Tech, Label;1;Label Non Accordé au 3ème Tour
04/2024;39;14;5;2;5;9;35.9;conforme;JAWI;Omar Trabelsi, Karim Trabelsi, FoodTech & New Food, Label;0;Label Non Accordé au 3ème Tour
04/2024;39;14;5;2;5;9;35.9;conforme;Vivala Travel;Achraf Kacem, Marwen Mahmoud, Imen Selmi, TravelTech, Label;0;Label Non Accordé au 3ème Tour
04/2024;39;14;5;2;5;9;35.9;conforme;Uni-Job;Ahmed Hchaichi, Mouheb Eddine Saadaoui, Bairem Khedhri, EdTech, Label;0;Label Non Accordé au 3ème Tour
04/2024;39;14;5;2;5;9;35.9;conforme;Smart Cars Solutions;Mohamed Ksantini, Mohamed Karray, Nesrine Triki, Associée, Amina Turki, Sirine ammar, Ameni Ellouze, Ad Tech and Creative Tech, Prélabel;0;Label Non Accordé au 2ème Tour
04/2024;39;14;5;2;5;9;35.9;conforme;Loc-Waste;Asma Fattouch, Mohamed Amine Ben Amor, Ela Manai, Houssem Ben Haj Boubaker, Environment, Prélabel;0;Label Non Accordé au 2ème Tour
04/2024;39;14;5;2;5;9;35.9;conforme;Swiftlane;Rayen Naimi, Mohamed Sofiene Barka, Mobility, Prélabel;0;Label Non Accordé au 2ème Tour
04/2024;39;14;5;2;5;9;35.9;conforme;Kickoff;Med Mezri Ben Dkhil, Hamdi Mokni, Yassine Youssef, Social Business, Prélabel;0;Label Non Accordé au 2ème Tour
04/2024;39;14;5;2;5;9;35.9;conforme;Slim Zghal;Momtez Ayadi, Business Software and services, Prélabel;0;Label Non Accordé au 2ème Tour
04/2024;39;14;5;2;5;9;35.9;conforme;Eco Vélo;Lotfi Sahli, Zeineb Sahli, Mounira Cherif, Kaouther Sahli, Mobility, Prélabel;1;Prélabel Non Accordé au 2ème Tour
04/2024;39;14;5;2;5;9;35.9;conforme;Charliz;Walid mansia, Maaref Yathreb, Daboussi Rima, Hajer Ayari, Commerce and shopping, Prélabel;0;Prélabel Non Accordé au 2ème Tour
04/2024;39;14;5;2;5;9;35.9;conforme;TIE-UP;Iyadh Achouri, Rami Ksouri, Business Software and services, Prélabel;0;Prélabel Non Accordé au 2ème Tour
04/2024;39;14;5;2;5;9;35.9;conforme;Torrecarb;Amin Limaiem, Environment, Prélabel;0;Prélabel Non Accordé au 2ème Tour
04/2024;39;14;5;2;5;9;35.9;conforme;ROAMINGO;Saddem Abderrahmen, Achref Jannene, Sadok Saddem, Mahmoud Ellouze, Saddem Yassin, Amor Kerkeni, Communication services, Prélabel;0;Prélabel Non Accordé au 2ème Tour
04/2024;39;14;5;2;5;9;35.9;conforme;Exam-Craft;Khaled Khelifi, Abrar Hammami, EdTech, Prélabel;1;Prélabel Non Accordé au 2ème Tour
04/2024;39;14;5;2;5;9;35.9;conforme;Fastoch Car Wash;Hedi Affes, Consumer products and services, Prélabel;0;Prélabel Non Accordé au 2ème Tour
04/2024;39;14;5;2;5;9;35.9;conforme;TrackSite;Hamza Sakarni, Chayma sakrani, Business Software and services, Prélabel;0;Prélabel Non Accordé au 2ème Tour
04/2024;39;14;5;2;5;9;35.9;conforme;LEBESTY;Mohamed Tlili, Ikram Zakkour, Commerce and shopping, Prélabel;4;Prélabel Non Accordé au 3ème Tour
04/2024;39;14;5;2;5;9;35.9;conforme;Passage de Prélabels aux Labels;Société, Projet, Fondateurs, Secteur, Session d'obtention;du Prélabel;Résultat
04/2024;39;14;5;2;5;9;35.9;conforme;Commentaires;;OPTOSCOPIA INTELLIGENT;DIAGNOSTIC ANALYZERS
04/2024;39;14;5;2;5;9;35.9;conforme;OPTOSCOPIA INTELLIGENT;DIAGNOSTIC ANALYZERS, Marouen Akermi, Francesc Gomez, HealthTech, Mars 2024, Label accordé, Label accordé suite à la création de la Startup et le respect des conditions d'octroi;COLOMBUS CAPITAL;CC-Colombus Capital, The infinite
04/2024;39;14;5;2;5;9;35.9;conforme;Trust;Mezri Karoui, Eymen Errais, Fintech, Mars 2024, Label accordé, Label accordé suite à la création de la Startup et le respect des conditions d'octroi, QualiMaker, QualiMaker, Mehdi Zaabar, Business Software and;services;Janvier 2024
04/2024;39;14;5;2;5;9;35.9;conforme;Label accordé;Label accordé suite à la création de la Startup et le respect des conditions d'octroi, CHITELIX, CHITELIX, Aouaieb Kais, Mohamed Anis Ben Ghalia, Agritech, Octobre 2023, Label accordé, Label accordé suite à la création de la Startup et le respect des conditions d'octroi, Tanit HealthCare Technologies, Tanit.ai, Kais Zhioua, HealthTech, Décembre 2023, Label accordé, Label accordé suite à la création de la Startup et le respect des conditions d'octroi, Retraits Labels, Société, Secteur, Session d'obtention;du Label;Décision
04/2024;39;14;5;2;5;9;35.9;conforme;Commentaires;NEXT PROTEIN TUNISIA, Agritech, Juin 2019, Retrait du Label, La société a dépassé l'âge maximum de 8 ans fixé par la loi 20-;2018 pour les sociétés bénéficiaires du Label;COGNIRA TUNISIA
04/2024;39;14;5;2;5;9;35.9;conforme;Business Software & Services;Janvier 2021, Retrait du Label, La société a dépassé l'âge maximum de 8 ans fixé par la loi 20-;2018 pour les sociétés bénéficiaires du Label;
05/2024;39;14;5;2;5;9;35.9;conforme;Saheat;Mohamed Islem Ben Ali, Taha Karoui, FoodTech & New Food, Label;6;Label Accordé au 2ème Tour
05/2024;39;14;5;2;5;9;35.9;conforme;IoTbyte;Bessem Bousselmi, Haithem Dabboussi, Consumer products and services, Label;5;Label Accordé au 2ème Tour
05/2024;39;14;5;2;5;9;35.9;conforme;WeGestU;Lassaad Ben Rejeb, Business Software and services, Label;5;Label Accordé au 2ème Tour
05/2024;39;14;5;2;5;9;35.9;conforme;KidzRise;Wiem Ben Mahmoud, Dhia EL Arbi, EdTech, Label;5;Label Accordé au 2ème Tour
05/2024;39;14;5;2;5;9;35.9;conforme;Proximabel Development;Abbassi Ahdi, TakiEddine Ben Messaoud, Ad Tech and Creative Tech, Label;2;Label Accordé au 3 ème Tour
05/2024;39;14;5;2;5;9;35.9;conforme;KDM;Noura Kotti, Environment, Label;3;Label Accordé au 3 ème Tour
05/2024;39;14;5;2;5;9;35.9;conforme;Satisfy Insight;Kantaoui Gallas, Yosr Halleb, Anis Sehili, Traveltech, Label;2;Label Accordé au 3 ème Tour
05/2024;39;14;5;2;5;9;35.9;conforme;Volo;Ahmed Lachtar, Karem Chatti, Mouhamed Louay Tebourski, Achref Mejri, Mohamed Amine Jendoubi, Mohamed El Arbi Bessalah, Mobility, Label;4;Label Accordé au 3 ème Tour
05/2024;39;14;5;2;5;9;35.9;conforme;Sofien Guesmi;Mraihi Ilies, Real Estate Tech, Prélabel;6;Prélabel Accordé au 2ème Tour
05/2024;39;14;5;2;5;9;35.9;conforme;Riven Crown;Menjli Aymen, Ad Tech and Creative Tech, Prélabel;6;Prélabel Accordé au 2ème Tour
05/2024;39;14;5;2;5;9;35.9;conforme;U!NOW;Amira Bacha, Oussama Elayeb, Amani Bacha, EdTech, Prélabel;6;Prélabel Accordé au 2ème Tour
05/2024;39;14;5;2;5;9;35.9;conforme;Tim'ess;Ben Abdallah Taoufik, Mohamed Ali Ben Abdallah, Dorra Bouguella, Rania Chouchane, Environment, Prélabel;1;Prélabel Accordé au 3 ème Tour
05/2024;39;14;5;2;5;9;35.9;conforme;DRIVOXE.;Chouikhi Seif, Ranyme Trabelsy, Ad Tech and Creative Tech, Prélabel;0;Prélabel Accordé au 3 ème Tour
05/2024;39;14;5;2;5;9;35.9;conforme;DAKTARI;Yassine Chaabane, Yassine Kasraoui, Firas Belgouthi, HealthTech, Label;0;Label Non Accordé au 2ème Tour
05/2024;39;14;5;2;5;9;35.9;conforme;Société livraison ija;Anis Dhifaoui, Nazih Dhifaoui, Mobility, Label;0;Label Non Accordé au 2ème Tour
05/2024;39;14;5;2;5;9;35.9;conforme;Louna;Bilel Basly, Consumer products and services, Label;0;Label Non Accordé au 2ème Tour
05/2024;39;14;5;2;5;9;35.9;conforme;DEGLOLIVA;Abdelbasset Dhrif, Amel Trabelsi, HealthTech, Label;0;Label Non Accordé au 2ème Tour
05/2024;39;14;5;2;5;9;35.9;conforme;AGRONIX;Wissem Ben Amor, Business Software and services, Label;0;Label Non Accordé au 2ème Tour
05/2024;39;14;5;2;5;9;35.9;conforme;Qoon;Rashed Bedhiafi, Amine Lamine, EdTech, Label;2;Label Non Accordé au 2ème Tour
05/2024;39;14;5;2;5;9;35.9;conforme;Mat7irch;Ali Horchani, Social Platform, Label;0;Label Non Accordé au 3 ème tour
05/2024;39;14;5;2;5;9;35.9;conforme;NEXTOOLS;Badii Gharbi, Haythem Hamdani, Business Software and services, Prélabel;0;Prélabel Non Accordé au 2ème Tour
05/2024;39;14;5;2;5;9;35.9;conforme;Joyness;Walid Jemaa, Rahma Dhib, Rahma Hadj Ali, El Abed Ilyes, Wellness, Prélabel;0;Prélabel Non Accordé au 2ème Tour
05/2024;39;14;5;2;5;9;35.9;conforme;Keef;Zayneb Aouani, Ihab Kahri, FoodTech & New Food, Prélabel;0;Prélabel Non Accordé au 2ème Tour
05/2024;39;14;5;2;5;9;35.9;conforme;ADAM DIGITAL CARD;Haythem Belhaj, Communication services, Prélabel;0;Prélabel Non Accordé au 2ème Tour
05/2024;39;14;5;2;5;9;35.9;conforme;Rewardini;Amel Haddad, Shili Badie, Chiraz Othmani, Consumer products and services, Prélabel;0;Prélabel Non Accordé au 2ème Tour
05/2024;39;14;5;2;5;9;35.9;conforme;Jek Job;Meher farhat, Ismail El Hamad, Adnan Ben Youssef, EdTech, Prélabel;0;Prélabel Non Accordé au 2ème Tour
05/2024;39;14;5;2;5;9;35.9;conforme;Medidoc;Amine Ben Dhiab, Jamel Malek, Fakhreddine Kraiem, HealthTech, Prélabel;0;Prélabel Non Accordé au 2ème Tour
05/2024;39;14;5;2;5;9;35.9;conforme;Mehdi Zine Abidine Aidoudi;Malek Taktak, Zied Chraiet, Oussama Jedda, Ad Tech and Creative Tech, Prélabel;0;Prélabel Non Accordé au 2ème Tour
05/2024;39;14;5;2;5;9;35.9;conforme;Alt Doc;Rejeb Chaalia, Hamdi Bouabdallah, Khaled Hadj Ali, HealthTech, Prélabel;0;Prélabel Non Accordé au 2ème Tour
05/2024;39;14;5;2;5;9;35.9;conforme;CraftARoom;Baha Eddine Missaoui, Wassim Hamdaoui, Siwar Missaoui, Business Software and services, Prélabel;0;Prélabel Non Accordé au 2ème Tour
05/2024;39;14;5;2;5;9;35.9;conforme;CLUB;Ghaith Labbèdi, Consumer products and services, Prélabel;0;Prélabel Non Accordé au 2ème Tour
05/2024;39;14;5;2;5;9;35.9;conforme;Perfect Gen;Seifeddine Ben Hamouda, Mohamed Hizabri, Ad Tech and Creative Tech, Prélabel;1;Prélabel Non Accordé au 3 ème Tour
05/2024;39;14;5;2;5;9;35.9;conforme;Smart Farm Solutions;Issam Nouri, Béchir Ben Brika, Agritech, Prélabel;2;Prélabel Non Accordé au 3 ème Tour
05/2024;39;14;5;2;5;9;35.9;conforme;Oratio;Oussema Chelly, Business Software and services, Prélabel;0;Prélabel Non Accordé au 3 ème Tour
05/2024;39;14;5;2;5;9;35.9;conforme;Numeryx MEA;Yosri Ayadi, Omar Turki, Business Software and services, Label, N.A, N.A, N.A, N.A, N.A, N.A, Non vérification de la condition de l’indépendance;capitalistique exigée au point 3 de l’article 3 de la loi;
05/2024;39;14;5;2;5;9;35.9;conforme;Télésurveillance profonde des patients;;via une plateforme clinique de suivi;médical
05/2024;39;14;5;2;5;9;35.9;conforme;Jamel Hattay;Faiza Hadid, Younes Ben Salah, Samir Belaid, Mohsen Machhout, HealthTech, Label, N.A, N.A, N.A, N.A, N.A, N.A, Non présentation des états financiers des trois;exercices précédents exigés en vertu de l’article 4 du;Décret gouvernemental n°2018-840 du 11 octobre
05/2024;39;14;5;2;5;9;35.9;conforme;TECHPRO SOLUTION;AYMEN BENSALEM, Business Software and services, Label, N.A, N.A, N.A, N.A, N.A, N.A, Non présentation des Statuts de la société dûment;signés et enregistrés auprès des autorités;compétentes exigés en vertu de l’article 4 du Décret
05/2024;39;14;5;2;5;9;35.9;conforme;Hive;Adam Ounis, Ad Tech and Creative Tech, Label, N.A, N.A, N.A, N.A, N.A, N.A, Non présentation des états financiers des trois;exercices précédents exigés en vertu de l’article 4 du;Décret gouvernemental n°2018-840 du 11 octobre
05/2024;39;14;5;2;5;9;35.9;conforme;Passage de Prélabels aux Labels;Société, Projet, Fondateurs, Secteur, Session d'obtention;du Prélabel;Résultat
05/2024;39;14;5;2;5;9;35.9;conforme;Commentaires;ACRIDIDEA, ACRIDIDEA, Noura Ayadi, Najet Ayadi, FoodTech & New Food, Avril 2024, Label accordé, Label accordé suite à la création de la Startup et le respect des conditions d'octroi;culturify;DourbIA
05/2024;39;14;5;2;5;9;35.9;conforme;Ines Hassoumi;TravelTech, Novembre 2023, Label accordé, Label accordé suite à la création de la Startup et le respect des conditions d'octroi, R H  A development, Deelshop, Hamza Bourougaa, Rachwan Tarraf, Aziz Kouki, Consumer Products and, Services, Novembre 2023, Label accordé, Label accordé suite à la création de la Startup et le respect des conditions d'octroi, Contractzlab;contractzLab;Mohamed Rafik Hwimli
05/2024;39;14;5;2;5;9;35.9;conforme;Business Software and;;services;Décembre 2023
05/2024;39;14;5;2;5;9;35.9;conforme;Label accordé;Label accordé suite à la création de la Startup et le respect des conditions d'octroi, JIOTIFY Solutions, Jiotify, Foued Jaballah, Rafik Jaballah, Agritech, Décembre 2023, Label accordé, Label accordé suite à la création de la Startup et le respect des conditions d'octroi, Retraits Labels, Société, Secteur, Session d'obtention;du Label;Décision
05/2024;39;14;5;2;5;9;35.9;conforme;Commentaires;NEXT PROTEIN TUNISIA, Agritech, Juin 2019, Retrait du Label, La société a dépassé l'âge maximum de 8 ans fixé par la loi 20-;2018 pour les sociétés bénéficiaires du Label;COGNIRA TUNISIA
05/2024;39;14;5;2;5;9;35.9;conforme;Business Software & Services;Janvier 2021, Retrait du Label, La société a dépassé l'âge maximum de 8 ans fixé par la loi 20-;2018 pour les sociétés bénéficiaires du Label;
06/2024;37;14;5;2;3;11;37.8;conforme;SNO;Walid Ksouri, Ismail Benmiled, Consumer products and services, Label;6;Label Accordé au 2ème Tour
06/2024;37;14;5;2;3;11;37.8;conforme;Guepard;Koutheir Cherni, Ghassen Menaouar, Hani Chalouati, Business Software and services, Label;6;Label Accordé au 2ème Tour
06/2024;37;14;5;2;3;11;37.8;conforme;PROXECO;Bayrem Benaglia, Walid Kacem, Agritech, Label;6;Label Accordé au 2ème Tour
06/2024;37;14;5;2;3;11;37.8;conforme;Inkylab Technologies;Malek Khadhraoui, Rami Dridi, Ghazi Nhidi, Amal Aoun, Adel Ben Salem, Abed Issam, Business Software and services, Label;6;Label Accordé au 2ème Tour
06/2024;37;14;5;2;3;11;37.8;conforme;Odeev Tennex;Chahine Hamila, Business Software and services, Label;5;Label Accordé au 2ème Tour
06/2024;37;14;5;2;3;11;37.8;conforme;IDIRIS;Mohamed Kallel, Imène Khanfir Kallel, Amin Kallel, Mobility, Label;5;Label Accordé au 2ème Tour
06/2024;37;14;5;2;3;11;37.8;conforme;Freelances.tn;Sadok Feki, Sylvain Dienst, Business Software and services, Label;4;Label Accordé au 3 ème Tour
06/2024;37;14;5;2;3;11;37.8;conforme;ORION;Ghassen Ghouibi, Real Estate Tech, Label;4;Label Accordé au 3 ème Tour
06/2024;37;14;5;2;3;11;37.8;conforme;HANDISUCCESS;INTERNATIONAL, Nejah Cherif, Nour El Houda Cherif, Social Business, Label;3;Label Accordé au 3 ème Tour
06/2024;37;14;5;2;3;11;37.8;conforme;DAR BLOCKCHAIN;Jaafar saied, Ad Tech and Creative Tech, Label;3;Label Accordé au 3 ème Tour
06/2024;37;14;5;2;3;11;37.8;conforme;SPR01;Haithem Besghaier, Wellness, Prélabel;6;Prélabel Accordé au 2ème Tour
06/2024;37;14;5;2;3;11;37.8;conforme;CARWAYS;Hamdi Zaghouani, Oumayma Boughdiri, Yosra Benbrahem, Commerce and shopping, Prélabel;5;Prélabel Accordé au 2ème Tour
06/2024;37;14;5;2;3;11;37.8;conforme;Astratransit;Yosra Ahmed, Majdi Ahmed, Najoua Kassaoui, Business Software and services, Prélabel;5;Prélabel Accordé au 2ème Tour
06/2024;37;14;5;2;3;11;37.8;conforme;Greeny Soliutions;Oussema Gharsalli, Mohamed Zied Madini, Seifeddin Jenifen, Agritech, Prélabel;2;Prélabel Accordé au 3 ème Tour
06/2024;37;14;5;2;3;11;37.8;conforme;SYSNAPSUS;Mohamed Ben Mahmoud, Mohamed Hechmi Louzir, HealthTech, Prélabel;2;Prélabel Accordé au 3 ème Tour
06/2024;37;14;5;2;3;11;37.8;conforme;REFLECTION ENGINEERING;CONSULTING REC, Yasmine Boudhina, Business Software and services, Label;1;Label Non Accordé au 2ème Tour
06/2024;37;14;5;2;3;11;37.8;conforme;Educap;Sabri Oui, Lobna Lahmar, EdTech, Label;1;Label Non Accordé au 2ème Tour
06/2024;37;14;5;2;3;11;37.8;conforme;Data Scale;Mayssem Ben Ammar, Wassim Mjahed, Business Software and services, Label;1;Label Non Accordé au 2ème Tour
06/2024;37;14;5;2;3;11;37.8;conforme;AVATAR ID /THINKNEO;Leith Mokaddem, Sarah Ksibi, Fintech, Label;0;Label Non Accordé au 2ème Tour
06/2024;37;14;5;2;3;11;37.8;conforme;Mariage Tunisie;Sanaa Wajdi, Ad Tech and Creative Tech, Label;0;Label Non Accordé au 2ème Tour
06/2024;37;14;5;2;3;11;37.8;conforme;ITMMA;Amine Mhedhbi, Consumer products and services, Label;0;Pitch décalé pour la session de juillet 2024
06/2024;37;14;5;2;3;11;37.8;conforme;BATIPRICE;Akrem Zribi, Khaled Mokni, Real Estate Tech, Prélabel;1;Prélabel Non Accordé au 2ème Tour
06/2024;37;14;5;2;3;11;37.8;conforme;Craft'y;Arij Tounsi, Ahmed Jannadi, Commerce and shopping, Prélabel;1;Prélabel Non Accordé au 2ème Tour
06/2024;37;14;5;2;3;11;37.8;conforme;Devortex;Maher Amara, Ahmed Guizani, Environment, Prélabel;1;Prélabel Non Accordé au 2ème Tour
06/2024;37;14;5;2;3;11;37.8;conforme;Koonwell;Mohamed Bayar, HealthTech, Prélabel;0;Prélabel Non Accordé au 2ème Tour
06/2024;37;14;5;2;3;11;37.8;conforme;Kidzy Lab;Rami Rouini, Bouissa Mohamed, Moez Tabia, EdTech, Prélabel;0;Prélabel Non Accordé au 2ème Tour
06/2024;37;14;5;2;3;11;37.8;conforme;Econolotech;Nabil Gafsi, Environment, Prélabel;0;Prélabel Non Accordé au 2ème Tour
06/2024;37;14;5;2;3;11;37.8;conforme;DestockingPartner;Slim Zorgati, Commerce and shopping, Prélabel;0;Prélabel Non Accordé au 2ème Tour
06/2024;37;14;5;2;3;11;37.8;conforme;Good Partners Cluster;Mohamed Aziz Khayat, Wael Benelkhayatia, Hella dridi, Social Business, Prélabel;0;Prélabel Non Accordé au 2ème Tour
06/2024;37;14;5;2;3;11;37.8;conforme;Ketrone;Sadry El Materi, Aicha Chaar, Commerce and shopping, Prélabel;0;Prélabel Non Accordé au 2ème Tour
06/2024;37;14;5;2;3;11;37.8;conforme;Vap Shoes;Med Aymen Doufeni, Consumer products and services, Prélabel;0;Prélabel Non Accordé au 2ème Tour
06/2024;37;14;5;2;3;11;37.8;conforme;LACARTECO;Maha Ben Arbia, Aymen Kooli, Business Software and services, Prélabel;0;Prélabel Non Accordé au 2ème Tour
06/2024;37;14;5;2;3;11;37.8;conforme;Estishara;Ali Dahmani, Business Software and services, Prélabel;0;Prélabel Non Accordé au 2ème Tour
06/2024;37;14;5;2;3;11;37.8;conforme;MyAmbassador;Hadil Abdallah, Bilel Gharbi, Business Software and services, Prélabel;0;Prélabel Non Accordé au 2ème Tour
06/2024;37;14;5;2;3;11;37.8;conforme;DEFENDR;Mottaki Hajouni, Seifeddine Bahroun, Mouhamed Ali Barbouchi, Business Software and services, Prélabel;0;Prélabel Non Accordé au 2ème Tour
06/2024;37;14;5;2;3;11;37.8;conforme;Oscaro;Mahmoud Siala, Mohamed Siala, Boubaker Siala, Commerce and shopping, Prélabel;0;Prélabel Non Accordé au 2ème Tour
06/2024;37;14;5;2;3;11;37.8;conforme;Passage de Prélabels aux Labels;Société, Projet, Fondateurs, Secteur, Session d'obtention;du Prélabel;Résultat
06/2024;37;14;5;2;3;11;37.8;conforme;Commentaires;Société Espoir services;assistance des urgences;WeenPan
06/2024;37;14;5;2;3;11;37.8;conforme;Arbi Ben Bazza;Lokmani Yassine, Sana Hamdi, Jamila Ghediri, Mobility, Février 2024, Label accordé, Label accordé suite à la création de la Startup et le respect des conditions d'octroi, Officent IT;officent;Saied Eddine Borghol
06/2024;37;14;5;2;3;11;37.8;conforme;Kamel Ben Anaya;Asma Methamem, Soulayma Dhiab, Business Software and;services;Janvier 2024
06/2024;37;14;5;2;3;11;37.8;conforme;Label accordé;Label accordé suite à la création de la Startup et le respect des conditions d'octroi, BOOK NOW;123 booking;Akram Rekik
06/2024;37;14;5;2;3;11;37.8;conforme;TravelTech;Avril 2024, Label accordé, Label accordé suite à la création de la Startup et le respect des conditions d'octroi, Retraits Labels, Société, Secteur, Session d'obtention;du Label;Décision
06/2024;37;14;5;2;3;11;37.8;conforme;Commentaires;Firnas Engineering, FoodTech & New Food, Juin 2020, Retrait du Label, La société a dépassé l'âge maximum de 8 ans fixé par la loi 20-;2018 pour les sociétés bénéficiaires du Label;Dabchy
06/2024;37;14;5;2;3;11;37.8;conforme;Commerce & Shopping;Mars 2019, Retrait du Label, La société a dépassé l'âge maximum de 8 ans fixé par la loi 20-;2018 pour les sociétés bénéficiaires du Label;
07/2024;33;6;7;3;2;4;18.2;corrigee;Ecojina;Kaouther El Mejdi, Sara El Fray, Consumer products and services, Label;6;Label Accordé au 2ème Tour
07/2024;33;6;7;3;2;4;18.2;corrigee;FAANG;Badis Zormati, Gouty Bassem, Rihab Lajmi, Business Software and services, Label;6;Label Accordé au 2ème Tour
07/2024;33;6;7;3;2;4;18.2;corrigee;Laboratoires hygie;Sahbi Ben Lamine, HealthTech, Label;1;Label Accordé au 3ème Tour
07/2024;33;6;7;3;2;4;18.2;corrigee;Sinister scripts studios;Ines Barkaoui, Rihab Bejaoui, Ad Tech and Creative Tech, Label;0;Label Non Accordé au 2ème Tour
07/2024;33;6;7;3;2;4;18.2;corrigee;Boukle Waste Management;Mohamed Wassim Hamrouni, Rania Matoussi, Environment, Label;0;Label Non Accordé au 2ème Tour
07/2024;33;6;7;3;2;4;18.2;corrigee;Addvocate AI;Mohamed Ridha Mami, Sofyan Chekir, Business Software and services, Label;0;Label Non Accordé au 2ème Tour
07/2024;33;6;7;3;2;4;18.2;corrigee;Odin international services and consulting;Abdelaziz Ben Othman, Communication services, Label;0;Label Non Accordé au 2ème Tour
07/2024;33;6;7;3;2;4;18.2;corrigee;Flayes;Mohamed Amine Dridi, Mahdi Said, Khairi Hammami, Consumer products and services, Label;2;Label Non Accordé au 2ème Tour
07/2024;33;6;7;3;2;4;18.2;corrigee;ITMMA;Amine Mhedhbi, Consumer products and services, Label;0;Label Non accordé au 3ème Tour
07/2024;33;6;7;3;2;4;18.2;corrigee;LR CONFORT MOBILITE;Mahdi Oueslati, Yassmine Gritli, Aymen Masmoudi, Zeynab Gritli, Imen Oueslati, TravelTech, Prélabel;5;Prélabel Accordé au 2ème Tour
07/2024;33;6;7;3;2;4;18.2;corrigee;EduZen;Ibtihel Driss, Wahib Zerrim, Khouloud Rinez, Jihen Rahmouni, EdTech, Prélabel;5;Prélabel Accordé au 2ème Tour
07/2024;33;6;7;3;2;4;18.2;corrigee;YOPEX;Mouhib Touaiti, Business Software and services, Prélabel;7;Prélabel Accordé au 2ème Tour
07/2024;33;6;7;3;2;4;18.2;corrigee;ZAYOLI;Cheima Cherih, Leila Rekbi, HealthTech, Prélabel;7;Prélabel Accordé au 2ème Tour
07/2024;33;6;7;3;2;4;18.2;corrigee;Vegana;Mehdi Ben Hamouda, FoodTech & New Food, Label;7;Prélabel Accordé au 2ème Tour
07/2024;33;6;7;3;2;4;18.2;corrigee;Aventoura;Sami Amri, Mohamed Ali Maazoun, Dhia Saadi, TravelTech, Label;6;Prélabel Accordé au 2ème Tour
07/2024;33;6;7;3;2;4;18.2;corrigee;Paytea;Tarek Zouari, Rania Kammoun, Business Software and services, Prélabel;4;Prélabel Accordé au 3ème Tour
07/2024;33;6;7;3;2;4;18.2;corrigee;Galilei;Amir Askri, Ad Tech and Creative Tech, Prélabel;0;Prélabel Non Accordé au 2ème Tour
07/2024;33;6;7;3;2;4;18.2;corrigee;Super marché de reconditionnée [ReMarket / REBUY MARKET] : vente des produits reconditionnés, c’est-à-dire les produits de seconde main auquel un industriel offre une seconde vie.;Mohamed Rahmouni, Moemen Amaira, Sami Slama, Alaeddine Nasri, Commerce and shopping, Prélabel;0;Prélabel Non Accordé au 2ème Tour
07/2024;33;6;7;3;2;4;18.2;corrigee;Bimpack;Ghassen Boufaden, Atef Mechken, Business Software and services, Prélabel;0;Prélabel Non Accordé au 2ème Tour
07/2024;33;6;7;3;2;4;18.2;corrigee;MACONDO ENGINEERING;Haythem Maddouri;yahya Machat;Fintech
07/2024;33;6;7;3;2;4;18.2;corrigee;Prélabel;;0;Prélabel Non Accordé au 2ème Tour
07/2024;33;6;7;3;2;4;18.2;corrigee;Infinite communities;Shayma Kaabi, Aymen Touhent, Karim Gharbi, Business Software and services, Prélabel;0;Prélabel Non Accordé au 2ème Tour
07/2024;33;6;7;3;2;4;18.2;corrigee;Smart Escape;Fatma Techini, Ahmed Yassine Chouk, TravelTech, Prélabel;0;Prélabel Non Accordé au 2ème Tour
07/2024;33;6;7;3;2;4;18.2;corrigee;Be-Smart;Guerfela Mohamed amine, Mohamed Salah Maaref, Khadraoui Khaled, Yesser Ajili, Ad Tech and Creative Tech, Prélabel;0;Prélabel Non Accordé au 2ème Tour
07/2024;33;6;7;3;2;4;18.2;corrigee;GERONET;Mohamed Marouane BEN ROMDHANE, Mohamed Nagga, Chiheb Chabou, Abdallah Taouil, Hassene Tebourbi, Business Software and services, Prélabel;0;Prélabel Non Accordé au 2ème Tour
07/2024;33;6;7;3;2;4;18.2;corrigee;Amine Ben Ahmed;Oussama Ata, Hamdi Bouazizi, Fintech, Prélabel;1;Prélabel Non Accordé au 2ème Tour
07/2024;33;6;7;3;2;4;18.2;corrigee;Barzakh;Maher Zoghlami, Marwen msehli, EdTech, Prélabel;2;Prélabel Non Accordé au 3ème Tour
07/2024;33;6;7;3;2;4;18.2;corrigee;ThinkAI;Mohamed Hamza Badr, Mehdi Badr, Oussama Badr, Business Software and services, Prélabel;0;Prélabel Non Accordé au 3ème Tour
07/2024;33;6;7;3;2;4;18.2;corrigee;Cadrini;Ranim Naceur, Samir Bouzayani, Habib Bouzoffara, Hadil Drissi, EdTech, Prélabel;2;Prélabel Non Accordé au 3ème Tour
07/2024;33;6;7;3;2;4;18.2;corrigee;Sentinelia;Nour El Imen Mouaffek, Advanced Manufacturing & Robotics, Prélabel;1;Prélabel Non Accordé au 2ème Tour
07/2024;33;6;7;3;2;4;18.2;corrigee;Dry Rolls;Mouna Souissi, Nizar Louhichi, FoodTech & New Food, Label, N.A, N.A, N.A, N.A, N.A, N.A, Label Non Acordé au 1er Tour: Non présentation des états financiers;des trois exercices précédents de la structure Tunisienne et étrangère;exigés en vertu de l’article 4 du Décret gouvernemental n°2018-840
07/2024;33;6;7;3;2;4;18.2;corrigee;PROBOUTIK TUNISIA;Thierno Sakho, Sabri Daassi, Fintech, Label, N.A, N.A, N.A, N.A, N.A, N.A, Label Non Acordé au 1er Tour: Non présentation des états financiers;des trois exercices précédents exigés en vertu de l’article 4 du Décret;gouvernemental n°2018-840 du 11 octobre 2018
07/2024;33;6;7;3;2;4;18.2;corrigee;HRMAPS;Denis Le Chevalier, Rami Bouafif, Rahma Kaaouana, Pierre Mongenie, Saleme Naceur, Business Software and services, Label, N.A, N.A, N.A, N.A, N.A, N.A, Label Non Accordé au 1er Tour: Non présentation d'un extrait RNE;valide, d'un extrait Kbis valide de la société étrangère et les statuts de;la société dûment signés et enregistrés auprès des autorités
07/2024;33;6;7;3;2;4;18.2;corrigee;Passage de Prélabels aux Labels;Société, Projet, Fondateurs, Secteur, Session d'obtention;du Prélabel;Résultat
07/2024;33;6;7;3;2;4;18.2;corrigee;Commentaires;;twinnoverse;TWINNOVERSE SOLUTION
07/2024;33;6;7;3;2;4;18.2;corrigee;Mahran Abid;Adam Bouchaala, Advanced Manufacturing & Robotics, Janvier 2024, Label accordé, Label accordé suite à la création de la Startup et le respect des conditions d'octroi;tipstalks;Tiptalk solutions
07/2024;33;6;7;3;2;4;18.2;corrigee;Sofien Guesmi;Mraihi Ilies, Real Estate Tech, Mai 2024, Label accordé, Label accordé suite à la création de la Startup et le respect des conditions d'octroi, Retraits Labels, Société, Secteur, Session d'obtention;du Label;Décision
07/2024;33;6;7;3;2;4;18.2;corrigee;Commentaires;GALACTECH, Ad Tech & Creative Tech, Avril 2019, Retrait du Label, La société a dépassé l'âge maximum de 8 ans fixé par la loi 20-;2018 pour les sociétés bénéficiaires du Label;Prefabulous
07/2024;33;6;7;3;2;4;18.2;corrigee;Environment;Janvier 2020, Retrait du Label, La société a dépassé l'âge maximum de 8 ans fixé par la loi 20-;2018 pour les sociétés bénéficiaires du Label;Elco Solutions
07/2024;33;6;7;3;2;4;18.2;corrigee;Advanced Manufacturing & Robotics;Novembre 2020, Retrait du Label, La société a dépassé l'âge maximum de 8 ans fixé par la loi 20-;2018 pour les sociétés bénéficiaires du Label;
08/2024;37;11;6;1;6;5;29.7;conforme;Arcana Soft;Mohamed Yassine Boumedien, Sofien Jerfel, Advanced Manufacturing & Robotics, Label;5;Label Accordé au 2ème Tour
08/2024;37;11;6;1;6;5;29.7;conforme;Smart Gros;Nabil Khedhri, Irad Khedhri, Sami Bouzekri, Business Software and services, Label;5;Label Accordé au 2ème Tour
08/2024;37;11;6;1;6;5;29.7;conforme;NextGen Coding;Mohamed Amine El Ouederni, EdTech, Label;5;Label Accordé au 2ème Tour
08/2024;37;11;6;1;6;5;29.7;conforme;EmyeHR;Mohamed Aimen Jouini, Business Software and services, Label;2;Label Accordé au 3 ème Tour
08/2024;37;11;6;1;6;5;29.7;conforme;Optypro.net;Oussama Meknassi, Business Software and services, Prélabel;5;Prélabel Accordé au 2ème Tour
08/2024;37;11;6;1;6;5;29.7;conforme;Production d’additifs alimentaires;;animale et consulting;Marwa Mekni Toujani
08/2024;37;11;6;1;6;5;29.7;conforme;Agritech;Prélabel;5;Prélabel Accordé au 2ème Tour
08/2024;37;11;6;1;6;5;29.7;conforme;Buzzbip;Mhamed Ali Ben Mahmoud, Walid Tanazefti, Business Software and services, Prélabel;5;Prélabel Accordé au 2ème Tour
08/2024;37;11;6;1;6;5;29.7;conforme;Kidcare;Yosra Ouertani, Security, Prélabel;5;Prélabel Accordé au 2ème Tour
08/2024;37;11;6;1;6;5;29.7;conforme;Alexis;Jawher Ben Arbia, Amira Oueslati, Imen Wartani, Wiem Almahjoubi, EdTech, Prélabel;5;Prélabel Accordé au 2ème Tour
08/2024;37;11;6;1;6;5;29.7;conforme;SYNAPSE-HR;Mohamed Amine Boussarsar, Amira Eddhib, Business Software and services, Prélabel;1;Prélabel Accordé au 3 ème Tour
08/2024;37;11;6;1;6;5;29.7;conforme;Cluebox Tunisia;Yaniss Aïche, Bretislav Simral, Bert De Maeyer, Business Software and services, Label;0;Label Non Accordé au 2ème Tour
08/2024;37;11;6;1;6;5;29.7;conforme;Quokka Agency;Bassem Lamouchi, Hedi Manai, Business Software and services, Label;0;Label Non Accordé au 2ème Tour
08/2024;37;11;6;1;6;5;29.7;conforme;SOCIETE VAERDIA SOLUTIONS;Aymen BOUNEB, Meryam Brahim, Bilale Chaudhry, Business Software and services, Label;0;Label Non Accordé au 2ème Tour
08/2024;37;11;6;1;6;5;29.7;conforme;DOCTUNITY;Khairi Brahmi, HealthTech, Label;0;Label Non Accordé au 2ème Tour
08/2024;37;11;6;1;6;5;29.7;conforme;FairConnect MEA;Malek Belhaj, Moez Ben Hajhmida, Business Software and services, Label;1;Label Non Accordé au 3ème Tour
08/2024;37;11;6;1;6;5;29.7;conforme;AsOne4Health;Abdelhalim Rafrafi, HealthTech, Label;4;Label Non Accordé au 3ème Tour
08/2024;37;11;6;1;6;5;29.7;conforme;Zoubeir Tourki a déclaré avoir un conflit d'intérêt;Logidoo, Mehrez Slaimia, Traore Tamsir Ousmane, Tabara Diop, Sassy Diop, Papa Birame Sene, Mohamed Alaoui, Business Software and services, Label;1;Label Non Accordé au 3ème Tour
08/2024;37;11;6;1;6;5;29.7;conforme;Flexy stores;Khalsi Firas, Brahim Ben Salah, Commerce and shopping, Label;0;Label Non Accordé au 3ème Tour
08/2024;37;11;6;1;6;5;29.7;conforme;Plateforme Mobile dédiée à la vente;;et à l'achat d'articles d'occasion;pour enfants
08/2024;37;11;6;1;6;5;29.7;conforme;Nesrine Bouaziz;Commerce and shopping, Prélabel;0;Prélabel Non Accordé au 2ème Tour
08/2024;37;11;6;1;6;5;29.7;conforme;LiteSell;Mohamed Ali Ben Dhiab, Youssef Ben Abdellatif, Lina Abdejlil, Sami Labbane Dit Kalti, Consumer products and services, Prélabel;0;Prélabel Non Accordé au 2ème Tour
08/2024;37;11;6;1;6;5;29.7;conforme;AIGENTLAB;Moatez Chraiet, Ad Tech and Creative Tech, Prélabel;0;Prélabel Non Accordé au 2ème Tour
08/2024;37;11;6;1;6;5;29.7;conforme;Educfr;Rached Gharbi, EdTech, Prélabel;0;Prélabel Non Accordé au 2ème Tour
08/2024;37;11;6;1;6;5;29.7;conforme;UNIGROS;Saadallah Idriss, Haythem Khalfaoui, Commerce and shopping, Prélabel;0;Prélabel Non Accordé au 2ème Tour
08/2024;37;11;6;1;6;5;29.7;conforme;Switch - Plateforme de diagnostic et;;de conduite au changement;numérique
08/2024;37;11;6;1;6;5;29.7;conforme;Mohamed Bouazza;Marouane Noamen Toumi, Business Software and services, Prélabel;0;Prélabel Non Accordé au 2ème Tour
08/2024;37;11;6;1;6;5;29.7;conforme;NOMAD Robotics;Foued Elkamel, Roua Ben Abdessalem, Nada Ben Abdessalem, Mobility, Prélabel;0;Prélabel Non Accordé au 2ème Tour
08/2024;37;11;6;1;6;5;29.7;conforme;Biscuify;Salem Hasseni, Commerce and shopping, Prélabel;0;Prélabel Non Accordé au 2ème Tour
08/2024;37;11;6;1;6;5;29.7;conforme;Kdayes;Bilel Naffeti, Mahrez Ourabi, Aya Benhmida, Business Software and services, Prélabel;0;Prélabel Non Accordé au 2ème Tour
08/2024;37;11;6;1;6;5;29.7;conforme;ClickEvent;Issam Eddine Bouhouch, Social Business, Prélabel;0;Prélabel Non Accordé au 2ème Tour
08/2024;37;11;6;1;6;5;29.7;conforme;TakwirTek;Rouwaid Arfa, Business Software and services, Prélabel;1;Prélabel Non Accordé au 2ème Tour
08/2024;37;11;6;1;6;5;29.7;conforme;Al Kallel;Wael Abid, Ad Tech and Creative Tech, Prélabel;0;Prélabel Non Accordé au 2ème Tour
08/2024;37;11;6;1;6;5;29.7;conforme;Ahmed Chouihi;EdTech, Prélabel;0;Prélabel Non Accordé au 2ème Tour
08/2024;37;11;6;1;6;5;29.7;conforme;PSYC;Slim Labbane Dit Kalti, Sami Labbane Dit Kalti, Zeineb EL Fekih, HealthTech, Prélabel;0;Prélabel Non Accordé au 2ème Tour
08/2024;37;11;6;1;6;5;29.7;conforme;STEMA-Do;Arbia Hosni, EdTech, Prélabel;1;Prélabel Non Accordé au 3ème Tour
08/2024;37;11;6;1;6;5;29.7;conforme;XAPP;Maher Mrag, Advanced Manufacturing & Robotics, Prélabel;0;Prélabel Non Accordé au 3ème Tour
08/2024;37;11;6;1;6;5;29.7;conforme;Rcrooter;Ghofrane Ben atia, Mohamed Yousfi, Business Software and services, Prélabel;3;Prélabel Non Accordé au 3ème Tour
08/2024;37;11;6;1;6;5;29.7;conforme;Passage de Prélabels aux Labels;Société, Projet, Fondateurs, Secteur, Session d'obtention;du Prélabel;Résultat
08/2024;37;11;6;1;6;5;29.7;conforme;Commentaires;PINE NEEDLES SOLUTION, Tim'ess, Ben Abdallah Taoufik, Mohamed Ali BEN ABDALLAH, Dorra Bouguella, Rania Chouchane, Environment, Mai 2024, Label accordé, Label accordé suite à la création de la Startup et le respect des conditions d'octroi, Owlinks Technologies Co, Owlinks, Mohamed Kchaou, Amine Guermazi, Consumer Products and, Services, Février 2024, Label accordé, Label accordé suite à la création de la Startup et le respect des conditions d'octroi, DRIVOXE, DRIVOXE, Chouikhi Seif, Ranyme Trabelsy, Ad Tech & Creative Tech, Mai 2024, Label accordé, Label accordé suite à la création de la Startup et le respect des conditions d'octroi, SPR 01 Labs, Spr 01, Haithem Besghaier, Wellness, Juin 2024, Label accordé, Label accordé suite à la création de la Startup et le respect des conditions d'octroi, NANOSOFT, Speedy ERP, Kais Chehuma, Business Software and;services;Mars 2024
08/2024;37;11;6;1;6;5;29.7;conforme;Label accordé;Label accordé suite à la création de la Startup et le respect des conditions d'octroi, EDUZEN, EduZen, Ibtihel Driss, Wahib Zerrim, Khouloud Rinez, Jihen Rahmouni, EdTech, Juillet 2024, Label accordé, Label accordé suite à la création de la Startup et le respect des conditions d'octroi, Retraits Labels, Société, Secteur, Session d'obtention;du Label;Décision
08/2024;37;11;6;1;6;5;29.7;conforme;Commentaires;Be Wireless Solutions, Consumer Products & Services, Mars 2019, Retrait du Label, La société a dépassé l'âge maximum de 8 ans fixé par la loi 20-;2018 pour les sociétés bénéficiaires du Label;
09/2024;34;11;9;1;5;6;32.4;conforme;Converty;Ayoub Nejem, Sami Kammoun, Ahmed Abid, Ali Sakka, Commerce and shopping, Label;6;Label Accordé au 2ème Tour
09/2024;34;11;9;1;5;6;32.4;conforme;EDUCATE ME;Mohamed Abderrahim Khouaja, Ala Eddine Khouja, EdTech, Label;6;Label Accordé au 2ème Tour
09/2024;34;11;9;1;5;6;32.4;conforme;ALDER Green Solutions;Mhamed Raboudi, Thamer Dridi, Fourat Beji, Environment, Label;6;Label Accordé au 2ème Tour
09/2024;34;11;9;1;5;6;32.4;conforme;Hannibal VR;Abdelaziz Ayed, Imen Lazhar, Aya Nouira, EdTech, Label;4;Label Accordé au 3 ème Tour
09/2024;34;11;9;1;5;6;32.4;conforme;Gifted;Farah Hamrouni, Rabii Ben Tili, Commerce and shopping, Label;4;Label Accordé au 3 ème Tour
09/2024;34;11;9;1;5;6;32.4;conforme;Business Academy;Nour Rafiâa KALLEL, Walid KALLEL, EdTech, Prélabel;6;Prélabel Accordé au 2ème Tour
09/2024;34;11;9;1;5;6;32.4;conforme;Krypton;Mehemed Bougsea, Joscha Raue, Business Software and services, Prélabel;6;Prélabel Accordé au 2ème Tour
09/2024;34;11;9;1;5;6;32.4;conforme;Order Station;Aziz Benchedli, Ahmed Selmi, Karim Tounsi, FoodTech & New Food, Prélabel;6;Prélabel Accordé au 2ème Tour
09/2024;34;11;9;1;5;6;32.4;conforme;CWcloud;Ahmed Hermassi, Anas Neumann;driss Neumann;Habib Bane
09/2024;34;11;9;1;5;6;32.4;conforme;Business Software and services;Prélabel;5;Prélabel Accordé au 2ème Tour
09/2024;34;11;9;1;5;6;32.4;conforme;Mintounes;Beldi Zied, Anis Harzallah, Ghizlaine Beldi, Commerce and shopping, Prélabel;4;Prélabel Accordé au 3ème Tour
09/2024;34;11;9;1;5;6;32.4;conforme;VYZYOSCHOOL;Marwa Mhedhebi, EdTech, Prélabel;2;Prélabel Accordé au 3ème Tour
09/2024;34;11;9;1;5;6;32.4;conforme;TerraSens;Manel Ennahedh, Mohamed Rajhi, Jamila Tarhouni, Salma Bouabdellaoui, Agritech, Prélabel;3;Prélabel Accordé au 3ème Tour
09/2024;34;11;9;1;5;6;32.4;conforme;Syndiki;Haroun Cheriha, Real Estate Tech, Prélabel;1;Prélabel Accordé au 3ème Tour
09/2024;34;11;9;1;5;6;32.4;conforme;Moonlight AI TN;Christian Ruiz, Nicole Romano, Stefan Habringer, HealthTech, Prélabel;4;Prélabel Accordé au 3ème Tour
09/2024;34;11;9;1;5;6;32.4;conforme;Rebelink;Faiza Skandarni, EdTech, Label;2;Label Non Accordé au 2ème Tour
09/2024;34;11;9;1;5;6;32.4;conforme;K-Noon;Ghaith Troudi, Ramla Baccar, Fintech, Label;0;Label Non Accordé au 2ème Tour
09/2024;34;11;9;1;5;6;32.4;conforme;STE ZURVANET;Hamza Othmani, Lobna Hamdi, Agritech, Label;0;Label Non Accordé au 2ème Tour
09/2024;34;11;9;1;5;6;32.4;conforme;InnovAir;Nassira Barhoumi, Mrabet Omar, Marwen El bari, HealthTech, Label;0;Label Non Accordé au 2ème Tour
09/2024;34;11;9;1;5;6;32.4;conforme;Park&Charge by Asteroidea;Ghassen Chattouna, Rami Hedfi, Zied Bradai, Mobility, Label;0;Label Non Accordé au 3ème Tour
09/2024;34;11;9;1;5;6;32.4;conforme;Quark;Maher Sellami, Environment, Label;1;Label Non Accordé au 3ème Tour
09/2024;34;11;9;1;5;6;32.4;conforme;Ukla;Mohamed Achraf Mrabet, FoodTech & New Food, Label;4;Label Non Accordé au 3ème Tour
09/2024;34;11;9;1;5;6;32.4;conforme;Boomsnap;Seif Allah Ben othmen, Anas Ben Ali, Slim Khaled, Ad Tech and Creative Tech, Prélabel;1;Prélabel Non Accordé au 2ème Tour
09/2024;34;11;9;1;5;6;32.4;conforme;Mansour the Rebel Tarinet;Village -MRTC REDEEM, Meycem Naceur, Ad Tech and Creative Tech, Prélabel;0;Prélabel Non Accordé au 2ème Tour
09/2024;34;11;9;1;5;6;32.4;conforme;Oussama Ben Chaabane;Ghassen Ben Saoud, Commerce and shopping, Prélabel;0;Prélabel Non Accordé au 2ème Tour
09/2024;34;11;9;1;5;6;32.4;conforme;Assist IT;Mohamed Ben Othman, Maissa Sekrafi, Business Software and services, Prélabel;0;Prélabel Non Accordé au 2ème Tour
09/2024;34;11;9;1;5;6;32.4;conforme;Cogeex;Racem Smaoui, Rania Ghorbel, Abir Smaoui, Business Software and services, Prélabel;0;Prélabel Non Accordé au 2ème Tour
09/2024;34;11;9;1;5;6;32.4;conforme;Battel Lab;Karim Bouzid, Hakim Azzouz, HealthTech, Prélabel;0;Prélabel Non Accordé au 2ème Tour
09/2024;34;11;9;1;5;6;32.4;conforme;Slayton;Sana Boubaker, Nadege Legendre, Franck Legendre, Ad Tech and Creative Tech, Prélabel;0;Prélabel Non Accordé au 2ème Tour
09/2024;34;11;9;1;5;6;32.4;conforme;Digi Up Agri;Abdellatif Zied Saada, Manel Hamed, Achref Amri, Agritech, Prélabel;3;Prélabel Non Accordé au 3ème Tour
09/2024;34;11;9;1;5;6;32.4;conforme;LearnA;Dhiaeddine Gharsallah, Omar Masmoudi, EdTech, Prélabel;0;Prélabel Non Accordé au 3ème Tour
09/2024;34;11;9;1;5;6;32.4;conforme;Bilel Rahmouni;Mobility, Prélabel;0;Prélabel Non Accordé au 3ème Tour
09/2024;34;11;9;1;5;6;32.4;conforme;QuantoTrade;Mahdi Chaari, Ons Hadrich, Khariddine Derbali, Fintech, Prélabel;4;Prélabel Non Accordé au 3ème Tour
09/2024;34;11;9;1;5;6;32.4;conforme;Bio Green Pousses;Elyes Ladjimi, Hamza Aljane, Taha Khoubaib Naffeti, FoodTech & New Food, Prélabel;3;Prélabel Non Accordé au 3ème Tour
09/2024;34;11;9;1;5;6;32.4;conforme;Passage de Prélabels aux Labels;Projet, Société, Fondateurs, Secteur, Session d'obtention;du Prélabel;Résultat
09/2024;34;11;9;1;5;6;32.4;conforme;Commentaires;Astratransit, CLICK TRANS, Yosra Ahmed, Majdi Ahmed, Najoua Kassaoui, Business Software and;services;Juin 2024
09/2024;34;11;9;1;5;6;32.4;conforme;Label accordé;Label accordé suite à la création de la Startup et le respect des conditions d'octroi, Aventoura, Aventoura Outdoors, Sami Amri, Mohamed Ali Maazoun, Dhia Saadi, TravelTech, Juillet 2024, Label accordé, Label accordé suite à la création de la Startup et le respect des conditions d'octroi, AGARUW HUB, AGARUW HUB, Mejda Khaled, Zeineb Ben Abdallah, Hedi BenRomdhane, Environment, Mars 2024, Label accordé, Label accordé suite à la création de la Startup et le respect des conditions d'octroi, ITri, Smart & Sustainable Collect, Majdi Ben Farhat, Hanen Louati, Ramzi Halouani, Environment, Avril 2024, Label accordé, Label accordé suite à la création de la Startup et le respect des conditions d'octroi, Hapivot, Hapivot, Francois Dejeager, Anis Dabbebi, Saber Jelassi, Business Software and;services;Avril 2024
09/2024;34;11;9;1;5;6;32.4;conforme;Label accordé;Label accordé suite à la création de la Startup et le respect des conditions d'octroi, Retraits Labels, Société, Secteur, Session d'obtention;du Label;Décision
09/2024;34;11;9;1;5;6;32.4;conforme;Commentaires;NEWGEN, Ad Tech & Creative Tech, Mai 2019, Retrait du Label, La société a dépassé l'âge maximum de 8 ans fixé par la loi 20-;2018 pour les sociétés bénéficiaires du Label;
10/2024;43;15;7;3;6;9;34.9;conforme;OLINDIAS;Mohamed Lotfi Sassi, Business Software and services, Label;5;Label Accordé au 2 ème Tour
10/2024;43;15;7;3;6;9;34.9;conforme;Ailine Pro;Ines Achour, Saif Chtourou, Nadra Achour, Business Software and services, Label;5;Label Accordé au 2 ème Tour
10/2024;43;15;7;3;6;9;34.9;conforme;LR Move;Mahdi Oueslati, Yassmine Gritli, Zeynab Gritli, Aymen Masmoudi, Imen Oueslati, Mobility, Label;5;Label Accordé au 2 ème Tour
10/2024;43;15;7;3;6;9;34.9;conforme;PlayHalla;Ghaith Saidani, Mosaab Bousbih, Yathreb Saidani, Ad Tech and Creative Tech, Label;4;Label Accordé au 3 ème Tour
10/2024;43;15;7;3;6;9;34.9;conforme;Renaissance;Morsi Feki, Souleyma Khadhraoui, Commerce and shopping, Label;1;Label Accordé au 3 ème Tour
10/2024;43;15;7;3;6;9;34.9;conforme;Twins;Olfa Bilel, Ala cherni, HealthTech, Label;3;Label Accordé au 3 ème Tour
10/2024;43;15;7;3;6;9;34.9;conforme;AIO Events;Iyed Ben Massoud, Oussama Errifi, Derouich Aymen, Ali Baroudi, Business Software and services, Label;4;Label Accordé au 3 ème Tour
10/2024;43;15;7;3;6;9;34.9;conforme;TOLLXPRESS;Mondher Ayadi, Yosri Ayadi, Mobility, Label;1;Label Accordé au 3 ème Tour
10/2024;43;15;7;3;6;9;34.9;conforme;Receeto;Business Software and services, Chaima Bouslimi, Souha Bouslimi, Aymen Ben Selma, Prélabel;5;Prélabel Accordé au 2 ème Tour
10/2024;43;15;7;3;6;9;34.9;conforme;Save the Plate;Dhia Eddine Zouari, Sarra Soussia, Environment, Prélabel;5;Prélabel Accordé au 2 ème Tour
10/2024;43;15;7;3;6;9;34.9;conforme;SV LAB;Aymen Bjaoui, Marzouki Mohamed Amine, Moez Ben Mosbah, Agritech, Prélabel;5;Prélabel Accordé au 2 ème Tour
10/2024;43;15;7;3;6;9;34.9;conforme;Mohamed Hajjem;Amal Hemdana, Hamza Borchani, Commerce and shopping, Prélabel;5;Prélabel Accordé au 2 ème Tour
10/2024;43;15;7;3;6;9;34.9;conforme;Business Software and services;Selim Hadj Khalifa, Ilyes Tlili, Prélabel;1;Prélabel Accordé au 3 ème Tour
10/2024;43;15;7;3;6;9;34.9;conforme;Skazy Tunisia;Selim Mhedhbi, Mohamed Sabri Belgaroui, Hatem Bellagi, Business Software and services, Prélabel;2;Prélabel Accordé au 3 ème Tour
10/2024;43;15;7;3;6;9;34.9;conforme;Oop'la;Marwa Baccouche, Faouzi Kadous, Consumer products and;services;Prélabel
10/2024;43;15;7;3;6;9;34.9;conforme;Prélabel Accordé au 3 ème Tour;Mathix Academy, Khalil Ben Ali, Zied Ben Mansour, Zahra Ideba, EdTech, Label;0;Label Non Accordé au 2 ème Tour
10/2024;43;15;7;3;6;9;34.9;conforme;AlphaDeep Solutions;Aziz Khalsi, Mohsen Khalsi, Mahdi Khalsi, Business Software and services, Label;0;Label Non Accordé au 2 ème Tour
10/2024;43;15;7;3;6;9;34.9;conforme;Retraite en soleil;Malek Essouaied, TravelTech, Label;0;Label Non Accordé au 2 ème Tour
10/2024;43;15;7;3;6;9;34.9;conforme;RecoLab;Ossama Hidri, Manel Ben hassine, Ahmed Welhezi, EdTech, Label;0;Label Non Accordé au 2 ème Tour
10/2024;43;15;7;3;6;9;34.9;conforme;Salah Sammari;Ad Tech and Creative Tech, Label;0;Label Non Accordé au 2 ème Tour
10/2024;43;15;7;3;6;9;34.9;conforme;Zeus Labs;Mahran Farhat, Business Software and services, Label;0;Label Non Accordé au 2 ème Tour
10/2024;43;15;7;3;6;9;34.9;conforme;Sesamum Nutrition;Amiri Ibtissem, Nour Ghazouani, FoodTech & New Food, Label;0;Label Non Accordé au 2 ème Tour
10/2024;43;15;7;3;6;9;34.9;conforme;HEALIO;Ahmed Choucheni, Nabil Majoul, Emna Argoubi, Emna Sahraoui, Elyes Darghouth, HealthTech, Label;1;Label Non Accordé au 3 ème Tour
10/2024;43;15;7;3;6;9;34.9;conforme;Orizon Booking;Zied Boukadida, Commerce and shopping, Label;2;Label Non Accordé au 3 ème Tour
10/2024;43;15;7;3;6;9;34.9;conforme;Holistic babe;Hideya Elhadj Said, Consumer products and;services;Label
10/2024;43;15;7;3;6;9;34.9;conforme;N.A;N.A, Label Non Accordé au 2 ème Tour, Way2Gym, Wellness, Bilel Benmrad, Elyes Ben Rhouma, Yassine Ben Jeddou, Prélabel;0;Prélabel Non Accordé au 2 ème Tour
10/2024;43;15;7;3;6;9;34.9;conforme;PunicWallet;Business Software and services, Houssem Tabib, Rami Trabelsi, Prélabel;0;Prélabel Non Accordé au 2 ème Tour
10/2024;43;15;7;3;6;9;34.9;conforme;TODO;Commerce and shopping, Moheb Awichewi, Prélabel;0;Prélabel Non Accordé au 2 ème Tour
10/2024;43;15;7;3;6;9;34.9;conforme;AnoYcker;Ad Tech and Creative Tech, Jassem Dahmani, Prélabel;0;Prélabel Non Accordé au 2 ème Tour
10/2024;43;15;7;3;6;9;34.9;conforme;Clicar;Mobility, Riahi Thamer, Jemaii Belhassen, Prélabel;0;Prélabel Non Accordé au 2 ème Tour
10/2024;43;15;7;3;6;9;34.9;conforme;SELF NUTRICARE;Selima Elloumi, Fatma Elloumi, HealthTech, Prélabel;0;Prélabel Non Accordé au 2 ème Tour
10/2024;43;15;7;3;6;9;34.9;conforme;SP.one;Mohamed Amin Abdelkefi, Communication services, Prélabel;0;Prélabel Non Accordé au 2 ème Tour
10/2024;43;15;7;3;6;9;34.9;conforme;Yosri Gam;HealthTech, Prélabel;0;Prélabel Non Accordé au 2 ème Tour
10/2024;43;15;7;3;6;9;34.9;conforme;MECAMARKET;Montassar Touati, Mehdi Bouchikh, Ghanem Toumi, Commerce and shopping, Prélabel;0;Prélabel Non Accordé au 2 ème Tour
10/2024;43;15;7;3;6;9;34.9;conforme;Coq Pilot;Sana Darghouth, Emir Guermazi, Ad Tech and Creative Tech, Prélabel;0;Prélabel Non Accordé au 2 ème Tour
10/2024;43;15;7;3;6;9;34.9;conforme;PASS.tn;Ihsen Riahi, Marwen Boumiza, Bechir Jaballah, Business Software and services, Prélabel;0;Prélabel Non Accordé au 2 ème Tour
10/2024;43;15;7;3;6;9;34.9;conforme;Mobilia.tn;Amir Zouari, Omar Abbes, Cyrine Zouari, Business Software and services, Prélabel;0;Prélabel Non Accordé au 2 ème Tour
10/2024;43;15;7;3;6;9;34.9;conforme;Zenify Trip;TravelTech, Ihsen Mhadhbi, Mohamed Ali Frad, Sahbi Khalfallah, Kantaoui Gallas, Prélabel;1;Prélabel Non Accordé au 3 ème Tour
10/2024;43;15;7;3;6;9;34.9;conforme;Petrac;Advanced Manufacturing & Robotics, Trabelsi Mohamed amine, Mohamed Amen Allah Mechri, Suzanne Hamden, Hamza Ahmad, Prélabel;2;Prélabel Non Accordé au 3 ème Tour
10/2024;43;15;7;3;6;9;34.9;conforme;Chariotech;Commerce and shopping, Mohamed Yassine Derbel, Adem Bouatay, Mouhaned Ben Abdelhafidh, Prélabel;1;Prélabel Non Accordé au 3 ème Tour
10/2024;43;15;7;3;6;9;34.9;conforme;DrugIT;Koussai Salem, Haythem Mami, Souha Jlassi, HealthTech, Prélabel;0;Prélabel Non Accordé au 3 ème Tour
10/2024;43;15;7;3;6;9;34.9;conforme;RYBSEN;Yassine Rezgui, Adnene Rezgui, Environment, Label;1;Pitch reporté pour la session de novembre 2024
10/2024;43;15;7;3;6;9;34.9;conforme;Passage de Prélabels aux Labels;Projet, Société, Fondateurs, Secteur, Session d'obtention;du Prélabel;Résultat
10/2024;43;15;7;3;6;9;34.9;conforme;Commentaires;ZAYOLI, ZAYOLI, Cheima Cherih, Leila Rekbi, HealthTech, Juillet 2024, Label accordé, Label accordé suite à la création de la Startup et le respect des conditions d'octroi, SYSNAPSUS, Applied Biotech & Innovation, Mohamed Ben Mahmoud, Mohamed Hechmi Louzir, HealthTech, Juin 2024, Label accordé, Label accordé suite à la création de la Startup et le respect des conditions d'octroi, Optypro.net, Optypro Network, Business Software and services, Oussama Meknassi, Août 2024, Label accordé, Label accordé suite à la création de la Startup et le respect des conditions d'octroi, ALTABIB, SILA EXPERTS, Mohamed Ali Ben Chaabane, Hadhami Ghaffari, HealthTech, Avril 2024, Label accordé, Label accordé suite à la création de la Startup et le respect des conditions d'octroi, Buzzbip, Buzzbip, Business Software and services, Mhamed Ali Ben Mahmoud, Walid Tanazefti, Août 2024, Label accordé, Label accordé suite à la création de la Startup et le respect des conditions d'octroi, Riven Crown, Intima Leaf Studio, Menjli Aymen, Ad Tech and Creative Tech, Mai 2024, Label accordé, Label accordé suite à la création de la Startup et le respect des conditions d'octroi, Retraits Labels, Société, Secteur, Session d'obtention;du Label;Décision
10/2024;43;15;7;3;6;9;34.9;conforme;Commentaires;Tunisia Global Trade center, Commerce & Shopping, Septembre 2019, Retrait du Label, La société a dépassé l'âge maximum de 8 ans fixé par la loi 20-;2018 pour les sociétés bénéficiaires du Label;GoMyCode
10/2024;43;15;7;3;6;9;34.9;conforme;EdTech;Avril 2019, Retrait du Label, La société a dépassé l'âge maximum de 8 ans fixé par la loi 20-;2018 pour les sociétés bénéficiaires du Label;DOMODAR
10/2024;43;15;7;3;6;9;34.9;conforme;Business Software and services;Avril 2019, Retrait du Label, La société a dépassé l'âge maximum de 8 ans fixé par la loi 20-;2018 pour les sociétés bénéficiaires du Label;
11/2024;41;14;7;2;2;12;34.1;conforme;HealthTech;Label;6;Label Accordé au 2 ème Tour
11/2024;41;14;7;2;2;12;34.1;conforme;CAREDIFY;Abdelhamid Chaoua, Radhia Bensaed, HealthTech, Label;6;Label Accordé au 2 ème Tour
11/2024;41;14;7;2;2;12;34.1;conforme;Next Wave Industries;Brahim Douar, Mamadou Diouf, Advanced Manufacturing & Robotics, Label;5;Label Accordé au 2 ème Tour
11/2024;41;14;7;2;2;12;34.1;conforme;Mobilité Canada;Iyed Ghribi, Yves Laprise, Najoua El hachimi, Business Software and services, Label;5;Label Accordé au 2 ème Tour
11/2024;41;14;7;2;2;12;34.1;conforme;Sheapit;Meriam Ben doudou, Rahma Bendoudou, Ltaief Khalil, Ahmed Mayara, Ahmed Amine Ben Doudou, Business Software and services, Label;6;Label Accordé au 2 ème Tour
11/2024;41;14;7;2;2;12;34.1;conforme;Kidcare;Yosra Ouertani, Hamza Bentoumi, Security, Label;6;Label Accordé au 2 ème Tour
11/2024;41;14;7;2;2;12;34.1;conforme;Rim Ben mansour;Aziz Toujani, Khalil Ben Cherifa, EdTech, Label;6;Label Accordé au 2 ème Tour
11/2024;41;14;7;2;2;12;34.1;conforme;SKILINK AI;Nadhir Khayati, Naoufel Khayati, Business Software and services, Label;1;Label Accordé au 3 ème Tour
11/2024;41;14;7;2;2;12;34.1;conforme;Techno Shark;Ahmed Jedidi, Hsan Jedidi, Ali Jedidi, Ad Tech and Creative Tech, Label;2;Label Accordé au 3 ème Tour
11/2024;41;14;7;2;2;12;34.1;conforme;WiseShare;Skander Harzi, Business Software and services, Label;0;Label Accordé au 3 ème Tour
11/2024;41;14;7;2;2;12;34.1;conforme;Lynx-ERP;Lotfi Kolsi, Amani Kolsi, Business Software and services, Label;2;Label Accordé au 3 ème Tour
11/2024;41;14;7;2;2;12;34.1;conforme;RYBSEN;Yassine Rezgui, Adnene Rezgui, Environment, Label, N.A, N.A, N.A, N.A;5;Label Accordé au 3 ème Tour
11/2024;41;14;7;2;2;12;34.1;conforme;ZKBDI Protocol;Mohamed Aymen Ben Abdallah, Fintech, Prélabel;6;Prélabel Accordé au 2 ème Tour
11/2024;41;14;7;2;2;12;34.1;conforme;OORB Open Organic Robotics;Kayoum Djedidi, Azer ben abdallah, Bassem Gouti, Basly Asma, Advanced Manufacturing & Robotics, Prélabel;5;Prélabel Accordé au 2 ème Tour
11/2024;41;14;7;2;2;12;34.1;conforme;MEMORALITY;Mariem Kamoun, Ouael Ben Amara, Mohamed Alaaeddine Ben Hamza, Business Software and services, Prélabel;6;Prélabel Accordé au 2 ème Tour
11/2024;41;14;7;2;2;12;34.1;conforme;Lura;Sana Sammari, Chadha Grami, Business Software and services, Prélabel;6;Prélabel Accordé au 2 ème Tour
11/2024;41;14;7;2;2;12;34.1;conforme;ECOCODE;Ghazi Mhiri, Ghassen Ghribi, Ons Njeh, Business Software and services, Prélabel;6;Prélabel Accordé au 2 ème Tour
11/2024;41;14;7;2;2;12;34.1;conforme;Namlatic;Amara Amaouz, TravelTech, Prélabel;6;Prélabel Accordé au 2 ème Tour
11/2024;41;14;7;2;2;12;34.1;conforme;HAROON;Wafa Makni, Social Business, Prélabel;0;Prélabel Accordé au 3 ème Tour
11/2024;41;14;7;2;2;12;34.1;conforme;YESS MIND SOLUTIONS;Alaeddine Mansouri, HealthTech, Label;0;Label Non Accordé au 2 ème Tour
11/2024;41;14;7;2;2;12;34.1;conforme;DOCNET;Emna Ouerchfani, Ramzi Salem, Issam Guezmir, Ajmi ouerchfani, Abbassi Mohamed, Mohamed Bechir Kefi, Montassar Zorgani, Fadwa Jenzri, Safi Chaabene, HealthTech, Label;0;Label Non Accordé au 2 ème Tour
11/2024;41;14;7;2;2;12;34.1;conforme;NEUTRINO;Mohamed Mourad Bejaoui, Boubaker Jemni, Kamel Moussa, Fintech, Label;0;Label Non Accordé au 2 ème Tour
11/2024;41;14;7;2;2;12;34.1;conforme;Youssef Almia;Slim Almia, EdTech, Label;0;Label Non Accordé au 2 ème Tour
11/2024;41;14;7;2;2;12;34.1;conforme;OPTIMIZI TECH;Mohamed Fakher Mhiri, Zied Zouaoui, Med Yassine Baccouche, Seif Ben Mansour, FoodTech & New Food, Label;0;Label Non Accordé au 2 ème Tour
11/2024;41;14;7;2;2;12;34.1;conforme;Magic Real Solution;Floriano Arcaro, EdTech, Label;0;Label Non Accordé au 3 ème Tour
11/2024;41;14;7;2;2;12;34.1;conforme;DEEPROF;Ayoub Abraich, Omar Kouki, EdTech, Label;0;Label Non Accordé au 2 ème Tour
11/2024;41;14;7;2;2;12;34.1;conforme;Vortex Battle;Khaled Ben ammar, Mohamed Khalil Kouki, Ad Tech and Creative Tech, Label;0;Label Non Accordé au 2 ème Tour
11/2024;41;14;7;2;2;12;34.1;conforme;Designland;Mohamed Benyaiche, Mohamed Chams Eddine Frikha, Amara Rayen, Hamza Trabelsi, Ad Tech and Creative Tech, Prélabel;0;Prélabel Non Accordé au 2 ème Tour
11/2024;41;14;7;2;2;12;34.1;conforme;NovaPyramidReef-NPR;Mongi Souissi, Mohamed Fdhila, Islem Ghazaoui, Environment, Prélabel;0;Prélabel Non Accordé au 2 ème Tour
11/2024;41;14;7;2;2;12;34.1;conforme;Boulaares Houssem;Baha Eddine Khelifi, TravelTech, Prélabel;0;Prélabel Non Accordé au 2 ème Tour
11/2024;41;14;7;2;2;12;34.1;conforme;AgricoTech;Azer Guesmi, Amal Trabelsi, Mohamed Iheb Bouraoui, Abdelkader Borcheni, Agritech, Prélabel;0;Prélabel Non Accordé au 2 ème Tour
11/2024;41;14;7;2;2;12;34.1;conforme;HEIA;Yesmine Ben Ameur, Sirine Ben Ameur, Karim Ben Sghaier, Consumer products and services, Prélabel;0;Prélabel Non Accordé au 2 ème Tour
11/2024;41;14;7;2;2;12;34.1;conforme;BxB Studio;Yassine Boumaiza, Ad Tech and Creative Tech, Prélabel;0;Prélabel Non Accordé au 2 ème Tour
11/2024;41;14;7;2;2;12;34.1;conforme;Nuzhet;Felhi Bahaeddine, Abidii Hassen, Radhwen Moslah, EdTech, Prélabel;0;Prélabel Non Accordé au 2 ème Tour
11/2024;41;14;7;2;2;12;34.1;conforme;NEXD.PM;Mehdi Bhiri, Business Software and services, Prélabel;0;Prélabel Non Accordé au 2 ème Tour
11/2024;41;14;7;2;2;12;34.1;conforme;Tak Tak;Alaa Ben Said, Mohamed Aziz Ben Said, Sonia Najjar, Mobility, Prélabel;0;Prélabel Non Accordé au 2 ème Tour
11/2024;41;14;7;2;2;12;34.1;conforme;Doxaria;Walid Msekni, Ghassen Bettaieb, Kaies Lamiri, Mohamed Dhouib, Wassim Znaidi, Business Software and services, Prélabel;2;Prélabel Non Accordé au 3 ème Tour
11/2024;41;14;7;2;2;12;34.1;conforme;Smart work;Nizar Ben Younes, Bilel Najeh, Rania Haddad, Business Software and services, Prélabel;0;Prélabel Non Accordé au 3 ème Tour
11/2024;41;14;7;2;2;12;34.1;conforme;NOURRICO;Mohamed Youssef Sghaier, Omar Mokadem, Achraf Trad, Sami Tfifha, FoodTech & New Food, Prélabel;1;Prélabel Non Accordé au 3 ème Tour
11/2024;41;14;7;2;2;12;34.1;conforme;Blend Pixel Studio;Omar Zouari, Mohamed Achraf Zouari, Consumer products and services, Prélabel;1;Prélabel Non Accordé au 3 ème Tour
11/2024;41;14;7;2;2;12;34.1;conforme;PayTouch OÜ ( Point of Sales );Riadh Haddad, Fintech, Label, N.A, N.A, N.A, N.A, N.A, N.A, Label Non Accordé au 1er Tour, Passage de Prélabels aux Labels, Projet, Société, Fondateurs, Secteur, Session d'obtention;du Prélabel;Résultat
11/2024;41;14;7;2;2;12;34.1;conforme;Commentaires;;In2-technologies;
11/2024;41;14;7;2;2;12;34.1;conforme;Selim Hadj Khalifa;Ilyes Tlili, Business Software and services, Octobre 2024, Label accordé, Label accordé suite à la création de la Startup et le respect des conditions d'octroi, U!Now, Custo Nova Solutions, Amira Bacha, Oussama Elayeb, Amani Bacha, EdTech, Mai 2024, Label accordé, Label accordé suite à la création de la Startup et le respect des conditions d'octroi, Retraits Labels, Société, Secteur, Session d'obtention;du Label;Décision
11/2024;41;14;7;2;2;12;34.1;conforme;Commentaires;Comptoir Général de la Mode, Commerce & Shopping, Janvier 2021, Retrait du Label, La société a dépassé l'âge maximum de 8 ans fixé par la loi 20-;2018 pour les sociétés bénéficiaires du Label;Incept Solutions
11/2024;41;14;7;2;2;12;34.1;conforme;Ad Tech & Creative Tech;Juillet 2019, Retrait du Label, La société a dépassé l'âge maximum de 8 ans fixé par la loi 20-;2018 pour les sociétés bénéficiaires du Label;
12/2024;40;16;4;1;6;10;40.0;conforme;Houcem Maiza;Ad Tech and Creative Tech, Label;5;Label Accordé au 2 ème Tour
12/2024;40;16;4;1;6;10;40.0;conforme;ORGAXYA;Ghaleb Ben Ali, Karim Daghari, Business Software and services, Label;5;Label Accordé au 2 ème Tour
12/2024;40;16;4;1;6;10;40.0;conforme;Nexaminds;Mohamed Aziz Fekih Ali, Hamza Nasra, Business Software and services, Label;5;Label Accordé au 2 ème Tour
12/2024;40;16;4;1;6;10;40.0;conforme;SELLMAX;Mohamed El Kamel, Amine Abdennour, Ayoub Nejem, Marouane Khadhraoui, Commerce and shopping, Label;5;Label Accordé au 2 ème Tour
12/2024;40;16;4;1;6;10;40.0;conforme;Droppy;Helmi Cherif, Sana Ben Rahma, Imen Nasri, Rania Amamou, Commerce and shopping, Label;5;Label Accordé au 2 ème Tour
12/2024;40;16;4;1;6;10;40.0;conforme;Depogro;Abdelkader Ben khalifa, Aymen Manai, Commerce and shopping, Label;5;Label Accordé au 2 ème Tour
12/2024;40;16;4;1;6;10;40.0;conforme;Elastic-Watch;Abdelmonam Kouka, Ayed Akrout, Agritech, Label;5;Label Accordé au 2 ème Tour
12/2024;40;16;4;1;6;10;40.0;conforme;PERMA EMERGENCY ASSISTANCE;Marwa Abrougui, Mustapha Nasraoui, Fares Hana, Communication services, Label;0;Label Accordé au 3 ème Tour
12/2024;40;16;4;1;6;10;40.0;conforme;SMARTBAT;Yassine Ben Himene, Mohamed Skander Ben Himene, Consumer products and services, Label;1;Label Accordé au 3 ème Tour
12/2024;40;16;4;1;6;10;40.0;conforme;IsOne Hr;Meryam Boughzala, Louay Atoui, Bilel Ben Salem, Business Software and services, Prélabel;5;Prélabel Accordé au 2 ème Tour
12/2024;40;16;4;1;6;10;40.0;conforme;BeEmo;Tijani Boujdaria, Minyar Meksi, Walid Jlassi, Mohamed Rouini, EdTech, Prélabel;5;Prélabel Accordé au 2 ème Tour
12/2024;40;16;4;1;6;10;40.0;conforme;Malak Belkacem;Dhia Fekih, Mohamed Mehdi Nouira, EdTech, Prélabel;4;Prélabel Accordé au 3 ème Tour
12/2024;40;16;4;1;6;10;40.0;conforme;Mashroom;Rahma Ayari, Anis Benna, Ad Tech and Creative Tech, Prélabel;2;Prélabel Accordé au 3 ème Tour
12/2024;40;16;4;1;6;10;40.0;conforme;Dagish;Touati Selsebil, Rania Mani, Ad Tech and Creative Tech, Label;1;Label Non Accordé au 2 ème Tour
12/2024;40;16;4;1;6;10;40.0;conforme;Sport federation;Radhouen Assakra, Social Business, Label;0;Label Non Accordé au 2 ème Tour
12/2024;40;16;4;1;6;10;40.0;conforme;Aymen Sellaouti;Kais Ben Youssef;ssam Moalla;HealthTech
12/2024;40;16;4;1;6;10;40.0;conforme;Label;;0;Label Non Accordé au 2 ème Tour
12/2024;40;16;4;1;6;10;40.0;conforme;SOASY;Hedi Ben Abbess, Naoufel Amri, Advanced Manufacturing & Robotics, Label;0;Label Non Accordé au 2 ème Tour
12/2024;40;16;4;1;6;10;40.0;conforme;MedSyn;Malek Gharsallah, Faouzi Nouira, HealthTech, Label;0;Label Non Accordé au 2 ème Tour
12/2024;40;16;4;1;6;10;40.0;conforme;IBDAA ACADEMY;Fethi Zoghlami, EdTech, Label;0;Label Non Accordé au 3 ème Tour
12/2024;40;16;4;1;6;10;40.0;conforme;Medactis;Karim Rekik, HealthTech, Label;0;Label Non Accordé au 2 ème Tour
12/2024;40;16;4;1;6;10;40.0;conforme;Aupiq;Sameh Ghanmi, Business Software and services, Label;0;Label Non Accordé au 2 ème Tour
12/2024;40;16;4;1;6;10;40.0;conforme;Elites united for tax and legal;;services;Mohamed monem Kahouli
12/2024;40;16;4;1;6;10;40.0;conforme;Business Software and services;Prélabel;0;Prélabel Non Accordé au 2 ème Tour
12/2024;40;16;4;1;6;10;40.0;conforme;Haier HR;Moetaz Ben Charrada, Business Software and services, Prélabel;0;Prélabel Non Accordé au 2 ème Tour
12/2024;40;16;4;1;6;10;40.0;conforme;LA PAILLETTE A nous, A vous, A leur;Chouka Brahim, Social Business, Prélabel;0;Prélabel Non Accordé au 2 ème Tour
12/2024;40;16;4;1;6;10;40.0;conforme;Ôravie;Monia Ezzalfani, HealthTech, Prélabel;0;Prélabel Non Accordé au 2 ème Tour
12/2024;40;16;4;1;6;10;40.0;conforme;Yosri Ben Hmida;Real Estate Tech, Prélabel;0;Prélabel Non Accordé au 2 ème Tour
12/2024;40;16;4;1;6;10;40.0;conforme;Verdolive;Ghanem Iheb, Omayma Dammak, Agritech, Prélabel;0;Prélabel Non Accordé au 2 ème Tour
12/2024;40;16;4;1;6;10;40.0;conforme;Académie ACAM;Julie Déry, Nicole Gosselin, Wellness, Prélabel;0;Prélabel Non Accordé au 2 ème Tour
12/2024;40;16;4;1;6;10;40.0;conforme;WAKKIL;Mouna Ben Hassine, Communication services, Prélabel;0;Prélabel Non Accordé au 2 ème Tour
12/2024;40;16;4;1;6;10;40.0;conforme;ABRID;Ines Ben Abdallah, Marwa Boubaker, Advanced Manufacturing & Robotics, Prélabel;0;Prélabel Non Accordé au 2 ème Tour
12/2024;40;16;4;1;6;10;40.0;conforme;Propertates;Emna Siala, Monem Hmila, Mohamed Jasser Ben Smida, Business Software and services, Prélabel;0;Prélabel Non Accordé au 2 ème Tour
12/2024;40;16;4;1;6;10;40.0;conforme;Cash Flow;Aymen Bouzgarrou, Ichrak Bouzgarrou, Chirine Bouzgarrou, Business Software and services, Prélabel;0;Prélabel Non Accordé au 2 ème Tour
12/2024;40;16;4;1;6;10;40.0;conforme;Maktoub;Mohamed Guemri, Souhail Kaboura, Communication services, Prélabel;0;Prélabel Non Accordé au 2 ème Tour
12/2024;40;16;4;1;6;10;40.0;conforme;Charbeji Mohamed Majd;Karim Atrous, Khalil Ben Ticha, Ad Tech and Creative Tech, Prélabel;1;Prélabel Non Accordé au 2 ème Tour
12/2024;40;16;4;1;6;10;40.0;conforme;Improve;Fawzy Othman, Business Software and services, Prélabel;0;Prélabel Non Accordé au 2 ème Tour
12/2024;40;16;4;1;6;10;40.0;conforme;Rhai;Ilyes ali Jeridi, Business Software and services, Prélabel;0;Prélabel Non Accordé au 2 ème Tour
12/2024;40;16;4;1;6;10;40.0;conforme;Multipay;Iskander Kamel Fhima, Majdoub Hazem, Med Khalfallah, Fintech, Prélabel;0;Prélabel Non Accordé au 3 ème Tour
12/2024;40;16;4;1;6;10;40.0;conforme;MarketMe;Samar Saidi, Haifa Ben Khalaf, Ad Tech and Creative Tech, Label;2;Prélabel Non Accordé au 3 ème Tour
12/2024;40;16;4;1;6;10;40.0;conforme;Multipay;Iskander Kamel Fhima, Majdoub Hazem, Med Khalfallah, Fintech, Prélabel;0;Prélabel Non Accordé au 3 ème Tour
12/2024;40;16;4;1;6;10;40.0;conforme;Passage de Prélabels aux;Labels, Projet, Société, Fondateurs, Secteur, Session d'obtention;du Prélabel;Résultat
12/2024;40;16;4;1;6;10;40.0;conforme;Commentaires;;mevenda;mevenda solutions
12/2024;40;16;4;1;6;10;40.0;conforme;Mohamed Hajjem;Amal Hemdana, Hamza Borchani, Commerce and shopping, Octobre 2024, Label accordé, Label accordé suite à la création de la Startup et le respect des conditions d'octroi, Receeto, RECEETO, Business Software and services, Chaima Bouslimi, Souha Bouslimi, Aymen Ben Selma, Octobre 2024, Label accordé, Label accordé suite à la création de la Startup et le respect des conditions d'octroi, SV Lab, Seven Verses Laboratory, Aymen Bjaoui, Marzouki Mohamed Amine, Moez Ben Mosbah, Agritech, Octobre 2024, Label accordé, Label accordé suite à la création de la Startup et le respect des conditions d'octroi, Greeny Solutions, Greeny Solutions Engineering, Agritech, Oussema Gharsalli, Mohamed Zied Madini, Seifeddin Jenifen, Juin 2024, Label accordé, Label accordé suite à la création de la Startup et le respect des conditions d'octroi, CARWAYS, Dot Ways, Commerce and shopping, Hamdi Zaghouani, Oumayma Boughdiri, Yosra Benbrahem, Juin 2024, Label accordé, Label accordé suite à la création de la Startup et le respect des conditions d'octroi, TerraSens, TerraSens, Manel Ennahedh, Mohamed Rajhi, Jamila Tarhouni, Salma Bouabdellaoui, Agritech, Septembre 2024, Label accordé, Label accordé suite à la création de la Startup et le respect des conditions d'octroi, Retraits Labels, Société, Secteur, Session d'obtention;du Label;Décision
12/2024;40;16;4;1;6;10;40.0;conforme;Commentaires;ABRAR SERVICES TUNISIE, Business Software and services, Janvier 2020, Retrait du Label, La société a dépassé l'âge maximum de 8 ans fixé par la loi 20-;2018 pour les sociétés bénéficiaires du Label;
01/2025;39;13;2;2;5;8;33.3;corrigee;Docic;Sofiane Trabelsi, Sami Kallel, Myriam Mouakhar, HealthTech, Label;5;Label Accordé au 2 ème Tour
01/2025;39;13;2;2;5;8;33.3;corrigee;Ferid Hamida;Cerine Hamida, EdTech, Label;5;Label Accordé au 2 ème Tour
01/2025;39;13;2;2;5;8;33.3;corrigee;Amperon Technologies;Mohamed Ali Hmida, Mariem Mnasri, Fetni Mohamed, Hichem Abdennadher, Advanced Manufacturing & Robotics, Label;5;Label Accordé au 2 ème Tour
01/2025;39;13;2;2;5;8;33.3;corrigee;Artizone;Anwer Boukmiha, Ahmed Besrour, Commerce and shopping, Label;1;Label Accordé au 3 ème Tour
01/2025;39;13;2;2;5;8;33.3;corrigee;Pass excellence;Wiem Klaa, Rim Kassous, Yassine Chaker, Business Software and services, Label;4;Label Accordé au 3 ème Tour
01/2025;39;13;2;2;5;8;33.3;corrigee;Nativeads Ai;Al Kallel, Wael Abid, Ad Tech and Creative Tech, Label;4;Label Accordé au 3 ème Tour
01/2025;39;13;2;2;5;8;33.3;corrigee;Otravers;Yecin Dridi, Alaa Edinee Ben Mbarek, Commerce and shopping, Label;2;Label Accordé au 3 ème Tour
01/2025;39;13;2;2;5;8;33.3;corrigee;Readdly;Taycir Chouk, Fares Ben Younes, EdTech, Prélabel;5;Prélabel Accordé au 2 ème Tour
01/2025;39;13;2;2;5;8;33.3;corrigee;Dari;Souheil Bouzouita, Real Estate Tech, Prélabel;5;Prélabel Accordé au 2 ème Tour
01/2025;39;13;2;2;5;8;33.3;corrigee;Spirunat;Mohamed Latiri, Adnane Kacem, Aziza Ibn Hadj Hassine, HealthTech, Label;0;Label Non Accordé au 2 ème Tour
01/2025;39;13;2;2;5;8;33.3;corrigee;E-edu;Mehdi Chelly, EdTech, Label;0;Label Non Accordé au 2 ème Tour
01/2025;39;13;2;2;5;8;33.3;corrigee;Glamour;Mohamed Yacine Missaoui, Wellness, Label;0;Label Non Accordé au 2 ème Tour
01/2025;39;13;2;2;5;8;33.3;corrigee;HOUKOUK.TECH;Mohsen Bouzid, Eya Bouzid, Rayen Bouzid, Fintech, Label;0;Label Non Accordé au 2 ème Tour
01/2025;39;13;2;2;5;8;33.3;corrigee;EDUCARE;Lilia Kamoun, EdTech, Label;1;Label Non Accordé au 3 ème Tour
01/2025;39;13;2;2;5;8;33.3;corrigee;VIRTUAL ERA;Imed Mabrouk, Abdelkarim Mars, Business Software and services, Label;0;Label Non Accordé au 3 ème Tour
01/2025;39;13;2;2;5;8;33.3;corrigee;Thagamuta Agro;Dhouha Azri, Affi Khouloud, FoodTech & New Food, Label;4;Label Non Accordé au 3 ème Tour
01/2025;39;13;2;2;5;8;33.3;corrigee;Esticharati;Ali Dahmani, Business Software and services, Label;0;Label Non Accordé au 3 ème Tour
01/2025;39;13;2;2;5;8;33.3;corrigee;Tale Platform;Arbi Soussi, Fakhreddine Belgaied, Business Software and services, Label;0;Label Non Accordé au 3 ème Tour
01/2025;39;13;2;2;5;8;33.3;corrigee;PERF ANALYSIS CONSULTING;Mohamed Ayachi, Business Software and services, Label;1;Label Non Accordé au 3 ème Tour
01/2025;39;13;2;2;5;8;33.3;corrigee;SOFTAVERA TUNISIE;Abdelkarim Friaa, Bechir Ben Abdallah, Business Software and services, Label;0;Label Non Accordé au 3 ème Tour
01/2025;39;13;2;2;5;8;33.3;corrigee;Naraggara;Rihab Jandoubi, TravelTech, Prélabel;0;Prélabel Non Accordé au 2 ème Tour
01/2025;39;13;2;2;5;8;33.3;corrigee;BinYdik;Aymen Fteiti Hana Jerbi, Business Software and services, Prélabel;0;Prélabel Non Accordé au 2 ème Tour
01/2025;39;13;2;2;5;8;33.3;corrigee;MDBIM Innovations;Mohamed Messaoudi, Zied Messaoudi, TravelTech, Prélabel;0;Prélabel Non Accordé au 2 ème Tour
01/2025;39;13;2;2;5;8;33.3;corrigee;MBH expertise;Nizar Saidi, Mokhtar Abidi, Elyes Neffati;Fintech;Prélabel
01/2025;39;13;2;2;5;8;33.3;corrigee;N.A;N.A, Prélabel Non Accordé au 2 ème Tour;Ta7richa;Fakhreddine Lakhoua
01/2025;39;13;2;2;5;8;33.3;corrigee;FoodTech & New Food;Prélabel;0;Prélabel Non Accordé au 2 ème Tour
01/2025;39;13;2;2;5;8;33.3;corrigee;Zamzema;Lassaad Aouina, Mouna Khelifi, Communication services, Prélabel;0;Prélabel Non Accordé au 2 ème Tour
01/2025;39;13;2;2;5;8;33.3;corrigee;Edu Memes (مﯾﻠﻌﺗﻟا و مﯾﻣﻟا);Mouhamed Nourdine Guitouni, Guetat Louay, EdTech, Prélabel;0;Prélabel Non Accordé au 2 ème Tour
01/2025;39;13;2;2;5;8;33.3;corrigee;DiDonData;Sirine Belhassen, Aymen Setti, HealthTech, Prélabel;0;Prélabel Non Accordé au 2 ème Tour
01/2025;39;13;2;2;5;8;33.3;corrigee;PEDALII;Hassen Saadi, Mohamed Karim Bchni, Sana Ben Thayer, Chayma Ben Yahia, Environment, Prélabel;0;Prélabel Non Accordé au 2 ème Tour
01/2025;39;13;2;2;5;8;33.3;corrigee;Fiscal Suite;Ahmed Lasmar, Racem Ben Amar, Malak Hachicha, Anis Bouhali, Business Software and services, Prélabel;0;Prélabel Non Accordé au 2 ème Tour
01/2025;39;13;2;2;5;8;33.3;corrigee;APPLICATION MOBILE ANTI-;GASPILLAGE ALIMENTAIRE :, SMARTDEAL, Abdessalem Karoui, Business Software and services, Prélabel;0;Prélabel Non Accordé au 2 ème Tour
01/2025;39;13;2;2;5;8;33.3;corrigee;WEFE TECH;Mounir Brik, Ons Brik, Environment, Prélabel;0;Prélabel Non Accordé au 2 ème Tour
01/2025;39;13;2;2;5;8;33.3;corrigee;DroneVision;Amira Karoui, Oussama Cherni, Business Software and services, Prélabel;0;Prélabel Non Accordé au 3 ème Tour
01/2025;39;13;2;2;5;8;33.3;corrigee;Mellek Real Estate Platform;Mastouri Kayser, Kallboussi Souad, Real Estate Tech, Prélabel;1;Prélabel Non Accordé au 3 ème Tour
01/2025;39;13;2;2;5;8;33.3;corrigee;HASHTI;Ibrahim Goddi, Commerce and shopping, Prélabel;1;Prélabel Non Accordé au 3 ème Tour
01/2025;39;13;2;2;5;8;33.3;corrigee;TRENA;Ala Larbi, Hatem Benchikh, Dorra Fredj, Wellness, Prélabel;0;Prélabel Non Accordé au 3 ème Tour
01/2025;39;13;2;2;5;8;33.3;corrigee;Keef;Zayneb Aouani, Mohamed Amine Bellili, Ihab Kahri, Mobility, Prélabel;0;Prélabel Non Accordé au 3 ème Tour
01/2025;39;13;2;2;5;8;33.3;corrigee;Bibinet;Amel Jebali, Roua Boubakri, Arbi Ben Bazza, Lasaad Guesmi, Consumer products and services, Label;3;Prélabel Non Accordé au 3 ème Tour
01/2025;39;13;2;2;5;8;33.3;corrigee;Passage de Prélabels aux Labels;Projet, Société, Fondateurs, Secteur, Session d'obtention;du Prélabel;Résultat
01/2025;39;13;2;2;5;8;33.3;corrigee;Commentaires;VYZYOSCHOOL, VYZYOSCHOOL, Marwa Mhedhebi, EdTech, Septembre 2024, Label accordé, Label accordé suite à la création de la Startup et le respect des conditions d'octroi, ECOCODE, ECOCODE ENGINEERING, Business Software and services, Ghazi Mhiri, Ghassen Ghribi, Ons Njeh, Novembre 2024, Label accordé, Label accordé suite à la création de la Startup et le respect des conditions d'octroi;linkbook;Link4book25
01/2025;39;13;2;2;5;8;33.3;corrigee;EdTech;Malak Belkacem, Dhia Fekih, Mohamed Mehdi Nouira, Décembre 2024, Label accordé, Label accordé suite à la création de la Startup et le respect des conditions d'octroi, Paytea, PayTea, Business Software and services, Tarek Zouari, Rania Kammoun, Juillet 2024, Label accordé, Label accordé suite à la création de la Startup et le respect des conditions d'octroi, Production d'additifs alimentaires;animale et consulting;Healthy Animal World
01/2025;39;13;2;2;5;8;33.3;corrigee;Marwa Mekni Toujani;Agritech, Août 2024, Label accordé, Label accordé suite à la création de la Startup et le respect des conditions d'octroi, Retraits Labels, Société, Secteur, Session d'obtention;du Label;Décision
01/2025;39;13;2;2;5;8;33.3;corrigee;Commentaires;Kiwi Softwares, Business Software and services, Juillet 2020, Retrait du Label, La société a dépassé l'âge maximum de 8 ans fixé par la loi 20-;2018 pour les sociétés bénéficiaires du Label;OTO TRAVEL
01/2025;39;13;2;2;5;8;33.3;corrigee;Mobility;Août 2019, Retrait du Label, La société a dépassé l'âge maximum de 8 ans fixé par la loi 20-;2018 pour les sociétés bénéficiaires du Label;
02/2025;41;13;9;4;4;9;31.7;conforme;Panne.auto;Mohamed Ramzi Hamza, Amel Ouechtati, Mobility, Label;6;Label Accordé au 2 ème Tour
02/2025;41;13;9;4;4;9;31.7;conforme;Dash Sports;Melek Chakchouk, Jawhar Ben Salem, Hatem Halouani, Bilel Ben atitallah, Wellness, Label;6;Label Accordé au 2 ème Tour
02/2025;41;13;9;4;4;9;31.7;conforme;PlagPrevent;Amir Kboubi, Feres Othman, EdTech, Label;6;Label Accordé au 2 ème Tour
02/2025;41;13;9;4;4;9;31.7;conforme;Lalla Horti;Fathia Mosbahi, Agritech, Label;5;Label Accordé au 2 ème Tour
02/2025;41;13;9;4;4;9;31.7;conforme;Qubitron-AI;Marouane Salhi, Adel Trabelsi, Abidi Mongi, Environment, Label;5;Label Accordé au 2 ème Tour
02/2025;41;13;9;4;4;9;31.7;conforme;SOFTSYS INTERNATIONALE SARL;Ghazi Askri, HealthTech, Label;0;Label Accordé au 3 ème Tour
02/2025;41;13;9;4;4;9;31.7;conforme;Cleanance;Hela Mghaieth, Asma Mghaieth, Fatma Mghaieth, Social Business, Label;0;Label Accordé au 3 ème Tour
02/2025;41;13;9;4;4;9;31.7;conforme;Imaginario Ai;Jose Puga, Abdelhak Loukkal, Ad Tech and Creative Tech, Label;4;Label Accordé au 3 ème Tour
02/2025;41;13;9;4;4;9;31.7;conforme;Uvey;Youssef Meddeb, Fintech, Prélabel;6;Prélabel Accordé au 2 ème Tour
02/2025;41;13;9;4;4;9;31.7;conforme;Connecteur bipolaire à serrage;;indépendant (CB-SI);Amor Bouchiba
02/2025;41;13;9;4;4;9;31.7;conforme;Advanced Manufacturing & Robotics;Prélabel;6;Prélabel Accordé au 2 ème Tour
02/2025;41;13;9;4;4;9;31.7;conforme;Incyia;Khalil Bourguiba, Fatma Jedidi, Security, Prélabel;5;Prélabel Accordé au 2 ème Tour
02/2025;41;13;9;4;4;9;31.7;conforme;Hassine Achour;Communication services, Prélabel;5;Prélabel Accordé au 2 ème Tour
02/2025;41;13;9;4;4;9;31.7;conforme;TestoHire;Khaled Saidani, Azza Sandly, Business Software and services, Prélabel;5;Prélabel Accordé au 2 ème Tour
02/2025;41;13;9;4;4;9;31.7;conforme;DootiFy;Rafik Gharbi, Business Software and services, Prélabel;0;Prélabel Accordé au 3 ème Tour
02/2025;41;13;9;4;4;9;31.7;conforme;Business Room;Amine Ben Hmida, Business Software and services, Prélabel;1;Prélabel Accordé au 3 ème Tour
02/2025;41;13;9;4;4;9;31.7;conforme;DEFENDR;Mottaki Hajouni, Seifeddine Bahroun, Wael yahiaoui, Business Software and services, Prélabel;1;Prélabel Accordé au 3 ème Tour
02/2025;41;13;9;4;4;9;31.7;conforme;MYCLINIC.TN;Abderrahmen Kriaa, Yesmin Maalej, HealthTech, Prélabel;0;Prélabel Accordé au 3 ème Tour
02/2025;41;13;9;4;4;9;31.7;conforme;DIPAWER;Maha Essoussi, Francois Bioche, Mohamed ali Jelidi, Business Software and services, Label;0;Label Non Accordé au 2 ème Tour
02/2025;41;13;9;4;4;9;31.7;conforme;Ontej;Mohamed Amine Ouchari, Ezzahra Hamdi, Achref Baklouti, Communication services, Label;0;Label Non Accordé au 2 ème Tour
02/2025;41;13;9;4;4;9;31.7;conforme;Educap;Sabri Ouni, Lobna Lahmar, EdTech, Label;1;Label Non Accordé au 2 ème Tour
02/2025;41;13;9;4;4;9;31.7;conforme;INNOSYS;Abd El Aziz Trabelsi, Rached Troudi, Business Software and services, Label;0;Label Non Accordé au 2 ème Tour
02/2025;41;13;9;4;4;9;31.7;conforme;Farness;Mohamed Wassim Mnaouar, Atef Ahmadi, Mourad Boussaid, Business Software and services, Label;0;Label Non Accordé au 2 ème Tour
02/2025;41;13;9;4;4;9;31.7;conforme;Optimisation des procédés de;;transformation de matières;plastiques via simulation nomérique_
02/2025;41;13;9;4;4;9;31.7;conforme;Industrie 4.0;Hend Jaoua, Walid Bahloul, Ad Tech and Creative Tech, Label;0;Label Non Accordé au 2 ème Tour
02/2025;41;13;9;4;4;9;31.7;conforme;TroClub;Mohamed Ben Yedder, Moez Missaoui, Sofiene Mouldi, Sana El Mouldi, Nada Souli, Riadh Sghaier, Tarek Messaoudi, Wassima Ben Adjemia, Social Business, Label;0;Label Non Accordé au 3 ème Tour
02/2025;41;13;9;4;4;9;31.7;conforme;Tartaruga Catamaran;Jean Robert Sommereux, TravelTech, Label;4;Label Non Accordé au 3 ème Tour
02/2025;41;13;9;4;4;9;31.7;conforme;Way Interactive Convergence Tunisia;Alibrandi Antonio, Soumaya Htira, HealthTech, Label;0;Label Non Accordé au 3 ème Tour
02/2025;41;13;9;4;4;9;31.7;conforme;Amilcar Technologies;Mohamed Alla Eddine Behi, Ad Tech and Creative Tech, Prélabel;1;Prélabel Non Accordé au 2 ème Tour
02/2025;41;13;9;4;4;9;31.7;conforme;Loomexa;Ghouila Ghassen, Safoine Touil, Commerce and shopping, Prélabel;0;Prélabel Non Accordé au 2 ème Tour
02/2025;41;13;9;4;4;9;31.7;conforme;Ctasim;Mayara Ezdini, Anis Mahmoud, Idrak Ezdini, HealthTech, Prélabel;0;Prélabel Non Accordé au 2 ème Tour
02/2025;41;13;9;4;4;9;31.7;conforme;SANITIO;Amira Jaafar, HealthTech, Prélabel;0;Prélabel Non Accordé au 2 ème Tour
02/2025;41;13;9;4;4;9;31.7;conforme;MedSkool;Oussama Ben Salha, Mohamed Taib Ben Salha, Kais Ben Salem, EdTech, Prélabel;0;Prélabel Non Accordé au 2 ème Tour
02/2025;41;13;9;4;4;9;31.7;conforme;Renty;Aymen Missaoui, Real Estate Tech, Prélabel;0;Prélabel Non Accordé au 2 ème Tour
02/2025;41;13;9;4;4;9;31.7;conforme;Tyme;Omar Boukottaya, Houda Ourimi, FoodTech & New Food, Prélabel;0;Prélabel Non Accordé au 2 ème Tour
02/2025;41;13;9;4;4;9;31.7;conforme;TECHPIONEER Embedded Solutions;Imen Zayene, Business Software and services, Prélabel;0;Prélabel Non Accordé au 2 ème Tour
02/2025;41;13;9;4;4;9;31.7;conforme;EcoMov: TryBike;Ahmed Khadhraoui, Mobility, Prélabel;0;Prélabel Non Accordé au 2 ème Tour
02/2025;41;13;9;4;4;9;31.7;conforme;BATIPRICE;Akrem Zribi, Khaled Mokni, Business Software and services, Prélabel;0;Prélabel Non Accordé au 2 ème Tour
02/2025;41;13;9;4;4;9;31.7;conforme;Statiscom;Youssef Cherif, Siala Majdi, Business Software and services, Prélabel;0;Prélabel Non Accordé au 2 ème Tour
02/2025;41;13;9;4;4;9;31.7;conforme;Edyard;Aymen Labidi, Raja Khalfa, Zouhour Nawali, EdTech, Prélabel;0;Prélabel Non Accordé au 3 ème Tour
02/2025;41;13;9;4;4;9;31.7;conforme;Synapse;Mohamed Ali Kaddour, Youssef Meddeb, Béchir Becha, HealthTech, Prélabel;2;Prélabel Non Accordé au 3 ème Tour
02/2025;41;13;9;4;4;9;31.7;conforme;IntakeAi;Aziz Meddeb, Adem Nouira, Mohamed Aziz Mehdoui, HealthTech, Prélabel;4;Prélabel Non Accordé au 3 ème Tour
02/2025;41;13;9;4;4;9;31.7;conforme;Passage de Prélabels aux Labels;Projet, Société, Fondateurs, Secteur, Session d'obtention;du Prélabel;Résultat
02/2025;41;13;9;4;4;9;31.7;conforme;Commentaires;Cw Cloud, CW Cloud, Ahmed Hermassi, Anas Neumann, Idriss Neumann, Habib Bane, Business Software and services, Septembre 2024, Label accordé, Label accordé suite à la création de la Startup et le respect des conditions d'octroi, Dari, Canopus Technologies, Souheil Bouzouita, Chebaane Med Aziz, Real Estate Tech, Février 2024, Label accordé, Label accordé suite à la création de la Startup et le respect des conditions d'octroi, Skazy Tunisia, Skazy Tunisia, Selim Mhedhbi, Mohamed Sabri Belgaroui, Hatem Bellagi, Business Software and services, Octobre 2024, Label accordé, Label accordé suite à la création de la Startup et le respect des conditions d'octroi, IsOne Hr, ISONE HR, Meryam Boughzala, Louay Atoui, Bilel Ben Salem, Business Software and services, Décembre 2024, Label accordé, Label accordé suite à la création de la Startup et le respect des conditions d'octroi, Retraits Labels, Société, Secteur, Session d'obtention;du Label;Décision
02/2025;41;13;9;4;4;9;31.7;conforme;Commentaires;WAMIA SARL, Commerce & Shopping, Décembre 2020, Retrait du Label, La société a dépassé l'âge maximum de 8 ans fixé par la loi 20-;2018 pour les sociétés bénéficiaires du Label;Bg food et distribution
02/2025;41;13;9;4;4;9;31.7;conforme;Commerce & Shopping;Juin 2020, Retrait du Label, La société a dépassé l'âge maximum de 8 ans fixé par la loi 20-;2018 pour les sociétés bénéficiaires du Label;Green Business SARL
02/2025;41;13;9;4;4;9;31.7;conforme;FoodTech;Avril 2020, Retrait du Label, La société a dépassé l'âge maximum de 8 ans fixé par la loi 20-;2018 pour les sociétés bénéficiaires du Label;Expert Team Tunisie
02/2025;41;13;9;4;4;9;31.7;conforme;EdTech;Février 2021, Retrait du Label, La société a dépassé l'âge maximum de 8 ans fixé par la loi 20-;2018 pour les sociétés bénéficiaires du Label;
03/2025;21;6;5;1;0;6;28.6;conforme;Addvocate AI;Mohamed Ridha Mami, Sofyan Chekir, Business Software and services, Label;5;Label Accordé au 2 ème Tour
03/2025;21;6;5;1;0;6;28.6;conforme;Ayoub Debbichi;Hedi Slim, Social Business, Label;4;Label Accordé au 2 ème Tour
03/2025;21;6;5;1;0;6;28.6;conforme;BYOKOB Cosmetics;Rebeh Dabbaghui, Jihen Ben Mohamed, Wellness, Label;2;Label Accordé au 3 ème Tour
03/2025;21;6;5;1;0;6;28.6;conforme;Oratio;Oussama Chelly, Consumer products and services, Label;3;Label Accordé au 3 ème Tour
03/2025;21;6;5;1;0;6;28.6;conforme;Inveep;Ramzi Houidi, Abdlkerim Haddad, Aziz Boubakri, Rachida Harabi, Saddam Harabi, Business Software and services, Label;1;Label Accordé au 3 ème Tour
03/2025;21;6;5;1;0;6;28.6;conforme;TENDER FLOW;Charfeddine BenSlama, Maissa Maatoug, Slim Bhiri, Aymen Talbi, Business Software and services, Prélabel;5;Prélabel Accordé au 2 ème Tour
03/2025;21;6;5;1;0;6;28.6;conforme;EyeFish;Wajih El Hadj Youssef, Manel Lakhal, Kharroubi Fehmi, Agritech, Prélabel;5;Prélabel Accordé au 2 ème Tour
03/2025;21;6;5;1;0;6;28.6;conforme;ITS boX;Badr Houssem, Mejri Wajdi, Security, Prélabel;5;Prélabel Accordé au 2 ème Tour
03/2025;21;6;5;1;0;6;28.6;conforme;Bestrade;Mourad Zid, Khaled Klai, Heithem Jeljli, Héla Ben Ammar, Business Software and services, Prélabel;2;Prélabel Accordé au 3ème Tour
03/2025;21;6;5;1;0;6;28.6;conforme;AuroraIQ;Amina Mseddi, Aymen Frikha, Business Software and services, Prélabel;0;Prélabel Accordé au 3ème Tour
03/2025;21;6;5;1;0;6;28.6;conforme;BATISTUDIO.TN;Emna Mtimet, Consumer products and services, Label;0;Label Non Accordé au 2 ème Tour
03/2025;21;6;5;1;0;6;28.6;conforme;Salem Mabrouki;Ad Tech and Creative Tech, Label;0;Label Non Accordé au 2 ème Tour
03/2025;21;6;5;1;0;6;28.6;conforme;CLICK AND COLLECT;Khaireddine Ben Merdes, Commerce and shopping, Label;0;Label Non Accordé au 3 ème Tour
03/2025;21;6;5;1;0;6;28.6;conforme;Weetest;Senda Khemiri, Hajer Gafsi, Ad Tech and Creative Tech, Prélabel;1;Prélabel Non Accordé au 2 ème Tour
03/2025;21;6;5;1;0;6;28.6;conforme;Palmyra;Wael Hadji, Ad Tech and Creative Tech, Prélabel;0;Prélabel Non Accordé au 2 ème Tour
03/2025;21;6;5;1;0;6;28.6;conforme;Asfora;Emmanuel Bruno, Business Software and services, Prélabel;0;Prélabel Non Accordé au 2 ème Tour
03/2025;21;6;5;1;0;6;28.6;conforme;Karlezas;Badis El Ouni, Mouhamed Ala, Zied Jemal, Business Software and services, Prélabel;0;Prélabel Non Accordé au 2 ème Tour
03/2025;21;6;5;1;0;6;28.6;conforme;Thymsys;Ramy Hamza, Business Software and services, Prélabel;0;Prélabel Non Accordé au 2 ème Tour
03/2025;21;6;5;1;0;6;28.6;conforme;CODOC;Mouheb Merii, Jerbi Rahma, EdTech, Prélabel;1;Prélabel Non Accordé au 3 ème Tour
03/2025;21;6;5;1;0;6;28.6;conforme;LogIn;Ahmed Riza, Mobility, Label, N.A, N.A, N.A, N.A, N.A, N.A, Label Non Accordé au 1 er Tour pour non vérification de la;condition de l’indépendance capitalistique exigée au point 3;de l’article 3 de la loi n°2018-20 du 17 avril 2018 relative aux
03/2025;21;6;5;1;0;6;28.6;conforme;Startups qui stipule que le capital de la société;Retraits Labels, Société, Secteur, Session d'obtention;du Label;Décision
03/2025;21;6;5;1;0;6;28.6;conforme;Commentaires;IOBIRD TUNISIE, Business Software and services, Janvier 2021, Retrait du Label, La société a dépassé l'âge maximum de 8 ans fixé par la loi 20-;2018 pour les sociétés bénéficiaires du Label;
04/2025;21;13;5;7;8;5;61.9;conforme;Pigmentoco;Amal Chebbi, Ayoub Lassoued, Environment, Label;9;Label Accordé au 2 ème Tour
04/2025;21;13;5;7;8;5;61.9;conforme;Algora Group;Afef Othman, Hayouni Rafedh, Communication services, Label;5;Label Accordé au 2 ème Tour
04/2025;21;13;5;7;8;5;61.9;conforme;EyeFish/ExypnoTech;Wajih El Hadj Youssef, Manel Lakhal, Fehmi Kharroubi, Agritech, Label;9;Label Accordé au 2 ème Tour
04/2025;21;13;5;7;8;5;61.9;conforme;Inst ar;Mariem Dhaouadi, Yassine Ajroud, Abd Razek Dhaouadi, Ad Tech and Creative Tech, Label;0;Label Accordé au 3 ème Tour
04/2025;21;13;5;7;8;5;61.9;conforme;WattyGo : Founisseur 100%;Tunisien de solutions;intelligentes de recharge pour;Véhicules Electriques
04/2025;21;13;5;7;8;5;61.9;conforme;Haythem Belmabrouk;Khaled Fourati, Mondher Makni, Mobility, Prélabel;6;Prélabel Accordé au 2 ème Tour
04/2025;21;13;5;7;8;5;61.9;conforme;Pharmaco;Ahmed Ben Issia, Fattouma Sana Ben Issia, HealthTech, Prélabel;5;Prélabel Accordé au 2 ème Tour
04/2025;21;13;5;7;8;5;61.9;conforme;Vegana;Mehdi Ben Hamouda, FoodTech & New Food;7;Prélabel Accordé au 2 ème Tour
04/2025;21;13;5;7;8;5;61.9;conforme;Waaw;Mohamed ThamlaOui, Said Kouki, Ikdem Ben Mbarek, Commerce and shopping, Prélabel;2;Prélabel Accordé au 3 ème Tour
04/2025;21;13;5;7;8;5;61.9;conforme;Gamefy Academy;Aymen Jadallah, EdTech, Prélabel;4;Prélabel Accordé au 3 ème Tour
04/2025;21;13;5;7;8;5;61.9;conforme;DecliTech;Saifeddine Berhouma, Salma Berhouma, EdTech;2;Label Non Accordé au 2 ème Tour
04/2025;21;13;5;7;8;5;61.9;conforme;TenasBook;Wiem Ben Yahia, Wael Ben Yahia, TravelTech, Label;0;Label Non Accordé au 2 ème Tour
04/2025;21;13;5;7;8;5;61.9;conforme;Owe;Adel Kmiha, Bilel Gtifi, Commerce and shopping, Label;0;Label Non Accordé au 2 ème Tour
04/2025;21;13;5;7;8;5;61.9;conforme;CRISPY DOC;Mohamed Bouazza, Business Software and services, Label;3;Label Non Accordé au 3 ème Tour
04/2025;21;13;5;7;8;5;61.9;conforme;PerfectGen;Seifeddine Ben Hamouda, Ad Tech and Creative Tech, Prélabel;0;Prélabel Non Accordé au 2 ème Tour
04/2025;21;13;5;7;8;5;61.9;conforme;RD Nexa;Ridha Chammam, Nouha Slimane, Business Software and services, Prélabel;0;Prélabel Non Accordé au 2 ème Tour
04/2025;21;13;5;7;8;5;61.9;conforme;AGHSALNI;Dhiya Edine Selmi, Mohamed Mehrzi, Environment, Prélabel;0;Prélabel Non Accordé au 2 ème Tour
04/2025;21;13;5;7;8;5;61.9;conforme;ATLAS Robotics;Mohamed Amine Ben Farhat, Yasser Bououd, Agritech, Prélabel;7;Prélabel Non Accordé au 3 ème Tour
04/2025;21;13;5;7;8;5;61.9;conforme;DG TWIN;Malek Baklouti, Mohamed Yassine Yahia, Real Estate Tech, Prélabel;0;Prélabel Non Accordé au 3 ème Tour
04/2025;21;13;5;7;8;5;61.9;conforme;PLANIF PAY;Houssem Djelassi, Fintech, Prélabel;2;Prélabel Non Accordé au 3 ème Tour
04/2025;21;13;5;7;8;5;61.9;conforme;ITMMA;Amine Mhedhbi, Consumer products and services, Label, N.A, N.A, N.A, N.A, N.A, N.A, Label Non Accordé au 1 er Tour pour Non;communication des états financiers  exigés;en vertu de l’article 4 du Décret
04/2025;21;13;5;7;8;5;61.9;conforme;Passage de Prélabels aux Labels;Projet, Société, Fondateurs, Secteur, Session d'obtention;du Prélabel;Résultat
04/2025;21;13;5;7;8;5;61.9;conforme;Commentaires;Syndiki, Syndiki Solutions, Haroun Cheriha, Real Estate Tech, Septembre 2024, Label accordé, Label accordé suite à la création de la Startup et le respect des conditions d'octroi, Oop'la, Imagitoys, Marwa Baccouche, Faouzi Kadous, Consumer products and;services;Octobre 2024
04/2025;21;13;5;7;8;5;61.9;conforme;Label accordé;Label accordé suite à la création de la Startup et le respect des conditions d'octroi, Moonlight AI TN, Moonlight AI TN, Christian Ruiz, Nicole Romano, Stefan Habringer, HealthTech, Septembre 2024, Label accordé, Label accordé suite à la création de la Startup et le respect des conditions d'octroi, Order Station, ORDER STATION, Aziz Benchedli, Ahmed Selmi, Karim Tounsi, FoodTech & New Food, Septembre 2024, Label accordé, Label accordé suite à la création de la Startup et le respect des conditions d'octroi, Krypton, Think it Connected Data Labs, Mehemed Bougsea, Joscha Raue, Business Software and;services;Septembre 2024
04/2025;21;13;5;7;8;5;61.9;conforme;Label accordé;Label accordé suite à la création de la Startup et le respect des conditions d'octroi, Mintounes, MinTounes, Beldi Zied, Anis Harzallah, Ghizlaine Beldi, Commerce and shopping, Septembre 2024, Label accordé, Label accordé suite à la création de la Startup et le respect des conditions d'octroi, HAROON, HAROON TALK, Wafa Makni, Social Business, Novembre 2024, Label accordé, Label accordé suite à la création de la Startup et le respect des conditions d'octroi, OORB Open Organic Robotics, SOCIETE OPEN ORGANIC ROBOTICS, Kayoum Djedidi, Azer ben abdallah, Bassem Gouti, Basly Asma, Advanced Manufacturing;& Robotics;Novembre 2024
04/2025;21;13;5;7;8;5;61.9;conforme;Label accordé;Label accordé suite à la création de la Startup et le respect des conditions d'octroi, Retraits Labels, Société, Secteur, Session d'obtention;du Label;Décision
04/2025;21;13;5;7;8;5;61.9;conforme;Commentaires;Linkivia, HealthTech, Février 2023, Retrait du Label, La société a dépassé l'âge maximum de 8 ans fixé par la loi;20-2018 pour les sociétés bénéficiaires du Label;
04/2025;21;13;5;7;8;5;61.9;conforme;Solutions;Advanced Manufacturing &, Robotics, Mars 2020, Retrait du Label, La société a dépassé l'âge maximum de 8 ans fixé par la loi;20-2018 pour les sociétés bénéficiaires du Label;ASTRUM BIOTECH
04/2025;21;13;5;7;8;5;61.9;conforme;HealthTech;Août 2024, Retrait du Label, La société a dépassé l'âge maximum de 8 ans fixé par la loi;20-2018 pour les sociétés bénéficiaires du Label;"Baity tn ""Decoriz"" SARL"
04/2025;21;13;5;7;8;5;61.9;conforme;Commerce and shopping;Novembre 2019, Retrait du Label, La société a dépassé l'âge maximum de 8 ans fixé par la loi;20-2018 pour les sociétés bénéficiaires du Label;DigiConstat
04/2025;21;13;5;7;8;5;61.9;conforme;Business Software and services;Mars 2020, Retrait du Label, La société a dépassé l'âge maximum de 8 ans fixé par la loi;20-2018 pour les sociétés bénéficiaires du Label;Apprentus Tunisie
04/2025;21;13;5;7;8;5;61.9;conforme;EdTech;Avril 2019, Retrait du Label, La société a dépassé l'âge maximum de 8 ans fixé par la loi;20-2018 pour les sociétés bénéficiaires du Label;Finansya Ecosystem
04/2025;21;13;5;7;8;5;61.9;conforme;Fintech;Avril 2022, Retrait du Label, La société a dépassé l'âge maximum de 8 ans fixé par la loi;20-2018 pour les sociétés bénéficiaires du Label;
05/2025;47;13;13;1;3;10;27.7;corrigee;Avatar ID / THINKNEO;Leith Mokaddem, Sarah Ksibi, Fintech, Label;9;Label Accordé au 2 ème Tour
05/2025;47;13;13;1;3;10;27.7;corrigee;ProVerdy;Souha Bejaoui, Rahma Abida, Environment, Label;9;Label Accordé au 2 ème Tour
05/2025;47;13;13;1;3;10;27.7;corrigee;SMARTWEYS;Moez Farhat, Ahmed Hedi, Lamjed Jedda, Business Software;and services;Label
05/2025;47;13;13;1;3;10;27.7;corrigee;N.A;N.A, Label Accordé au 2 ème Tour, Door Knock Pro, Mohamed amine Guettat, Tommy Gendreau, Business Software;and services;Label
05/2025;47;13;13;1;3;10;27.7;corrigee;N.A;N.A, Label Accordé au 2 ème Tour, Mnara, Moez Ouali, Mohamed Souidi, Fintech, Label;9;Label Accordé au 2 ème Tour
05/2025;47;13;13;1;3;10;27.7;corrigee;Fallah.ai;Youssef Askri, Agritech, Label;6;Label Accordé au 2 ème Tour
05/2025;47;13;13;1;3;10;27.7;corrigee;Ukla;Mohamed Achraf Mrabet, Chaima Somai, FoodTech & New, Food, Label;4;Label Accordé au 3 ème Tour
05/2025;47;13;13;1;3;10;27.7;corrigee;Apeiron AI;Sofiene Salem, Seyfeddine Salem, Business Software;and services;Label
05/2025;47;13;13;1;3;10;27.7;corrigee;Label Accordé au 3 ème Tour;Digi Up Agri, Abdellatif Saada, Hazem Kilani, Agritech, Label;1;Label Accordé au 3 ème Tour
05/2025;47;13;13;1;3;10;27.7;corrigee;Dr. Well;Walid Bayoudhi, Wellness, Prélabel;7;Prélabel Accordé au 2 ème Tour
05/2025;47;13;13;1;3;10;27.7;corrigee;Deepconvo;Skander Kallel, Fares Kallel, Business Software;and services;Prélabel
05/2025;47;13;13;1;3;10;27.7;corrigee;N.A;N.A, Prélabel Accordé au 2 ème Tour, BIOMIDEX, Sami Maalej, Houda Ayadi, Ahlem Ammar, HealthTech, Prélabel;8;Prélabel Accordé au 2 ème Tour
05/2025;47;13;13;1;3;10;27.7;corrigee;SLAYTON;Sana Boubaker, Franck Legendre, Communication;services;Prélabel
05/2025;47;13;13;1;3;10;27.7;corrigee;N.A;N.A, Prélabel Accordé au 2 ème Tour;eejar;Oussema Bennour
05/2025;47;13;13;1;3;10;27.7;corrigee;Ahmed Ben Othman;Real Estate Tech, Prélabel;9;Prélabel Accordé au 2 ème Tour
05/2025;47;13;13;1;3;10;27.7;corrigee;Senbiosys Tunisia;Walid Hached, Taha Ben Mrad, Consumer products;and services;Prélabel
05/2025;47;13;13;1;3;10;27.7;corrigee;N.A;N.A, Prélabel Accordé au 2 ème Tour, TMAPS, Ahmed Ben Salha, Business Software;and services;Prélabel
05/2025;47;13;13;1;3;10;27.7;corrigee;N.A;N.A, Prélabel Accordé au 2 ème Tour, LKESSA, Chahine Fersi, Nour Saied, Fahmy Abdslem Fersi, Business Software;and services;Prélabel
05/2025;47;13;13;1;3;10;27.7;corrigee;Prélabel Accordé au 3 ème Tour;Waste Wise Solution, Chiheb Mouelhi, Mahdi Souki, Environment, Prélabel;0;Prélabel Accordé au 3 ème Tour
05/2025;47;13;13;1;3;10;27.7;corrigee;Aycheek;Mohamed Khalil Ben Mohamed, Mohamed Amine Ben Samir, Fedi Chebbi, Fintech, Prélabel;4;Prélabel Accordé au 3 ème Tour
05/2025;47;13;13;1;3;10;27.7;corrigee;Eggmed;Akram Azaiez, HealthTech, Prélabel;3;Prélabel Accordé au 3 ème Tour
05/2025;47;13;13;1;3;10;27.7;corrigee;Yakoota;Mohamed Baccouche, Fintech, Prélabel;1;Prélabel Accordé au 3 ème Tour
05/2025;47;13;13;1;3;10;27.7;corrigee;BiPER Therapeutics;Mehdi Chelbi, Stephane Rocchi, Cyril Ronco, Rachid Benhida, HealthTech, Prélabel;4;Prélabel Accordé au 3 ème Tour
05/2025;47;13;13;1;3;10;27.7;corrigee;ASSALNI-AI;Achref Ktita, Business Software;and services;Label
05/2025;47;13;13;1;3;10;27.7;corrigee;N.A;N.A, Label Non Accordé au 2 ème Tour, Taniterra, Nadhem Chroudi, Mohamed Ahmed Ben Messaoud, Rania Negra, Samir Bouzayani, EdTech, Label;1;Label Non Accordé au 2 ème Tour
05/2025;47;13;13;1;3;10;27.7;corrigee;Styly;Soumaya Sebai, Commerce and;shopping;Label
05/2025;47;13;13;1;3;10;27.7;corrigee;N.A;N.A, Label Non Accordé au 2 ème Tour, Passionne12, Tarek Zinelabidine, Communication;services;Label
05/2025;47;13;13;1;3;10;27.7;corrigee;N.A;N.A, Label Non Accordé au 2 ème Tour, CoGeex, Racem Smaoui, Rania Ghorbel, Abir Smaoui, Tahani Taktak, Business Software;and services;Label
05/2025;47;13;13;1;3;10;27.7;corrigee;N.A;N.A, Label Non Accordé au 2 ème Tour;ecoplat;Aziz Snoussi
05/2025;47;13;13;1;3;10;27.7;corrigee;Sonia Kaak;FoodTech & New, Food, Label;0;Label Non Accordé au 2 ème Tour
05/2025;47;13;13;1;3;10;27.7;corrigee;Anqua Edge Innovation;Ghada Lachhab, Environment, Label;0;Label Non Accordé au 2 ème Tour
05/2025;47;13;13;1;3;10;27.7;corrigee;Tawelti;Malek Bahroun, Bilel Makhlouf, FoodTech & New, Food, Label;0;Label Non Accordé au 3 ème Tour
05/2025;47;13;13;1;3;10;27.7;corrigee;Wiser Design Technology;Tunisia, Mohamed Mehdi Baccouche, Advanced, Manufacturing &, Robotics, Label;2;Label Non Accordé au 3 ème Tour
05/2025;47;13;13;1;3;10;27.7;corrigee;Hanen Kaaouana a déclaré avoir un conflit;;d'intérêt;HORIZOP ENERGY
05/2025;47;13;13;1;3;10;27.7;corrigee;Mohamed Chriha;Ahmed Dhia Labidi, Mobility, Prélabel;1;Prélabel Non Accordé au 2 ème Tour
05/2025;47;13;13;1;3;10;27.7;corrigee;Hanen Kaaouana a déclaré avoir un conflit;;d'intérêt;LSpace
05/2025;47;13;13;1;3;10;27.7;corrigee;Elyes Kouki;EdTech, Prélabel;0;Prélabel Non Accordé au 2 ème Tour
05/2025;47;13;13;1;3;10;27.7;corrigee;Budgeteuse;Chaieb Oumayma, Saied Firas Chaieb, Fintech, Prélabel;0;Prélabel Non Accordé au 2 ème Tour
05/2025;47;13;13;1;3;10;27.7;corrigee;Chkobba Heroes;Amine Arous, Ahmed Khemiri, Ad Tech and Creative, Tech, Prélabel;0;Prélabel Non Accordé au 2 ème Tour
05/2025;47;13;13;1;3;10;27.7;corrigee;Skander Khiari;Slim Khiari, Ilyes Essid, Commerce and;shopping;Prélabel
05/2025;47;13;13;1;3;10;27.7;corrigee;N.A;N.A, Prélabel Non Accordé au 2 ème Tour, Nest360, Ameni Tombari, Mariem Azaiez, Syrine Chebbi, Real Estate Tech, Prélabel;0;Prélabel Non Accordé au 2 ème Tour
05/2025;47;13;13;1;3;10;27.7;corrigee;HandiArtisan;Nejah Cherif, Tito Cappellaro, Mohamed Khalil Zouari, Social Business, Prélabel;1;Prélabel Non Accordé au 2 ème Tour
05/2025;47;13;13;1;3;10;27.7;corrigee;Anis Sahbani a déclaré avoir un conflit;;d'intérêt;Quantumium AI
05/2025;47;13;13;1;3;10;27.7;corrigee;Youssef Gaaliche;Bassem khelifi, Business Software;and services;Prélabel
05/2025;47;13;13;1;3;10;27.7;corrigee;N.A;N.A, Prélabel Non Accordé au 2 ème Tour, Hkeyetna, Manel Guizani, Achref Mabrouk, Ad Tech and Creative, Tech, Prélabel;0;Prélabel Non Accordé au 2 ème Tour
05/2025;47;13;13;1;3;10;27.7;corrigee;Swipe;Karim Mathlouthi, Fintech, Prélabel;0;Prélabel Non Accordé au 2 ème Tour
05/2025;47;13;13;1;3;10;27.7;corrigee;Yeiza;Lotfi Cherif, Karim Ayadi, Olivia Gallardo, Commerce and;shopping;Prélabel
05/2025;47;13;13;1;3;10;27.7;corrigee;N.A;N.A, Prélabel Non Accordé au 2 ème Tour, Smart Net, Anis Mrad, Oumaima Benamar, Environment, Prélabel;0;Prélabel Non Accordé au 2 ème Tour
05/2025;47;13;13;1;3;10;27.7;corrigee;DOCTOURI;Mohamed Tarek Ben Abdelhamid, Ahmed Souhaieb Souissi, Malek Hentati, HealthTech, Prélabel;2;Prélabel Non Accordé au 3 ème Tour
05/2025;47;13;13;1;3;10;27.7;corrigee;Mehdi Nakouri a déclaré avoir un conflit;;d'intérêt;STE TABHOTEL DIGITAL
05/2025;47;13;13;1;3;10;27.7;corrigee;Tarek Hammami;Fabrice Goussin, Business Software;and services;Prélabel
05/2025;47;13;13;1;3;10;27.7;corrigee;N.A;N.A, N.A, N.A, N.A, N.A, Label Non Accordé au 1 er Tour:  la;candidature est irrecevable sur la base du;point 3 de l’article 3 de la loi n°2018-20 du 17
05/2025;47;13;13;1;3;10;27.7;corrigee;Startups étrangères;Anqua Edge Innovations, Ghada Lachhab, Environment, Label, N.A, N.A, N.A, N.A, N.A, N.A, Prélabel Non Accordé au 1 er Tour: Double;candidature durant la même session;Passage de Prélabels aux Labels
05/2025;47;13;13;1;3;10;27.7;corrigee;Projet;Société, Fondateurs, Secteur, Session d'obtention;du Prélabel;Résultat
05/2025;47;13;13;1;3;10;27.7;corrigee;Commentaires;Lura, Lura Law, Sana Sammari, Chadha Grami, Business Software and services, Novembre 2024, Label accordé, Label accordé suite à la création de la Startup et le respect des conditions d'octroi, Readdly, SOCIETE READDLY TECH, Taycir Chouk, Fares Ben Younes, EdTech, Janvier 2025, Label accordé, Label accordé suite à la création de la Startup et le respect des conditions d'octroi, TestoHire, TestoHire, Khaled Saidani, Azza Sandly, Business Software and services, Février 2025, Label accordé, Label accordé suite à la création de la Startup et le respect des conditions d'octroi, Retraits Labels, Société, Secteur, Session;d'obtention;du Label
05/2025;47;13;13;1;3;10;27.7;corrigee;Décision;Commentaires, Sentinel Data, HealthTech, Janvier 2020, Retrait du Label, La société a dépassé l'âge maximum de 8 ans fixé par la loi;20-2018 pour les sociétés bénéficiaires du Label;
06/2025;36;12;8;1;5;7;33.3;conforme;Healio Technology;Nabil Majoul, Emna Sahraoui, Elyes Darghouth, Emna Argoubi, Ahmad Choucheni, HealthTech, Label;8;Label Accordé au 2 ème Tour
06/2025;36;12;8;1;5;7;33.3;conforme;Business Academy;Nour Rafiâa Kallel, Walid Kallel, EdTech, Label;6;Label Accordé au 2 ème Tour
06/2025;36;12;8;1;5;7;33.3;conforme;KeplerAi;Mohamed Bahri, Hayet Rais ep Skandrani, Fintech, Label;7;Label Accordé au 2 ème Tour
06/2025;36;12;8;1;5;7;33.3;conforme;Dose'On;Mohamed Cherif, Mohamed Tanfous, Ad Tech and Creative Tech, Label;6;Label Accordé au 2 ème Tour
06/2025;36;12;8;1;5;7;33.3;conforme;Save the plate;Dhia Eddine Zouari, Sarra Soussia, Hadil Yahyaoui, Environment, Label;7;Label Accordé au 2 ème Tour
06/2025;36;12;8;1;5;7;33.3;conforme;VitaDood;Ines Alaya, FoodTech & New Food, Label;0;Label Accordé au 3 ème Tour
06/2025;36;12;8;1;5;7;33.3;conforme;Hichem Ben Dai;Fintech, Prélabel;5;Prélabel Accordé au 2 ème Tour
06/2025;36;12;8;1;5;7;33.3;conforme;Digehealth TN;Nour Ghalia Abassi, Lyle Halliday, Marcel Wuethrich, Daniel Pohl, HealthTech, Prélabel;5;Prélabel Accordé au 2 ème Tour
06/2025;36;12;8;1;5;7;33.3;conforme;Jeridschool;Rouissi Khaled, Youssef Degachi, EdTech, Prélabel;6;Prélabel Accordé au 2 ème Tour
06/2025;36;12;8;1;5;7;33.3;conforme;Carbotracker;Safa Bouhjar, Aya Bouhlali, Amira Yahmadi, Maher Amara, Environment, Prélabel;6;Prélabel Accordé au 2 ème Tour
06/2025;36;12;8;1;5;7;33.3;conforme;Preemptix;Khaled Bendriss, Khalil Bendriss, Security, Prélabel;8;Prélabel Accordé au 2 ème Tour
06/2025;36;12;8;1;5;7;33.3;conforme;Wealthy Technology;Rakia Jaziri, Asma Jouini, HealthTech, Prélabel;2;Prélabel Accordé au 3 ème Tour
06/2025;36;12;8;1;5;7;33.3;conforme;QueDCo;Ramzi Nasr, Business Software and services, Prélabel;0;Prélabel Accordé au 3 ème Tour
06/2025;36;12;8;1;5;7;33.3;conforme;EKRI;Mohamed Elyes Ben Haj Kbair, Marouene Draoui, TravelTech, Prélabel;2;Prélabel Accordé au 3 ème Tour
06/2025;36;12;8;1;5;7;33.3;conforme;Rakis Technology;Thouraya Ftouh Walker, Daniel Atherton, Business Software and services, Label;0;Label Non Accordé au 2 ème Tour
06/2025;36;12;8;1;5;7;33.3;conforme;Academia Hub;Abderrahmen Feki, Business Software and services, Label;1;Label Non Accordé au 2 ème Tour
06/2025;36;12;8;1;5;7;33.3;conforme;A plus Trade and;Forwarding Solutions, Asswar Boulifi, Boulifi Oussama, Environment, Label;0;Label Non Accordé au 2 ème Tour
06/2025;36;12;8;1;5;7;33.3;conforme;MENUPRO;Wathek Bellah Jaballah, FoodTech & New Food, Label;0;Label Non Accordé au 2 ème Tour
06/2025;36;12;8;1;5;7;33.3;conforme;AgriSmart;Khelifi Ali, Nama Hamdi, Agritech, Label;1;Label Non Accordé au 2 ème Tour
06/2025;36;12;8;1;5;7;33.3;conforme;Version Healthy;Ghada Cherif, FoodTech & New Food, Label;1;Label Non Accordé au 2 ème Tour
06/2025;36;12;8;1;5;7;33.3;conforme;Tuniform;Yacine Aridhi, Wassim Aloui, Communication services, Label;0;Label Non Accordé au 2 ème Tour
06/2025;36;12;8;1;5;7;33.3;conforme;NINGEN;Ali Hamouda, Business Software and services, Label;0;Label Non Accordé au 3 ème Tour
06/2025;36;12;8;1;5;7;33.3;conforme;LEGALYZ;Khalil Bessaad, Aymen El Kadhi, Hassen Noamen, Communication services, Prélabel;1;Label Non Accordé au 3 ème Tour
06/2025;36;12;8;1;5;7;33.3;conforme;Clean2win;Mohamed khalil Aniba, Sameh Sellami, Yassine Aniba, Environment, Prélabel;0;Prélabel Non Accordé au 2 ème Tour
06/2025;36;12;8;1;5;7;33.3;conforme;Investir UTILE;Fatma Kobbi, Abdelkader Boussetta, Real Estate Tech, Prélabel;2;Prélabel Non Accordé au 2 ème Tour
06/2025;36;12;8;1;5;7;33.3;conforme;Tanit Sign;Houssem Eddine Kthiri, Business Software and services, Prélabel;0;Prélabel Non Accordé au 2 ème Tour
06/2025;36;12;8;1;5;7;33.3;conforme;TechBoss Women;Rihab Yakoubi, Mohamed Yakoubi, Business Software and services, Prélabel;1;Prélabel Non Accordé au 2 ème Tour
06/2025;36;12;8;1;5;7;33.3;conforme;Dronia;Karim Tajer, Moez Bhar, Agritech, Prélabel;0;Prélabel Non Accordé au 2 ème Tour
06/2025;36;12;8;1;5;7;33.3;conforme;Neuraeon;Saifeddine Bouaouina, Ad Tech and Creative Tech, Prélabel;2;Prélabel Non Accordé au 2 ème Tour
06/2025;36;12;8;1;5;7;33.3;conforme;Collabera;Mohamed Rami Zairi, EdTech, Prélabel;0;Prélabel Non Accordé au 2 ème Tour
06/2025;36;12;8;1;5;7;33.3;conforme;Tuniwave Sounds;Belgacem Bougrine, Mohamed Aouini, Maram Touati, Commerce and shopping, Prélabel;0;Prélabel Non Accordé au 2 ème Tour
06/2025;36;12;8;1;5;7;33.3;conforme;VivaLoka;Rabâa Jnifi, Lamjed Ben amor, Consumer products and services, Prélabel;0;Prélabel Non Accordé au 2 ème Tour
06/2025;36;12;8;1;5;7;33.3;conforme;QuickMatch;Oumayma Jouini, Nidhal Amara, Houssem Farah, Business Software and services, Prélabel;1;Prélabel Non Accordé au 2 ème Tour
06/2025;36;12;8;1;5;7;33.3;conforme;Solvizor;Dhiaeddine Gharsallah, Omar Masmoudi, Fintech, Prélabel;0;Prélabel Non Accordé au 2 ème Tour
06/2025;36;12;8;1;5;7;33.3;conforme;ConvergeInnov;Hela Mkadmi, Hamza Mkadmi, Real Estate Tech, Label, N.A, N.A, N.A, N.A, N.A, N.A, Label Non Accordé au 1 er Tour :, Les candidats n'ont pas soumis les états;financiers de l'exercice 2024;Passage de Prélabels aux Labels
06/2025;36;12;8;1;5;7;33.3;conforme;Projet;Société, Fondateurs, Secteur, Session d'obtention;du Prélabel;Résultat
06/2025;36;12;8;1;5;7;33.3;conforme;Commentaires;AuroraIQ, Aurora IQ, Amina Mseddi, Aymen Frikha, Business Software and;services;Mars 2025
06/2025;36;12;8;1;5;7;33.3;conforme;Label accordé;Label accordé suite à la création de la Startup et le respect des conditions d'octroi, INCYIA, INCYIA, Khalil Bourguiba, Fatma Jedidi, Security, Février 2025, Label accordé, Label accordé suite à la création de la Startup et le respect des conditions d'octroi, Aycheek, NOMOW, Mohamed Khalil Ben Mohamed, Mohamed Amine Ben Samir, Fedi Chebbi, Fintech, Mai 2025, Label accordé, Label accordé suite à la création de la Startup et le respect des conditions d'octroi, BeEmo, FEELIO, Tijani Boujdaria, Minyar Meksi, Walid Jlassi, Mohamed Rouini, EdTech, Décembre 2024, Label accordé, Label accordé suite à la création de la Startup et le respect des conditions d'octroi, Bestrade, Best Tech Systems, Mourad Zid, Khaled Klai, Heithem Jeljli, Héla Ben Ammar, Business Software and;services;Mars 2025
06/2025;36;12;8;1;5;7;33.3;conforme;Label accordé;Label accordé suite à la création de la Startup et le respect des conditions d'octroi, Retraits Labels, Société, Secteur, Session d'obtention;du Label;Décision
06/2025;36;12;8;1;5;7;33.3;conforme;Commentaires;;bqube;Business Software and services
06/2025;36;12;8;1;5;7;33.3;conforme;Avril 2022;Retrait du Label, La société a dépassé l'âge maximum de 8 ans fixé par la loi 20-2018 pour;les sociétés bénéficiaires du Label;
07/2025;29;9;8;6;5;4;31.0;conforme;Ghazi Saddem a déclaré avoir un conflit d'intérêt;SELF, Selima Elloumi, Fatma ELLOUMI, Wellness, Label;7;Label Accordé au 2 ème Tour
07/2025;29;9;8;6;5;4;31.0;conforme;TH Ventures;Ryadh BOUSLAMA, Ad Tech and, Creative Tech, Label;1;Label Accordé au 3 ème Tour
07/2025;29;9;8;6;5;4;31.0;conforme;Ghazi Saddem a déclaré avoir un conflit d'intérêt;Data scale Ai, Mayssem Ben Ammar, Wassim Mjahed, Business Software;and services;Label
07/2025;29;9;8;6;5;4;31.0;conforme;Label Accordé au 3 ème Tour;QHBuild, Mehdi Abdi, Advanced, Manufacturing &, Robotics, Prélabel;6;Prélabel Accordé au 2 ème Tour
07/2025;29;9;8;6;5;4;31.0;conforme;MedCity;;yassin Guirat;ala eddine maatoug
07/2025;29;9;8;6;5;4;31.0;conforme;Fadi Kacem;Mohamed Arbi Baklouti, Mounira Zouaghi;nada bougoffa;HealthTech
07/2025;29;9;8;6;5;4;31.0;conforme;Prélabel;;7;Prélabel Accordé au 2 ème Tour
07/2025;29;9;8;6;5;4;31.0;conforme;Assistant Manager IA QHSE;Khayri Romdhani;hachicha Mohamed taher;Business Software
07/2025;29;9;8;6;5;4;31.0;conforme;Prélabel;;7;Prélabel Accordé au 2 ème Tour
07/2025;29;9;8;6;5;4;31.0;conforme;Stocki;Mohamed Hajri;jdidi hamdi;Business Software
07/2025;29;9;8;6;5;4;31.0;conforme;Prélabel;;1;Prélabel Accordé au 3 ème Tour
07/2025;29;9;8;6;5;4;31.0;conforme;Palm.ai;Hela Atmani, EdTech, Prélabel;0;Prélabel Accordé au 3 ème Tour
07/2025;29;9;8;6;5;4;31.0;conforme;Hassen Aarfaoui a déclaré avoir un conflit d'intérêt;Poly, Mohamed Taha Sta;fares makki;Business Software
07/2025;29;9;8;6;5;4;31.0;conforme;Prélabel;;1;Prélabel Accordé au 3 ème Tour
07/2025;29;9;8;6;5;4;31.0;conforme;Flexee Pay;Mohamed BADRI, Fintech, Prélabel;2;Prélabel Accordé au 3 ème Tour
07/2025;29;9;8;6;5;4;31.0;conforme;Locknest Pro TN;Marie Baudlot, Pierre LE ROY, Security, Prélabel;4;Prélabel Accordé au 3 ème Tour
07/2025;29;9;8;6;5;4;31.0;conforme;PHYLIA TECHNOLOGY;;mohamed cherif oussayef;Business Software
07/2025;29;9;8;6;5;4;31.0;conforme;Label;;0;Label Non Accordé au 2 ème Tour
07/2025;29;9;8;6;5;4;31.0;conforme;Kruzr;;houssam hamdi;Business Software
07/2025;29;9;8;6;5;4;31.0;conforme;Label;;0;Label Non Accordé au 2 ème Tour
07/2025;29;9;8;6;5;4;31.0;conforme;Palmyra platform;;wael hadji;Elfazaa Majdeddine
07/2025;29;9;8;6;5;4;31.0;conforme;EdTech;Label;1;Label Non Accordé au 2 ème Tour
07/2025;29;9;8;6;5;4;31.0;conforme;Kiffcom Tunisie;Ludovic MOTTINI, Paul Fafard, Business Software;and services;Label
07/2025;29;9;8;6;5;4;31.0;conforme;N.A;N.A, Label Non Accordé au 2 ème Tour, SPORT MATES, Imed Jabnouni, Commerce and;shopping;Label
07/2025;29;9;8;6;5;4;31.0;conforme;N.A;N.A, Label Non Accordé au 2 ème Tour, Hassen Aarfaoui a déclaré avoir un conflit d'intérêt, Qromo, Mahdi Ben Ameur, Maryem Chakroun, Mouhib Hermi, Ad Tech and, Creative Tech, Prélabel;0;Prélabel Non Accordé au 2 ème Tour
07/2025;29;9;8;6;5;4;31.0;conforme;NOURRI CO;;mohamed youssef sghaier;Sami Tfifha
07/2025;29;9;8;6;5;4;31.0;conforme;FoodTech & New;Food, Prélabel;1;Prélabel Non Accordé au 2 ème Tour
07/2025;29;9;8;6;5;4;31.0;conforme;Fintech;Prélabel;0;Prélabel Non Accordé au 2 ème Tour
07/2025;29;9;8;6;5;4;31.0;conforme;GreenDream.world;Amine Dhbaibi, Achraf Khelil, Communication;services;Prélabel
07/2025;29;9;8;6;5;4;31.0;conforme;N.A;N.A, Prélabel Non Accordé au 2 ème Tour, HiredUp, Mehdi KHELIL, Amira Chebbi, Nader SAIDI, EdTech, Prélabel;1;Prélabel Non Accordé au 2 ème Tour
07/2025;29;9;8;6;5;4;31.0;conforme;Fok Nje7ik;Omar Riahi, EdTech, Prélabel;1;Prélabel Non Accordé au 2 ème Tour
07/2025;29;9;8;6;5;4;31.0;conforme;TakTak Food;Mohamed Touhami Rhaima, Rehayma Maher, FoodTech & New, Food, Prélabel;0;Prélabel Non Accordé au 2 ème Tour
07/2025;29;9;8;6;5;4;31.0;conforme;Foodieri;Sabrine Hammami, Sabrine Golli, Dina Mechergui, FoodTech & New, Food, Prélabel;1;Prélabel Non Accordé au 2 ème Tour
07/2025;29;9;8;6;5;4;31.0;conforme;D.A LABTECH;Moheb Awichewi, Taher Damak, Business Software;and services;Prélabel
07/2025;29;9;8;6;5;4;31.0;conforme;Prélabel Non Accordé au 3 ème Tour;Production des blocs de bois brut par la valorisation des déchets de palmiers dattiers, Mansouri Mohamed Ali, Environment, Prélabel;0;Prélabel Non Accordé au 3 ème Tour
07/2025;29;9;8;6;5;4;31.0;conforme;FinAIBot;Ichrak Bouzgarrou, Fintech, Prélabel;0;Prélabel Non Accordé au 3 ème Tour
07/2025;29;9;8;6;5;4;31.0;conforme;Malek Mansour;Mobility, Prélabel;0;Prélabel Non Accordé au 3 ème Tour
07/2025;29;9;8;6;5;4;31.0;conforme;Passage de Prélabels aux Labels;Projet, Société, Fondateurs, Secteur, Session d'obtention;du Prélabel;Résultat
07/2025;29;9;8;6;5;4;31.0;conforme;Commentaires;Mashroom, Maison Darwa Design § Tech group, Rahma Ayari, Anis Benna, Ad Tech and Creative Tech, Décembre 2024, Label accordé, Label accordé suite à la création de la Startup et le respect des conditions d'octroi;pharmaco;Prime pharmaco Group
07/2025;29;9;8;6;5;4;31.0;conforme;Ahmed Ben Issia;Fattouma Sana Ben Issia, HealthTech, Avril 2025, Label accordé, Label accordé suite à la création de la Startup et le respect des conditions d'octroi, Connecteur bipolaire à serrage;indépendant (CB-SI);Connecteurs électriques innovants
07/2025;29;9;8;6;5;4;31.0;conforme;Boshiba SARL;Amor Bouchiba, Advanced Manufacturing &, Robotics, Février 2025, Label accordé, Label accordé suite à la création de la Startup et le respect des conditions d'octroi, ITS boX, IT Secure Solution, Badr Houssem, Mejri Wajdi, Security, Mars 2025, Label accordé, Label accordé suite à la création de la Startup et le respect des conditions d'octroi, Waste Wise Solution, STE FEEL CREATIVE, Chiheb Mouelhi, Mahdi Souki, Environment, Mai 2025, Label accordé, Label accordé suite à la création de la Startup et le respect des conditions d'octroi, Retraits Labels, Société, Secteur, Session d'obtention;du Label;Décision
07/2025;29;9;8;6;5;4;31.0;conforme;Commentaires;PEAK TECHNOLOGIES SARL, Fintech;avril 2019;Retrait du Label
07/2025;29;9;8;6;5;4;31.0;conforme;La société a dépassé l'âge maximum de 8 ans fixé par la loi 20-2018 pour;;les sociétés bénéficiaires du Label;Five Points
07/2025;29;9;8;6;5;4;31.0;conforme;EdTech;;octobre 2019;Retrait du Label
07/2025;29;9;8;6;5;4;31.0;conforme;La société a dépassé l'âge maximum de 8 ans fixé par la loi 20-2018 pour;;les sociétés bénéficiaires du Label;SindiBad Group
07/2025;29;9;8;6;5;4;31.0;conforme;EdTech;;avril 2021;Retrait du Label
07/2025;29;9;8;6;5;4;31.0;conforme;La société a dépassé l'âge maximum de 8 ans fixé par la loi 20-2018 pour;;les sociétés bénéficiaires du Label;Black Dune Studio
07/2025;29;9;8;6;5;4;31.0;conforme;EdTech;;septembre 2019;Retrait du Label
07/2025;29;9;8;6;5;4;31.0;conforme;La société a dépassé l'âge maximum de 8 ans fixé par la loi 20-2018 pour;;les sociétés bénéficiaires du Label;Khalta
07/2025;29;9;8;6;5;4;31.0;conforme;Other;;avril 2020;Retrait du Label
07/2025;29;9;8;6;5;4;31.0;conforme;La société a dépassé l'âge maximum de 8 ans fixé par la loi 20-2018 pour;;les sociétés bénéficiaires du Label;Majest Eye
07/2025;29;9;8;6;5;4;31.0;conforme;Business Software and services;;juin 2019;Retrait du Label
07/2025;29;9;8;6;5;4;31.0;conforme;La société a dépassé l'âge maximum de 8 ans fixé par la loi 20-2018 pour;;les sociétés bénéficiaires du Label;
08/2025;41;15;9;4;9;6;36.6;conforme;N.A;N.A, Label Accordé au 2 ème Tour, Dawwerni, Mohsen Fennira, Business, Software and;services;Label
08/2025;41;15;9;4;9;6;36.6;conforme;N.A;N.A, Label Accordé au 2 ème Tour, Deepic, Ahmed Ghazi BLAIECH, Amir Bouden, Khaoula BRAIKI, HealthTech, Label;5;Label Accordé au 2 ème Tour
08/2025;41;15;9;4;9;6;36.6;conforme;WELLNESS HUB;YOUSSEF BOUSSAADA, Wellness, Label;2;Label Accordé au 3 ème Tour
08/2025;41;15;9;4;9;6;36.6;conforme;Doxaria;;wassim znaidi;Ghassen Bettaieb
08/2025;41;15;9;4;9;6;36.6;conforme;Kaies Lamiri;Mohamed Dhouib, Business, Software and;services;Label
08/2025;41;15;9;4;9;6;36.6;conforme;Label Accordé au 3 ème Tour;Sté Green Nonwoven Visline G N V;wael chambah;Environment
08/2025;41;15;9;4;9;6;36.6;conforme;Label;;3;Label Accordé au 3 ème Tour
08/2025;41;15;9;4;9;6;36.6;conforme;Tak Tak;Alaa BEN SAID, Sonia Najjar, Mohamed Aziz Ben Said, Mobility, Prélabel;5;Prélabel Accordé au 2 ème Tour
08/2025;41;15;9;4;9;6;36.6;conforme;Talifouni+;Baha Kaabaoui, Business, Software and;services;Prélabel
08/2025;41;15;9;4;9;6;36.6;conforme;N.A;N.A, Prélabel Accordé au 2 ème Tour, Rhizome, Adnène Bouderbala, HealthTech, Prélabel;5;Prélabel Accordé au 2 ème Tour
08/2025;41;15;9;4;9;6;36.6;conforme;Hanoutik;Mohamed Yassine Derbel, Adem Bouatay, Mouhaned Ben Abdelhafidh, Business, Software and;services;Prélabel
08/2025;41;15;9;4;9;6;36.6;conforme;N.A;N.A, Prélabel Accordé au 2 ème Tour, Erpy, Ali Nasr, Business, Software and;services;Prélabel
08/2025;41;15;9;4;9;6;36.6;conforme;N.A;N.A, Prélabel Accordé au 2 ème Tour, Play and Code, Taha Jlassi;ramla el ayeb ep jlassi;Karim JLASSI
08/2025;41;15;9;4;9;6;36.6;conforme;EdTech;Prélabel;3;Prélabel Accordé au 3 ème Tour
08/2025;41;15;9;4;9;6;36.6;conforme;OraNext AI;Aymen Yahyaoui, Maher Boughdiri, Iheb Chhaibi, Wassim Sliti, Advanced, Manufacturing &, Robotics, Prélabel;1;Prélabel Accordé au 3 ème Tour
08/2025;41;15;9;4;9;6;36.6;conforme;Park & Charge;Rami Hedfi, Zied Bradai, Ghassen Chattouna, Mobility, Prélabel;3;Prélabel Accordé au 3 ème Tour
08/2025;41;15;9;4;9;6;36.6;conforme;Fast Help;Malek Ben hassine, HealthTech, Prélabel;2;Prélabel Accordé au 3 ème Tour
08/2025;41;15;9;4;9;6;36.6;conforme;CLUBI;;kaies bedoui;Aymen BEDOUI
08/2025;41;15;9;4;9;6;36.6;conforme;Kaies Bedoui;Consumer;products and;services
08/2025;41;15;9;4;9;6;36.6;conforme;Label;;0;Label Non Accordé au 2 ème Tour
08/2025;41;15;9;4;9;6;36.6;conforme;Ordering Dashboard Solution (ODS) Houssem Gharsalli;FoodTech &, New Food, Label;0;Label Non Accordé au 2 ème Tour
08/2025;41;15;9;4;9;6;36.6;conforme;MData One;Omar ISMAIL, Arafet Sbei, Slimen ARNAOUT, Tarek Ben Salah, Business, Software and;services;Label
08/2025;41;15;9;4;9;6;36.6;conforme;N.A;N.A, Label Non Accordé au 2 ème Tour, DoWell, Mohamed Tayeb Mokni, Med Amine Ladib, Elyes Mlawah, Gorgueb Mouhamed Nadhem, HealthTech, Label;0;Label Non Accordé au 2 ème Tour
08/2025;41;15;9;4;9;6;36.6;conforme;Te Quaero;;dalel chahed;trabelsi nasredine
08/2025;41;15;9;4;9;6;36.6;conforme;Business;Software and;services;Label
08/2025;41;15;9;4;9;6;36.6;conforme;N.A;N.A, Label Non Accordé au 2 ème Tour, Exposia, Ilyes Ahmed, Oussama Belaid Guizeni, EdTech, Label;0;Label Non Accordé au 2 ème Tour
08/2025;41;15;9;4;9;6;36.6;conforme;Habitiz;Issam Bouhouch, Real Estate Tech, Label;0;Label Non Accordé au 2 ème Tour
08/2025;41;15;9;4;9;6;36.6;conforme;Kharajni.tn;Mohamed Béchir Lansari, Yasmine Ansari, Taha Dahech, TravelTech, Label;2;Label Non Accordé au 3 ème Tour
08/2025;41;15;9;4;9;6;36.6;conforme;Farbi.tn;Omar GASSAB, GHALLEB Mohamed Mustapha, Advanced, Manufacturing &, Robotics, Prélabel;2;Label Non Accordé au 3 ème Tour
08/2025;41;15;9;4;9;6;36.6;conforme;Badel;;sfaxi firas;Social Business
08/2025;41;15;9;4;9;6;36.6;conforme;Prélabel;;3;Label Non Accordé au 3 ème Tour
08/2025;41;15;9;4;9;6;36.6;conforme;TRUSTMOVE TUNISIA;Mehdi Hammami, Consumer;products and;services
08/2025;41;15;9;4;9;6;36.6;conforme;Label;;1;Label Non Accordé au 3 ème Tour
08/2025;41;15;9;4;9;6;36.6;conforme;SANEOB;Mouna Boussetta, HealthTech, Label;4;Label Non Accordé au 3 ème Tour
08/2025;41;15;9;4;9;6;36.6;conforme;KSIBA;Roua Boussetta, Noureddine Rezgui, Consumer;products and;services
08/2025;41;15;9;4;9;6;36.6;conforme;Prélabel;;0;Prélabel Non Accordé au 2 ème Tour
08/2025;41;15;9;4;9;6;36.6;conforme;Terrametrics;Amine Ferjani, Hanedi Elleuch, Environment, Prélabel;0;Prélabel Non Accordé au 2 ème Tour
08/2025;41;15;9;4;9;6;36.6;conforme;Booklyne;;amine raouafi;yassine labiedh
08/2025;41;15;9;4;9;6;36.6;conforme;Business;Software and;services;Prélabel
08/2025;41;15;9;4;9;6;36.6;conforme;N.A;N.A, Prélabel Non Accordé au 2 ème Tour, CashFloow, Aymen Bouzgarrou, Business, Software and;services;Prélabel
08/2025;41;15;9;4;9;6;36.6;conforme;N.A;N.A, Prélabel Non Accordé au 2 ème Tour, VERDOLIVE, Menyar Debbebi;marwa essid;ghanem iheb
08/2025;41;15;9;4;9;6;36.6;conforme;Agritech;Prélabel;0;Prélabel Non Accordé au 2 ème Tour
08/2025;41;15;9;4;9;6;36.6;conforme;LexIA;Nidhal Rahali;asma taba;Mouhanned Rahali
08/2025;41;15;9;4;9;6;36.6;conforme;Business;Software and;services;Prélabel
08/2025;41;15;9;4;9;6;36.6;conforme;N.A;N.A, Prélabel Non Accordé au 2 ème Tour, Hassen Aarfaoui a déclaré avoir un conflit;d'intérêt;compta-smart
08/2025;41;15;9;4;9;6;36.6;conforme;Fintech;Prélabel;0;Prélabel Non Accordé au 2 ème Tour
08/2025;41;15;9;4;9;6;36.6;conforme;ICHFINI;;afef Akremi;HealthTech
08/2025;41;15;9;4;9;6;36.6;conforme;Prélabel;;2;Prélabel Non Accordé au 2 ème Tour
08/2025;41;15;9;4;9;6;36.6;conforme;Rendez-vous;;ghada khedira;kais boumaiza
08/2025;41;15;9;4;9;6;36.6;conforme;Consumer;;products and;services
08/2025;41;15;9;4;9;6;36.6;conforme;Prélabel;;0;Prélabel Non Accordé au 2 ème Tour
08/2025;41;15;9;4;9;6;36.6;conforme;BioH2O;Ameni Kabboudi, FoodTech &, New Food, Prélabel;0;Prélabel Non Accordé au 2 ème Tour
08/2025;41;15;9;4;9;6;36.6;conforme;AZRO EVENTS;TIJANI RKIWA, AFEF BOUAZIZI, TravelTech, Label, N.A, N.A, N.A, N.A, N.A, N.A, Label Non Accordé au 1 er Tour pour Non;communication des états financiers exigés;en vertu de l’article 4 du Décret
08/2025;41;15;9;4;9;6;36.6;conforme;Stocky Downy;;othmani moufida;Business
08/2025;41;15;9;4;9;6;36.6;conforme;Software and;;services;Label
08/2025;41;15;9;4;9;6;36.6;conforme;N.A;N.A, N.A, N.A, N.A, N.A, Label Non Accordé au 1 er Tour pour Non;communication des Statuts de la société;dûment signés et enregistrés auprès des
08/2025;41;15;9;4;9;6;36.6;conforme;Technozor;SLIM BOUFADEN, AMIRA BEN JEMAA;zied boufaden;Business
08/2025;41;15;9;4;9;6;36.6;conforme;Software and;;services;Label
08/2025;41;15;9;4;9;6;36.6;conforme;N.A;N.A, N.A, N.A, N.A, N.A, Label Non Accordé au 1 er Tour pour Non;communication des Statuts de la société;dûment signés et enregistrés auprès des
08/2025;41;15;9;4;9;6;36.6;conforme;Recolab technologies;Ahmed Welhezi, Manel BEN HASSINE, Ossama Hidri, EdTech, Label, N.A, N.A, N.A, N.A, N.A, N.A, Label Non Accordé au 1 er Tour pour;présentation de documents non valides des;états financiers de la société pour les trois
08/2025;41;15;9;4;9;6;36.6;conforme;Passage de Prélabels aux Labels;Projet, Société, Fondateurs, Secteur, Session d'obtention;du Prélabel;Résultat
08/2025;41;15;9;4;9;6;36.6;conforme;Commentaires;UVEY, UVEY, Youssef Meddeb, Fintech, Février 2025, Label accordé, Label accordé suite à la création de la Startup et le respect des conditions d'octroi, DEFENDR, DEFENDR, Mottaki Hajouni, Seifeddine, Bahroun, Wael yahiaoui, Business Software and;services;Février 2025
08/2025;41;15;9;4;9;6;36.6;conforme;Label accordé;Label accordé suite à la création de la Startup et le respect des conditions d'octroi, Waaw, Waaw Network, Mohamed, ThamlaOui, Said Kouki, Ikdem Ben, Mbarek, Commerce and shopping, Avril 2025, Label accordé, Label accordé suite à la création de la Startup et le respect des conditions d'octroi, Stocki, Stocki it, Mohamed Hajri;jdidi hamdi;Business Software and
08/2025;41;15;9;4;9;6;36.6;conforme;Juillet 2025;Label accordé, Label accordé suite à la création de la Startup et le respect des conditions d'octroi, CarboTraker, CarboTraker, SAFA BOUHJAR, Aya Bouhlali, Amira Yahmadi;maher amara;Environment
08/2025;41;15;9;4;9;6;36.6;conforme;Juin 2025;Label accordé, Label accordé suite à la création de la Startup et le respect des conditions d'octroi;klemy;QODEK EMEA
08/2025;41;15;9;4;9;6;36.6;conforme;Hassine Achour;Communication services, Février 2025, Label accordé, Label accordé suite à la création de la Startup et le respect des conditions d'octroi, Dootify, SparkEdge Solutions, Rafik Gharbi, Business Software and;services;Février 2025
08/2025;41;15;9;4;9;6;36.6;conforme;Label accordé;Label accordé suite à la création de la Startup et le respect des conditions d'octroi, MYCLINIC.TN, KRIAA Digital Solutions, Abderrahmen, Kriaa, Yesmin Maalej, HealthTech, Février 2025, Label accordé, Label accordé suite à la création de la Startup et le respect des conditions d'octroi, Business Room, Business Room, Amine Ben, Hmida, Business Software and;services;Février 2025
08/2025;41;15;9;4;9;6;36.6;conforme;Label accordé;Label accordé suite à la création de la Startup et le respect des conditions d'octroi, Retraits Labels, Société, Secteur, Session d'obtention;du Label;Décision
08/2025;41;15;9;4;9;6;36.6;conforme;Commentaires;BiG DEAL, Mobile;décembre 2019;Retrait du Label
08/2025;41;15;9;4;9;6;36.6;conforme;La société a dépassé l'âge maximum de 8 ans fixé par;;la loi 20-2018 pour les sociétés bénéficiaires du Label;NACHD-IT
08/2025;41;15;9;4;9;6;36.6;conforme;Business Software and services;;août 2019;Retrait du Label
08/2025;41;15;9;4;9;6;36.6;conforme;La société a dépassé l'âge maximum de 8 ans fixé par;;la loi 20-2018 pour les sociétés bénéficiaires du Label;WAKAHAW
08/2025;41;15;9;4;9;6;36.6;conforme;Big Data;;mai 2020;Retrait du Label
08/2025;41;15;9;4;9;6;36.6;conforme;La société a dépassé l'âge maximum de 8 ans fixé par;;la loi 20-2018 pour les sociétés bénéficiaires du Label;SOLIXY
08/2025;41;15;9;4;9;6;36.6;conforme;Business Software and services;;novembre 2019;Retrait du Label
08/2025;41;15;9;4;9;6;36.6;conforme;La société a dépassé l'âge maximum de 8 ans fixé par;;la loi 20-2018 pour les sociétés bénéficiaires du Label;
09/2025;25;7;10;4;6;1;28.0;conforme;Ligalo;Alaa Adouni, Salem Moussa Adouni, Business Software and;services;Prélabel
09/2025;25;7;10;4;6;1;28.0;conforme;N.A;N.A, Prélabel Accordé au 2 ème Tour, Flashbac, Mohamed Mouhib Meddeb, Hazem Ben Saria, EdTech, Prélabel;8;Prélabel Accordé au 2 ème Tour
09/2025;25;7;10;4;6;1;28.0;conforme;The pointing graphical tablet;Mohamed Taibah, Mohamed Kais Ben Rhouma, Advanced Manufacturing &, Robotics, Prélabel;8;Prélabel Accordé au 2 ème Tour
09/2025;25;7;10;4;6;1;28.0;conforme;Trip Hive;Ben thabet Mohamed, Charfeddine Aziza, Souaf Amir, Rebhi Amira, Hamden Nasri, TravelTech, Prélabel;7;Prélabel Accordé au 2 ème Tour
09/2025;25;7;10;4;6;1;28.0;conforme;Ghazi Saddem a déclaré avoir un conflit d'intérêt;ProgressBox, Khouloud Missaoui;houssem ben brahim;Abdelhakim Haddad
09/2025;25;7;10;4;6;1;28.0;conforme;Agritech;Prélabel;7;Prélabel Accordé au 2 ème Tour
09/2025;25;7;10;4;6;1;28.0;conforme;El Qemma;;oueslati salim;Mehdi Essalah
09/2025;25;7;10;4;6;1;28.0;conforme;Business Software and;;services;Prélabel
09/2025;25;7;10;4;6;1;28.0;conforme;N.A;N.A, Prélabel Accordé au 2 ème Tour, Gotei;khaled makhlouf;Amine Ben Messaoud
09/2025;25;7;10;4;6;1;28.0;conforme;Ad Tech and Creative Tech;Prélabel;5;Prélabel Accordé au 2 ème Tour
09/2025;25;7;10;4;6;1;28.0;conforme;SABRINE MARZOUGUI;Kawther Marzouki, Norene Sakouhi, EdTech, Prélabel;5;Prélabel Accordé au 2 ème Tour
09/2025;25;7;10;4;6;1;28.0;conforme;DIA industries;Mohamed Yessine KSIBI, Dia Ali, Hamza Bouajila, Mehdi ZAYET, Advanced Manufacturing &, Robotics, Prélabel;2;Prélabel Accordé au 3 ème Tour
09/2025;25;7;10;4;6;1;28.0;conforme;VIBE FLOW AI;Ali Abdallah;ala touati;Ad Tech and Creative Tech
09/2025;25;7;10;4;6;1;28.0;conforme;Prélabel;;4;Prélabel Accordé au 3 ème Tour
09/2025;25;7;10;4;6;1;28.0;conforme;BxB Studio;Yassine Boumaiza, Ad Tech and Creative Tech, Label;0;Label Non Accordé au 2 ème Tour
09/2025;25;7;10;4;6;1;28.0;conforme;Boon;Safa Bouabdallah, Real Estate Tech, Label;1;Label Non Accordé au 3 ème Tour
09/2025;25;7;10;4;6;1;28.0;conforme;Millisave;Fatma Bouhajeb, Ibrahim Daami, Mahmoud DAAMI, Business Software and;services;Label
09/2025;25;7;10;4;6;1;28.0;conforme;Label Non Accordé au 3 ème Tour;;سﻧوﺗ تارﺎﻘﻋ: Akarat.tn;Amari Aida
09/2025;25;7;10;4;6;1;28.0;conforme;Commerce and shopping;Prélabel;1;Prélabel Non Accordé au 2 ème Tour
09/2025;25;7;10;4;6;1;28.0;conforme;OptiPlanex;Amal Louati, Business Software and;services;Prélabel
09/2025;25;7;10;4;6;1;28.0;conforme;N.A;N.A, Prélabel Non Accordé au 2 ème Tour, URBANAV, Saifeddine Bessaidi, Mobility, Prélabel;2;Prélabel Non Accordé au 2 ème Tour
09/2025;25;7;10;4;6;1;28.0;conforme;Darraja;;aziz zaag;Aymen Bouhaha
09/2025;25;7;10;4;6;1;28.0;conforme;Mobility;Prélabel;0;Prélabel Non Accordé au 2 ème Tour
09/2025;25;7;10;4;6;1;28.0;conforme;Mohamed Bayar;SADRI BEN AHMED, Consumer products and;services;Prélabel
09/2025;25;7;10;4;6;1;28.0;conforme;N.A;N.A, Prélabel Non Accordé au 2 ème Tour, TeraaVerra, Abdlkerim Haddad, Hazem Majdoub, Fhima Iskander, Agritech, Prélabel;0;Prélabel Non Accordé au 2 ème Tour
09/2025;25;7;10;4;6;1;28.0;conforme;MedicusAI;Ismail Hamdi, Yahia Boussaid, Shady Hamrouni, HealthTech, Prélabel;0;Prélabel Non Accordé au 2 ème Tour
09/2025;25;7;10;4;6;1;28.0;conforme;Eco block;Hamza Elmabrouk;oussama bagga;Environment
09/2025;25;7;10;4;6;1;28.0;conforme;Prélabel;;0;Prélabel Non Accordé au 2 ème Tour
09/2025;25;7;10;4;6;1;28.0;conforme;Quinexa;Saiff Eddine Ben Boudguiga, Commerce and shopping, Prélabel;1;Prélabel Non Accordé au 2 ème Tour
09/2025;25;7;10;4;6;1;28.0;conforme;Tajjer;Oussama Abdallah, Business Software and;services;Prélabel
09/2025;25;7;10;4;6;1;28.0;conforme;Prélabel Non Accordé au 3 ème Tour;Hassen Aarfaoui a déclaré avoir un conflit d'intérêt, Cloud Commit Software, Solutions, Mohammed Amine Dridi, Security, Label, N.A, N.A, N.A, N.A, N.A, N.A, Label Non Accordé au 1 er Tour pour présentation;d’un extrait du Registre National d’Entreprise;daté de plus de trois mois
09/2025;25;7;10;4;6;1;28.0;conforme;Passage de Prélabels aux Labels;Projet, Société, Fondateurs, Secteur, Session d'obtention;du Prélabel;Résultat
09/2025;25;7;10;4;6;1;28.0;conforme;Commentaires;TENDER FLOW, OptimAi Tender Flow, Charfeddine BenSlama, Maissa Maatoug, Slim Bhiri, Aymen Talbi, Business Software and;services;Mars 2025
09/2025;25;7;10;4;6;1;28.0;conforme;Label accordé;Label accordé suite à la création de la Startup et le respect des conditions d'octroi, Palm.ai, Palm Solutions RH Tunisie, Hela Atmani, EdTech, Juillet 2025, Label accordé, Label accordé suite à la création de la Startup et le respect des conditions d'octroi, Digehealth TN, Dige Health Tunisia, NOUR GHALIA ABASSI, Lyle Halliday, Marcel Wuethrich, Daniel Pohl, HealthTech, Juin 2025, Label accordé, Label accordé suite à la création de la Startup et le respect des conditions d'octroi, Hanoutik, M M HANOUTEK, Mohamed Yassine Derbel, Adem Bouatay, Mouhaned Ben Abdelhafidh, Business Software and;services;Août 2025
09/2025;25;7;10;4;6;1;28.0;conforme;Label accordé;Label accordé suite à la création de la Startup et le respect des conditions d'octroi, WattyGo : Founisseur 100%, Tunisien de solutions;intelligentes de recharge pour;Véhicules Electriques
09/2025;25;7;10;4;6;1;28.0;conforme;WattyGo technologies;Haythem Belmabrouk, Khaled Fourati, Mondher Makni, Mobility, Avril 2025, Label accordé, Label accordé suite à la création de la Startup et le respect des conditions d'octroi, Talifouni+, TPLUS INNOVATION, Baha Kaabaoui, Business Software and;services;Août 2025
09/2025;25;7;10;4;6;1;28.0;conforme;Label accordé;Label accordé suite à la création de la Startup et le respect des conditions d'octroi, Retraits Labels, Société, Secteur, Session d'obtention;du Label;Décision
09/2025;25;7;10;4;6;1;28.0;conforme;Commentaires;Digital World, EdTech;mai 2019;Retrait du Label
09/2025;25;7;10;4;6;1;28.0;conforme;La société a dépassé l'âge maximum de 8 ans fixé par;;la loi 20-2018 pour les sociétés bénéficiaires du Label;ESKY Professionnel Services
09/2025;25;7;10;4;6;1;28.0;conforme;Limited;Business Software and services;janvier 2020;Retrait du Label
09/2025;25;7;10;4;6;1;28.0;conforme;La société a dépassé l'âge maximum de 8 ans fixé par;;la loi 20-2018 pour les sociétés bénéficiaires du Label;South Fruits Agri
09/2025;25;7;10;4;6;1;28.0;conforme;Agritech;;décembre 2023;Retrait du Label
09/2025;25;7;10;4;6;1;28.0;conforme;La société a dépassé l'âge maximum de 8 ans fixé par;;la loi 20-2018 pour les sociétés bénéficiaires du Label;Think-IT lABS
09/2025;25;7;10;4;6;1;28.0;conforme;Business Software and services;;avril 2020;Retrait du Label
09/2025;25;7;10;4;6;1;28.0;conforme;La société a dépassé l'âge maximum de 8 ans fixé par;;la loi 20-2018 pour les sociétés bénéficiaires du Label;
10/2025;41;17;12;3;10;7;41.5;conforme;Fintech;Label;7;
10/2025;41;17;12;3;10;7;41.5;conforme;N.A;Label Accordé au 2 ème Tour, Hassen Aarfaoui a déclaré avoir un conflit d'intérêt, Eddium Platinuim, Nasri Ala;Aniba Yosra;Ad Tech and Creative
10/2025;41;17;12;3;10;7;41.5;conforme;Tech;Label;6;Label Accordé au 2 ème Tour
10/2025;41;17;12;3;10;7;41.5;conforme;CADUSAY;Karim Rekik;Amir Knani;HealthTech
10/2025;41;17;12;3;10;7;41.5;conforme;Label;;5;Label Accordé au 2 ème Tour
10/2025;41;17;12;3;10;7;41.5;conforme;Mehdi Nakouri a déclaré avoir un conflit d'intérêt;Scientiworld, Mohamed Dhia Fredj;Safa Ben Romdhane;Khaled Khelifi
10/2025;41;17;12;3;10;7;41.5;conforme;EdTech;Label;7;Label Accordé au 2 ème Tour
10/2025;41;17;12;3;10;7;41.5;conforme;Footlink.tn;Abdelhalim Alahoum;Anis NAJJAR;HealthTech
10/2025;41;17;12;3;10;7;41.5;conforme;Label;;4;Label Accordé au 3 ème Tour
10/2025;41;17;12;3;10;7;41.5;conforme;One Beauty;Abderrahman Jalled;Rachwan Tarraf;Skander Ouni
10/2025;41;17;12;3;10;7;41.5;conforme;Wellness;Label;0;Label Accordé au 3 ème Tour
10/2025;41;17;12;3;10;7;41.5;conforme;EGAMarketplace;Mourad Benyounes;Hichem Chouaibi;Commerce and
10/2025;41;17;12;3;10;7;41.5;conforme;Label;;2;Label Accordé au 3 ème Tour
10/2025;41;17;12;3;10;7;41.5;conforme;Shoot;Yassine BEN GHANEM;Souhail SBOUI;Marwa ANNEBI
10/2025;41;17;12;3;10;7;41.5;conforme;Business Software;;and services;Prélabel
10/2025;41;17;12;3;10;7;41.5;conforme;N.A;N.A, Prélabel Accordé au 2 ème Tour, HistoryConneXion, Malek Ben yaghlane, HealthTech, Prélabel;6;Prélabel Accordé au 2 ème Tour
10/2025;41;17;12;3;10;7;41.5;conforme;Clubedge;Yassine Ahmed;Fedi Khaled;Mohamed hedi MAGHREBI
10/2025;41;17;12;3;10;7;41.5;conforme;Achraf HADRICH;Social Business, Prélabel;7;Prélabel Accordé au 2 ème Tour
10/2025;41;17;12;3;10;7;41.5;conforme;COLEA AgriTech;Thaer Tafesh;Matthias Würtenberger;Agritech
10/2025;41;17;12;3;10;7;41.5;conforme;Prélabel;;7;Prélabel Accordé au 2 ème Tour
10/2025;41;17;12;3;10;7;41.5;conforme;AIVIA;Ahmed Gargouri;Youssef Boutaleb;Moez Zouari
10/2025;41;17;12;3;10;7;41.5;conforme;MOHAMED ALI KHEMAKHEM;;Rafik Rekhis;Manel Kallel
10/2025;41;17;12;3;10;7;41.5;conforme;HealthTech;Prélabel;6;Prélabel Accordé au 2 ème Tour
10/2025;41;17;12;3;10;7;41.5;conforme;Hassen Aarfaoui a déclaré avoir un conflit d'intérêt;Absher AI, Ghada Eladeb;Yahya Samet;Mohamed Hachicha
10/2025;41;17;12;3;10;7;41.5;conforme;Mohamed Regaya;Business Software;and services;Prélabel
10/2025;41;17;12;3;10;7;41.5;conforme;N.A;N.A, Prélabel Accordé au 2 ème Tour, SymbioWave, Oussama Ben Salem, Business Software;and services;Prélabel
10/2025;41;17;12;3;10;7;41.5;conforme;N.A;N.A, Prélabel Accordé au 2 ème Tour, Raba7ni, Ali Boukhris;salim dagdoug;taieb ben ali
10/2025;41;17;12;3;10;7;41.5;conforme;Consumer products;;and services;Prélabel
10/2025;41;17;12;3;10;7;41.5;conforme;N.A;N.A, Prélabel Accordé au 2 ème Tour, Compta Smart Solution, Ahmed Zahaf;Mohamed Elyas Bazazi;Hedi Zahaf
10/2025;41;17;12;3;10;7;41.5;conforme;Business Software;;and services;Prélabel
10/2025;41;17;12;3;10;7;41.5;conforme;N.A;N.A, Prélabel Accordé au 2 ème Tour;innovia360;slim zghal
10/2025;41;17;12;3;10;7;41.5;conforme;Momtez AYADI;Business Software;and services;Prélabel
10/2025;41;17;12;3;10;7;41.5;conforme;N.A;N.A, Prélabel Accordé au 2 ème Tour, SerBot, Chawki Gharsellaoui;Mbarki Kabil;Hmercha Amjed
10/2025;41;17;12;3;10;7;41.5;conforme;Wael Hichri;Advanced, Manufacturing &, Robotics, Prélabel;3;Prélabel Accordé au 3 ème Tour
10/2025;41;17;12;3;10;7;41.5;conforme;Cogitoly;Nada Mejri;Issam Mellah;EdTech
10/2025;41;17;12;3;10;7;41.5;conforme;Prélabel;;1;Prélabel Accordé au 3 ème Tour
10/2025;41;17;12;3;10;7;41.5;conforme;RMC;Rahma zbidi;anis hdhili;KHALIL BELLALI
10/2025;41;17;12;3;10;7;41.5;conforme;Advanced;Manufacturing &, Robotics, Label;0;Label Non Accordé au 2 ème Tour
10/2025;41;17;12;3;10;7;41.5;conforme;ONE ERP;;mohamed ali Derbel;AFFES BILEL
10/2025;41;17;12;3;10;7;41.5;conforme;Mahdi Chiha;Fintech, Label;0;Label Non Accordé au 2 ème Tour
10/2025;41;17;12;3;10;7;41.5;conforme;Price Forging;Mohamed Chtiba;Walid Makhlouf;Business Software
10/2025;41;17;12;3;10;7;41.5;conforme;Label;;2;Label Non Accordé au 2 ème Tour
10/2025;41;17;12;3;10;7;41.5;conforme;PERF ANALYSIS CONSULTING;Mohamed Ayachi, Business Software;and services;Label
10/2025;41;17;12;3;10;7;41.5;conforme;N.A;N.A, Label Non Accordé au 2 ème Tour;wedo distribution services;Mohamed Riahi
10/2025;41;17;12;3;10;7;41.5;conforme;Consumer products;;and services;Label
10/2025;41;17;12;3;10;7;41.5;conforme;N.A;N.A, Label Non Accordé au 2 ème Tour, Innoteam Solutions, Radhouen Boughanmi;Hijen EL KHALIFI;EdTech
10/2025;41;17;12;3;10;7;41.5;conforme;Label;;0;Label Non Accordé au 2 ème Tour
10/2025;41;17;12;3;10;7;41.5;conforme;B-SMART GO;;rayen trabelsi;Mohamed Trabelsi
10/2025;41;17;12;3;10;7;41.5;conforme;Trabelsi Iyed;TravelTech, Label;0;Label Non Accordé au 2 ème Tour
10/2025;41;17;12;3;10;7;41.5;conforme;Bid Shine;Taha Triki;Mejdi Dhokar;Business Software
10/2025;41;17;12;3;10;7;41.5;conforme;Label;;0;Label Non Accordé au 2 ème Tour
10/2025;41;17;12;3;10;7;41.5;conforme;Etudianet/Studianat;Maria Amaidi;Montassar Jandoubi;Hadil Ltifi
10/2025;41;17;12;3;10;7;41.5;conforme;Ad Tech and Creative;Tech, Label;0;Label Non Accordé au 2 ème Tour
10/2025;41;17;12;3;10;7;41.5;conforme;Ahmed Ben Aissa;EdTech, Label;0;Label Non Accordé au 2 ème Tour
10/2025;41;17;12;3;10;7;41.5;conforme;Encore Bon;Firas Ellini;Ezzeddine Jrad;Environment
10/2025;41;17;12;3;10;7;41.5;conforme;Prélabel;;0;Prélabel Non Accordé au 2 ème Tour
10/2025;41;17;12;3;10;7;41.5;conforme;XMap;Samir AKACHI;Manel Affi;khouloud affi
10/2025;41;17;12;3;10;7;41.5;conforme;Chedy HORCHANI;Social Business, Prélabel;0;Prélabel Non Accordé au 2 ème Tour
10/2025;41;17;12;3;10;7;41.5;conforme;LuxePass;;mohamed ben mrad;Business Software
10/2025;41;17;12;3;10;7;41.5;conforme;Prélabel;;0;Prélabel Non Accordé au 2 ème Tour
10/2025;41;17;12;3;10;7;41.5;conforme;SidiChat;Mhimdi Mouhib;amen allah fraj;Business Software
10/2025;41;17;12;3;10;7;41.5;conforme;Prélabel;;0;Prélabel Non Accordé au 2 ème Tour
10/2025;41;17;12;3;10;7;41.5;conforme;Vybtor;Walid Mezghani;AMANI GHEZAL;Achraf Kchaou
10/2025;41;17;12;3;10;7;41.5;conforme;EdTech;Prélabel;1;Prélabel Non Accordé au 2 ème Tour
10/2025;41;17;12;3;10;7;41.5;conforme;Key Marketplace;Mohamed Wael Daly;Dorra Haddad;Commerce and
10/2025;41;17;12;3;10;7;41.5;conforme;Prélabel;;0;Prélabel Non Accordé au 2 ème Tour
10/2025;41;17;12;3;10;7;41.5;conforme;Next Afri Log;Hatem Chatti;Mohamed touijer;Business Software
10/2025;41;17;12;3;10;7;41.5;conforme;Prélabel;;4;Prélabel Non Accordé au 3 ème Tour
10/2025;41;17;12;3;10;7;41.5;conforme;Hassen Aarfaoui a déclaré avoir un conflit d'intérêt;Tache-Lik, Mohamed Abidi;Oussama Aissaoui;Yassine Cherif
10/2025;41;17;12;3;10;7;41.5;conforme;EdTech;Prélabel;3;Prélabel Non Accordé au 3 ème Tour
10/2025;41;17;12;3;10;7;41.5;conforme;TUNIAI;Houssem aouedni, Business Software;and services;Prélabel
10/2025;41;17;12;3;10;7;41.5;conforme;Prélabel Non Accordé au 3 ème Tour;Hassen Aarfaoui a déclaré avoir un conflit d'intérêt, Bloom Venom;issam hmandi;ghanem toumi
10/2025;41;17;12;3;10;7;41.5;conforme;Imen Rabeh;HealthTech, Label, N.A, N.A, N.A, N.A, N.A, N.A;Label Non Accordé au 1 er Tour pour présentation de;documents des états financiers des deux derniers
10/2025;41;17;12;3;10;7;41.5;conforme;EduImpact.tn;Jilani Garraoui, HealthTech, Label, N.A, N.A, N.A, N.A, N.A, N.A;Label Non Accordé au 1 er Tour pour non soumission;de documents des états financiers de L’exercice
10/2025;41;17;12;3;10;7;41.5;conforme;ARTROK;Feres Messaoudi, Commerce and;shopping;Label
10/2025;41;17;12;3;10;7;41.5;conforme;N.A;N.A, N.A, N.A, N.A, N.A;Label Non Accordé au 1 er Tour pour non soumission;de documents des états financiers de L’exercice
10/2025;41;17;12;3;10;7;41.5;conforme;Passage de Prélabels aux Labels;Projet, Société, Fondateurs, Secteur, Session d'obtention;du Prélabel;Résultat
10/2025;41;17;12;3;10;7;41.5;conforme;Commentaires;PreempTix, PREEMPTIX, Khaled BEN DRISS, Khalil Bendriss, Security, Juin 2025, Label accordé, Label accordé suite à la création de la Startup et le respect des conditions d'octroi, TMAPS, MapWay, Ahmed Ben Salha, Business Software and services, Mai 2025, Label accordé, Label accordé suite à la création de la Startup et le respect des conditions d'octroi, SLAYTON, SLAYTON, Sana Boubaker, Nadege Legendre, Franck Legendre, Ad Tech and Creative Tech, Septembre 2024, Label accordé, Label accordé suite à la création de la Startup et le respect des conditions d'octroi, POLY, ETHIONAI, Mohamed Taha Sta;fares makki;Business Software and services
10/2025;41;17;12;3;10;7;41.5;conforme;Juillet 2025;Label accordé, Label accordé suite à la création de la Startup et le respect des conditions d'octroi, BIPER Therapeutics, BIPER Therapeutics, Mehdi Chelbi, Stephane Rocchi, Cyril Ronco, Rachid Benhida, HealthTech, Mai 2025, Label accordé, Label accordé suite à la création de la Startup et le respect des conditions d'octroi, Senbiosys Tunisia, Senbiosys Tunisia, Walid Hached, Taha Ben Mrad, Consumer products and services, Mai 2025, Label accordé, Label accordé suite à la création de la Startup et le respect des conditions d'octroi, MedCity, MedCity Connect;yassin Guirat;ala eddine maatoug
10/2025;41;17;12;3;10;7;41.5;conforme;Fadi Kacem;Mohamed Arbi Baklouti, Mounira Zouaghi;nada bougoffa;HealthTech
10/2025;41;17;12;3;10;7;41.5;conforme;Juillet 2025;Label accordé, Label accordé suite à la création de la Startup et le respect des conditions d'octroi, JeridSchool, NEXT VISION SERVICES, Rouissi Khaled;youssef degachi;EdTech
10/2025;41;17;12;3;10;7;41.5;conforme;Juin 2025;Label accordé, Label accordé suite à la création de la Startup et le respect des conditions d'octroi, Wealthy Technology, Wealthy Tech world, Rakia JAZIRI, Asma Jouini, HealthTech, Juin 2025, Label accordé, Label accordé suite à la création de la Startup et le respect des conditions d'octroi, LKESSA, Peregrine Vision Technologies, Chahine Fersi, Nour Saied, Fahmy Abdslem Fersi, Business Software and services, Mai 2025, Label accordé, Label accordé suite à la création de la Startup et le respect des conditions d'octroi, Retraits Labels, Société, Secteur, Session d'obtention;du Label;Décision
10/2025;41;17;12;3;10;7;41.5;conforme;Commentaires;METHANIA INDUSTRIES (SA), Energie;avril 2019;Retrait du Label
10/2025;41;17;12;3;10;7;41.5;conforme;La société a dépassé l'âge maximum de 8 ans fixé par;;la loi 20-2018 pour les sociétés bénéficiaires du Label;eDream commerce
10/2025;41;17;12;3;10;7;41.5;conforme;E-commerce;;août 2019;Retrait du Label
10/2025;41;17;12;3;10;7;41.5;conforme;La société a dépassé l'âge maximum de 8 ans fixé par;;la loi 20-2018 pour les sociétés bénéficiaires du Label;Kalys Distribution
10/2025;41;17;12;3;10;7;41.5;conforme;E-commerce;;janvier 2020;Retrait du Label
10/2025;41;17;12;3;10;7;41.5;conforme;La société a dépassé l'âge maximum de 8 ans fixé par;;la loi 20-2018 pour les sociétés bénéficiaires du Label;
11/2025;39;15;3;2;8;7;38.5;conforme;Youssef Almia;;Slim Almia;EdTech
11/2025;39;15;3;2;8;7;38.5;conforme;Label;;8;Label Accordé au 2 ème Tour
11/2025;39;15;3;2;8;7;38.5;conforme;Kridipay;Amani CHATTI;Mahmoud Chatti;Mohamed Neji KALBOUSSI
11/2025;39;15;3;2;8;7;38.5;conforme;Fintech;Label;7;Label Accordé au 2 ème Tour
11/2025;39;15;3;2;8;7;38.5;conforme;Hassen Aarfaoui a déclaré avoir un conflit;;d'intérêt;Ketrone
11/2025;39;15;3;2;8;7;38.5;conforme;Sadry El Materi;Business, Software and;services;Label
11/2025;39;15;3;2;8;7;38.5;conforme;N.A;N.A, Label Accordé au 2 ème Tour, Hassen Aarfaoui a déclaré avoir un conflit;d'intérêt;SOCIETE BE WISE
11/2025;39;15;3;2;8;7;38.5;conforme;Makrem Ellouze;Business, Software and;services;Label
11/2025;39;15;3;2;8;7;38.5;conforme;N.A;N.A, Label Accordé au 2 ème Tour, Joya, Rayan Goucha, Environment, Label;3;Label Accordé au 3 ème Tour
11/2025;39;15;3;2;8;7;38.5;conforme;Hassen Aarfaoui a déclaré avoir un conflit;;d'intérêt;SYLA AI TUNISIA
11/2025;39;15;3;2;8;7;38.5;conforme;Houssem NOURI;TravelTech, Label;4;Label Accordé au 3 ème Tour
11/2025;39;15;3;2;8;7;38.5;conforme;Predict'O Energy;Hamdi KHADHRAOUI;Oumayma Allouch;Olfa Jrad
11/2025;39;15;3;2;8;7;38.5;conforme;Akrem Khadhraoui;Environment, Prélabel;5;Prélabel Accordé au 2 ème Tour
11/2025;39;15;3;2;8;7;38.5;conforme;Hassen Aarfaoui a déclaré avoir un conflit;;d'intérêt;BioExpert
11/2025;39;15;3;2;8;7;38.5;conforme;Mohamed Ouni;;Skander Guarbaa;khalil ben abdallah
11/2025;39;15;3;2;8;7;38.5;conforme;Manel CHAABANE;HealthTech, Prélabel;6;Prélabel Accordé au 2 ème Tour
11/2025;39;15;3;2;8;7;38.5;conforme;Ahmed Mahouachi;;Mohamed Dhaou;Mohamed Akremi
11/2025;39;15;3;2;8;7;38.5;conforme;Communicatio;;n services;Prélabel
11/2025;39;15;3;2;8;7;38.5;conforme;N.A;N.A, Prélabel Accordé au 2 ème Tour;trendytek E-Learning;jlassi baha eddine
11/2025;39;15;3;2;8;7;38.5;conforme;EdTech;Label;1;Label Non Accordé au 2 ème Tour
11/2025;39;15;3;2;8;7;38.5;conforme;SBA CONSULT;Saber BEN AMMAR;Ons Toujani;Business
11/2025;39;15;3;2;8;7;38.5;conforme;Software and;;services;Label
11/2025;39;15;3;2;8;7;38.5;conforme;N.A;N.A, Label Non Accordé au 2 ème Tour, MelqartX Corp, Rami Slimene;Imtinen AYARI;MobilitY
11/2025;39;15;3;2;8;7;38.5;conforme;Label;;1;Label Non Accordé au 2 ème Tour
11/2025;39;15;3;2;8;7;38.5;conforme;Jhezi.tn;Hassan DHIB;Ameni Teka;Consumer
11/2025;39;15;3;2;8;7;38.5;conforme;Label;;2;Label Non Accordé au 2 ème Tour
11/2025;39;15;3;2;8;7;38.5;conforme;Iridium X;Salaheddine Ogontayo;Abir Daoud;Bilel Zahi
11/2025;39;15;3;2;8;7;38.5;conforme;Triki Omar;Wellness, Label;0;Label Non Accordé au 2 ème Tour
11/2025;39;15;3;2;8;7;38.5;conforme;Souhir Manai;Business, Software and;services;Label
11/2025;39;15;3;2;8;7;38.5;conforme;N.A;N.A, Label Non Accordé au 2 ème Tour;kobox designs;slim kamoun
11/2025;39;15;3;2;8;7;38.5;conforme;Environment;Label;0;Label Non Accordé au 2 ème Tour
11/2025;39;15;3;2;8;7;38.5;conforme;Smart Maker;Adel BRAHAM;nouha braham;Ad Tech and
11/2025;39;15;3;2;8;7;38.5;conforme;Creative Tech;Label;0;Label Non Accordé au 2 ème Tour
11/2025;39;15;3;2;8;7;38.5;conforme;Agrogrowth;;sami arfaoui;Agritech
11/2025;39;15;3;2;8;7;38.5;conforme;Label;;1;Label Non Accordé au 3 ème Tour
11/2025;39;15;3;2;8;7;38.5;conforme;Letusdify;Mohamed Salah Tammar;Iheb Ghazala;Business
11/2025;39;15;3;2;8;7;38.5;conforme;Software and;;services;Prélabel
11/2025;39;15;3;2;8;7;38.5;conforme;N.A;N.A, Prélabel Non Accordé au 2 ème Tour, ReMine Technologies, Borhane Ben Said;Anis Djedidi;Environment
11/2025;39;15;3;2;8;7;38.5;conforme;Prélabel;;0;Prélabel Non Accordé au 2 ème Tour
11/2025;39;15;3;2;8;7;38.5;conforme;Lift&Eat;Hamdi Jouini;Hamdi Jouini;Khazri Mouna
11/2025;39;15;3;2;8;7;38.5;conforme;HealthTech;Prélabel;1;Prélabel Non Accordé au 2 ème Tour
11/2025;39;15;3;2;8;7;38.5;conforme;Tender;;mazen slama;Iheb Lafi
11/2025;39;15;3;2;8;7;38.5;conforme;Islem Ferchichi;Business, Software and;services;Prélabel
11/2025;39;15;3;2;8;7;38.5;conforme;N.A;N.A, Prélabel Non Accordé au 2 ème Tour, EmberForge Tech;ahmed amine kamoun;Ad Tech and
11/2025;39;15;3;2;8;7;38.5;conforme;Creative Tech;Prélabel;0;Prélabel Non Accordé au 2 ème Tour
11/2025;39;15;3;2;8;7;38.5;conforme;MedSearch IA;Zoubaier Bouajaja, Business, Software and;services;Prélabel
11/2025;39;15;3;2;8;7;38.5;conforme;N.A;N.A, Prélabel Non Accordé au 2 ème Tour, AD Vertising, Nadine Askri;Mongi Dali;Wael Gamaoun
11/2025;39;15;3;2;8;7;38.5;conforme;Ad Tech and;Creative Tech, Prélabel;1;Prélabel Non Accordé au 2 ème Tour
11/2025;39;15;3;2;8;7;38.5;conforme;AXIOM décorticage IA;Foued Jaballah;Farid Drifa;Business
11/2025;39;15;3;2;8;7;38.5;conforme;Software and;;services;Prélabel
11/2025;39;15;3;2;8;7;38.5;conforme;N.A;N.A, Prélabel Non Accordé au 2 ème Tour, Choufli, Moez BEN GHARBIA;Ramzi Tounsi;Kamel BEN GHARBIA
11/2025;39;15;3;2;8;7;38.5;conforme;Social Business;Prélabel;1;Prélabel Non Accordé au 2 ème Tour
11/2025;39;15;3;2;8;7;38.5;conforme;Oria;Mohamed AYADI;Mayssa Moussa;eya makhlouf
11/2025;39;15;3;2;8;7;38.5;conforme;Ad Tech and;Creative Tech, Prélabel;0;Prélabel Non Accordé au 2 ème Tour
11/2025;39;15;3;2;8;7;38.5;conforme;Clic SOS;Anis Essid;Mezni Hiba;Mobility
11/2025;39;15;3;2;8;7;38.5;conforme;Prélabel;;0;Prélabel Non Accordé au 2 ème Tour
11/2025;39;15;3;2;8;7;38.5;conforme;Triptopie;;achref ayari;TravelTech
11/2025;39;15;3;2;8;7;38.5;conforme;Prélabel;;0;Prélabel Non Accordé au 2 ème Tour
11/2025;39;15;3;2;8;7;38.5;conforme;TooFresh;Motez Mhadhbi;Awatef Zid;Mhadhbi Shady
11/2025;39;15;3;2;8;7;38.5;conforme;Ben Henda Dhia;;Ben hadj hssin Mohamed anis;Lejmi Moussa
11/2025;39;15;3;2;8;7;38.5;conforme;Environment;Prélabel;0;Prélabel Non Accordé au 2 ème Tour
11/2025;39;15;3;2;8;7;38.5;conforme;EcoRecy;Achraf BLEILI;Achraf BLEILI;Environment
11/2025;39;15;3;2;8;7;38.5;conforme;Prélabel;;0;Prélabel Non Accordé au 2 ème Tour
11/2025;39;15;3;2;8;7;38.5;conforme;Kidin;Firas ABDELMAJID, EdTech, Prélabel;0;Prélabel Non Accordé au 2 ème Tour
11/2025;39;15;3;2;8;7;38.5;conforme;CarbonTrack;Houssem Ben Malek;Marwa Metsahel;Environment
11/2025;39;15;3;2;8;7;38.5;conforme;Prélabel;;3;Prélabel Non Accordé au 3 ème Tour
11/2025;39;15;3;2;8;7;38.5;conforme;Bibinet;Amel Jebali;Arbi Ben Bazza;Rim Harabi
11/2025;39;15;3;2;8;7;38.5;conforme;Roua Boubakri;;Manel Saadaoui;Consumer
11/2025;39;15;3;2;8;7;38.5;conforme;Prélabel;;4;Prélabel Non Accordé au 3 ème Tour
11/2025;39;15;3;2;8;7;38.5;conforme;GuaranteePay – Lasweq;Oussema Ben Barka, Fintech, Label, N.A, N.A, N.A, N.A, N.A, N.A, Label Non Accordé au 1 er Tour pour Non;communication des états financiers exigés en;vertu de l’article 4 du Décret gouvernemental
11/2025;39;15;3;2;8;7;38.5;conforme;MCS - Mediterranean Creative Studio;Yosri Ayed;Anis Lahouar;Mohamed Kamergi
11/2025;39;15;3;2;8;7;38.5;conforme;Consumer;;products and;services
11/2025;39;15;3;2;8;7;38.5;conforme;Label;N.A, N.A, N.A, N.A, N.A, N.A;Label Non Accordé au 1 er Tour pour non;soumission de documents des états financiers
11/2025;39;15;3;2;8;7;38.5;conforme;Reality Tunisia Branch;BAKABAS ALI;Seifeddine Souissi;Wellness
11/2025;39;15;3;2;8;7;38.5;conforme;Label;N.A, N.A, N.A, N.A, N.A, N.A, Label Non Accordé au 1 er Tour :;la candidature est irrecevable sur la base du l’;article 2 de la loi n°2018-20 du 17 avril 2018
11/2025;39;15;3;2;8;7;38.5;conforme;Passage de Prélabels aux Labels;Projet, Société, Fondateurs, Secteur, Session d'obtention;du Prélabel;Résultat
11/2025;39;15;3;2;8;7;38.5;conforme;Commentaires;AIVIA, ELIXIA, Ahmed Gargouri;Youssef Boutaleb;Moez Zouari
11/2025;39;15;3;2;8;7;38.5;conforme;MOHAMED ALI KHEMAKHEM;;Rafik Rekhis;Manel Kallel
11/2025;39;15;3;2;8;7;38.5;conforme;HealthTech;Octobre 2025, Label accordé, Label accordé suite à la création de la Startup et le respect des conditions d'octroi, Vegana, Vegana des Industries Alimentaires, Mehdi Ben Hamouda, FoodTech & New Food, Juillet 2024, Label accordé, Label accordé suite à la création de la Startup et le respect des conditions d'octroi, Ekri, ÊKRÎ, Mohamed Elyes BEN HAJ KBAIR, Marouene Draoui, TravelTech, Juin 2025, Label accordé, Label accordé suite à la création de la Startup et le respect des conditions d'octroi, Flexee Pay, Owlink, Mohamed BADRI, Fintech, Juillet 2025, Label accordé, Label accordé suite à la création de la Startup et le respect des conditions d'octroi;eejar;Leestee
11/2025;39;15;3;2;8;7;38.5;conforme;Oussema Bennour;Ahmed Ben Othman, Real Estate Tech, Mai 2025, Label accordé, Label accordé suite à la création de la Startup et le respect des conditions d'octroi, Cogitoly, Cogitoly learning, Nada Mejri;Issam Mellah;EdTech
11/2025;39;15;3;2;8;7;38.5;conforme;Octobre 2025;Label accordé, Label accordé suite à la création de la Startup et le respect des conditions d'octroi, Dr. well, Dr Well Labs, Walid Bayoudhi, Wellness, Mai 2025, Label accordé, Label accordé suite à la création de la Startup et le respect des conditions d'octroi, Gotei, GOTEI ESPORTS;khaled makhlouf;Amine Ben Messaoud
11/2025;39;15;3;2;8;7;38.5;conforme;Ad Tech and Creative Tech;Septembre 2025, Label accordé, Label accordé suite à la création de la Startup et le respect des conditions d'octroi, Retraits Labels, Société, Secteur, Session d'obtention;du Label;Décision
11/2025;39;15;3;2;8;7;38.5;conforme;Commentaires;Donec, EdTech;juillet 2019;Retrait du Label
11/2025;39;15;3;2;8;7;38.5;conforme;La société a dépassé l'âge maximum de 8 ans fixé par;;la loi 20-2018 pour les sociétés bénéficiaires du Label;Smart Logger
11/2025;39;15;3;2;8;7;38.5;conforme;IoT;;octobre 2019;Retrait du Label
11/2025;39;15;3;2;8;7;38.5;conforme;La société a dépassé l'âge maximum de 8 ans fixé par;;la loi 20-2018 pour les sociétés bénéficiaires du Label;
12/2025;41;16;6;5;10;6;39.0;corrigee;Label;;7;Label Accordé au 2 ème Tour
12/2025;41;16;6;5;10;6;39.0;corrigee;Log'In;Ahmed RIZA, Mobility, Label;6;Label Accordé au 2 ème Tour
12/2025;41;16;6;5;10;6;39.0;corrigee;Hassen Aarfaoui a déclaré avoir un conflit d'intérêt;Spark Auto, Hatem Ben Chaabane, Mobility, Label;1;Label Accordé au 3 ème Tour
12/2025;41;16;6;5;10;6;39.0;corrigee;Hassen Aarfaoui a déclaré avoir un conflit d'intérêt;Yalen Sentinel, Aymen Medimagh;Amal Araoud;Abir Ben Khalifa
12/2025;41;16;6;5;10;6;39.0;corrigee;Security;Label;2;Label Accordé au 3 ème Tour
12/2025;41;16;6;5;10;6;39.0;corrigee;DecliTech;Saifeddine Berhouma;Salma Berhouma;EdTech
12/2025;41;16;6;5;10;6;39.0;corrigee;Label;;2;Label Accordé au 3 ème Tour
12/2025;41;16;6;5;10;6;39.0;corrigee;Future is Now;Tarek Khemiri, Business Software and;services;Label
12/2025;41;16;6;5;10;6;39.0;corrigee;Label Accordé au 3 ème Tour;FielMedina, Mohamed Touati, TravelTech, Prélabel;7;Prélabel Accordé au 2 ème Tour
12/2025;41;16;6;5;10;6;39.0;corrigee;DashMaster;;ahmed walha;Achraf Karoui
12/2025;41;16;6;5;10;6;39.0;corrigee;Business Software and;;services;Prélabel
12/2025;41;16;6;5;10;6;39.0;corrigee;N.A;N.A, Prélabel Accordé au 2 ème Tour, AionTime, Nieze Ben Mansour;Marwen Saad;Malek Ben Haj Amor
12/2025;41;16;6;5;10;6;39.0;corrigee;Ad Tech and Creative;Tech, Prélabel;6;Prélabel Accordé au 2 ème Tour
12/2025;41;16;6;5;10;6;39.0;corrigee;Real Time Data Loger – RTDL;Mokhtar HARRABI;Adam Ben Slama;Mohamed Ameur BEN
12/2025;41;16;6;5;10;6;39.0;corrigee;ABDESSALEM;HealthTech, Prélabel;7;Prélabel Accordé au 2 ème Tour
12/2025;41;16;6;5;10;6;39.0;corrigee;Sawakni;Firas meddeb;Baffoun Aziz;Communication services
12/2025;41;16;6;5;10;6;39.0;corrigee;Prélabel;;5;Prélabel Accordé au 2 ème Tour
12/2025;41;16;6;5;10;6;39.0;corrigee;Moodicament;Roua Bargaoui;Mohamed Haroun Ouanes;Ala Ben Aicha
12/2025;41;16;6;5;10;6;39.0;corrigee;HealthTech;Prélabel;0;Prélabel Accordé au 3 ème Tour
12/2025;41;16;6;5;10;6;39.0;corrigee;Hassen Aarfaoui a déclaré avoir un conflit d'intérêt;FISSA3/URBAN CARTAGO, SARL, Elyes Boukettaya;yacine boukattaya;Mobility
12/2025;41;16;6;5;10;6;39.0;corrigee;Label;;0;Label Non Accordé au 2 ème Tour
12/2025;41;16;6;5;10;6;39.0;corrigee;Yaluna;Aziz Chaibi, Communication services, Label;0;Label Non Accordé au 2 ème Tour
12/2025;41;16;6;5;10;6;39.0;corrigee;WAW - When And Where;Ben Tanfous Ahmed;Maya Ben Tanfous;Kaïsha Guiga
12/2025;41;16;6;5;10;6;39.0;corrigee;TravelTech;Label;0;Label Non Accordé au 2 ème Tour
12/2025;41;16;6;5;10;6;39.0;corrigee;VAERDIA SOLUTIONS;Aymen BOUNEB, Fintech, Label;1;Label Non Accordé au 2 ème Tour
12/2025;41;16;6;5;10;6;39.0;corrigee;MEDA;Houcemeddine kallel;nizar besbes;Wafa Neifar
12/2025;41;16;6;5;10;6;39.0;corrigee;HealthTech;Label;0;Label Non Accordé au 2 ème Tour
12/2025;41;16;6;5;10;6;39.0;corrigee;Société Méditerranéenne de;Distillerie Artisanale, Mortadha Ouadday;Amen Allah El Hechi;FoodTech & New Food
12/2025;41;16;6;5;10;6;39.0;corrigee;Label;;0;Label Non Accordé au 2 ème Tour
12/2025;41;16;6;5;10;6;39.0;corrigee;PREDSiGHTX;Alaeddine BOUHJAR;Montacer Benromdhane;Business Software and
12/2025;41;16;6;5;10;6;39.0;corrigee;Label;;2;Label Non Accordé au 2 ème Tour
12/2025;41;16;6;5;10;6;39.0;corrigee;Aidloy;Achref ESSEFI;Skander EL FEKIH;Wellness
12/2025;41;16;6;5;10;6;39.0;corrigee;Label;;0;Label Non Accordé au 2 ème Tour
12/2025;41;16;6;5;10;6;39.0;corrigee;Lanci Deliveries;Hassen Younsi;Achraf Ben Soltane;Ghassen Ben Ghorbal
12/2025;41;16;6;5;10;6;39.0;corrigee;Business Software and;;services;Label
12/2025;41;16;6;5;10;6;39.0;corrigee;N.A;N.A, Label Non Accordé au 2 ème Tour;eduhelper;Moataz Hammami
12/2025;41;16;6;5;10;6;39.0;corrigee;EdTech;Label;1;Label Non Accordé au 2 ème Tour
12/2025;41;16;6;5;10;6;39.0;corrigee;Kais Ben youssef;;Issam Moalla;HealthTech
12/2025;41;16;6;5;10;6;39.0;corrigee;Label;;1;Label Non Accordé au 2 ème Tour
12/2025;41;16;6;5;10;6;39.0;corrigee;BRIDGSIGN;Salah Sammari;Rouine Firas;Mhamed Moncer
12/2025;41;16;6;5;10;6;39.0;corrigee;Montassar Moussa;Communication services, Label;0;Label Non Accordé au 2 ème Tour
12/2025;41;16;6;5;10;6;39.0;corrigee;Jizzar;Jassem Khemiri;Sadok Khemiri;Communication services
12/2025;41;16;6;5;10;6;39.0;corrigee;Prélabel;;0;Prélabel Non Accordé au 2 ème Tour
12/2025;41;16;6;5;10;6;39.0;corrigee;Thanna Téléassistance;Tijani Aziz Feki, HealthTech, Prélabel;0;Prélabel Non Accordé au 2 ème Tour
12/2025;41;16;6;5;10;6;39.0;corrigee;Business Software and;;services;Prélabel
12/2025;41;16;6;5;10;6;39.0;corrigee;N.A;N.A, Prélabel Non Accordé au 2 ème Tour, Grenova– Gamme, Écoresponsable de Produits, Primaires à Base de Grenade, Mahbouli Rhouma Najla, Environment, Prélabel;0;Prélabel Non Accordé au 2 ème Tour
12/2025;41;16;6;5;10;6;39.0;corrigee;MAKASSUR;MARIEM KAMOUN, Fintech, Prélabel;0;Prélabel Non Accordé au 2 ème Tour
12/2025;41;16;6;5;10;6;39.0;corrigee;Dingo;Ali Ahmed khaled;Rami LAJMI;Dorra Fattoum
12/2025;41;16;6;5;10;6;39.0;corrigee;Mobility;Prélabel;0;Prélabel Non Accordé au 2 ème Tour
12/2025;41;16;6;5;10;6;39.0;corrigee;Laformatik.ai;;amine touihri;oueslati Aya
12/2025;41;16;6;5;10;6;39.0;corrigee;Daas Samar;;adem seddik;Consumer products and
12/2025;41;16;6;5;10;6;39.0;corrigee;Prélabel;;0;Prélabel Non Accordé au 2 ème Tour
12/2025;41;16;6;5;10;6;39.0;corrigee;Kopno Game;Seifeddine Bzainia;Souaf Houssemdine;Abdelaziz BEN MAHMOUD
12/2025;41;16;6;5;10;6;39.0;corrigee;Business Software and;;services;Prélabel
12/2025;41;16;6;5;10;6;39.0;corrigee;N.A;N.A, Prélabel Non Accordé au 2 ème Tour, SaveMe, Aya Ben hriz, Environment, Prélabel;0;Prélabel Non Accordé au 2 ème Tour
12/2025;41;16;6;5;10;6;39.0;corrigee;Koolny;Chaima Rebai;Mohamed Hachemi BEN HAJ;
12/2025;41;16;6;5;10;6;39.0;corrigee;ALI;;Salma BEN HADJ ALI;FoodTech & New Food
12/2025;41;16;6;5;10;6;39.0;corrigee;Prélabel;;0;Prélabel Non Accordé au 2 ème Tour
12/2025;41;16;6;5;10;6;39.0;corrigee;Marouene Belkhiria;;Samia Khadija Belkhiria;FoodTech & New Food
12/2025;41;16;6;5;10;6;39.0;corrigee;Prélabel;;0;Prélabel Non Accordé au 2 ème Tour
12/2025;41;16;6;5;10;6;39.0;corrigee;Couche IA génératrice de;;workflow, Interfaces homme;machine et reporting IA
12/2025;41;16;6;5;10;6;39.0;corrigee;Hayet Zguem;;Yahia Ben Cheikh;Business Software and
12/2025;41;16;6;5;10;6;39.0;corrigee;Prélabel;;1;Prélabel Non Accordé au 2 ème Tour
12/2025;41;16;6;5;10;6;39.0;corrigee;Annuaire Service;Nebil Othman, Consumer products and;services;Prélabel
12/2025;41;16;6;5;10;6;39.0;corrigee;N.A;N.A, Prélabel Non Accordé au 2 ème Tour, Deepinfluence;ghanem toumi;tarek bani
12/2025;41;16;6;5;10;6;39.0;corrigee;Mohamed Baha Eddine;Baghdadi;Montassar TOUATI;Nabil Boukhdhir
12/2025;41;16;6;5;10;6;39.0;corrigee;Marwa Moussi;EdTech, Prélabel;0;Prélabel Non Accordé au 2 ème Tour
12/2025;41;16;6;5;10;6;39.0;corrigee;Night Panel;;iheb haouech;Marwen Zitouni
12/2025;41;16;6;5;10;6;39.0;corrigee;Advanced;Manufacturing &, Robotics, Prélabel;0;Prélabel Non Accordé au 2 ème Tour
12/2025;41;16;6;5;10;6;39.0;corrigee;InsurLink;Ahmed LIMAM;Ilyes Limem;Fintech
12/2025;41;16;6;5;10;6;39.0;corrigee;Prélabel;;1;Prélabel Non Accordé au 3 ème Tour
12/2025;41;16;6;5;10;6;39.0;corrigee;Hassen Aarfaoui a déclaré avoir un conflit d'intérêt;FTOUH pharmaceuticals;mahdi ftouh;FoodTech & New Food
12/2025;41;16;6;5;10;6;39.0;corrigee;Label;N.A, N.A, N.A, N.A, N.A, N.A, Label Non Accordé au 1 er Tour pour Non;communication des Statuts de la société dûment;signés et enregistrés auprès des autorités
12/2025;41;16;6;5;10;6;39.0;corrigee;Passage de Prélabels aux Labels;Projet, Société, Fondateurs, Secteur, Session d'obtention;du Prélabel;Résultat
12/2025;41;16;6;5;10;6;39.0;corrigee;Commentaires;Tak Tak, Tak Tak Technologies, Alaa Ben Said, Mohamed Aziz Ben Said, Sonia Najjar, Mobility, Novembre 2024, Label accordé, Label accordé suite à la création de la Startup et le respect des conditions d'octroi, Fast Help, FAST HELP, Malek Ben hassine, HealthTech, Août 2025, Label accordé, Label accordé suite à la création de la Startup et le respect des conditions d'octroi, Shoot, Tuintek DEV, Yassine BEN GHANEM;Souhail SBOUI;Marwa ANNEBI
12/2025;41;16;6;5;10;6;39.0;corrigee;Business Software and services;Octobre 2025, Label accordé, Label accordé suite à la création de la Startup et le respect des conditions d'octroi, QHBuild, QHBuild, Mehdi Abdi, Advanced Manufacturing &, Robotics, Juillet 2025, Label accordé, Label accordé suite à la création de la Startup et le respect des conditions d'octroi;etanfidh-solution digitale pour;huissiers
12/2025;41;16;6;5;10;6;39.0;corrigee;Technovatris IT Innovation &;Novations;hichem ben dai;Fintech
12/2025;41;16;6;5;10;6;39.0;corrigee;Juin 2025;Label accordé, Label accordé suite à la création de la Startup et le respect des conditions d'octroi, SymbioWave, SymbioWave Technologies, Oussama Ben Salem, Business Software and services, Octobre 2025, Label accordé, Label accordé suite à la création de la Startup et le respect des conditions d'octroi, ProgressBox, Progress Box, Khouloud Missaoui;houssem ben brahim;Abdelhakim Haddad
12/2025;41;16;6;5;10;6;39.0;corrigee;Agritech;Septembre 2025, Label accordé, Label accordé suite à la création de la Startup et le respect des conditions d'octroi, BioExpert;bioexpert;Mohamed Ouni
12/2025;41;16;6;5;10;6;39.0;corrigee;Skander Guarbaa;;khalil ben abdallah;Manel CHAABANE
12/2025;41;16;6;5;10;6;39.0;corrigee;HealthTech;Novembre 2025, Label accordé, Label accordé suite à la création de la Startup et le respect des conditions d'octroi, Assistant Manager IA QHSE, Société AIFuturex, Khayri Romdhani;hachicha Mohamed taher;Business Software and services
12/2025;41;16;6;5;10;6;39.0;corrigee;Juillet 2025;Label accordé, Label accordé suite à la création de la Startup et le respect des conditions d'octroi, Raba7ni, RABA7NI, Ali Boukhris;salim dagdoug;taieb ben ali
12/2025;41;16;6;5;10;6;39.0;corrigee;Consumer products and services;Octobre 2025, Label accordé, Label accordé suite à la création de la Startup et le respect des conditions d'octroi, Retraits Labels, Société, Secteur, Session d'obtention;du Label;Décision
12/2025;41;16;6;5;10;6;39.0;corrigee;Commentaires;Sté Kaoun, Fintech;avril 2019;Retrait du Label
12/2025;41;16;6;5;10;6;39.0;corrigee;La société a dépassé l'âge maximum de 8 ans fixé par;;la loi 20-2018 pour les sociétés bénéficiaires du Label;Sté Smart Soft Pro
12/2025;41;16;6;5;10;6;39.0;corrigee;Agritech;;août 2019;Retrait du Label
12/2025;41;16;6;5;10;6;39.0;corrigee;La société a dépassé l'âge maximum de 8 ans fixé par;;la loi 20-2018 pour les sociétés bénéficiaires du Label;Sté OXAHOST SARL
12/2025;41;16;6;5;10;6;39.0;corrigee;E-commerce;;février 2020;Retrait du Label
12/2025;41;16;6;5;10;6;39.0;corrigee;La société a dépassé l'âge maximum de 8 ans fixé par;;la loi 20-2018 pour les sociétés bénéficiaires du Label;Bio intrants Technologie
12/2025;41;16;6;5;10;6;39.0;corrigee;Biotechnologie;;juin 2019;Retrait du Label
12/2025;41;16;6;5;10;6;39.0;corrigee;La société a dépassé l'âge maximum de 8 ans fixé par;;la loi 20-2018 pour les sociétés bénéficiaires du Label;KINGDOM
12/2025;41;16;6;5;10;6;39.0;corrigee;Marketing;;juillet 2020;Retrait du Label
12/2025;41;16;6;5;10;6;39.0;corrigee;La société a dépassé l'âge maximum de 8 ans fixé par;;la loi 20-2018 pour les sociétés bénéficiaires du Label;
01/2026;31;10;7;5;7;3;32.3;corrigee;ZOHRA KECHIDA;Ilem hassairi, HealthTech, Label;5;Label Accordé au 2 ème Tour
01/2026;31;10;7;5;7;3;32.3;corrigee;Arcube;Harvey Lowe, Prithveesh Nallamilli, Fintech, Label;6;Label Accordé au 2 ème Tour
01/2026;31;10;7;5;7;3;32.3;corrigee;Hassen Aarfaoui a déclaré avoir un conflit;;d'intérêt;GoToGreen
01/2026;31;10;7;5;7;3;32.3;corrigee;Nour Jdey;Ferid Kamel, Environment, Label;4;Label Accordé au 3 ème Tour
01/2026;31;10;7;5;7;3;32.3;corrigee;Hassen Aarfaoui a déclaré avoir un conflit;;d'intérêt;OTARI
01/2026;31;10;7;5;7;3;32.3;corrigee;Youssef Abdeljaoued;Raed Seddik, Commerce and;shopping;Prélabel
01/2026;31;10;7;5;7;3;32.3;corrigee;N.A;N.A, Prélabel Accordé au 2 ème Tour, Yes-Sir, FEDI SOUILEM, Ad Tech and Creative, Tech, Prélabel;6;Prélabel Accordé au 2 ème Tour
01/2026;31;10;7;5;7;3;32.3;corrigee;HopeVisionAI;;amira karoui;Oussama Cherni
01/2026;31;10;7;5;7;3;32.3;corrigee;HealthTech;Prélabel;6;Prélabel Accordé au 2 ème Tour
01/2026;31;10;7;5;7;3;32.3;corrigee;Mehdi Nakouri a déclaré avoir un conflit;;d'intérêt;SAHTEE
01/2026;31;10;7;5;7;3;32.3;corrigee;Slaheddine Dardouri;HealthTech, Prélabel;6;Prélabel Accordé au 2 ème Tour
01/2026;31;10;7;5;7;3;32.3;corrigee;Hassen Aarfaoui a déclaré avoir un conflit;;d'intérêt;ALBUPAD-NA
01/2026;31;10;7;5;7;3;32.3;corrigee;Eya ALOUI;HealthTech, Prélabel;7;Prélabel Accordé au 2 ème Tour
01/2026;31;10;7;5;7;3;32.3;corrigee;Riyasol;Asma Ferchichi, Houda Ferchichi, Business Software;and services;Prélabel
01/2026;31;10;7;5;7;3;32.3;corrigee;N.A;N.A, Prélabel Accordé au 2 ème Tour, Qubit Labs Tunis, Marouane Salhi, Hatem Eldakhakhni, Business Software;and services;Prélabel
01/2026;31;10;7;5;7;3;32.3;corrigee;Prélabel Accordé au 3 ème Tour;Hassen Aarfaoui a déclaré avoir un conflit;d'intérêt;Nuraxis Ai
01/2026;31;10;7;5;7;3;32.3;corrigee;Hammadi Kadri;Mohamed KADRI, Wissal Rouabeh, HealthTech, Label;1;Label Non Accordé au 2 ème Tour
01/2026;31;10;7;5;7;3;32.3;corrigee;The Landlord Manager;Farouk Ben Achour, Real Estate Tech, Label;0;Label Non Accordé au 2 ème Tour
01/2026;31;10;7;5;7;3;32.3;corrigee;TFCx;Rached Khalil, Mariem Babay Rouis, Fintech, Label;0;Label Non Accordé au 2 ème Tour
01/2026;31;10;7;5;7;3;32.3;corrigee;DURABILIS CONSULTING;Yassine RAHMOUNI, Tahar Rahmouni, RAHMOUNI Yassine, Environment, Label;0;Label Non Accordé au 2 ème Tour
01/2026;31;10;7;5;7;3;32.3;corrigee;RDVEXPRESS;Noureddine DBOUBA, Business Software;and services;Label
01/2026;31;10;7;5;7;3;32.3;corrigee;N.A;N.A, Label Non Accordé au 2 ème Tour, Automatizi, Lassaad Ben Rejeb, Yosra Youssef, Consumer products;and services;Label
01/2026;31;10;7;5;7;3;32.3;corrigee;Label Non Accordé au 3 ème Tour;TINNOBOTICS, Gharssallah Alaa, Mohamed Firas Gabsi, Advanced, Manufacturing &, Robotics, Prélabel;0;Prélabel Non Accordé au 2 ème Tour
01/2026;31;10;7;5;7;3;32.3;corrigee;Attoset - The Work OS for;Intelligent Work, Management, Youssef Mejri, Rayen Inoubli, Mohamed habib Grami, Chaima Ben Mahmoud, Business Software;and services;Prélabel
01/2026;31;10;7;5;7;3;32.3;corrigee;N.A;N.A, Prélabel Non Accordé au 2 ème Tour, GensisCode;yassin gmati;maram guenouati
01/2026;31;10;7;5;7;3;32.3;corrigee;EdTech;Prélabel;1;Prélabel Non Accordé au 2 ème Tour
01/2026;31;10;7;5;7;3;32.3;corrigee;Nexor Robotics;;mohamed amine ziedi;Naim Ezzdini
01/2026;31;10;7;5;7;3;32.3;corrigee;Manar Daghsni;Oussama Yaakoubi, Sonia Amamou, Advanced, Manufacturing &, Robotics, Prélabel;0;Prélabel Non Accordé au 2 ème Tour
01/2026;31;10;7;5;7;3;32.3;corrigee;CvHub;Ali Nahdi, Ad Tech and Creative, Tech, Prélabel;1;Prélabel Non Accordé au 2 ème Tour
01/2026;31;10;7;5;7;3;32.3;corrigee;CarthaPos;Oussama ferjani, Mohamed ali Mankai, Business Software;and services;Prélabel
01/2026;31;10;7;5;7;3;32.3;corrigee;N.A;N.A, Prélabel Non Accordé au 2 ème Tour, OpenSOC, Mohamed Karim KECHALFI, Security, Prélabel;0;Prélabel Non Accordé au 2 ème Tour
01/2026;31;10;7;5;7;3;32.3;corrigee;SM Drone;Skander Amamou, Farah Chenchah, Advanced, Manufacturing &, Robotics, Prélabel;0;Prélabel Non Accordé au 2 ème Tour
01/2026;31;10;7;5;7;3;32.3;corrigee;Eyproc;;saif ouhaibi;Jaweher Khmiri
01/2026;31;10;7;5;7;3;32.3;corrigee;Naceur ELLOUZE;Business Software;and services;Prélabel
01/2026;31;10;7;5;7;3;32.3;corrigee;N.A;N.A, Prélabel Non Accordé au 2 ème Tour, Hassen Aarfaoui a déclaré avoir un conflit;d'intérêt;JeelQuest
01/2026;31;10;7;5;7;3;32.3;corrigee;Sabrine Hamrouni;Charrad Chamseddine;ala Akrichi;Badereddine Fadhlaoui
01/2026;31;10;7;5;7;3;32.3;corrigee;Hatem Benechikh;Social Business, Prélabel;0;Prélabel Non Accordé au 2 ème Tour
01/2026;31;10;7;5;7;3;32.3;corrigee;Mohamed Amine Mhadhbi;Agritech, Prélabel;3;Prélabel Non Accordé au 3 ème Tour
01/2026;31;10;7;5;7;3;32.3;corrigee;Hassen Aarfaoui a déclaré avoir un conflit;;d'intérêt;AL BAYEN
01/2026;31;10;7;5;7;3;32.3;corrigee;BEN YAGOUTA Abdelbari;Wrida BEN YAGOUTA, Advanced, Manufacturing &, Robotics, Prélabel;2;Prélabel Non Accordé au 3 ème Tour
01/2026;31;10;7;5;7;3;32.3;corrigee;Enissay Studio;Yassine Sellami, Siwar Fourati;wael sellami;Mohamed Ilyas Abdelkefi
01/2026;31;10;7;5;7;3;32.3;corrigee;Ad Tech and Creative;Tech, Prélabel;4;Prélabel Non Accordé au 3 ème Tour
01/2026;31;10;7;5;7;3;32.3;corrigee;BNJMO Studios;Mohamed Ben Jazia, Ad Tech and Creative, Tech, Label, N.A, N.A, N.A, N.A, N.A, N.A, Label Non Accordé au 1 er Tour pour non;soumission de documents des états financiers;de L’exercice 2024. Ces Documents sont exigés
01/2026;31;10;7;5;7;3;32.3;corrigee;Passage de Prélabels aux Labels;Projet, Société, Fondateurs, Secteur, Session d'obtention;du Prélabel;Résultat
01/2026;31;10;7;5;7;3;32.3;corrigee;Commentaires;Rhizome, Rhizome Agency, Adnène Bouderbala, HealthTech, Août 2025, Label accordé, Label accordé suite à la création de la Startup et le respect des conditions d'octroi, Compta Smart Solutions, SaisI Ar, Ahmed Zahaf;Mohamed Elyas Bazazi;Hedi Zahaf
01/2026;31;10;7;5;7;3;32.3;corrigee;Business Software and services;Octobre 2025, Label accordé, Label accordé suite à la création de la Startup et le respect des conditions d'octroi, DIA Industries, DIA INDUSTRIES, Mohamed Yessine KSIBI, Dia Ali, Hamza Bouajila, Mehdi ZAYET, Advanced Manufacturing & Robotics, Septembre 2025, Label accordé, Label accordé suite à la création de la Startup et le respect des conditions d'octroi, Dash Master, Dash Master;ahmed walha;Achraf Karoui
01/2026;31;10;7;5;7;3;32.3;corrigee;Business Software and services;Décembre 2025, Label accordé, Label accordé suite à la création de la Startup et le respect des conditions d'octroi, ERPY, ERPY NEXT, Ali Nasr, Business Software and services, Août 2025, Label accordé, Label accordé suite à la création de la Startup et le respect des conditions d'octroi, Park & Charge, Park and charge, Rami Hedfi, Zied Bradai, Ghassen Chattouna, Mobility, Août 2025, Label accordé, Label accordé suite à la création de la Startup et le respect des conditions d'octroi, Ligalo, Ligalo Technologies, Alaa Adouni, Salem Moussa Adouni, Business Software and services, Septembre 2025, Label accordé, Label accordé suite à la création de la Startup et le respect des conditions d'octroi, Retraits Labels, Société, Secteur, Session d'obtention;du Label;Décision
01/2026;31;10;7;5;7;3;32.3;corrigee;Commentaires;Bus Software, IoT;avril 2019;Retrait du Label
01/2026;31;10;7;5;7;3;32.3;corrigee;La société a dépassé l'âge maximum de 8 ans fixé par;;la loi 20-2018 pour les sociétés bénéficiaires du Label;Echo SARL
01/2026;31;10;7;5;7;3;32.3;corrigee;Retrait du Label;La société a dépassé l'âge maximum de 8 ans fixé par;la loi 20-2018 pour les sociétés bénéficiaires du Label;Arion Technologies
01/2026;31;10;7;5;7;3;32.3;corrigee;Logiciel;;avril 2020;Retrait du Label
01/2026;31;10;7;5;7;3;32.3;corrigee;La société a dépassé l'âge maximum de 8 ans fixé par;;la loi 20-2018 pour les sociétés bénéficiaires du Label;Smart Insurance
01/2026;31;10;7;5;7;3;32.3;corrigee;Insurance Tech;;juillet 2019;Retrait du Label
01/2026;31;10;7;5;7;3;32.3;corrigee;La société a dépassé l'âge maximum de 8 ans fixé par;;la loi 20-2018 pour les sociétés bénéficiaires du Label;Swiver Invest
01/2026;31;10;7;5;7;3;32.3;corrigee;Fintech;;mai 2019;Retrait du Label
01/2026;31;10;7;5;7;3;32.3;corrigee;La société a dépassé l'âge maximum de 8 ans fixé par;;la loi 20-2018 pour les sociétés bénéficiaires du Label;
02/2026;36;20;3;2;11;9;55.6;corrigee;Rim Saied a déclaré avoir un conflit d'intérêt;MASSAR PERFECTION, Mahmoud Trabelsi, Business, Software and;services;Label
02/2026;36;20;3;2;11;9;55.6;corrigee;N.A;N.A, Label Accordé au 2 ème Tour, Hassen Aarfaoui a déclaré avoir un conflit d'intérêt, Kessa, Chaibi Ahmed Fares, Fintech, Label;5;Label Accordé au 2 ème Tour
02/2026;36;20;3;2;11;9;55.6;corrigee;Hassen Aarfaoui a déclaré avoir un conflit d'intérêt;My Quality Assistant Team /, Saadi Ismail, Business, Software and;services;Label
02/2026;36;20;3;2;11;9;55.6;corrigee;N.A;N.A, Label Accordé au 2 ème Tour, ALGORIA FACTORY;wissem barouni;Wissem Abdelhak
02/2026;36;20;3;2;11;9;55.6;corrigee;Abdallah Ben jamaa;Business, Software and;services;Label
02/2026;36;20;3;2;11;9;55.6;corrigee;N.A;N.A, Label Accordé au 2 ème Tour;citrustech;Insaf Ben Othman
02/2026;36;20;3;2;11;9;55.6;corrigee;Agritech;Label;6;Label Accordé au 2 ème Tour
02/2026;36;20;3;2;11;9;55.6;corrigee;Estimo;Mohamed Amir Boufaden, Real Estate, Tech, Label;7;Label Accordé au 2 ème Tour
02/2026;36;20;3;2;11;9;55.6;corrigee;Intheair Labs;Marion Sardou;Bruno GUTTON;Olivier Apicella
02/2026;36;20;3;2;11;9;55.6;corrigee;Business;Software and;services;Label
02/2026;36;20;3;2;11;9;55.6;corrigee;Label Accordé au 3 ème Tour;Teleon, Karim Ben Khaled, Business, Software and;services;Label
02/2026;36;20;3;2;11;9;55.6;corrigee;Label Accordé au 3 ème Tour;Hassen Aarfaoui a déclaré avoir un conflit d'intérêt, Talento, Ghazi Smach, Business, Software and;services;Prélabel
02/2026;36;20;3;2;11;9;55.6;corrigee;N.A;N.A, Prélabel Accordé au 2 ème Tour, Freshk, Mohamed aziz Hlaoua;zied harzallah;Rayane Ben abdelhalid
02/2026;36;20;3;2;11;9;55.6;corrigee;Bouaziz Wissem;Agritech, Prélabel;5;Prélabel Accordé au 2 ème Tour
02/2026;36;20;3;2;11;9;55.6;corrigee;EdTech;Prélabel;0;Prélabel Accordé au 3 ème Tour
02/2026;36;20;3;2;11;9;55.6;corrigee;Fastoch;Affes Hedi;Khaled Affes;Mobility
02/2026;36;20;3;2;11;9;55.6;corrigee;Label;;0;Label Non Accordé au 2 ème Tour
02/2026;36;20;3;2;11;9;55.6;corrigee;Styly App;Soumaya Sebai, Commerce;and shopping;Label
02/2026;36;20;3;2;11;9;55.6;corrigee;N.A;N.A, Label Non Accordé au 2 ème Tour, Hassen Aarfaoui a déclaré avoir un conflit d'intérêt, ERPOptic, Akrimi IHEB;mohamed amine saadaoui;Fintech
02/2026;36;20;3;2;11;9;55.6;corrigee;Label;;0;Label Non Accordé au 2 ème Tour
02/2026;36;20;3;2;11;9;55.6;corrigee;Diyese-GEN;Adnen Selmi;Zied Selmi;Business
02/2026;36;20;3;2;11;9;55.6;corrigee;Software and;;services;Label
02/2026;36;20;3;2;11;9;55.6;corrigee;N.A;N.A, Label Non Accordé au 2 ème Tour, GALYLIO, Tajer Karim;Wala Naghmouchi;Haydar Boudhrioua
02/2026;36;20;3;2;11;9;55.6;corrigee;Nawres Askri;;belhadj amir;Mariem Ben Hmad
02/2026;36;20;3;2;11;9;55.6;corrigee;Ala Din Habibi;Business, Software and;services;Label
02/2026;36;20;3;2;11;9;55.6;corrigee;N.A;N.A, Label Non Accordé au 2 ème Tour, Hamo, Ouled Yahya Mohamed, Business, Software and;services;Label
02/2026;36;20;3;2;11;9;55.6;corrigee;N.A;N.A, Label Non Accordé au 2 ème Tour, WEFE-TECH, Mounir Brik;Wafa Helali;Ons brik
02/2026;36;20;3;2;11;9;55.6;corrigee;Environment;Label;1;Label Non Accordé au 2 ème Tour
02/2026;36;20;3;2;11;9;55.6;corrigee;Darli;Wajdi Hajji, Real Estate, Tech, Prélabel;0;Prélabel Non Accordé au 2 ème Tour
02/2026;36;20;3;2;11;9;55.6;corrigee;Inlumya;Rayen Souissi, EdTech, Prélabel;1;Prélabel Non Accordé au 2 ème Tour
02/2026;36;20;3;2;11;9;55.6;corrigee;Maher Ben Gaied;Business, Software and;services;Prélabel
02/2026;36;20;3;2;11;9;55.6;corrigee;N.A;N.A, Prélabel Non Accordé au 2 ème Tour, Tunisia Camp, Wael zahra;Neji Khouja;TravelTech
02/2026;36;20;3;2;11;9;55.6;corrigee;Prélabel;;0;Prélabel Non Accordé au 2 ème Tour
02/2026;36;20;3;2;11;9;55.6;corrigee;Integrated Analysis and;Decision Solution, Mohamed Hedi Jebara, Ad Tech and, Creative Tech, Prélabel;0;Prélabel Non Accordé au 2 ème Tour
02/2026;36;20;3;2;11;9;55.6;corrigee;Spovio;;wael nouira;mohamed khalil Askri
02/2026;36;20;3;2;11;9;55.6;corrigee;Consumer;;products and;services
02/2026;36;20;3;2;11;9;55.6;corrigee;Prélabel;;0;Prélabel Non Accordé au 2 ème Tour
02/2026;36;20;3;2;11;9;55.6;corrigee;Anis Sahbani a déclaré avoir un conflit d'intérêt;;zitoun ai technology lab;houssem zitoun
02/2026;36;20;3;2;11;9;55.6;corrigee;Business;Software and;services;Prélabel
02/2026;36;20;3;2;11;9;55.6;corrigee;N.A;N.A, Prélabel Non Accordé au 2 ème Tour, Promoet, Adnene Marnissi;Abdallah Lahbib;JAMEL EDDINE EL MOUELHI
02/2026;36;20;3;2;11;9;55.6;corrigee;Commerce;;and shopping;Prélabel
02/2026;36;20;3;2;11;9;55.6;corrigee;N.A;N.A, Prélabel Non Accordé au 2 ème Tour, Sensei AI, Majed ELBOUR;Youssef Baklouti;Business
02/2026;36;20;3;2;11;9;55.6;corrigee;Software and;;services;Prélabel
02/2026;36;20;3;2;11;9;55.6;corrigee;N.A;N.A, Prélabel Non Accordé au 2 ème Tour, KweekTech;mohamed gassoumi;Gannoun Ahmed
02/2026;36;20;3;2;11;9;55.6;corrigee;FoodTech &;New Food, Prélabel;1;Prélabel Non Accordé au 2 ème Tour
02/2026;36;20;3;2;11;9;55.6;corrigee;Tiejob;Mortadha El mehri;Mojtabah Mehri;MEHRI Adem
02/2026;36;20;3;2;11;9;55.6;corrigee;Amine Mehri;Business, Software and;services;Prélabel
02/2026;36;20;3;2;11;9;55.6;corrigee;N.A;N.A, Prélabel Non Accordé au 2 ème Tour, Edutime, Guettat Sabeur;Yessine Ben amor;EdTech
02/2026;36;20;3;2;11;9;55.6;corrigee;Prélabel;;0;Prélabel Non Accordé au 2 ème Tour
02/2026;36;20;3;2;11;9;55.6;corrigee;ZIARA;Wakassi Badra;FOUAD BATROUNI;Real Estate
02/2026;36;20;3;2;11;9;55.6;corrigee;Tech;Prélabel;1;Prélabel Non Accordé au 2 ème Tour
02/2026;36;20;3;2;11;9;55.6;corrigee;Hassen Aarfaoui a déclaré avoir un conflit d'intérêt;LysiteK, Kawther MEKNI;Marwa MEKNI;Sohaib MEDINI
02/2026;36;20;3;2;11;9;55.6;corrigee;Business;Software and;services;Prélabel
02/2026;36;20;3;2;11;9;55.6;corrigee;N.A;N.A, Prélabel Non Accordé au 2 ème Tour, Casanova;mohamed Idriss Tamni;Landolsi Sabrine
02/2026;36;20;3;2;11;9;55.6;corrigee;Mohamed Amine Harbaoui;Consumer;products and;services
02/2026;36;20;3;2;11;9;55.6;corrigee;Prélabel;;0;Prélabel Non Accordé au 2 ème Tour
02/2026;36;20;3;2;11;9;55.6;corrigee;Padel Insights;;mahdi jmal;Adam Bouchaala
02/2026;36;20;3;2;11;9;55.6;corrigee;Business;Software and;services;Prélabel
02/2026;36;20;3;2;11;9;55.6;corrigee;N.A;N.A, Prélabel Non Accordé au 2 ème Tour, AutoSimix;yassine karaouli;Rami Mazouzi
02/2026;36;20;3;2;11;9;55.6;corrigee;Advanced;Manufacturing;& Robotics;Prélabel
02/2026;36;20;3;2;11;9;55.6;corrigee;Prélabel Non Accordé au 3 ème Tour;Passage de Prélabels aux Labels, Projet, Société, Fondateurs, Secteur, Session d'obtention;du Prélabel;Résultat
02/2026;36;20;3;2;11;9;55.6;corrigee;Commentaires;Innovia360, Société d'innovation en intelligence;artificielle;slim zghal
02/2026;36;20;3;2;11;9;55.6;corrigee;Momtez AYADI;Business Software and services, Octobre 2025, Label accordé, Label accordé suite à la création de la Startup et le respect des conditions d'octroi, Real Time Data Logger-RTDL, AIOT LABS, Mokhtar HARRABI;Adam Ben Slama;Mohamed Ameur
02/2026;36;20;3;2;11;9;55.6;corrigee;BEN;ABDESSALEM, HealthTech, Décembre 2025, Label accordé, Label accordé suite à la création de la Startup et le respect des conditions d'octroi, The pointing Graphical Tablet, Digi Draw, Mohamed Taibah, Mohamed Kais, Ben Rhouma, Advanced Manufacturing & Robotics, Septembre 2025, Label accordé, Label accordé suite à la création de la Startup et le respect des conditions d'octroi;نﯾﺗﻣﺎﻣﯾﻟا LAYAMAMATAYN;LAYAMAMATAYN BILA HOUDOUD
02/2026;36;20;3;2;11;9;55.6;corrigee;SABRINE;MARZOUGUI, Kawther Marzouki, Norene Sakouhi, EdTech, Septembre 2025, Label accordé, Label accordé suite à la création de la Startup et le respect des conditions d'octroi, OraNext Ai, OraNext Ai, Aymen Yahyaoui, Maher Boughdiri, Iheb Chhaibi, Wassim Sliti, Advanced Manufacturing & Robotics, Août 2025, Label accordé, Label accordé suite à la création de la Startup et le respect des conditions d'octroi, Moodicament, Wejden Spire, Roua Bargaoui;Mohamed;Haroun Ouanes
02/2026;36;20;3;2;11;9;55.6;corrigee;Ala Ben Aicha;HealthTech, Décembre 2025, Label accordé, Label accordé suite à la création de la Startup et le respect des conditions d'octroi, Serbot, AUVEXIS, Chawki, Gharsellaoui;Mbarki Kabil;Hmercha Amjed
02/2026;36;20;3;2;11;9;55.6;corrigee;Wael Hichri;Advanced Manufacturing & Robotics, Octobre 2025, Label accordé, Label accordé suite à la création de la Startup et le respect des conditions d'octroi, Play and Code, NOON PLAY AND CODE, Taha Jlassi;ramla el ayeb ep;jlassi
02/2026;36;20;3;2;11;9;55.6;corrigee;Karim JLASSI;EdTech, Août 2025, Label accordé, Label accordé suite à la création de la Startup et le respect des conditions d'octroi, VIBE FLOW Ai, VIBE FLOW Ai, Ali Abdallah;ala touati;Ad Tech and Creative Tech
02/2026;36;20;3;2;11;9;55.6;corrigee;Septembre 2025;Label accordé, Label accordé suite à la création de la Startup et le respect des conditions d'octroi, SAHTEE, NormSafety;abderrahmen;abdelkabir
02/2026;36;20;3;2;11;9;55.6;corrigee;Slaheddine;Dardouri, HealthTech, Janvier 2026, Label accordé, Label accordé suite à la création de la Startup et le respect des conditions d'octroi, Riyasol, RIYASOL, Asma Ferchichi, Houda Ferchichi, Business Software and services, Janvier 2026, Label accordé, Label accordé suite à la création de la Startup et le respect des conditions d'octroi, Retraits Labels, Société, Secteur, Session d'obtention;du Label;Décision
02/2026;36;20;3;2;11;9;55.6;corrigee;Commentaires;ADVALIANCE CONSULTING, ASSISTANCE, Marketing;avril 2019;Retrait du Label
02/2026;36;20;3;2;11;9;55.6;corrigee;La société a dépassé l'âge maximum de 8 ans fixé par;;la loi 20-2018 pour les sociétés bénéficiaires du Label;MOLINE
02/2026;36;20;3;2;11;9;55.6;corrigee;Health care;;mars 2021;Retrait du Label
02/2026;36;20;3;2;11;9;55.6;corrigee;La société a dépassé l'âge maximum de 8 ans fixé par;;la loi 20-2018 pour les sociétés bénéficiaires du Label;
03/2026;41;13;7;6;3;10;31.7;conforme;Label;;7;Label Accordé au 2 ème Tour
03/2026;41;13;7;6;3;10;31.7;conforme;WIDITION;Mériem Jaïdane;Nader Mechergui;Neska Elhaouij
03/2026;41;13;7;6;3;10;31.7;conforme;Wellness;Label;5;Label Accordé au 2 ème Tour
03/2026;41;13;7;6;3;10;31.7;conforme;Rim Saied et Anis Sahbani ont déclaré avoir un;;conflit d'intérêt;LEGALYZ
03/2026;41;13;7;6;3;10;31.7;conforme;Aymen El Kadhi;;Khalil Bessaad;hassen noamen
03/2026;41;13;7;6;3;10;31.7;conforme;Business Software and;;services;Label
03/2026;41;13;7;6;3;10;31.7;conforme;N.A;N.A, Label Accordé au 2 ème Tour, Talent 619, Saifeddine Mgasseb;bacha baha eddine;Business Software and
03/2026;41;13;7;6;3;10;31.7;conforme;Label;;2;Label Accordé au 3 ème Tour
03/2026;41;13;7;6;3;10;31.7;conforme;ComptaRise;;karim Nouira;Ines Ben khalifa
03/2026;41;13;7;6;3;10;31.7;conforme;Fintech;Label;4;Label Accordé au 3 ème Tour
03/2026;41;13;7;6;3;10;31.7;conforme;WISER DESIGN TECHNOLOGY;TUNISIA, MOHAMED MEHDI, BACCOUCHE;MOHAMED LOTFI;DEROUICHE
03/2026;41;13;7;6;3;10;31.7;conforme;Advanced;Manufacturing &, Robotics, Label;0;Label Accordé au 3 ème Tour
03/2026;41;13;7;6;3;10;31.7;conforme;Hanen Kaaouana a déclaré avoir un conflit;;d'intérêt;Pharma link
03/2026;41;13;7;6;3;10;31.7;conforme;Omar Haffoudhi;;Hassen Hafoudhi;Anis Hafoudhi
03/2026;41;13;7;6;3;10;31.7;conforme;Wafa Aouine;HealthTech, Label;1;Label Accordé au 3 ème Tour
03/2026;41;13;7;6;3;10;31.7;conforme;Fitories;Anas HAJLAOUI;Sofiene Ben romdhane;Sami sghaier
03/2026;41;13;7;6;3;10;31.7;conforme;HealthTech;Label;3;Label Accordé au 3 ème Tour
03/2026;41;13;7;6;3;10;31.7;conforme;WattzHub Tunisie;Oumayma AMRI, Mobility, Label;1;Label Accordé au 3 ème Tour
03/2026;41;13;7;6;3;10;31.7;conforme;CnBees;Jaouher Mghirbi;Adel Ghorbel;Fintech
03/2026;41;13;7;6;3;10;31.7;conforme;Label;;2;Label Accordé au 3 ème Tour
03/2026;41;13;7;6;3;10;31.7;conforme;TrinovaQ;Raef Ben Jeddou;Hela Bouallegue;Business Software and
03/2026;41;13;7;6;3;10;31.7;conforme;Prélabel;;6;Prélabel Accordé au 2 ème Tour
03/2026;41;13;7;6;3;10;31.7;conforme;Cosmos;Iyed Gabsi;mohamed dahmani;Business Software and
03/2026;41;13;7;6;3;10;31.7;conforme;Prélabel;;6;Prélabel Accordé au 2 ème Tour
03/2026;41;13;7;6;3;10;31.7;conforme;FOODIERI;Sabrine Hammami;Dina Mechergui;Sabrine Golli
03/2026;41;13;7;6;3;10;31.7;conforme;FoodTech & New Food;Prélabel;6;Prélabel Accordé au 2 ème Tour
03/2026;41;13;7;6;3;10;31.7;conforme;RASD - Risk Assessment &;Security Dashboard, Houcem KOLSI, Business Software and;services;Prélabel
03/2026;41;13;7;6;3;10;31.7;conforme;Prélabel Accordé au 3 ème Tour;Optiflows, Jihed El Hak Bakalti;Mohamed Aziz Ayadi;Business Software and
03/2026;41;13;7;6;3;10;31.7;conforme;Prélabel;;4;Prélabel Accordé au 3 ème Tour
03/2026;41;13;7;6;3;10;31.7;conforme;Hassen Aarfaoui a déclaré avoir un conflit;;d'intérêt;Drivi.tn
03/2026;41;13;7;6;3;10;31.7;conforme;Mohamed Salah Ayari;;Mohamed Aissa MAAMER;Med Ben aoun
03/2026;41;13;7;6;3;10;31.7;conforme;EdTech;Prélabel;3;Prélabel Accordé au 3 ème Tour
03/2026;41;13;7;6;3;10;31.7;conforme;Degla;Aziz Hanafi;Ahmed Mohmedzain;Business Software and
03/2026;41;13;7;6;3;10;31.7;conforme;Prélabel;;2;Prélabel Accordé au 3 ème Tour
03/2026;41;13;7;6;3;10;31.7;conforme;Anis Sahbani a déclaré avoir un conflit d'intérêt;Elbat7a.tn, Chiheb Chammem;abdelaziz ben yahia;Oussama Ben achour
03/2026;41;13;7;6;3;10;31.7;conforme;Ad Tech and Creative;Tech, Label;1;Label Non Accordé au 2 ème Tour
03/2026;41;13;7;6;3;10;31.7;conforme;B-CAR;Adnen Romdhane;Siwar Hafian;Mobility
03/2026;41;13;7;6;3;10;31.7;conforme;Label;;0;Label Non Accordé au 2 ème Tour
03/2026;41;13;7;6;3;10;31.7;conforme;Nizar JLASSI;;Rym Sghaier;Real Estate Tech
03/2026;41;13;7;6;3;10;31.7;conforme;Label;;0;Label Non Accordé au 2 ème Tour
03/2026;41;13;7;6;3;10;31.7;conforme;Confirmed;;chahine elamri;Commerce and
03/2026;41;13;7;6;3;10;31.7;conforme;Label;;0;Label Non Accordé au 2 ème Tour
03/2026;41;13;7;6;3;10;31.7;conforme;Taniterra;Nadhem Chroudi, Business Software and;services;Label
03/2026;41;13;7;6;3;10;31.7;conforme;N.A;N.A, Label Non Accordé au 2 ème Tour, LoopImpact, Imed Hamdi, Environment, Label;0;Label Non Accordé au 2 ème Tour
03/2026;41;13;7;6;3;10;31.7;conforme;Vexylio Reg.;AHMED TARHOUNI TRABELSI, HealthTech, Label;0;Label Non Accordé au 2 ème Tour
03/2026;41;13;7;6;3;10;31.7;conforme;DigiTechBridge360;Kalai Mohamed;Selim Gatti;Anis Wahabi
03/2026;41;13;7;6;3;10;31.7;conforme;Business Software and;;services;Label
03/2026;41;13;7;6;3;10;31.7;conforme;Label Non Accordé au 3 ème Tour;Hassen Aarfaoui a déclaré avoir un conflit;d'intérêt;Djanguil
03/2026;41;13;7;6;3;10;31.7;conforme;Mehdi KHECHINE;;HAYTHEM BEN KAAB;Hmida Ben Tili
03/2026;41;13;7;6;3;10;31.7;conforme;Business Software and;;services;Prélabel
03/2026;41;13;7;6;3;10;31.7;conforme;N.A;N.A, Prélabel Non Accordé au 2 ème Tour, Hassen Aarfaoui a déclaré avoir un conflit;d'intérêt;DropWise Technologie
03/2026;41;13;7;6;3;10;31.7;conforme;Souhail Daoued;;Moatez Chraiet;Zouhaiera Abdaoui
03/2026;41;13;7;6;3;10;31.7;conforme;Agritech;Prélabel;0;Prélabel Non Accordé au 2 ème Tour
03/2026;41;13;7;6;3;10;31.7;conforme;Kiloklean;Yassine BELHEDI, Environment, Prélabel;0;Prélabel Non Accordé au 2 ème Tour
03/2026;41;13;7;6;3;10;31.7;conforme;NB PRODUCTS;Nesrine Ben Ali;khouloud lazher;Agritech
03/2026;41;13;7;6;3;10;31.7;conforme;Prélabel;;0;Prélabel Non Accordé au 2 ème Tour
03/2026;41;13;7;6;3;10;31.7;conforme;DataIndus;MOHAMED AZIZ BEN, MAHMOUD, Advanced, Manufacturing &, Robotics, Prélabel;0;Prélabel Non Accordé au 2 ème Tour
03/2026;41;13;7;6;3;10;31.7;conforme;NexioT;Mefteh Wajdi;Lilia Sfaxi;Ben Nasr Nejib
03/2026;41;13;7;6;3;10;31.7;conforme;Advanced;Manufacturing &, Robotics, Prélabel;0;Prélabel Non Accordé au 2 ème Tour
03/2026;41;13;7;6;3;10;31.7;conforme;Mounir Riahi;Business Software and;services;Prélabel
03/2026;41;13;7;6;3;10;31.7;conforme;N.A;N.A, Prélabel Non Accordé au 2 ème Tour;cantinou;Mohamed BOUHAMED
03/2026;41;13;7;6;3;10;31.7;conforme;HealthTech;Prélabel;0;Prélabel Non Accordé au 2 ème Tour
03/2026;41;13;7;6;3;10;31.7;conforme;MindCura;;dhia eddine ftiss;Basma Souani
03/2026;41;13;7;6;3;10;31.7;conforme;Tayssir Ben Nehia;HealthTech, Prélabel;0;Prélabel Non Accordé au 2 ème Tour
03/2026;41;13;7;6;3;10;31.7;conforme;KindOfHero;Raouya Kriaa;Chadi Ayari;EdTech
03/2026;41;13;7;6;3;10;31.7;conforme;Prélabel;;1;Prélabel Non Accordé au 3 ème Tour
03/2026;41;13;7;6;3;10;31.7;conforme;Plantini;Mouhamed Wassim Mbarek;Mouhamed Wassim Mbarek;Hanine ABBES
03/2026;41;13;7;6;3;10;31.7;conforme;Agritech;Prélabel;2;Prélabel Non Accordé au 3 ème Tour
03/2026;41;13;7;6;3;10;31.7;conforme;SkySwift Medical;Kamel Djouaihia;Kamel Djouaihia;HealthTech
03/2026;41;13;7;6;3;10;31.7;conforme;Prélabel;;0;Prélabel Non Accordé au 3 ème Tour
03/2026;41;13;7;6;3;10;31.7;conforme;Cure Care;Walid Jemaa;Mohamed Dhaouafi;Bechir Yacoubi
03/2026;41;13;7;6;3;10;31.7;conforme;Arafet Toubib;HealthTech, Prélabel;0;Prélabel Non Accordé au 3 ème Tour
03/2026;41;13;7;6;3;10;31.7;conforme;VLOX;Mouhamed Ben salah, Mobility, Prélabel;1;Prélabel Non Accordé au 3 ème Tour
03/2026;41;13;7;6;3;10;31.7;conforme;Société DoYield Tunisie /;Projet RevMate, Chedi Chaari;Chedi Chaari;Gaëtan Gil
03/2026;41;13;7;6;3;10;31.7;conforme;Business Software and;;services;Label
03/2026;41;13;7;6;3;10;31.7;conforme;N.A;N.A, N.A, N.A, N.A, N.A, Label Non Accordé au 1 er Tour:;la société française est détenue à plus de 50 %;par un groupement de sociétés ,elle ne peut pas
03/2026;41;13;7;6;3;10;31.7;conforme;Eggmed;Akram Azaiez, HealthTech, Label, N.A, N.A, N.A, N.A, N.A, N.A, Label Non Accordé au 1 er Tour pour Non;communication des états financiers de l'entité;étrangère actionnaire , ce qui ne permet pas de
03/2026;41;13;7;6;3;10;31.7;conforme;Startup étrangère exigée par l'article 3 point 3;;de la loi n°2018-20 du 17 avril 2018 relative aux;"startups ; par conséquent, la candidature est"
03/2026;41;13;7;6;3;10;31.7;conforme;Passage de Prélabels aux Labels;Projet, Société, Fondateurs, Secteur, Session d'obtention;du Prélabel;Résultat
03/2026;41;13;7;6;3;10;31.7;conforme;Commentaires;Flashbac, SOCIETE FLASHBAC CREATIVE, LEARNING, Mohamed Mouhib Meddeb, Hazem Ben Saria, EdTech, Septembre 2025, Label accordé, Label accordé suite à la création de la Startup et le respect des conditions d'octroi, Fiel Medina, DACNIS SARL, Mohamed Touati, TravelTech, Décembre 2025, Label accordé, Label accordé suite à la création de la Startup et le respect des conditions d'octroi, Trip Hive, Trip Hive Technologies, Ben thabet Mohamed, Charfeddine Aziza, Souaf Amir, Rebhi Amira, Hamden Nasri, TravelTech, Septembre 2025, Label accordé, Label accordé suite à la création de la Startup et le respect des conditions d'octroi, Retraits Labels, Société, Secteur, Session d'obtention;du Label;Décision
03/2026;41;13;7;6;3;10;31.7;conforme;Commentaires;Digital Cultural eXperience, EdTech;janvier 2020;Retrait du Label
03/2026;41;13;7;6;3;10;31.7;conforme;La société a dépassé l'âge maximum de 8 ans fixé par;;la loi 20-2018 pour les sociétés bénéficiaires du Label;Neopolis Development
03/2026;41;13;7;6;3;10;31.7;conforme;Insurance Tech;;mai 2019;Retrait du Label
03/2026;41;13;7;6;3;10;31.7;conforme;La société a dépassé l'âge maximum de 8 ans fixé par;;la loi 20-2018 pour les sociétés bénéficiaires du Label;NATDYES
03/2026;41;13;7;6;3;10;31.7;conforme;Wearables;;mai 2020;Retrait du Label
03/2026;41;13;7;6;3;10;31.7;conforme;La société a dépassé l'âge maximum de 8 ans fixé par;;la loi 20-2018 pour les sociétés bénéficiaires du Label;IDARA TN
03/2026;41;13;7;6;3;10;31.7;conforme;Plateforme Sociale;;septembre 2019;Retrait du Label
03/2026;41;13;7;6;3;10;31.7;conforme;La société a dépassé l'âge maximum de 8 ans fixé par;;la loi 20-2018 pour les sociétés bénéficiaires du Label;Aston technologies
03/2026;41;13;7;6;3;10;31.7;conforme;Fintech;;septembre 2019;Retrait du Label
03/2026;41;13;7;6;3;10;31.7;conforme;La société a dépassé l'âge maximum de 8 ans fixé par;;la loi 20-2018 pour les sociétés bénéficiaires du Label;Teens Media
03/2026;41;13;7;6;3;10;31.7;conforme;Creative industry;;octobre 2021;Retrait du Label
03/2026;41;13;7;6;3;10;31.7;conforme;La société a dépassé l'âge maximum de 8 ans fixé par;;la loi 20-2018 pour les sociétés bénéficiaires du Label;
