decision_id;company_name;founder_name;session
S0_D0001;Datavora;Hadi Zaher;03/2019
S0_D0001;Datavora;Oussama Messaoud;03/2019
S0_D0002;Enova Robotics;Anis Sahbani;03/2019
S0_D0002;Enova Robotics;Philippe Bidaud;03/2019
S0_D0002;Enova Robotics;Christophe Grand;03/2019
S0_D0003;Ezzayra Solutions;Yasser Bououd;03/2019
S0_D0004;Polysmart;Ahmed Cheikhrouhou;03/2019
S0_D0004;Polysmart;Haroun Bouchrit;03/2019
S0_D0005;Be Wireless Solutions;Karim Kharrat;03/2019
S0_D0005;Be Wireless Solutions;Nizar Ghram;03/2019
S0_D0005;Be Wireless Solutions;Sofiene Ghram;03/2019
S0_D0006;Medilsys;Anis Ghorbel;03/2019
S0_D0006;Medilsys;Najmeddine Nouri;03/2019
S0_D0006;Medilsys;Sofiene Ghorbel;03/2019
S0_D0007;Roamsmart;Walid Chamekh;03/2019
S0_D0007;Roamsmart;Mehdi Triki;03/2019
S0_D0008;Vitalight Lab;Khaoula Ben Slimane;03/2019
S0_D0008;Vitalight Lab;Ilyes Gouja;03/2019
S0_D0009;Dabchy;Ghazi Ketata;03/2019
S0_D0009;Dabchy;Ameni Mansouri;03/2019
S0_D0009;Dabchy;Oussama Mahjoub;03/2019
S0_D0010;Next Gen Corp;Moez Lachned;03/2019
S0_D0010;Next Gen Corp;Ahmed Nabli;03/2019
S0_D0011;Nostatik Media;Khaled Frad;03/2019
S0_D0011;Nostatik Media;Ramzi Mrad;03/2019
S0_D0012;Paypos Tunisie;Khatib Chakchouk;03/2019
S0_D0013;Foua Shop;Karim Skik;03/2019
S0_D0014;Mitigan;Omar El Matri;03/2019
S0_D0014;Mitigan;Ahmed Farhat;03/2019
S0_D0014;Mitigan;Kais Laouiti;03/2019
S0_D0014;Mitigan;Elyes Jouini;03/2019
S0_D0014;Mitigan;Hemdene Ben Othmane;03/2019
S0_D0014;Mitigan;Mohamed Ali Elloumi;03/2019
S1_D0001;GoMyCode;Yahya Bouhlel;04/2019
S1_D0001;GoMyCode;Amine Bouhlel;04/2019
S1_D0002;Mass SA;Ramla Jarrar;04/2019
S1_D0002;Mass SA;Firas Jabloun;04/2019
S1_D0003;STE Kaoun;Nebras Jemel;04/2019
S1_D0003;STE Kaoun;Anis Kallel;04/2019
S1_D0003;STE Kaoun;Rostom Bouazizi;04/2019
S1_D0004;Apprentus Tunisie;Gaetan Deremince;04/2019
S1_D0004;Apprentus Tunisie;Marius Andra;04/2019
S1_D0005;Bus Software;Amor Sahnoun;04/2019
S1_D0005;Bus Software;Makrem Erguez;04/2019
S1_D0006;ilboursa.com;Ismail Ben Sassi;04/2019
S1_D0006;ilboursa.com;Rodolphe Villaes;04/2019
S1_D0007;Methania Industries;Selim Kanzari;04/2019
S1_D0007;Methania Industries;Tahar Azizi;04/2019
S1_D0008;Wattnow;Issam Smaali;04/2019
S1_D0009;TechAccessibility;Mohamed Nour Ben Yahia;04/2019
S1_D0010;Taysir Solutions Tunisia;Mohamed Belghith;04/2019
S1_D0010;Taysir Solutions Tunisia;Fakhreddine Hachfi;04/2019
S1_D0011;UniQ Soft Technology;Bechir Yakhlef;04/2019
S1_D0012;Armani Arabic Academy;Salwa Armani;04/2019
S1_D0013;Dqlick;Hamdi Bouslah;04/2019
S1_D0014;KNSD;Ali Boulila;04/2019
S1_D0015;MedCREtech;Nacef Bouzguenda;04/2019
S1_D0016;Novel-Ti;Zied Loukil;04/2019
S1_D0016;Novel-Ti;Ferdaous Masmoudi;04/2019
S1_D0017;PEAK Technologies;Moslem Ben Dhaou;04/2019
S1_D0017;PEAK Technologies;Bilel Methnani;04/2019
S1_D0018;Smart and Clean;Mourad Bouabdallah;04/2019
S1_D0019;Tadeco IT;Aymen Talbi;04/2019
S1_D0020;TechAbility;Dorra Kammoun;04/2019
S1_D0020;TechAbility;Oussama Romdhane;04/2019
S1_D0021;Expensya (Pepino Tech);Karim Jouini;04/2019
S1_D0021;Expensya (Pepino Tech);Jihed Othmani;04/2019
S1_D0022;Smart Mobility;Mokhles Masmoudi;04/2019
S1_D0023;Educanet;Anis Ben Arbia;04/2019
S1_D0024;Study.tn;Nidhal Abidi;04/2019
S1_D0024;Study.tn;Mohamed Selim Hadrich;04/2019
S1_D0024;Study.tn;Nadhir Abidi;04/2019
S1_D0024;Study.tn;Seyf Hamdaoui;04/2019
S1_D0025;Tunisie Matériel Roulant;Amel Besbes;04/2019
S1_D0025;Tunisie Matériel Roulant;Kais Aribi;04/2019
S1_D0026;Embedded Solutions and Advanced Technology;Mohamed Salouati;04/2019
S1_D0027;Inotek engineering;Mehdi Mazlout;04/2019
S1_D0027;Inotek engineering;Walid Saghari;04/2019
S1_D0028;Paymee;Marwen Amamou;04/2019
S1_D0029;Healthcare Anywhere;Imed Abed;04/2019
S1_D0029;Healthcare Anywhere;Fadoua Ouerdiane;04/2019
S1_D0030;TunRooms;Mohamed Ali Afif;04/2019
S1_D0031;Galactech;Houssem Maiza;04/2019
S1_D0032;Domodar;Rochdi Zaghden;04/2019
S1_D0032;Domodar;Walid Dieff Allah;04/2019
S1_D0033;Vynd;Adam Chebbi;04/2019
S1_D0033;Vynd;Khalil Ben Hamouda;04/2019
S1_D0034;Empire communication;Hani Hamrouni;04/2019
S1_D0034;Empire communication;Davide David;04/2019
S1_D0035;3D Forge;Ferid Kamel;04/2019
S1_D0035;3D Forge;Mohamed Abul Heija;04/2019
S1_D0036;Africa Flying and Engineering;Walid Meskine;04/2019
S1_D0037;Ticket Communication TICOM;Aida Rafrafi;04/2019
S1_D0038;TeTa concept;Achraf Jamli;04/2019
S1_D0039;WeMake;Abdelmajid Mathlouthi;04/2019
S1_D0039;WeMake;Karim Yahyaoui;04/2019
S1_D0040;Micro Device Tunisia;Hamdi Ben Amor;04/2019
S1_D0041;Kiwi Softwares;Ali Bouslama;04/2019
S1_D0042;Tunisie Co;Khaled Aouij;04/2019
S1_D0043;Best Way;Ahmed Ben Hamida;04/2019
S1_D0044;ComEngineering;Omar Chahata;04/2019
S1_D0044;ComEngineering;Ahmed Rouetbi;04/2019
S1_D0045;Testafid+;Mohamed Ghmadh;04/2019
S1_D0046;Afrique Charbon;Abdelaziz Bahri;04/2019
S1_D0047;Ironhoster;Naiim Lamloumi;04/2019
S1_D0048;Boostiny;Tarak Nachnouchi;04/2019
S1_D0049;Forevermo (Paravoisin);Mohamed Methnani;04/2019
S1_D0050;Supply Air;Aymen Tleilia;04/2019
S1_D0050;Supply Air;Hatem Lefi;04/2019
S1_D0051;Sawsan Bellaj Training & Consulting;Sawssen Bellaj;04/2019
S1_D0052;Casual Bet;Walid Balti;04/2019
S1_D0052;Casual Bet;Abderahmen Mahmoudi;04/2019
S2_D0001;TakiAcademy;Takieddine Ben Messaoud;05/2019
S2_D0002;Deli Solutions;Sami Tounsi;05/2019
S2_D0002;Deli Solutions;Zied Ouerdani;05/2019
S2_D0003;NewGen;Seifeddine Ben Hamouda;05/2019
S2_D0004;InstaDeep;Zohra Slim;05/2019
S2_D0004;InstaDeep;Karim Beguir;05/2019
S2_D0005;Lifeye;Ahmed Ben Achballah;05/2019
S2_D0005;Lifeye;Bassem Boujelben;05/2019
S2_D0005;Lifeye;Zied Chabchoub;05/2019
S2_D0005;Lifeye;Tarek Blaiech;05/2019
S2_D0005;Lifeye;Mohamed Kallel;05/2019
S2_D0005;Lifeye;Achraf Chabbouh;05/2019
S2_D0005;Lifeye;Ahmed Ben Said;05/2019
S2_D0005;Lifeye;Rateb Jabbar;05/2019
S2_D0006;Echo;Amine Laaroussi;05/2019
S2_D0007;Seemba Gaming;Slim Ben Nasrsallah;05/2019
S2_D0007;Seemba Gaming;Jacer Omri;05/2019
S2_D0007;Seemba Gaming;Mohamed Ben Hadj Aissa;05/2019
S2_D0007;Seemba Gaming;Jihed Bibani;05/2019
S2_D0007;Seemba Gaming;Ben Messaoud TakiEddine;05/2019
S2_D0008;WeCode Land;Wala Kasmi;05/2019
S2_D0008;WeCode Land;Mohamed Ali Boumiza;05/2019
S2_D0009;Smart Med SA;Issam Bellaj;05/2019
S2_D0009;Smart Med SA;Aymen Turki;05/2019
S2_D0009;Smart Med SA;Emna Jellouli;05/2019
S2_D0010;Société STBI;Sofiene Horrigue;05/2019
S2_D0011;Actifs Précieux Apex S.A;Hajer Derouiche;05/2019
S2_D0011;Actifs Précieux Apex S.A;Hedi Derouiche;05/2019
S2_D0012;Neopolis Development;Achraf Khelil;05/2019
S2_D0012;Neopolis Development;Jacques-Yves Foucou;05/2019
S2_D0013;9arini.tn (édité par Digital World SARL);Kais Assali;05/2019
S2_D0013;9arini.tn (édité par Digital World SARL);Anis Wahabi;05/2019
S2_D0014;Fouta Tunisia;Beldi Zied;05/2019
S2_D0015;Swiver;Hichem Radoine;05/2019
S2_D0015;Swiver;Azzam Souelmia;05/2019
S2_D0016;profils.tn;Anis Maghar;05/2019
S2_D0016;profils.tn;Imen Maghar;05/2019
S2_D0017;Go Up Stand Up (Goupsup);Hazem Guent;05/2019
S2_D0017;Go Up Stand Up (Goupsup);Yassine Dimassi;05/2019
S2_D0018;TransFacile;Oussema Marai;05/2019
S2_D0018;TransFacile;Ghada Chelly;05/2019
S2_D0019;Asklepios;Marwen Badri;05/2019
S2_D0019;Asklepios;Youssef El Behi;05/2019
S2_D0020;Bookingtodo;Aziz Annabi;05/2019
S2_D0021;Industry X.0;Bilel Labidi;05/2019
S2_D0021;Industry X.0;Med Abdel Aziz Battikh;05/2019
S2_D0022;Bon'Heure;Nour Tekaya;05/2019
S2_D0022;Bon'Heure;Iskander Gafsi;05/2019
S2_D0023;Be bouncy;Ayoub Ben younes;05/2019
S2_D0023;Be bouncy;Sophie Alexandra Aiachi;05/2019
S2_D0024;Domotec;Hichem Moalla;05/2019
S2_D0024;Domotec;Yahia Moalla;05/2019
S2_D0025;Vim It;Imen Issaoui;05/2019
S2_D0026;Indigo Business Solutions;Mohamed Aloulou;05/2019
S2_D0027;Professional System;Hichem Ben Hammouda;05/2019
S2_D0028;Beego;Mohamed Amine Sammari;05/2019
S2_D0029;B'rain;Rami Boudaya;05/2019
S2_D0030;Développement d'applications comptables, gestion, finance;Mehdi Mabrouk;05/2019
S3_D0001;DEEPERA;Faouzi Moussa;06/2019
S3_D0001;DEEPERA;Mustapha Boughzou;06/2019
S3_D0002;FABSKILL;Sofiane Mabrouk;06/2019
S3_D0002;FABSKILL;Bechir Afifi;06/2019
S3_D0002;FABSKILL;Mohamed Ben Sfar;06/2019
S3_D0003;MajestEYE;Jihed Hannachi;06/2019
S3_D0003;MajestEYE;Rabie Saidi;06/2019
S3_D0003;MajestEYE;Soufien Ben Hamza;06/2019
S3_D0004;HERUNDO;Nizar Bouguila;06/2019
S3_D0004;HERUNDO;Bessem Jallouli;06/2019
S3_D0004;HERUNDO;Mohamed Boujelban;06/2019
S3_D0005;BioIntrants Technologie;Yassine Ben Menadi;06/2019
S3_D0005;BioIntrants Technologie;Chedli Ben Menadi;06/2019
S3_D0006;JUNIOR NETWORK;Sahar Ben Rached;06/2019
S3_D0006;JUNIOR NETWORK;Zeineb Chabchoub;06/2019
S3_D0006;JUNIOR NETWORK;Oussema Ksontini;06/2019
S3_D0007;Siteflow Factory;Samed Jalouali;06/2019
S3_D0007;Siteflow Factory;Timothée Piette;06/2019
S3_D0007;Siteflow Factory;Etienne Barrault;06/2019
S3_D0007;Siteflow Factory;Louis Hauvette;06/2019
S3_D0008;Insight+;Adel Jenni;06/2019
S3_D0008;Insight+;Imed Kouki;06/2019
S3_D0009;DATAERA;Hedi Zouari;06/2019
S3_D0009;DATAERA;Maher Heni;06/2019
S3_D0010;SF Technologies;Mohamed Taher Hammami;06/2019
S3_D0011;CREATIVE CULINARY;Aziz Ben Chedli;06/2019
S3_D0012;SAFOZI SARL;Zied Ouled Ali;06/2019
S3_D0013;NEXTPROTEIN TUNISIA;Mohamed Gastli;06/2019
S3_D0013;NEXTPROTEIN TUNISIA;Syrine Chaalala;06/2019
S3_D0014;SENIATNA;Neil Boussofara;06/2019
S3_D0015;VME Internationale;Foued Ben Babis;06/2019
S3_D0015;VME Internationale;Montassar Gharsa;06/2019
S3_D0016;Zoor;Mahdi Houli;06/2019
S3_D0016;Zoor;Radhi Houli;06/2019
S3_D0017;Natalista;Rim Besbes;06/2019
S3_D0018;Videsys;Abdelaziz Ktari;06/2019
S3_D0018;Videsys;Walid Messaoudia;06/2019
S3_D0019;AYSHEK;Amine Dimassi;06/2019
S3_D0019;AYSHEK;Mohamed Amine Baatout;06/2019
S3_D0020;Kidsbook;Mohamed Nadhir Belkhir;06/2019
S3_D0020;Kidsbook;Hafedh Dziri;06/2019
S3_D0021;Hezni Maak;Youssef Meksi;06/2019
S3_D0022;Pool & Fish Farm Smart Water Management;Afef Bohli;06/2019
S3_D0022;Pool & Fish Farm Smart Water Management;Sami Tabbane;06/2019
S3_D0023;Massart Engineering;Mahdi Ghribi;06/2019
S3_D0024;MyCity;Mohamed Sami Rahoui;06/2019
S3_D0025;Tisopia;Wala Kasmi;06/2019
S3_D0025;Tisopia;Mohamed Boumiza;06/2019
S3_D0026;TUNMOB SA (DIGIT-U);Houssine Midouni;06/2019
S3_D0027;SMAAO Tunisie;Amjed Ben Salah;06/2019
S3_D0028;Iris technologies;Khaled Bouchoucha;06/2019
S3_D0029;Agri Land;Saifeddine Kacem;06/2019
S3_D0029;Agri Land;AyetAllah Hlaiem;06/2019
S3_D0030;Doctor Sina;Laaroussi Ben Younes;06/2019
S3_D0031;Aevny;Nacir Bouazizi;06/2019
S3_D0031;Aevny;Ahmed Ben Marzoug;06/2019
S3_D0032;IYADATI;Cheker Jarray;06/2019
S4_D0001;TransIN / SmartIN;Wahid Mnasri;07/2019
S4_D0002;Catrim;Mohamed Amine Ghorbel;07/2019
S4_D0002;Catrim;Becem Ben Mustapha;07/2019
S4_D0003;eDonec;Nader Zouari;07/2019
S4_D0003;eDonec;Zakaria Hatira;07/2019
S4_D0004;Avempace;Haythem Boughzala;07/2019
S4_D0004;Avempace;Abdelhamid Kerkeni;07/2019
S4_D0005;NIWEES;Abdallah Najah;07/2019
S4_D0006;Arsela;Ines Hafi;07/2019
S4_D0006;Arsela;Achref Ben Ouannes;07/2019
S4_D0006;Arsela;Ahmed Ben Zineb;07/2019
S4_D0007;Coaching Foot;Ahmed Adala;07/2019
S4_D0007;Coaching Foot;Kheireddine Fradj;07/2019
S4_D0007;Coaching Foot;Hussein Jenayah;07/2019
S4_D0008;AROM R SARL;Ellyes Chakroun;07/2019
S4_D0009;Rahba.tn;Mahmoud Aboulrob;07/2019
S4_D0010;DeVolution studio;Hidayet Ayadi;07/2019
S4_D0010;DeVolution studio;Seifeddine Ben Achour;07/2019
S4_D0010;DeVolution studio;Oualid Khayatti;07/2019
S4_D0010;DeVolution studio;Oussema Maatouk;07/2019
S4_D0011;ASEPTIKA LAB;Selima Zaouali;07/2019
S4_D0011;ASEPTIKA LAB;Aziz Zaouali;07/2019
S4_D0012;Faavly;Mohamed Amine Grichi;07/2019
S4_D0013;Universa Blockchain;Omar Bouattay;07/2019
S4_D0013;Universa Blockchain;Alexandre Borodich;07/2019
S4_D0014;Surfin - powered by Incept;Sofiene Chaieb;07/2019
S4_D0015;TuniBoat;Ahmed Ayadi;07/2019
S4_D0016;Winshot;Walid Mzoughi;07/2019
S4_D0016;Winshot;Hela Gabsi;07/2019
S4_D0016;Winshot;Alaa Mokrani;07/2019
S4_D0017;Technologia Academy;Mohamed Amine Hlali;07/2019
S4_D0018;Minima.ai;Houssem eddine Mrad;07/2019
S4_D0019;Réseau social medical : Saheelha;Marwan Abidi;07/2019
S4_D0020;Advanced functionalities for smart home/company WiFi;Lotfi Aguerbaoui;07/2019
S4_D0021;Zainpulse;Zaineb Rezgui;07/2019
S4_D0022;Sala7li;Mohamed Aymen Ben Elhaj Mabrouk;07/2019
S4_D0022;Sala7li;Ines Dhaouadi;07/2019
S4_D0023;Appinov;Haykel Mrad;07/2019
S4_D0023;Appinov;Yazid Rahoui;07/2019
S4_D0023;Appinov;Heni Sabbeh;07/2019
S4_D0024;AES;Amine Souilhi;07/2019
S4_D0025;STE VIF PRO;Mohamed Mouldi Ayed;07/2019
S4_D0025;STE VIF PRO;Sabri Lachaal;07/2019
S4_D0026;Kademia;Mohamed Ali Jomaa;07/2019
S4_D0027;Glamour By Riyem;Riyem Saidi;07/2019
S4_D0028;Greendyzer;Faycal Sessi;07/2019
S4_D0028;Greendyzer;Bassem Abdelhak;07/2019
S4_D0028;Greendyzer;Mohamed Nidham Sfar Gandoura;07/2019
S4_D0029;VR Crystalized;Ahmed Khalil Abdelkhalek;07/2019
S4_D0029;VR Crystalized;Boulbaba Zitouni;07/2019
S5_D0001;EVOCRAFT;Ali Belhaj Zahi;08/2019
S5_D0001;EVOCRAFT;Haythem Dabbabi;08/2019
S5_D0001;EVOCRAFT;Imen Hajji;08/2019
S5_D0002;Smart Farm;Bechir Ben Brika;08/2019
S5_D0002;Smart Farm;Hamza Khechine;08/2019
S5_D0003;HealUp;Issam Ezzeddine;08/2019
S5_D0003;HealUp;Imed Ezzeddine;08/2019
S5_D0003;HealUp;Badi Bouteraa;08/2019
S5_D0004;MOOVOBRAIN;Khaoula Ben Ahmed;08/2019
S5_D0004;MOOVOBRAIN;Syrine Ayari;08/2019
S5_D0004;MOOVOBRAIN;Ghofrane Ayari;08/2019
S5_D0004;MOOVOBRAIN;Souleima Ben Temim;08/2019
S5_D0005;Dataperformers;Mehdi Merai;08/2019
S5_D0006;Appro.tn (L6);Slim Amamou;08/2019
S5_D0006;Appro.tn (L6);Nabegh Bechir Hatira;08/2019
S5_D0006;Appro.tn (L6);Hassen Marzouki;08/2019
S5_D0007;FoundPad;Mehdi Nakouri;08/2019
S5_D0007;FoundPad;Hazem Mhiri;08/2019
S5_D0008;KAPTY SARL;Amine Allah Manai;08/2019
S5_D0008;KAPTY SARL;Khaled Dridi;08/2019
S5_D0009;OTO TRAVEL;Elyes Elloumi;08/2019
S5_D0009;OTO TRAVEL;Ali ABid;08/2019
S5_D0010;IDEAL CONCEPTION;Mehdi Zaabar;08/2019
S5_D0011;iCompass;Ahmed Nouisser;08/2019
S5_D0011;iCompass;Mohamed Hatem Haddad;08/2019
S5_D0012;eDream Commerce;Kacem Ghozzi;08/2019
S5_D0012;eDream Commerce;Nebyl Ben Attia;08/2019
S5_D0013;Vsober;Syrine Boudriga;08/2019
S5_D0013;Vsober;Mohamed Ala eddine Ben Trad;08/2019
S5_D0014;Société institution des modes alternatifs de règlement des litiges;Kaouther Selmi;08/2019
S5_D0014;Société institution des modes alternatifs de règlement des litiges;Khalil Ben Salah;08/2019
S5_D0015;Historio;Youssef Boufaied;08/2019
S5_D0015;Historio;Mustapha Gharbi;08/2019
S5_D0015;Historio;Marwen Sami;08/2019
S5_D0015;Historio;Skander Amor;08/2019
S5_D0016;NACHD-IT;Ahmed Ben Hssouna;08/2019
S5_D0016;NACHD-IT;Nourhane Amara;08/2019
S5_D0017;Evey Technologies;Noomane Lahimer;08/2019
S5_D0017;Evey Technologies;Maher Hanafi;08/2019
S5_D0018;SCIENCIA;Latifa El Ghezal;08/2019
S5_D0018;SCIENCIA;Mohamed Jaidane;08/2019
S5_D0019;Zatex;Mohamed Mekki Maalej;08/2019
S5_D0020;Eat & Fit;Skander Ben Sassi;08/2019
S5_D0021;WanToTrip;Chahrazed Remadi;08/2019
S5_D0021;WanToTrip;Makrem Hermassi;08/2019
S5_D0022;X-P-R;Mohamed Aziz CHAHED;08/2019
S5_D0022;X-P-R;Mohamed Itheb Ben Abbes;08/2019
S5_D0022;X-P-R;Oussama Ouda;08/2019
S5_D0022;X-P-R;Mohamed Chebbi;08/2019
S5_D0023;Plateforme de Formation E-learning;Nasreddine Cherih;08/2019
S5_D0023;Plateforme de Formation E-learning;Marouane El Behi;08/2019
S5_D0024;Oleomar Start-up Projet;Sami Guetari;08/2019
S5_D0024;Oleomar Start-up Projet;Nadia Bouslimi Guetari;08/2019
S5_D0025;UTIK;Makrem Dhifalli;08/2019
S5_D0025;UTIK;Aymen Gatri;08/2019
S5_D0025;UTIK;Mounir Bezzarga;08/2019
S5_D0026;Smart Brand Web;Wajdi El Fehem;08/2019
S5_D0027;MAIZ FARM;Hassen Maiz;08/2019
S5_D0028;MAGNITECHS;Khaled Ben Ali;08/2019
S5_D0028;MAGNITECHS;Fatma Ghizaoui;08/2019
S5_D0028;MAGNITECHS;Mohamed Ben Hadj Hmida;08/2019
S5_D0028;MAGNITECHS;Wajih Gafsi;08/2019
S5_D0028;MAGNITECHS;Mariem Gannouni;08/2019
S6_D0001;iWassel;Yasmine Dahloul;09/2019
S6_D0001;iWassel;Sarra Khemakhem;09/2019
S6_D0001;iWassel;Firas Rhaiem;09/2019
S6_D0002;Farm Trust;Anis Mezghani;09/2019
S6_D0002;Farm Trust;Wassim Khiari;09/2019
S6_D0003;TrustiT;Mohamed Amine Ouni;09/2019
S6_D0004;fixiha.tn;Ahmed Ben Said;09/2019
S6_D0005;Société DOM Services;Khaled Dhifallah Ennefii;09/2019
S6_D0006;The Landlord;Mohamed Farouk Ben Achour;09/2019
S6_D0007;BeNeutron;Zaroui Montasar Mannai Karim;09/2019
S6_D0008;Epilert;Firas Rhaiem;09/2019
S6_D0008;Epilert;Haroun Moula;09/2019
S6_D0008;Epilert;Amine Riahi;09/2019
S6_D0009;Black Dune Studio;Mohamed Ali Hammami Hamad;09/2019
S6_D0009;Black Dune Studio;Mohamed Hamad Abden El Mra;09/2019
S6_D0009;Black Dune Studio;Ahmed EL KADHI;09/2019
S6_D0009;Black Dune Studio;Mohamed BOUABIDI;09/2019
S6_D0009;Black Dune Studio;Ayoub KHAMESSI;09/2019
S6_D0010;Idara Tn;Jelassi Mohamed Amine;09/2019
S6_D0010;Idara Tn;Baklouti Bassem;09/2019
S6_D0010;Idara Tn;Ben Salah Slim;09/2019
S6_D0010;Idara Tn;Nouri Houssem Eddine;09/2019
S6_D0011;Teskerti.tn;Karim Jelliti;09/2019
S6_D0012;GETPAY;Slim MOalla;09/2019
S6_D0012;GETPAY;Salma Moalla;09/2019
S6_D0012;GETPAY;Fares Bouguecha;09/2019
S6_D0013;Go Field;Walid Mzoughi;09/2019
S6_D0013;Go Field;Hela Gabsi;09/2019
S6_D0013;Go Field;Alaa Mokrani;09/2019
S6_D0014;WanToTrip;Chehrazade Remadi;09/2019
S6_D0014;WanToTrip;Makrem Hermassi;09/2019
S6_D0015;Technologia Academy;Mohamed Amine Hlaili;09/2019
S6_D0016;Kamioun;Fares Belghith;09/2019
S6_D0016;Kamioun;Abdelrahman Ghariani;09/2019
S6_D0017;Tuni'AR;Abdelhamid Boukhari;09/2019
S6_D0017;Tuni'AR;Kalfat Sarra;09/2019
S6_D0017;Tuni'AR;Mohamed Karim Sakrani;09/2019
S6_D0018;Athena-IO;Safwen Bouali;09/2019
S6_D0018;Athena-IO;Cherif Redissi;09/2019
S6_D0018;Athena-IO;Amine Troudi;09/2019
S6_D0019;ZOLFA;Adel Jeridi;09/2019
S6_D0020;GoFields;Youssef Cherif;09/2019
S6_D0021;Kyto-Prod;Olfa Kilani ep Feki;09/2019
S6_D0021;Kyto-Prod;Takwa Mrabet;09/2019
S6_D0021;Kyto-Prod;Safa Ben Khedher;09/2019
S6_D0021;Kyto-Prod;Mohamed Amine Bourkhis;09/2019
S6_D0022;SBA Workforce;Perrine Mihelic;09/2019
S6_D0023;Think-it;Joscha Raue;09/2019
S6_D0023;Think-it;Mehemed Bougsea;09/2019
S6_D0024;Servis.tn;Mohamed Aziz Belhadj;09/2019
S6_D0024;Servis.tn;Jrad Nada Boukhalfa;09/2019
S6_D0025;HOOLOOS;Mohamed Bhibah;09/2019
S6_D0025;HOOLOOS;Mehdi Gabsi;09/2019
S6_D0026;Best-Tech;Mohamed Amine Boubakri;09/2019
S6_D0027;Digistart;Walid Bousnina;09/2019
S6_D0027;Digistart;Aymen Hammemi;09/2019
S6_D0027;Digistart;Chamseddine Bezzaouia;09/2019
S7_D0001;Fivepoints;Wassim Jouini;10/2019
S7_D0001;Fivepoints;Mohamed Fares Oueslati;10/2019
S7_D0002;Datavision;Skander Amor;10/2019
S7_D0002;Datavision;Borhen Jlidi;10/2019
S7_D0003;RESRV;Ahmed Taktak;10/2019
S7_D0003;RESRV;Nabil Gazdar;10/2019
S7_D0004;NEPTUNE MOSAIC;Zied Abbes;10/2019
S7_D0005;Taderok;Ahmed Dhieb;10/2019
S7_D0005;Taderok;Anoir Dhieb;10/2019
S7_D0006;Intigrow;Bassem Bouguerra;10/2019
S7_D0006;Intigrow;Nebil Jridet;10/2019
S7_D0007;Artify;Yahia Mgarrech;10/2019
S7_D0008;TIRA ROBOTS;Wassim ben Hmida;10/2019
S7_D0008;TIRA ROBOTS;Azza Attia;10/2019
S7_D0009;HISTORIAR;Houda Bakir;10/2019
S7_D0009;HISTORIAR;Jihed Makni;10/2019
S7_D0010;Couscous Connection;Edriss Kharroubi Essaied;10/2019
S7_D0010;Couscous Connection;Rachid Kharroubi Essaied;10/2019
S7_D0011;Neoshop;Donia Fayach;10/2019
S7_D0011;Neoshop;Ahmed Nsiri;10/2019
S7_D0012;Swanina;Sana Hafsa;10/2019
S7_D0013;SMART LOGGER;Mohamed Taghouti;10/2019
S7_D0013;SMART LOGGER;Mehdi Taghouti;10/2019
S7_D0014;ProvenMed;Souheil Guessoum;10/2019
S7_D0014;ProvenMed;Amine Staali;10/2019
S7_D0014;ProvenMed;Ahmed Boughaleb;10/2019
S7_D0015;Lightency;Jaafar Saied;10/2019
S7_D0015;Lightency;Mohamed Mnif;10/2019
S7_D0015;Lightency;Boubaker Selmi;10/2019
S7_D0016;CURE;Mohamed Dhaouafi;10/2019
S7_D0017;REBOOTKAMP;Lotfi Darragi;10/2019
S7_D0017;REBOOTKAMP;Hugh Bosely;10/2019
S7_D0017;REBOOTKAMP;Tarek Chehidi;10/2019
S7_D0017;REBOOTKAMP;Aymen Ben Hassine;10/2019
S7_D0017;REBOOTKAMP;Bilel Labidi;10/2019
S7_D0018;Tledger;Hichem Ben Fadhl;10/2019
S7_D0018;Tledger;Amine Ben Abderrahman;10/2019
S7_D0019;Sala7li;Mohamed Aymen Ben Hadj Mabrouk;10/2019
S7_D0019;Sala7li;Ines Dhaouadi;10/2019
S7_D0020;TuniBoat;Ahmed Ayadi;10/2019
S7_D0021;BeBouncy;Ayoub Ben Younes;10/2019
S7_D0021;BeBouncy;Sophie Alexandra Aiachi;10/2019
S7_D0021;BeBouncy;Assad Ben Mrad;10/2019
S7_D0022;CreatiView;Youssef Meksi;10/2019
S7_D0022;CreatiView;Nour Alaya;10/2019
S7_D0023;Bon'Heure;Nour Tekaya;10/2019
S7_D0023;Bon'Heure;Skander Gafsi;10/2019
S7_D0024;Coursesgolf;Assil Talmoudi;10/2019
S7_D0025;Rhintos Games;Ayoub Ben Thabet;10/2019
S7_D0025;Rhintos Games;Ahmed Chlagou;10/2019
S7_D0025;Rhintos Games;Hishem Zarrad;10/2019
S7_D0026;WareCom;Hamza SAIDI;10/2019
S7_D0026;WareCom;Nour Abbous;10/2019
S7_D0026;WareCom;Ali Saidi;10/2019
S7_D0027;Foodealz;Rim ELFAHEM;10/2019
S7_D0027;Foodealz;Iskander EL AMRI;10/2019
S7_D0028;IDWEY;Khouloud Kaabi;10/2019
S7_D0028;IDWEY;Meriem Amamou;10/2019
S7_D0028;IDWEY;Borhen Mansouri Khmaiess;10/2019
S7_D0028;IDWEY;Ahmed;10/2019
S7_D0029;Humansys;Amine Gara;10/2019
S7_D0029;Humansys;Mariem Ouanes;10/2019
S7_D0030;2ME | Machining & Manufacturing Engineering;Mohamed Bechir Chniti;10/2019
S7_D0030;2ME | Machining & Manufacturing Engineering;Nedra Neffeti;10/2019
S7_D0031;Prodcom;Amen Allah Missaoui;10/2019
S7_D0031;Prodcom;Hassen Missaoui;10/2019
S7_D0032;Plateforme de Tele-Medecine et mSante (KoalX);Asma Gaabal;10/2019
S7_D0032;Plateforme de Tele-Medecine et mSante (KoalX);Achref Mabrouk;10/2019
S7_D0033;Meilleure Vie Etudiants Tunisie;Wissem hakiri;10/2019
S7_D0033;Meilleure Vie Etudiants Tunisie;Mohamed Guediche;10/2019
S7_D0034;SPX;Rabii Jhinaoui;10/2019
S7_D0035;Bambinosit;Nivine Mussi;10/2019
S7_D0036;Smart-Ways;Walid Labidi;10/2019
S7_D0037;One Shot;Khemais Ben Mustapha;10/2019
S7_D0038;Municipalité 4.0;Amal Baccara;10/2019
S7_D0038;Municipalité 4.0;Ala eddine Soltani;10/2019
S7_D0039;Al madina;Saief Eddine Djibali;10/2019
S8_D0001;Orbitech (SeekMake);Adel Ayari;11/2019
S8_D0002;NG Technologies;Moez Ben Mbarka;11/2019
S8_D0003;VAKAY;Adam Jabeur;11/2019
S8_D0004;EDUC'ART;Henda Sahnoun;11/2019
S8_D0005;AZÄ;Oussama Gmati;11/2019
S8_D0006;Anavid;Ahmed Chaari;11/2019
S8_D0007;DrillSERV;Ahmed Aouiti;11/2019
S8_D0008;SOLIXY;Haythem Khalifa;11/2019
S8_D0009;SAMM TEST & AUTOMATION;Mohamed Anane;11/2019
S8_D0010;Baity tn Decoriz SARL;Saber Gharsellaoui;11/2019
S8_D0011;PROSUMERS;Haythem Zouari;11/2019
S8_D0012;7keema;Amr Bakr;11/2019
S8_D0013;Salaire.tn;Fédi Belkacem;11/2019
S8_D0014;VDOC;Aymen Saadani;11/2019
S8_D0015;Lamma;Hamza Guesmi;11/2019
S8_D0016;INNOFAB;Nadim Kharraz;11/2019
S8_D0017;NovaTEK Solution;Safa Bouhajar;11/2019
S8_D0018;Miral Things;Anouer Kebir;11/2019
S8_D0019;Shadoc (société Sirat Edition spin off de Sirat);Amel Torkhani;11/2019
S8_D0020;Exacctly;Noureddine Loukil;11/2019
S8_D0021;Domoticaza;Mohamed Zammel;11/2019
S8_D0022;Supermarché Founa;Karim Skik;11/2019
S8_D0023;B4 PRINT;Mohamed Sami Adouani;11/2019
S8_D0024;BS partage;Boutheina Hamdi;11/2019
S8_D0025;Oxygen Design;Anas Ben Amar;11/2019
S8_D0026;OneCom;Firas Yahyaoui;11/2019
S8_D0027;Motion Ads;Faouzi Zorgati;11/2019
S8_D0028;Kot BJ;Walid Haouari;11/2019
S8_D0029;Ifortic;Nizar Jeridi;11/2019
S8_D0030;NO CUT;Ahmed Ben Boubaker;11/2019
S8_D0031;eDallel;Mehdi Braiek;11/2019
S8_D0032;School Upgrader;Khalil Zineb;11/2019
S8_D0033;PENTAPIX;Khaled Khelifi;11/2019
S8_D0034;Fonderz;Nidhal Meghirbi;11/2019
S8_D0035;HS Gaming;Hamdi Ben Ammar;11/2019
S8_D0036;Eat & Fit;Skander Ben Sassi;11/2019
S8_D0037;Minima.ai;Houssem eddine Mrad;11/2019
S8_D0038;PROFILTHEQUE;Anis Maghar;11/2019
S8_D0038;PROFILTHEQUE;Imen Maghar;11/2019
S8_D0039;Rhintos Games;Ayoub Ben Thabet;11/2019
S8_D0039;Rhintos Games;Ahmed Chlagou;11/2019
S8_D0039;Rhintos Games;Hishem Zarrad;11/2019
S8_D0040;GO UP STAND UP;Hazem Guent;11/2019
S8_D0040;GO UP STAND UP;Yassine Dimassi;11/2019
S8_D0041;Athena-IO;Safwen Bouali;11/2019
S8_D0041;Athena-IO;Cherif Redissi;11/2019
S8_D0041;Athena-IO;Amine Troudi;11/2019
S9_D0001;CYNOIA;Skander Essid;12/2019
S9_D0001;CYNOIA;Ayoub Rebeh;12/2019
S9_D0001;CYNOIA;Nasreddine Riahi;12/2019
S9_D0002;Société Jhimi Pour Les Elévateurs Légers;Houcine Jhimi;12/2019
S9_D0002;Société Jhimi Pour Les Elévateurs Légers;Ali Jhimi;12/2019
S9_D0003;Grabingo;Mohamed Khalloufi;12/2019
S9_D0004;Logis Technologies;Riadh Ellouze;12/2019
S9_D0005;K2LIS;Tarek Kammoun;12/2019
S9_D0005;K2LIS;Farouk Kamoun;12/2019
S9_D0005;K2LIS;Mohamed Ben Laroussi Limame;12/2019
S9_D0006;STRIKE MOTOTRS;Mohamed Ben Mahmoud;12/2019
S9_D0007;KHEER;Chaker Lafi;12/2019
S9_D0007;KHEER;Haythem Khalifa;12/2019
S9_D0007;KHEER;Salem Khalifa;12/2019
S9_D0007;KHEER;Bechir Yahya;12/2019
S9_D0008;Tap4glam;Maya Touati;12/2019
S9_D0009;Ahmini;Meher Khelifi;12/2019
S9_D0010;Chantier;Moufid Ben Hmida;12/2019
S9_D0010;Chantier;Shady Achouri;12/2019
S9_D0011;Club privilèges / BIGDeal;Issam Essefi;12/2019
S9_D0011;Club privilèges / BIGDeal;Imededdine Essefi;12/2019
S9_D0011;Club privilèges / BIGDeal;Iheb Beji;12/2019
S9_D0012;Iowaves;Amine Rahmouni;12/2019
S9_D0013;Beego;Amine Sammary;12/2019
S9_D0014;AfiaTech;Leith Glissa;12/2019
S9_D0015;MICE;Nasreddine Somaali;12/2019
S9_D0015;MICE;Marwa Khmissi;12/2019
S9_D0016;Fasteas;Kais Ben Ayed;12/2019
S9_D0016;Fasteas;Meriem ElMay;12/2019
S9_D0017;New Wave for communication & solutions;Naoufel Elarayedh;12/2019
S9_D0017;New Wave for communication & solutions;Wael Dhouib;12/2019
S9_D0018;ALMOURAFEK;Imen Khanfir Kallel;12/2019
S9_D0018;ALMOURAFEK;Sonda Ammar Bouhamed;12/2019
S9_D0019;Bouita;Amir Matallaoui;12/2019
S9_D0019;Bouita;Nadjib Mammeri;12/2019
S9_D0020;Raheeq;Hamza Nechi;12/2019
S9_D0021;Pepolls;Jihed Rahmouni;12/2019
S9_D0021;Pepolls;Jihen Rahmouni;12/2019
S9_D0021;Pepolls;Omar Bouattay;12/2019
S9_D0022;AUDACITY;Mohamed Amine Ouichka;12/2019
S9_D0023;SOCIETE ARDARY PARTNERS TUNISIA;Selim Snoussi;12/2019
S9_D0023;SOCIETE ARDARY PARTNERS TUNISIA;Radhi Khaled Bouloussa;12/2019
S9_D0024;PROSERVY;Ahmed Dridi;12/2019
S9_D0025;Supply Air;Hatem Lefi;12/2019
S9_D0025;Supply Air;Aymen Tleilia;12/2019
S9_D0026;ALFA PRINT;Abdelkarim Feddal;12/2019
S9_D0027;Tun E-shop;Achref Riahi;12/2019
S9_D0028;GPS-Infos;Mohamed Amine Boubakeri;12/2019
S9_D0029;Dyarna;Slim Ben Salah;12/2019
S9_D0029;Dyarna;Ekram Mzoughi;12/2019
S9_D0030;OFFBEAT MEDIA;Tejeddine Mta'allah;12/2019
S9_D0031;OXN;Chamseddine Amaimia;12/2019
S9_D0031;OXN;Syrine Zitouni;12/2019
S9_D0031;OXN;Selim Lakhdhar;12/2019
S9_D0032;StarTAW;Dhafer Ben Amor;12/2019
S9_D0032;StarTAW;Fares Ben Amor;12/2019
S9_D0032;StarTAW;Nidhal Ben Amor;12/2019
S9_D0033;Advanced Functionalities For Smart Home - Kwiklink Technologies;Lotfi Aguerbaoui;12/2019
S9_D0034;Transfacile - Techno GM;Oussema Marai;12/2019
S9_D0034;Transfacile - Techno GM;Ghada Chelly;12/2019
S9_D0035;Bookingtodo;Aziz Annabi;12/2019
S9_D0036;VME Internationale;Foued Ben Babis;12/2019
S9_D0036;VME Internationale;Montassar Gharssa;12/2019
S9_D0037;Kamioun - Kriga Technologies;Fares Belghith;12/2019
S9_D0037;Kamioun - Kriga Technologies;Abdelrahmen Ghariani;12/2019
S9_D0038;WareCom;Hamza Said;12/2019
S9_D0038;WareCom;Nour Abbous;12/2019
S9_D0038;WareCom;Ali Saidi;12/2019
S9_D0039;Foodealz;Rim Elfahem;12/2019
S9_D0039;Foodealz;Iskander ELameri;12/2019
S9_D0040;X-P-R;Mohamed Aziz Chahed;12/2019
S9_D0040;X-P-R;Mohamed Itheb Ben Abbes;12/2019
S9_D0040;X-P-R;Oussama Ouda;12/2019
S9_D0040;X-P-R;Mohamed Chebbi;12/2019
S9_D0041;Natalista;Rim Besbes;12/2019
S9_D0042;Kyto-Prod;Olfa Kilani Feki;12/2019
S10_D0001;Optimalogistic;Maher Chakroun;01/2020
S10_D0002;Next Gen Solution / UnFrauded;Taha Cabani;01/2020
S10_D0003;Digital2Value;Foued Manaa;01/2020
S10_D0004;Junior Robotics Lab;Sami Turki;01/2020
S10_D0005;STE ESKY PROFESSIONAL SERVICES LIMITED;Kais Khadhraoui;01/2020
S10_D0006;Sentinel Data;Walid Mnif;01/2020
S10_D0007;DCX;Mohamed Ali Midani;01/2020
S10_D0008;KALYS;Sonia Hachicha;01/2020
S10_D0009;Paygrant;Khalil Manai;01/2020
S10_D0010;AbrarCom Analytics;Houssem Nouri;01/2020
S10_D0011;Prefabulous;Malik Nouira;01/2020
S10_D0012;Societe Tunisian Online Teachers;Rania Khelil;01/2020
S10_D0013;SQOIN;Bacem Bergaoui;01/2020
S10_D0014;GLOLIX TUNISIA;Mourad Othmane;01/2020
S10_D0015;La relation client à l'ère du digital;Mohamed Achref Gabsi;01/2020
S10_D0016;Support de coupe a couvercle automatique;Makrem Gharbi;01/2020
S10_D0017;IJA SOLUTION;Hatem Drira;01/2020
S10_D0018;QUERMES;Karim Sellami;01/2020
S10_D0019;Doqtoor;Mohamed Ben Hmida;01/2020
S10_D0020;Sun Tracker;Mohamed Achref Ben Sghaier;01/2020
S10_D0021;DaryDar;Taha Khaled;01/2020
S10_D0022;Zcare;Haythem Zouaoui;01/2020
S10_D0023;Examido;Hajer ELhedi;01/2020
S10_D0024;Consulti;Alaeddine Jalel;01/2020
S10_D0025;DRYSEK;Amjed Teraa;01/2020
S10_D0026;CRATOSUSA;Omar Ouertani;01/2020
S10_D0027;Doctor Sina;Laroussi Ben Younes;01/2020
S10_D0028;Baccouche Orthopedic Center;Salah Meziou;01/2020
S10_D0029;Zemnistore;Amira Ben Mim;01/2020
S10_D0030;Tunisian Cloud;Bassem Lamouchi;01/2020
S10_D0031;SKYTEK;Walid Zniti;01/2020
S10_D0032;DSS COMPANY;Manel Snoussi;01/2020
S10_D0033;AddInn Tunisie;Aymen Znaidi;01/2020
S10_D0034;FUZBUS;Zied Houfi;01/2020
S10_D0035;Easy Touch Solutions (ETS);Meher Attiaoui;01/2020
S10_D0036;Chèques Instantanés;Anis Khayat;01/2020
S10_D0037;Papelstore;Mohamed Ayadi;01/2020
S10_D0038;Carbon2Heat;Jeau-Paul Grossenbacher;01/2020
S10_D0039;VDOC;Mohamed Aymen Saadani;01/2020
S10_D0040;Oleomar Start-up Projet;Sami Guetari;01/2020
S10_D0040;Oleomar Start-up Projet;Nadia Bouslimi Guetari;01/2020
S10_D0041;Universal Technology of infinite keys;Makrem Dhifalli;01/2020
S10_D0041;Universal Technology of infinite keys;Aymen Gatri;01/2020
S10_D0041;Universal Technology of infinite keys;Mounir Bezzarga;01/2020
S10_D0042;Tuni'AR;Abdelhamid Boukhari;01/2020
S10_D0042;Tuni'AR;Sarra Kalfet;01/2020
S10_D0042;Tuni'AR;Mohamed Karim Sakrani;01/2020
S11_D0001;Katomi;Hedi Michau;02/2020
S11_D0001;Katomi;Firas Mezghani;02/2020
S11_D0002;Société Saghroun.com;Ayet Elmouna Chemli;02/2020
S11_D0003;BSmart SARL;Walid Ammar;02/2020
S11_D0003;BSmart SARL;Ahmed Fessi;02/2020
S11_D0004;Youth Hub;Achref Mattar;02/2020
S11_D0004;Youth Hub;Salsabil Thabti;02/2020
S11_D0005;WaterSpirit;Mehdi Bhouri;02/2020
S11_D0005;WaterSpirit;Olfa Bousselmi;02/2020
S11_D0005;WaterSpirit;Chaima Belhajamor;02/2020
S11_D0005;WaterSpirit;Amir Ben Hajhassine;02/2020
S11_D0006;RENTAL RIDE;Mourad Hammami;02/2020
S11_D0007;OXAHOST;Tarek Nakbi;02/2020
S11_D0008;QualiFour;Mohamed Kaddech;02/2020
S11_D0008;QualiFour;Mehdi Boudhraa;02/2020
S11_D0009;Edutest;Saeed Zarrouk;02/2020
S11_D0009;Edutest;Imen Yahyaoui;02/2020
S11_D0010;Xtendplex;Ahmed Cheriha;02/2020
S11_D0010;Xtendplex;Ahmed Ben Hamouda;02/2020
S11_D0011;Kyufi;Tarek Talbi;02/2020
S11_D0012;Sportopia;Houssem Sellami;02/2020
S11_D0012;Sportopia;Oussema Noureddine Metoui;02/2020
S11_D0013;Accent;Mourad Masmoudi;02/2020
S11_D0013;Accent;Malek Aloulou;02/2020
S11_D0013;Accent;Moez Affes;02/2020
S11_D0014;Allô Réparateur;Aymen Bouchoucha;02/2020
S11_D0014;Allô Réparateur;Mohamed Said Elbehi;02/2020
S11_D0015;Class Quiz;Sabrine Ibrahim;02/2020
S11_D0015;Class Quiz;Achref Dawahi;02/2020
S11_D0015;Class Quiz;Omar Trabelsi;02/2020
S11_D0016;autoecoleplus;Mohamed Amine Jendoubi;02/2020
S11_D0016;autoecoleplus;Ahmed Nemlaghi;02/2020
S11_D0017;SECURAS;Mohamed Amine Guettat;02/2020
S11_D0018;Kaco.;Mohamed Ali Salmi;02/2020
S11_D0018;Kaco.;Hela Agrebi;02/2020
S11_D0018;Kaco.;Anas Zouabi;02/2020
S11_D0019;Smart House Tunisia;Achref Chouchene;02/2020
S11_D0019;Smart House Tunisia;Yasmine Ben Ameur;02/2020
S11_D0019;Smart House Tunisia;Seif Souilem;02/2020
S11_D0019;Smart House Tunisia;Siwar Boufares;02/2020
S11_D0020;Co-Solar;Mahmoud Hammami;02/2020
S11_D0020;Co-Solar;Yassine Boutabba;02/2020
S11_D0021;Tynass;Karim Hermi;02/2020
S11_D0021;Tynass;Sami Ben Chaalia;02/2020
S11_D0021;Tynass;Khalil Ben Ali;02/2020
S11_D0022;Rent a tutor;Abdeljalil Ghattas;02/2020
S11_D0023;Quantylix Risk & Data;Moez Hammami;02/2020
S11_D0023;Quantylix Risk & Data;Hamza Amiri;02/2020
S11_D0023;Quantylix Risk & Data;Mohamed Bessa;02/2020
S11_D0024;Heptatronics;Issam Trabelsi;02/2020
S11_D0025;freeoui;Amine Ennouri;02/2020
S11_D0025;freeoui;Moez Beddi;02/2020
S11_D0026;Eklectic;Anis Abidi;02/2020
S11_D0027;Société Tunipages;Hafidha Grissa;02/2020
S11_D0027;Société Tunipages;Raouf Fathallah;02/2020
S11_D0028;FormaClick;Olfa Benchaabane;02/2020
S11_D0028;FormaClick;Chedia Benchaabane;02/2020
S11_D0029;Marhbebik.com;Sabri Fehri;02/2020
S11_D0030;RASCALTOU !;Raouf Medimagh;02/2020
S11_D0030;RASCALTOU !;Karim Medimagh;02/2020
S11_D0030;RASCALTOU !;Haifa Elkamel;02/2020
S11_D0031;Tunisia Biotech;Oualid Sebai;02/2020
S11_D0032;Coinsence;Karim Chabrak;02/2020
S11_D0033;Support de coupe à couvercle automatique;Markrem Gharbi;02/2020
S11_D0034;IDWEY;Khouloud Kaabi;02/2020
S11_D0034;IDWEY;Meriem Amamou;02/2020
S11_D0034;IDWEY;Borhen Mansouri Khmaiess;02/2020
S11_D0034;IDWEY;Ahmed;02/2020
S11_D0035;NovaTEK Solutions;Safa Bouhajar;02/2020
S11_D0035;NovaTEK Solutions;Karim Boughanmi;02/2020
S11_D0035;NovaTEK Solutions;Ilyes Karma;02/2020
S11_D0036;Shadoc;Amal Torkhani;02/2020
S11_D0036;Shadoc;Amal Selami;02/2020
S11_D0036;Shadoc;Zakaria Karim Mekni;02/2020
S11_D0037;INNOFAB;Nadim Kharraz;02/2020
S11_D0038;QUERMES;Karim Sellami;02/2020
S11_D0038;QUERMES;Faiz Baccour;02/2020
S11_D0039;Consulti;Alaeddine Jalel;02/2020
S11_D0040;Gofields (Sportfields);Youssef Cherif;02/2020
S11_D0041;Coinsence;Karim Chabrak;02/2020
S12_D0001;I POMM;Aymen Karoui;03/2020
S12_D0001;I POMM;Saber Bellaj;03/2020
S12_D0001;I POMM;Iyed Benhassen;03/2020
S12_D0002;NATULYN;Ouanes Taha Boumiza;03/2020
S12_D0002;NATULYN;Sirine Kallel;03/2020
S12_D0003;She Shares;Kaouther Mouelhi;03/2020
S12_D0003;She Shares;Hamza Arfaoui;03/2020
S12_D0004;Auto-plus;Amine Mliki;03/2020
S12_D0005;Makroudh Kairouan à Domicile;Mohamed Wajih Allani;03/2020
S12_D0006;DigiConstat;Jaafar Nasri;03/2020
S12_D0006;DigiConstat;Anis Nasraoui;03/2020
S12_D0007;Save Your Wardrobe;Mehdi Doghri;03/2020
S12_D0007;Save Your Wardrobe;Hasna Kourda;03/2020
S12_D0008;Go Online Africa;Emna Makni;03/2020
S12_D0008;Go Online Africa;Salma Amor;03/2020
S12_D0009;3S : Software and Security Solutions;Abdelbari Ben Yagouta;03/2020
S12_D0009;3S : Software and Security Solutions;Wrida Ben Yaghouta;03/2020
S12_D0010;GATE INDUSTRIELLE;Mohamed Sahlaoui;03/2020
S12_D0011;Rayhane;Nesrine Tekitek;03/2020
S12_D0011;Rayhane;Nidhal Tekitek;03/2020
S12_D0012;Tunisie Co / Resa Privee;Khaled Aouij;03/2020
S12_D0012;Tunisie Co / Resa Privee;Abir Fares;03/2020
S12_D0013;TOLEDO;Lotfi Ben Mosbah;03/2020
S12_D0013;TOLEDO;Aziz Ben Mosbah;03/2020
S12_D0013;TOLEDO;Zied Chaabane;03/2020
S12_D0013;TOLEDO;Haifa Fodha;03/2020
S12_D0014;CHMISA;Bechir Taboubi;03/2020
S12_D0015;KLAY;Mohamed Hedi Ben Hamed;03/2020
S12_D0015;KLAY;Moez Aousji;03/2020
S12_D0016;FACTOORYA;Amine Rekhiss;03/2020
S12_D0016;FACTOORYA;Yassine Khlass;03/2020
S12_D0016;FACTOORYA;Mohamed Seifeddine Bouarada;03/2020
S12_D0017;KWIN.;Houssem Sahli;03/2020
S12_D0017;KWIN.;Sonia Othman;03/2020
S12_D0018;Finispia;Alaa Guidara;03/2020
S12_D0018;Finispia;Mohamed Kallel;03/2020
S12_D0019;Travaris;Youssef Said Berklay Alkisel;03/2020
S12_D0019;Travaris;Ahmed Abdarrahman;03/2020
S12_D0020;Barbecha;Ines Soyah;03/2020
S12_D0020;Barbecha;Zeineb Bouassida;03/2020
S12_D0020;Barbecha;Chiheb Karoui;03/2020
S12_D0021;Dentic;Hakim Yahyaoui;03/2020
S12_D0022;Tunisiabiotech;Oualid Sebai;03/2020
S12_D0023;Welyne;Mohamed Ben Arfa;03/2020
S12_D0024;Univers VR;Aymen Hammami;03/2020
S12_D0024;Univers VR;Abir Ben Achour;03/2020
S12_D0025;ebniecolo;Mehdi Dellagi;03/2020
S12_D0025;ebniecolo;Dorra Ismail;03/2020
S12_D0025;ebniecolo;Mehdi Zorgati;03/2020
S12_D0026;MY DEV CONSULTING DU CAP BON;Becem Jebali;03/2020
S12_D0026;MY DEV CONSULTING DU CAP BON;Youssef Omrani;03/2020
S12_D0027;CITIUS;Riadh Felhi;03/2020
S12_D0027;CITIUS;Emna Hamdi;03/2020
S12_D0028;All o khadmet;Amine Hammi;03/2020
S12_D0029;Analyse numérique des donnes (AMCI);Abdelhamid Ben Rabah;03/2020
S12_D0030;The BoxOffice;Seifeddine Trabelsi;03/2020
S12_D0030;The BoxOffice;Meriem Lejmi;03/2020
S12_D0031;Khadamni;Selim Thmouni;03/2020
S12_D0031;Khadamni;Selim Mraidi;03/2020
S12_D0031;Khadamni;Atef Sedraoui;03/2020
S12_D0031;Khadamni;Molka Kouraychi;03/2020
S12_D0032;Soldy;Manel Salhi;03/2020
S12_D0032;Soldy;Mokhles Souissi;03/2020
S12_D0032;Soldy;Manel Alayet;03/2020
S12_D0033;COSTUN;Ahmed Melki;03/2020
S12_D0033;COSTUN;Houssem Ben Ghozzi;03/2020
S12_D0033;COSTUN;Hamdi Marrouchi;03/2020
S12_D0034;Start Smart Studio;Yassine Ben Mansour;03/2020
S12_D0035;Compass IT;Hadhemi Ragoubi;03/2020
S12_D0035;Compass IT;Foudhaili Ragoubi;03/2020
S12_D0036;Campus Numérique des métiers;Fethi Zoghlami;03/2020
S12_D0037;ZOLFA;Adel Jridi;03/2020
S12_D0038;Go My Biz;Mohamed Achref Gabsi;03/2020
S12_D0038;Go My Biz;Mehdi Touati;03/2020
S12_D0038;Go My Biz;Yassine Touati;03/2020
S12_D0038;Go My Biz;Sofiane Jait;03/2020
S12_D0039;Kayco.;Mohamed Ali Salmi;03/2020
S12_D0039;Kayco.;Hela Agrebi;03/2020
S12_D0039;Kayco.;Anas Zouabi;03/2020
S12_D0040;MICE;Nasreddine Somaali;03/2020
S12_D0040;MICE;Marwa Khnissi;03/2020
S13_D0001;Viventis;Mehdi Bouzouita;04/2020
S13_D0001;Viventis;Hamed Baltagi;04/2020
S13_D0001;Viventis;Chema Zoghlami;04/2020
S13_D0001;Viventis;Hela Kamoun;04/2020
S13_D0001;Viventis;Firas Hammami;04/2020
S13_D0002;Zatex;Mohamed Maalej;04/2020
S13_D0002;Zatex;Faten Maalej;04/2020
S13_D0002;Zatex;Houssem Amara;04/2020
S13_D0003;Insurise;Hamdi Boujneh;04/2020
S13_D0003;Insurise;Hedi Harzallah;04/2020
S13_D0004;LORE AND HEART;Salma Ben Hamida;04/2020
S13_D0004;LORE AND HEART;Cyrine Ben Hamida;04/2020
S13_D0005;SLAMA DATTES;Abdelkader Slama;04/2020
S13_D0006;Arion;Ahmed Gharbi;04/2020
S13_D0007;BipEvents;Karim Harmouni;04/2020
S13_D0007;BipEvents;Sarah Arbi;04/2020
S13_D0007;BipEvents;Amen Ben Mlouka;04/2020
S13_D0008;Lysi;Aziza Inoubli;04/2020
S13_D0008;Lysi;Ali Bouslimi;04/2020
S13_D0009;wireless services;Majdouline Mansour;04/2020
S13_D0009;wireless services;Majed Jabri;04/2020
S13_D0009;wireless services;Sahbi Mansour;04/2020
S13_D0010;Ernest;Fayçal Derouiche;04/2020
S13_D0011;Ahkili;Lamia Chouk;04/2020
S13_D0011;Ahkili;Ghaith Souissi;04/2020
S13_D0012;Carwell;Hakim Njim;04/2020
S13_D0012;Carwell;Omar Zouari;04/2020
S13_D0012;Carwell;Hakim Loukil;04/2020
S13_D0013;MAZED;Bilel Methnani;04/2020
S13_D0013;MAZED;Mohamed Aymen Jomaa;04/2020
S13_D0013;MAZED;Yassine Zrigue;04/2020
S13_D0014;Khalta;Molka Ayadi;04/2020
S13_D0014;Khalta;Imen Farah;04/2020
S13_D0015;Split;Ezzedine Cherif;04/2020
S13_D0015;Split;Alaeddine Jrad;04/2020
S13_D0015;Split;Adam Abdelmoula;04/2020
S13_D0016;Food4Future;Insaf Ayari;04/2020
S13_D0017;Think-it;Mehemed Bougsea;04/2020
S13_D0017;Think-it;Josha Raue;04/2020
S13_D0018;RoboCare;Imen Hbiri;04/2020
S13_D0018;RoboCare;Abdelaziz Kallel;04/2020
S13_D0019;FI THNITI;Zied Said;04/2020
S13_D0019;FI THNITI;Zeineb Ben Salah;04/2020
S13_D0019;FI THNITI;Bilel Said;04/2020
S13_D0019;FI THNITI;Mohamed Chaabane;04/2020
S13_D0020;Tchou-Tchou Your school bus tracking App;Narjess Ben Slimane;04/2020
S13_D0020;Tchou-Tchou Your school bus tracking App;Mohamed Ali Belajouza;04/2020
S13_D0020;Tchou-Tchou Your school bus tracking App;Bacem Bergaoui;04/2020
S13_D0021;FlowsMaster;Jamel Gasri;04/2020
S13_D0021;FlowsMaster;Nesrine Ben Guirat;04/2020
S13_D0021;FlowsMaster;Wajih Abidi;04/2020
S13_D0021;FlowsMaster;Khaled Ben Younes;04/2020
S13_D0021;FlowsMaster;Ahmed Mnasri;04/2020
S13_D0022;akarat.tn;Ali Benzaied;04/2020
S13_D0023;SMEK'S;Mohammed Ben Hammed;04/2020
S13_D0023;SMEK'S;Sonia Laribi;04/2020
S13_D0024;Khobzti;Marwen Khemiss;04/2020
S13_D0025;SOFTIFI;Rabie Radhouan;04/2020
S13_D0025;SOFTIFI;Idriss Ben Ali;04/2020
S13_D0025;SOFTIFI;Adel Ben Merteh;04/2020
S13_D0026;NeuroData;Yassine Hamdaoui;04/2020
S13_D0026;NeuroData;Ahmed Abassi;04/2020
S13_D0027;Ghazela Technology Academy;Anis Hachani;04/2020
S13_D0028;FYMI;Habib Ben Debba;04/2020
S13_D0029;Traitement des données structurées;Hamdi Karray;04/2020
S13_D0030;The BIM Square;Safa Othmani;04/2020
S13_D0031;Azedda;Anis Hasnaoui;04/2020
S13_D0031;Azedda;Rihab Ghodbane;04/2020
S13_D0032;Quicktext;Kheireddine Fredj;04/2020
S13_D0032;Quicktext;Daniel Doppler;04/2020
S13_D0033;Campus Numérique des métiers;Fethi Zoghlami;04/2020
S13_D0034;CheezWall;Aymen Aouadi;04/2020
S13_D0034;CheezWall;Sondess Khedhiri;04/2020
S13_D0035;Winrents;Houssem Fatnassi;04/2020
S13_D0035;Winrents;Saif Eddine Kouti;04/2020
S13_D0035;Winrents;Alaeddine Jedda;04/2020
S13_D0036;Next;Montassar Elkamel;04/2020
S13_D0037;Wondding;Khouloud Masmoudi;04/2020
S13_D0038;Information anticipative;Sofiene Hadhri;04/2020
S13_D0039;Explore Tunisia;Aymen Montacer;04/2020
S13_D0040;AIDI : Académie Internationale pour le développement et l'innovation;Imen Selmi;04/2020
S13_D0041;DRACOSS;Amen Allah Souli;04/2020
S13_D0041;DRACOSS;Amira Mahdi;04/2020
S13_D0041;DRACOSS;Amal Bououd;04/2020
S13_D0042;Course Golf;Assil Talmoudi;04/2020
S13_D0043;Domoticaza;Mohamed Zouhaier Zammel;04/2020
S13_D0043;Domoticaza;Youssef Barketi;04/2020
S13_D0044;Miral Things;Anouer Kebir;04/2020
S13_D0044;Miral Things;Abdelrahman Ferchichi;04/2020
S13_D0045;Symmetryk / No Statik Media;Khaled Frad;04/2020
S13_D0045;Symmetryk / No Statik Media;Ramzi Frad;04/2020
S14_D0001;Digitus Technologies;Walid Driss;05/2020
S14_D0002;STARK;Mohamed Mzid;05/2020
S14_D0003;NATDYES;Mohamed Farouk Mhenni;05/2020
S14_D0003;NATDYES;Mohamed Ahmed Mhenni;05/2020
S14_D0003;NATDYES;Amira Mhenni;05/2020
S14_D0004;Carpet Plus;Mourad Elfelah;05/2020
S14_D0004;Carpet Plus;Moncef Ben Rejeb;05/2020
S14_D0004;Carpet Plus;Amani Abid;05/2020
S14_D0005;Hand & Crafts;Asma Bayouli;05/2020
S14_D0005;Hand & Crafts;Ameni Ben Hmida;05/2020
S14_D0006;YASSIR;Haythem Cherif;05/2020
S14_D0006;YASSIR;Noureddine Tayebi;05/2020
S14_D0007;Wakahaw;Kais Ben Amar;05/2020
S14_D0007;Wakahaw;Haythem Benna;05/2020
S14_D0007;Wakahaw;Wajih Hajji;05/2020
S14_D0008;Amiral;Amine Ben Abdallah;05/2020
S14_D0009;Sprindt;Habib Wenish;05/2020
S14_D0009;Sprindt;Ramzi Hamrouni;05/2020
S14_D0009;Sprindt;Hedi Akrout;05/2020
S14_D0010;Global World Transformer;Mohamed Amine Hamdi;05/2020
S14_D0011;iSporit;Mohamed Hedi Achour;05/2020
S14_D0011;iSporit;Yosr Naija;05/2020
S14_D0011;iSporit;Yassine Achour;05/2020
S14_D0011;iSporit;Karim Zehani;05/2020
S14_D0011;iSporit;Mohamed Wassim Benzarti;05/2020
S14_D0012;Evolutik;Maya Mathari;05/2020
S14_D0012;Evolutik;Mourad Mathari;05/2020
S14_D0013;El Food Lab;Nesrine Chemkhi;05/2020
S14_D0013;El Food Lab;Mohamed Guinoubi;05/2020
S14_D0014;Fouita;Abdelhay Najjar;05/2020
S14_D0015;GrowApp;Wael Aouididi;05/2020
S14_D0016;We-Settle;Wael Moula;05/2020
S14_D0016;We-Settle;Naima Moula;05/2020
S14_D0017;Conception et vente d'un système de télégestion d'énergie électrique;Sabri Mhimdi;05/2020
S14_D0017;Conception et vente d'un système de télégestion d'énergie électrique;Henda Zribi;05/2020
S14_D0018;IOT Medical Technology;Jamel Hattay;05/2020
S14_D0018;IOT Medical Technology;Samir Belaid;05/2020
S14_D0018;IOT Medical Technology;Mohsen Machhout;05/2020
S14_D0019;Omniup Tunisie;Karim Jelliti;05/2020
S14_D0019;Omniup Tunisie;Issam Essefi;05/2020
S14_D0019;Omniup Tunisie;Ali Sakka;05/2020
S14_D0020;LE PORTAIL DES LANGUES;Sahbi Agrebi;05/2020
S14_D0021;Société Polyouate;Arslene Rouatbi;05/2020
S14_D0021;Société Polyouate;Ridha Rouatbi;05/2020
S14_D0022;GARK;Haythem Besghaier;05/2020
S14_D0022;GARK;Khaled Guedria;05/2020
S14_D0023;GASPYCH;Mansour Mechmech;05/2020
S14_D0023;GASPYCH;Hend Kefi;05/2020
S14_D0024;EMNA HUSSEIN;Emna Hussein;05/2020
S14_D0025;Doctorka;Racem Smaouo;05/2020
S14_D0025;Doctorka;Aymen Ben Amor;05/2020
S14_D0025;Doctorka;Walid Ben Djemaa;05/2020
S14_D0026;Renini;Abdelaziz Ben Chaabane;05/2020
S14_D0027;Société Datasphera;Noureddine Louki;05/2020
S14_D0027;Société Datasphera;Achref Kechaou;05/2020
S14_D0028;Innov'Edition;Fedi Belkacem;05/2020
S14_D0028;Innov'Edition;Cyrine Bouaziz;05/2020
S14_D0029;Smek's Invest;Mohamed Ben Hammed;05/2020
S14_D0029;Smek's Invest;Sonia Laribi;05/2020
S14_D0030;Lamma City App;Hamza Guesmi;05/2020
S14_D0030;Lamma City App;Reda Mansouri;05/2020
S14_D0031;Quantilyx R&D;Hamza Amiri;05/2020
S14_D0031;Quantilyx R&D;Moez Hammami;05/2020
S14_D0031;Quantilyx R&D;Mohamed Bessa;05/2020
S14_D0032;TechAbility;Dorra Kamoun;05/2020
S14_D0032;TechAbility;Oussama Romdhane;05/2020
S15_D0001;FBS COMPANY;Fatma Ben Soltane;06/2020
S15_D0002;ADIOM;Wael Kanzari;06/2020
S15_D0003;Odacel;Mohamed Salah Karouia;06/2020
S15_D0003;Odacel;Abdeljalil Karouia;06/2020
S15_D0003;Odacel;Slim Ouichtati;06/2020
S15_D0003;Odacel;Mourad Karouia;06/2020
S15_D0003;Odacel;Mohamed Selim Bessi;06/2020
S15_D0004;Firnas Engineering;Nidhal Ayari;06/2020
S15_D0004;Firnas Engineering;Marwa Sboui;06/2020
S15_D0004;Firnas Engineering;Mahmoud Ayari;06/2020
S15_D0005;CLEDISS;Ahmed Salah;06/2020
S15_D0005;CLEDISS;Soumaya Dridi;06/2020
S15_D0006;Lemarché.tn;Zied Gharsallah;06/2020
S15_D0007;Société NSIJA;Hassine Labaied;06/2020
S15_D0007;Société NSIJA;Malek Hamza;06/2020
S15_D0007;Société NSIJA;Nedhir Jemmali;06/2020
S15_D0008;La Ferme Urbaine;Skander Kacem;06/2020
S15_D0009;Eventizer;Jamoussi Ahmed;06/2020
S15_D0009;Eventizer;Jihed Bouguerra;06/2020
S15_D0009;Eventizer;Yassine Abbes;06/2020
S15_D0009;Eventizer;Oussema Samet;06/2020
S15_D0010;Kyteb;Haithem Kchaou;06/2020
S15_D0010;Kyteb;Chehir Dhawedi;06/2020
S15_D0011;Pura solutions;Jaweher Chatbri;06/2020
S15_D0011;Pura solutions;Youssef Gaaliche;06/2020
S15_D0011;Pura solutions;Ahmed Mrabet;06/2020
S15_D0012;School Upgrader;Khalil Ben Zineb;06/2020
S15_D0012;School Upgrader;Oussama Ben Zineb;06/2020
S15_D0013;StreetCarHub;Walid M'sallem;06/2020
S15_D0013;StreetCarHub;Ghazi Mensi;06/2020
S15_D0014;Machrou3i Fi Bledi;Marouen Hadhri;06/2020
S15_D0014;Machrou3i Fi Bledi;Khelifa Hadhri;06/2020
S15_D0015;Docodify Technologies;Mohamed Ali Kharraf;06/2020
S15_D0016;iMMOTECH;Cyrine Ben Ayed;06/2020
S15_D0016;iMMOTECH;Mohamed Raafet Limam;06/2020
S15_D0017;Tela;Chaima Chaouachi;06/2020
S15_D0018;Web2Advisor;Imed Zhir;06/2020
S15_D0019;Limaalem;Rafik Al Falah;06/2020
S15_D0020;TDR;Ahdi Hidri;06/2020
S15_D0020;TDR;Saifeddine Jabbes;06/2020
S15_D0020;TDR;Youssef Chatti;06/2020
S15_D0021;Plateforme de recouvrement intelligente: recouv.tn;Yassine Jemal;06/2020
S15_D0022;Connect Talents;Sahbi Agerbi;06/2020
S15_D0023;SwalApp;Mohamed Aloui;06/2020
S15_D0023;SwalApp;Rami Jegham;06/2020
S15_D0023;SwalApp;Aziz Kamarti;06/2020
S15_D0024;Azaward;Akermi Abdekhalek;06/2020
S15_D0024;Azaward;Mohamed Akermi;06/2020
S15_D0024;Azaward;Tarek Saidi;06/2020
S15_D0025;branper;Saïd Ben Jlili;06/2020
S15_D0025;branper;Hamza Ben Jannet;06/2020
S15_D0026;Carthachain;Mohamad Mouihbi;06/2020
S15_D0026;Carthachain;Mahmoud Jebri;06/2020
S15_D0027;ORANGURU TECHDESIGN;Amir Matallaoui;06/2020
S15_D0027;ORANGURU TECHDESIGN;Nadjib Mammeri;06/2020
S15_D0028;M eSANTE PLUS;Mohamed Ben Hmida;06/2020
S15_D0028;M eSANTE PLUS;Ahmed Abida;06/2020
S15_D0029;INERTIA;Aymen Bouchoucha;06/2020
S15_D0029;INERTIA;Mohamed Saïd El Behi;06/2020
S15_D0030;IJA-SOLUTIONS;Hatem Drira;06/2020
S16_D0001;Bouquiniste.tn;Youssef Bayouli;07/2020
S16_D0001;Bouquiniste.tn;Rayen Manaa;07/2020
S16_D0002;Klink;Sherazade Amous;07/2020
S16_D0002;Klink;Sendy Zardi;07/2020
S16_D0002;Klink;Hichem Zidi;07/2020
S16_D0002;Klink;Zied Hagu;07/2020
S16_D0003;CrocoCoder;Abderrahmen Masmoudi;07/2020
S16_D0003;CrocoCoder;Zied Feki;07/2020
S16_D0004;floraison natural beauty;Khawla Chedly;07/2020
S16_D0005;Kiwi Stock Light;Ali Bouslama;07/2020
S16_D0006;Access Aligner;Hind Ben Salem;07/2020
S16_D0006;Access Aligner;Wassim Toukaibri;07/2020
S16_D0006;Access Aligner;Sofiane Gritli;07/2020
S16_D0007;ROBOGRAF;Ismail Benmiled;07/2020
S16_D0008;فرید حول العالم;Mohamed Amine Belkhahla;07/2020
S16_D0008;فرید حول العالم;Mohamed Nahbi;07/2020
S16_D0008;فرید حول العالم;Mouadh Mkadmi;07/2020
S16_D0009;DATASCAI;Mohamed Karim Bouziz;07/2020
S16_D0010;Amonak;Jean Philippe Kokora;07/2020
S16_D0010;Amonak;Joseph Adai;07/2020
S16_D0011;IotBlocks;Ghnichi Mohamed;07/2020
S16_D0011;IotBlocks;Oussama Triki;07/2020
S16_D0012;ell and beyond Tunisie;Aymen Ellouze;07/2020
S16_D0013;Meditech;Ferid Kamel;07/2020
S16_D0014;BioAgrilhelpers (BAH);Syrine Baghdadi;07/2020
S16_D0014;BioAgrilhelpers (BAH);Yosr Baghdadi;07/2020
S16_D0014;BioAgrilhelpers (BAH);Mayssa Ghazel;07/2020
S16_D0015;Wanawaa;Mohamed Ali Haddad;07/2020
S16_D0015;Wanawaa;Mohamed Amine Gharbi;07/2020
S16_D0015;Wanawaa;Sami Essid;07/2020
S16_D0016;Le Comet;Tarek Mnaffakh;07/2020
S16_D0017;10nar;Moncef Brick;07/2020
S16_D0018;Home's Aroma;Raed Oueslati;07/2020
S16_D0018;Home's Aroma;Khalil Oueslati;07/2020
S16_D0018;Home's Aroma;Mouadh Tammah;07/2020
S16_D0019;GuestnHouse;Mohamed Khedher;07/2020
S16_D0019;GuestnHouse;Nadia Ben Hafiedh;07/2020
S16_D0019;GuestnHouse;Taher Karmandi;07/2020
S16_D0020;ACES;Mohamed Riadh Aissaoui;07/2020
S16_D0020;ACES;Jihene Aissaoui;07/2020
S16_D0020;ACES;Nesrine Aissaoui;07/2020
S16_D0021;Ecomptable.tn;Amir Khadhri;07/2020
S16_D0021;Ecomptable.tn;Ammar El Ferjani;07/2020
S16_D0021;Ecomptable.tn;Ahmed Darbi;07/2020
S16_D0022;Home School Tunisia;Abdelaziz Beldy;07/2020
S16_D0022;Home School Tunisia;Alessandro Baccini;07/2020
S16_D0022;Home School Tunisia;Kevin East;07/2020
S16_D0023;Wiki Academy;Ons Ben Ounis;07/2020
S16_D0023;Wiki Academy;Wassen Ben Ounis;07/2020
S16_D0024;1wayFM;Ramzi Cherif;07/2020
S16_D0024;1wayFM;Hamadi Maroufi;07/2020
S16_D0024;1wayFM;Slim Ben Tarek;07/2020
S16_D0025;Maniaro;Iheb Mansour;07/2020
S16_D0025;Maniaro;Sonia Jebira;07/2020
S16_D0025;Maniaro;Ramzi Nsibi;07/2020
S16_D0026;Rankstop;Mohamed Ramzi Ben Youssef;07/2020
S16_D0026;Rankstop;Zoubier Ben Salah;07/2020
S16_D0026;Rankstop;Halima Tounsi;07/2020
S16_D0027;Oryx Guide;Mohamed Abbes Dziri;07/2020
S16_D0027;Oryx Guide;Zakaria Hattouni;07/2020
S16_D0027;Oryx Guide;Chahbi Oussama;07/2020
S16_D0027;Oryx Guide;Fares Dziri;07/2020
S16_D0027;Oryx Guide;Nader Zouaoui;07/2020
S16_D0028;BuildUp;Hamdi Belgacem;07/2020
S16_D0029;Better Mood;Ghaith Souissi;07/2020
S16_D0029;Better Mood;Mariem Mastouri;07/2020
S16_D0029;Better Mood;Mohamed Chadli Ayachi;07/2020
S16_D0030;Tastybox;Marwa Dhifallah;07/2020
S16_D0030;Tastybox;Najet Brik;07/2020
S16_D0030;Tastybox;Nidhal Chabchoubi;07/2020
S16_D0031;UniBoard;Mejdi M'tir;07/2020
S16_D0031;UniBoard;Marwen Badri;07/2020
S16_D0031;UniBoard;Youssef El Behi;07/2020
S16_D0032;Synapse;Mohamed Amine Boussarsar;07/2020
S16_D0032;Synapse;Walid Kaabachi;07/2020
S16_D0033;TIDY;Nabil Chaabane;07/2020
S16_D0033;TIDY;Mohamed Nabi El Arbi;07/2020
S16_D0033;TIDY;Bilel Ben Jmeaa;07/2020
S16_D0034;ÖMyCamp;Mehdy Chebbah;07/2020
S16_D0034;ÖMyCamp;Nadya Elouari;07/2020
S16_D0034;ÖMyCamp;Selim Doukali;07/2020
S16_D0034;ÖMyCamp;Mohamed Ali Atig;07/2020
S16_D0035;econsulting;Imededdine Snoussi;07/2020
S16_D0036;فرید حول العالم;Wissem Labbadi;07/2020
S16_D0036;فرید حول العالم;Aymen Gabsni;07/2020
S16_D0037;Artisup;Seif Eddine Saâdaoui;07/2020
S16_D0037;Artisup;Mohamed Khlifi El Abed;07/2020
S16_D0037;Artisup;Tarek Guermazi;07/2020
S16_D0038;Expenditure;Iheb Akrimi;07/2020
S16_D0039;APP4MOB BUSINESS SOLUTIONS;Khalil Ben Romdhane;07/2020
S16_D0040;TAMWIL.TN;Nihed Ben Youssef;07/2020
S16_D0040;TAMWIL.TN;Elmed Bensaoudi;07/2020
S16_D0040;TAMWIL.TN;Ichrak Ben Youssef;07/2020
S16_D0041;ALMOURAFEK;Imène Khanfir Kallel;07/2020
S16_D0041;ALMOURAFEK;Sonda Ammar Bouhamed;07/2020
S16_D0042;SECURAS;Mohamed Amine Guettat;07/2020
S16_D0043;Examido;Hajer El Hedi;07/2020
S16_D0044;TOLEDO;Lotfi Benmosbah;07/2020
S16_D0044;TOLEDO;Aziz Benmosbah;07/2020
S16_D0044;TOLEDO;Zied Chaabane;07/2020
S16_D0044;TOLEDO;Haifa Fodha;07/2020
S16_D0045;Finispia;Alaa Guidara;07/2020
S16_D0045;Finispia;Mohamed Kallel;07/2020
S16_D0046;Amiral;Amin Ben Abdallah;07/2020
S16_D0047;We-Settle;Wael Moula;07/2020
S16_D0047;We-Settle;Naima Moula;07/2020
S16_D0048;CHMISA;Bechir Taboubi;07/2020
S16_D0049;Street Car Hub;Walid M'Sallem;07/2020
S16_D0049;Street Car Hub;Ghazi Mensi;07/2020
S16_D0050;NG Technologies;Moez Ben Mbarka;07/2020
S16_D0050;NG Technologies;Khadija Ferjani;07/2020
S16_D0051;Safozi;Zied Ouled Ali;07/2020
S17_D0001;Addresti;Nour El Houda Benzarti;08/2020
S17_D0001;Addresti;Mohamed Ali Torjmen;08/2020
S17_D0001;Addresti;Mohamed Salem Bchir;08/2020
S17_D0001;Addresti;Hichem Elloumi;08/2020
S17_D0001;Addresti;Fatma Mokadmi;08/2020
S17_D0002;DEDALE SOLUTIONS;Riadh Brinis;08/2020
S17_D0002;DEDALE SOLUTIONS;Khalil Masmoudi;08/2020
S17_D0002;DEDALE SOLUTIONS;Sawsan Bellaj;08/2020
S17_D0003;Etakwin;Moez Bouhlel;08/2020
S17_D0003;Etakwin;Mhammed Bellaj;08/2020
S17_D0003;Etakwin;Bassem Ben Jmeaa;08/2020
S17_D0004;Autoshop.tn/ETL Technology;Mohamed Ali Ellouze;08/2020
S17_D0004;Autoshop.tn/ETL Technology;Achraf Guidara;08/2020
S17_D0004;Autoshop.tn/ETL Technology;Hatem Abidi;08/2020
S17_D0005;DIDA MIND;Soumaya Ben Abdallah;08/2020
S17_D0006;GST;Nesria Lehiani;08/2020
S17_D0007;Improve Software TN ai diagnosis vision;Salah El Amami;08/2020
S17_D0007;Improve Software TN ai diagnosis vision;Saoussen Ayari;08/2020
S17_D0007;Improve Software TN ai diagnosis vision;Anouar Nechi;08/2020
S17_D0008;GENI;Mohamed Ali TBESSI;08/2020
S17_D0009;HAKIM TECHNOLOGIES;Mondher Hakim;08/2020
S17_D0009;HAKIM TECHNOLOGIES;Mohamed Mabrouk;08/2020
S17_D0009;HAKIM TECHNOLOGIES;Nermine Marzouki;08/2020
S17_D0010;D-WEE;Taha Grach;08/2020
S17_D0010;D-WEE;Bassem Mlayah;08/2020
S17_D0010;D-WEE;Mohamed Aziz Hannachi;08/2020
S17_D0011;HOMEJEK;Anis Mzoughi;08/2020
S17_D0011;HOMEJEK;Fares Amor;08/2020
S17_D0012;MTCE;Dhafer Ben Amor;08/2020
S17_D0012;MTCE;Nidhal Ben Amor;08/2020
S17_D0012;MTCE;Zied Rouissi;08/2020
S17_D0013;Angel Protector/ AMZi Smart Solutions;Yassine Timoumi;08/2020
S17_D0013;Angel Protector/ AMZi Smart Solutions;Johannes Jones;08/2020
S17_D0013;Angel Protector/ AMZi Smart Solutions;Jihed Jaouabi;08/2020
S17_D0014;Lanterns;Oussama mariem;08/2020
S17_D0014;Lanterns;Nabil Brahem;08/2020
S17_D0014;Lanterns;Amine Gara;08/2020
S17_D0015;Analytix;Mariam Ouanes;08/2020
S17_D0015;Analytix;Sami Chammakhi;08/2020
S17_D0016;M&C;Aymen Mechria;08/2020
S17_D0017;Makerfy;Hani Hamrouni;08/2020
S17_D0017;Makerfy;Davide Di Majo;08/2020
S17_D0017;Makerfy;Mohamed Nawes;08/2020
S17_D0018;Lead Youth;Yasmine Ferchichi;08/2020
S17_D0018;Lead Youth;Walid Slama;08/2020
S17_D0019;Points Cadeaux;Ahmed Ayadi;08/2020
S17_D0019;Points Cadeaux;Beldi Zied;08/2020
S17_D0020;mintounes;Ghizlaine Beldi;08/2020
S17_D0020;mintounes;Anis Harzallah;08/2020
S17_D0020;mintounes;Med Salah Mbarek;08/2020
S17_D0021;TAWA;Mohamed Maalej;08/2020
S17_D0021;TAWA;Mohamed Elaid Karaouli;08/2020
S17_D0021;TAWA;Oussama Karaouli;08/2020
S17_D0022;Drone filaire;Yassine Karaouli;08/2020
S17_D0022;Drone filaire;Wassim Karaouli;08/2020
S17_D0023;Full Health;Selim Ben Mrad;08/2020
S17_D0023;Full Health;Ghaleb Ben Ali;08/2020
S17_D0023;Full Health;Imen Baklouti;08/2020
S17_D0024;WeRebase;Nadhir Douma;08/2020
S17_D0024;WeRebase;Karim Daghari;08/2020
S17_D0025;Afia Tech;Afia Tech Laith Glissa;08/2020
S17_D0025;Afia Tech;Mohamed Hedi Ben Hamed;08/2020
S17_D0026;SPORTOLOGY;KLAY;08/2020
S17_D0026;SPORTOLOGY;Moez Aousji;08/2020
S17_D0026;SPORTOLOGY;Sabrine Ibrahim;08/2020
S17_D0027;Société Classquiz;Class Quiz Achref Dawahi;08/2020
S17_D0027;Société Classquiz;Omar Trabelsi;08/2020
S17_D0027;Société Classquiz;Haithem Kchaou;08/2020
S17_D0028;Nebulabs;Kyteb;08/2020
S17_D0028;Nebulabs;Chehir Dhawedi;08/2020
S17_D0029;Scaphandry;Rent a tutor Abdeljalil Ghattas;08/2020
S17_D0030;Digital GROWUP APPLICATIONS « DGA »;GrowApp Wael Aouididi;08/2020
S17_D0031;Ste Hope Healthcare Solutions;Le Comet  Tarek Mnaffakh;08/2020
S17_D0031;Ste Hope Healthcare Solutions;Mohamed Hedi Achour;08/2020
S17_D0031;Ste Hope Healthcare Solutions;Yosr Naija;08/2020
S17_D0032;THEMAZEGROUP;iSporit Yassine Achour;08/2020
S17_D0032;THEMAZEGROUP;Karim Zehani;08/2020
S17_D0032;THEMAZEGROUP;Mohamed Wassim Benzarti;08/2020
S17_D0032;THEMAZEGROUP;Khalil Ben Zineb;08/2020
S17_D0033;School Upgrader;School Upgrader;08/2020
S17_D0033;School Upgrader;Oussama Ben Zineb;08/2020
S17_D0033;School Upgrader;Amine Rekhis;08/2020
S17_D0034;STE Industrial FACTOORYA Tech;FACTOORYA Yassine Khlass;08/2020
S17_D0034;STE Industrial FACTOORYA Tech;Mohamed Seifedinne Bouarada;08/2020
S18_D0001;WeMove;Mohamed Khelil;09/2020
S18_D0001;WeMove;Mejdi Mbarek;09/2020
S18_D0001;WeMove;Ghanmi Ayhem;09/2020
S18_D0002;HackUp;Ghanmi Ayhem;09/2020
S18_D0002;HackUp;Mohamed Aziz Najjar;09/2020
S18_D0003;wammya;Ahmed Lachheb Lahlaoui;09/2020
S18_D0003;wammya;Walid Negra;09/2020
S18_D0004;Orthlane;Ali Karray;09/2020
S18_D0004;Orthlane;Ali Safsafi;09/2020
S18_D0005;ETNAFES;Ichrak Aouissaoui;09/2020
S18_D0005;ETNAFES;Najeh Bedhief;09/2020
S18_D0006;Idaraty.tn;Ahmed Zoghlami;09/2020
S18_D0007;Healthy & Bnin;Soumaya Atoui;09/2020
S18_D0007;Healthy & Bnin;Farah M'seddi;09/2020
S18_D0008;Services voitures épaves (SVE);Slim M'seddi;09/2020
S18_D0008;Services voitures épaves (SVE);Jalel Satouri;09/2020
S18_D0009;Autorent;Moslem Ben Dhaou;09/2020
S18_D0009;Autorent;Achref Hayouni;09/2020
S18_D0010;Cubed;Hassen Mezghani;09/2020
S18_D0010;Cubed;Sarra Ben Helal;09/2020
S18_D0011;Smelsy.com;Med slim BOUAZIZ;09/2020
S18_D0012;iCan-C;Ali Ajili;09/2020
S18_D0012;iCan-C;Yosr Jazzar;09/2020
S18_D0012;iCan-C;Sami Khouaja;09/2020
S18_D0013;MTTN;Naji Bou Habib;09/2020
S18_D0013;MTTN;Nabil Fatmi;09/2020
S18_D0014;Bladiz king Chemicals Solutions;Ameur Baccoucha;09/2020
S18_D0014;Bladiz king Chemicals Solutions;Sadok Maamar;09/2020
S18_D0014;Bladiz king Chemicals Solutions;Hassen Mchaalia;09/2020
S18_D0014;Bladiz king Chemicals Solutions;Ons Ayari;09/2020
S18_D0014;Bladiz king Chemicals Solutions;Mohamed Nejib Youssef;09/2020
S18_D0014;Bladiz king Chemicals Solutions;Jalel Dahas;09/2020
S18_D0015;MEDICAL SERVICES & SOLUTIONS INTER;souhir Zaoui;09/2020
S18_D0015;MEDICAL SERVICES & SOLUTIONS INTER;Sami Hamila;09/2020
S18_D0015;MEDICAL SERVICES & SOLUTIONS INTER;Maher Cheour;09/2020
S18_D0016;Doctourna;Moetaz Torkhani;09/2020
S18_D0017;Aladdin;Hichème Kaboudi;09/2020
S18_D0017;Aladdin;Mohamed Wissem Landolsi;09/2020
S18_D0018;Portail de technologies industrielles et innovations;Walid Landolsi;09/2020
S18_D0018;Portail de technologies industrielles et innovations;Imen Gaida;09/2020
S18_D0018;Portail de technologies industrielles et innovations;Heni Mechichi;09/2020
S18_D0019;New Life;Abderrahmen Ben Gdara;09/2020
S18_D0020;Sampapp;Taher Ghrissi;09/2020
S18_D0021;SAFEOPS;Hakim Chemam;09/2020
S18_D0022;Dinaro;Khalil Jelassi;09/2020
S18_D0022;Dinaro;Radhouane Slimani;09/2020
S18_D0022;Dinaro;Saif eddine Souilmi;09/2020
S18_D0023;Farmvie;Yasser Souilmi;09/2020
S18_D0023;Farmvie;Hamza Beji;09/2020
S20_D0001;Groupado;Selim Tekaya;11/2020
S20_D0001;Groupado;Mohamed Ghazouani;11/2020
S20_D0001;Groupado;Achraf Aouadi;11/2020
S20_D0002;WildyNess;Rim Bourguiba;11/2020
S20_D0002;WildyNess;Hamza Gassem;11/2020
S20_D0003;AVOPRO;Hatem Hamdi;11/2020
S20_D0003;AVOPRO;Abdel Karim Ben Abdel Malek;11/2020
S20_D0003;AVOPRO;Wafa Gabsi;11/2020
S20_D0004;ARCHIVART;Wafa Gabsi;11/2020
S20_D0004;ARCHIVART;Mohamed Khalil Liouane;11/2020
S20_D0005;Tinest;Khouloud Bouazizi;11/2020
S20_D0005;Tinest;Zayneb Ghodhbani;11/2020
S20_D0006;Elco Solutions;Wajdi Darmoul;11/2020
S20_D0007;NeuroData;Yassine Hamdaoui;11/2020
S20_D0007;NeuroData;Selim Themouni;11/2020
S20_D0008;Khadamny;Selim Mraidi;11/2020
S20_D0008;Khadamny;Atef Sedraoui;11/2020
S20_D0009;WONDER WORK;Yamina Rachdi;11/2020
S20_D0009;WONDER WORK;Wafi Bouassida;11/2020
S20_D0010;Tashfeen;Mounir Bouassida;11/2020
S20_D0010;Tashfeen;Tarek Ben Sassi;11/2020
S20_D0011;Autoprix.tn;Mohamed Amine Ben Sassi;11/2020
S20_D0012;Société Souk El-Ghorba;Mohamed Ali Kammoun;11/2020
S20_D0013;Smart City;Ali Boukhachem;11/2020
S20_D0013;Smart City;Bechir Gtari;11/2020
S20_D0014;Civitas;Firas Gaffari;11/2020
S20_D0014;Civitas;Houssem Akrout;11/2020
S20_D0014;Civitas;Bilel Knaissi;11/2020
S20_D0015;Celebrioo;Mootaz Billeh Chaabani;11/2020
S20_D0016;elprojet;Akram Mrad;11/2020
S20_D0016;elprojet;Malek Zlitni;11/2020
S20_D0017;ﻲﺑﯾﺟد  - Jeeby;Walid bousnina;11/2020
S20_D0017;ﻲﺑﯾﺟد  - Jeeby;Chamseddine Bezzaouia;11/2020
S20_D0017;ﻲﺑﯾﺟد  - Jeeby;Youssef Fakhfakh;11/2020
S20_D0018;ClickBus;Zied Agrebi Orabi;11/2020
S20_D0018;ClickBus;Mohamed Debbabi;11/2020
S20_D0019;Xchange;Ismail Talbi;11/2020
S20_D0020;Alfikr;Brahim Jrah;11/2020
S20_D0020;Alfikr;Mohamed Ali Taoues;11/2020
S20_D0021;UpKurs;Nidhal Jammali;11/2020
S20_D0021;UpKurs;Selsebil Ben El Haj Sghaier;11/2020
S20_D0021;UpKurs;Gadus Niyonzima;11/2020
S20_D0022;WOTE;Joshua King Isezerano;11/2020
S20_D0022;WOTE;Sarah mellouli;11/2020
S20_D0022;WOTE;Melek Gharbi;11/2020
S20_D0023;Ba9chich;Bilel Ouersighni;11/2020
S20_D0023;Ba9chich;Ibtihel Haddedi;11/2020
S20_D0024;Machmoom;Ibtihel Haddedi;11/2020
S20_D0024;Machmoom;Skander Haddedi;11/2020
S20_D0025;Hanoutify;Tarek Berrehouma;11/2020
S20_D0025;Hanoutify;Mohamed Ben Rhouma;11/2020
S20_D0026;LoDeep;Zied Ben Amar;11/2020
S20_D0026;LoDeep;hanene Moalla;11/2020
S20_D0027;REC-INov سﻧوﺗ en ligne;Jamila Khlif;11/2020
S20_D0027;REC-INov سﻧوﺗ en ligne;Wajdi Moalla;11/2020
S20_D0027;REC-INov سﻧوﺗ en ligne;Salma Aouini;11/2020
S20_D0028;Société Evolutik;Evolutik;11/2020
S20_D0028;Société Evolutik;Mourad Mathari;11/2020
S20_D0028;Société Evolutik;Mohamed Aziz Hannachi;11/2020
S20_D0029;HOMEJEK;HOMEJEK;11/2020
S20_D0029;HOMEJEK;Anis Mzoughi;11/2020
S20_D0030;STE SMELSY;Smelsy.com Med slim Bouaziz;11/2020
S20_D0031;STE Fouita;Fouita Abdelhay Najjar;11/2020
S20_D0031;STE Fouita;Jamoussi Ahmed;11/2020
S20_D0031;STE Fouita;Jihed Bouguerra;11/2020
S20_D0032;Eventizer Platforms;Eventizer;11/2020
S20_D0032;Eventizer Platforms;Yassine Abbes;11/2020
S20_D0032;Eventizer Platforms;Oussema Samet;11/2020
S20_D0032;Eventizer Platforms;conception et vente d'un;11/2020
S20_D0032;Eventizer Platforms;Sabri Mhimdi;11/2020
S20_D0033;4InA Technologie;système de télégestion;11/2020
S20_D0033;4InA Technologie;Zribi Hinda;11/2020
S20_D0033;4InA Technologie;d'énergie électrique;11/2020
S20_D0033;4InA Technologie;Youssef Said;11/2020
S20_D0034;Travaris;Travaris Berkay Alkisel;11/2020
S20_D0034;Travaris;Ahmad Abd Arrahman;11/2020
S20_D0034;Travaris;Nesrine Chemkhi;11/2020
S20_D0035;El Food Lab Traiteur Cuisine Revisitée;El Food Lab;11/2020
S20_D0035;El Food Lab Traiteur Cuisine Revisitée;Mohamed Guinoubi;11/2020
S20_D0036;STE TUNISIENNE CO-SOLAR DES INNOVATIONS;Mahmoud Hammami;11/2020
S20_D0036;STE TUNISIENNE CO-SOLAR DES INNOVATIONS;Co-Solar;11/2020
S20_D0037;TECHNOLOGIQUES SOLAIRES;Yessin Boutabba;11/2020
S20_D0037;TECHNOLOGIQUES SOLAIRES;Farah M'seddi;11/2020
S20_D0038;Services Voitures Epaves;Services voitures épaves Slim M'seddi;11/2020
S20_D0038;Services Voitures Epaves;Jalel SATOURI;11/2020
S20_D0038;Services Voitures Epaves;Mohamed Torkhani;11/2020
S20_D0038;Services Voitures Epaves;Talel Mouaada;11/2020
S20_D0039;Fantastic Mall;Fantastic Mall Mohamed El kamel;11/2020
S20_D0039;Fantastic Mall;Saber Ben Ahmed;11/2020
S20_D0039;Fantastic Mall;Sahbi Ben Fredj;11/2020
S20_D0039;Fantastic Mall;Mohamed Mabrouk;11/2020
S20_D0039;Fantastic Mall;Nemine Marzouki;11/2020
S20_D0040;STE D-WEE;D-WEE Taha Grach;11/2020
S20_D0040;STE D-WEE;Bassem Mlayah;11/2020
S21_D0001;Telum;Nour Ehore Ghoseh Amal;12/2020
S21_D0002;Ma Formation Privilee;Helmi Mash;12/2020
S21_D0003;AirGraph;GHAYTH Bouygatta Lafalfa Rash Edouard Guilhot Daniel Balleger;12/2020
S21_D0004;LG P;Ahmed Miffes;12/2020
S21_D0005;WAMIA;Abdereazak Ahlou Al Cherif Amri Kekasae;12/2020
S21_D0006;moudda.com;Meeki Musselderb Karman Rokkane;12/2020
S21_D0007;wiTrade;Mierten Nebi Zainib Nebi Taha Haitie;12/2020
S21_D0008;SOAR;Aymen Tabi Nour Bourataize;12/2020
S21_D0009;Datagram;Mohamed Ali Ben Aleya;12/2020
S21_D0010;IBIS Technologies;Khaled Bouchousha;12/2020
S21_D0011;PROSERVY;Ahmed Didi Wassim Ioani Mohamed Diyan Koutini;12/2020
S21_D0012;Cagronte Fid;Omar Bacar Cager Bouchousha;12/2020
S21_D0013;Smarth;Ramzi Zefani;12/2020
S21_D0014;NetShake;Raith Bensi Abdalah Bakke;12/2020
S21_D0015;Go Staff;Mohamed Hanoun Ouannes Wassim Khalfa;12/2020
S21_D0016;Kn_Traffic;Mohamed Salah Zaggar;12/2020
S21_D0017;Bridge ITops;Wald Saad;12/2020
S21_D0018;WARM;Marwa Ben Aissa;12/2020
S21_D0019;LEEVVA Communication;Wissem Bougulla Loc Lafhiq;12/2020
S21_D0020;BasketID;Karmir Jabali Maker Chukai Wael Kaiso;12/2020
S21_D0021;Key Software;Khaled Saddani;12/2020
S21_D0022;BAIT;Ahmed Trad;12/2020
S21_D0023;The Mission;Fatin Maslei Sandari Elbawi;12/2020
S21_D0024;instead;Karmir Ben Abdalaziz Arwa Bel Hiji Taha Beri Amal Guzman;12/2020
S21_D0025;MICRO DEVICE TUNISA;Hamdil Ben Amor;12/2020
S21_D0026;Droopex;Ahmed Allesch Waet Allesch;12/2020
S21_D0027;OnePack;Sarra Fehail Firas Dheouad Malik Ahmed;12/2020
S21_D0028;Omaris Wood;Omar Trabelsi;12/2020
S21_D0029;OMNIUP;Karim Jelliti Issam Essefi Ali Sakka;12/2020
S21_D0030;إبراهيم الدين - VirtuA Agency;Siem Ouled Hsin;12/2020
S21_D0031;EVO ENERGIZE;Maher Amara Safa Bouhajar;12/2020
S21_D0032;Pabitel.tn;Syrine Zgueb;12/2020
S21_D0033;Jood Lab;Mohamed Belghith Younes Ben Mabrouk;12/2020
S21_D0034;World Wide Security;Mohamed Aziz Elmabrouk;12/2020
S21_D0035;Mat7irech;Mohamed Harbaoui;12/2020
S21_D0036;Flow;Omar Guizani Maher Bouzid;12/2020
S22_D0001;Menutium;Salem Mosbah;01/2021
S22_D0001;Menutium;Amine Mlika;01/2021
S22_D0002;Mymall.tn;Inès Béjar;01/2021
S22_D0003;iMMOTECH;Cyrine Ben Ayed;01/2021
S22_D0003;iMMOTECH;Andolsi Jihed;01/2021
S22_D0003;iMMOTECH;Yassine Jalloul;01/2021
S22_D0004;XQuant Software;Chea Srun;01/2021
S22_D0005;Medquick;Ahmed Turki;01/2021
S22_D0005;Medquick;Mustapha Turki;01/2021
S22_D0006;7 healthcare;Haythem Zouaoui;01/2021
S22_D0006;7 healthcare;Mohamed Riadh Bhar;01/2021
S22_D0006;7 healthcare;Khadija Mahjoub;01/2021
S22_D0007;Cognira Tunisia;Hatem Sellami;01/2021
S22_D0007;Cognira Tunisia;Makrem Zannouni;01/2021
S22_D0007;Cognira Tunisia;Kais Jrad;01/2021
S22_D0008;Linkedfishers/Hookedup;Ayed Guembri;01/2021
S22_D0008;Linkedfishers/Hookedup;Abdessattar Tajouri;01/2021
S22_D0008;Linkedfishers/Hookedup;Nawfel Ben Moussa;01/2021
S22_D0009;SeaBot;Kelboussi Rami;01/2021
S22_D0009;SeaBot;Marwen Bousmina;01/2021
S22_D0010;Ms. Marion;Insaf Hamdi;01/2021
S22_D0010;Ms. Marion;Selma Belkhodja;01/2021
S22_D0011;WKE par FLEXITEK;Fondateur non lisible dans l’OCR;01/2021
S22_D0012;e-Scola;Sami Mlaiki;01/2021
S22_D0012;e-Scola;David Simb;01/2021
S22_D0013;Tinith IBPM Automation Booster;Ouassim Bouzid;01/2021
S22_D0013;Tinith IBPM Automation Booster;Ramzi Abidi;01/2021
S22_D0014;Pulpetech;Wafa Abbes;01/2021
S22_D0014;Pulpetech;Oussama Jrad;01/2021
S22_D0015;MineClap;Taha Yassine Chahed;01/2021
S22_D0015;MineClap;Hamed Khalil Maaref;01/2021
S22_D0015;MineClap;Slim Maaref;01/2021
S22_D0016;FinBudd.com;Ons Bouali;01/2021
S22_D0017;YAGRI;Yasser Belguesmi;01/2021
S22_D0017;YAGRI;Bouallagui Dorsaf;01/2021
S22_D0018;7keema;Sahar Awad;01/2021
S22_D0018;7keema;Tamer Shawer;01/2021
S22_D0018;7keema;Amr Bakr;01/2021
S22_D0019;Arabclassroom;Chokri Samaali;01/2021
S22_D0020;Smart Racing Hub;Oussema Dhaouadi;01/2021
S22_D0021;société Lave'rit;Hedi Hrigua;01/2021
S22_D0021;société Lave'rit;Oussama Hlaoui;01/2021
S22_D0022;Arty;Inès Gharbi;01/2021
S22_D0022;Arty;Anouer Kalel;01/2021
S22_D0022;Arty;Mohamed Ali Said;01/2021
S22_D0023;PLUS WEB Solutions;Amina Triki;01/2021
S22_D0024;AREAS (Agro Responsible Ecologic African Services);Zahra Shiri;01/2021
S22_D0024;AREAS (Agro Responsible Ecologic African Services);Hassen Ouerghemmi;01/2021
S22_D0025;EZ-TOOL;Mehdi Tatar;01/2021
S22_D0025;EZ-TOOL;Khalil Chelly;01/2021
S22_D0026;e-dengri;Maroua Ben Charrada;01/2021
S22_D0026;e-dengri;Belhaj Ines;01/2021
S22_D0027;JEY;Seifeddine Miladi;01/2021
S22_D0027;JEY;Slim Sghir;01/2021
S22_D0028;SMARTravel;Houcem Hajji;01/2021
S22_D0028;SMARTravel;Wajdi Bechaouech;01/2021
S22_D0029;HiMyCoach.com;Rassil Rnouma;01/2021
S22_D0029;HiMyCoach.com;Enkhsanaa Achour;01/2021
S22_D0030;Itialus Fidexia North Africa;Sami Ben Salem;01/2021
S22_D0030;Itialus Fidexia North Africa;Wafa Cherid;01/2021
S22_D0031;zeromate;Samir Chafai;01/2021
S22_D0032;Koodys / Thor System;Mohamed Salah Nachi;01/2021
S22_D0032;Koodys / Thor System;Malek Redissi;01/2021
S22_D0033;Chill&Lit;Fares Kotti;01/2021
S22_D0034;Overlapping UVs;Youssef Mejri;01/2021
S22_D0034;Overlapping UVs;Makrem Cherni;01/2021
S22_D0035;ABC Dev;Sdiri Mahdi;01/2021
S22_D0035;ABC Dev;Manel Ouerhani;01/2021
S22_D0036;BOXSTOP;Ghada Jandoubi;01/2021
S22_D0036;BOXSTOP;Lauret Hanout;01/2021
S23_D0001;Expert Team Tunisie;Salah El Amami;02/2021
S23_D0002;Medikadvisor;Haithem Ben Jemia Zied Ouled Ali;02/2021
S23_D0003;UNIK CHIK;Samia Mbarek;02/2021
S23_D0004;LUNAR EPS;Ahmad Hentati Mahdi Ghribi;02/2021
S23_D0005;AOS INTERNATIONAL;Rudolph Cerqueira;02/2021
S23_D0006;FelCloud;Mohamed Amine Ibrahim;02/2021
S23_D0007;Ste Magicube Industrie;Walid Chaabene;02/2021
S23_D0008;Bepeep Health;Ahmed Choucheni Mohamed Choucheni;02/2021
S23_D0009;WARENA;Naziha Ouanes Mohamed Boumiza Med Amine Jebabli;02/2021
S23_D0010;LA FIBRE ARTISANALE;Khaled Ben Brahim Samia Cherif;02/2021
S23_D0011;Handmade Tunisia;Khaoula Habouria;02/2021
S23_D0012;Kartago Dattes Snacks, Ingredients and Extracts;Fares Horchani;02/2021
S23_D0013;BYEISSA;Ahmed Elmi Mohamed Jbalia Souhaib Rejeb Wajdi Tayachi;02/2021
S23_D0014;VISTASY;Ahmed Badaoui Ibtissem Kadri;02/2021
S23_D0015;HOPE HORIZON;Raouf Ben Aissa Youssef Zied Elhechmi Mohamed Aziz Belaweid Mohamed Wassim Benzarti Najla Ghrairi;02/2021
S23_D0016;Picstore;Abdellatif Najjar Mariam Labidi Mourad Blaich;02/2021
S23_D0017;Meilleure Vie Etudiants Tunisie;Wissem Hakiri Mohamed Guediche Wided Hakiri;02/2021
S23_D0018;Fisco;Ismail Abdellaoui Mohamed Sghaier Alaa Souid Farouk Skhiri;02/2021
S23_D0019;Bridges S.A;Mahmoud Aljan;02/2021
S23_D0020;Soon Marine;Aziz Thraya Chokri Ben Sassi;02/2021
S23_D0021;BAKO MOTORS;Boubaker Siala Rached Ben Hmadou Mahmoud Siala;02/2021
S23_D0022;affipro;Youssef Ennasri;02/2021
S23_D0023;Lait Espoir;Hayfa Khalfaoui;02/2021
S23_D0024;Byessa.com;Mohamed Slim Mansouri Asma Saidi;02/2021
S23_D0025;WaterSec;Ahmed Slim Bouakez Khoubeib Tlili Zoubeir Zarrouk Mohamed Guenbri;02/2021
S23_D0026;Gelivro;Ramzi Houidi Rim Harabi;02/2021
S23_D0027;Konnect;Amin Ben Abderrahman;02/2021
S23_D0028;Vetsbook.net;Salaheddine Ogontayo Hammouda Houcem Marouane Skandaji;02/2021
S23_D0029;GARANTY;Mustapha Messaoudi Hamza Messaoudi;02/2021
S23_D0030;WMS;Mohamed Naoues Yosr Salhi;02/2021
S23_D0031;Coursify;Kalthoum Frigui Mohamed Soussi;02/2021
S23_D0032;Customing;Salah Riahi;02/2021
S23_D0033;Petit sook;Dorra Haddad zarraa Ebtissem Sahtout Sirine Berguiga;02/2021
S23_D0034;OCTARYN;Idriss Fessi;02/2021
S23_D0035;Carhabty.tn;Anis Boufahja Slim Rouissi;02/2021
S23_D0036;Green Travel Solutions ( Zmorda );Wael Arfaoui Sirine Ayadi Montassar Kammakh;02/2021
S23_D0037;Jobelle;Belkis Bouali;02/2021
S23_D0038;Amazigh;Rania Makhlouf Firas Chetouane;02/2021
S23_D0039;Futura energy Tn;Anis Kmali Rawdha Bessaoud;02/2021
S23_D0040;Ricality;Mohamed Wajih Bejaoui Mohamed Alaa Hamdi Mohamed Jihed Hmida Mohamed khalil Fitouri;02/2021
S23_D0041;Hello Dati;Nizar Hamdi Adnene Aroua;02/2021
S23_D0042;IB Space;Ghada Sayeh Cherif Foued Cherif;02/2021
S23_D0043;iCan-C;Ali Ajili Yosr Jazzar;02/2021
S23_D0044;بﺎﺗﻛ ﺔﻠﺣر _Book Journey;Houssem Baaka Aya Achour Bilal Nsib;02/2021
S23_D0045;Dev2Dev;Mohamed Debbabi Ismail Talbi;02/2021
S23_D0046;Autorent Software;Moslem Ben Dhaou;02/2021
S23_D0047;Healthy And Bnin Food;Soumaya Atoui;02/2021
S23_D0048;Bridges S.A;Mahmoud Aljan;02/2021
S24_D0001;Autoecoleplus.tn;Mohamed Amine Jendoubi Ahmed Nemlaghi Mohamed Badii Jendoubi;03/2021
S24_D0002;Fripeji.tn;Ahmed Ouertani Abdelkader Sellami Ahmed Ferjani Mohamed Salah Elbach;03/2021
S24_D0003;CarHuB-TI;Yassine Ajili Nidhal Akrout;03/2021
S24_D0004;MicroAcess;Aymen Zouaoui Kais Zouaoui Imen Ben Nsir Marwa Mejri;03/2021
S24_D0005;IMPACT NUTRITION;Marouan Ariane Houda Saied;03/2021
S24_D0006;Vife;Rania Fakhfakh Emna Souid Marwa Hannachi;03/2021
S24_D0007;Shipzzer;Alexandre Cour Sami Landoulsi;03/2021
S24_D0008;Freelancy;Mehdi Mhamdi Karim Zribi;03/2021
S24_D0009;Controlmed;Faten Hamdi;03/2021
S24_D0010;Moline;Alia Belkhodja;03/2021
S24_D0011;Kids protect;Sassi Siwar Yasmine Selmi;03/2021
S24_D0012;Drest.tn;Mohamed Omrane Mzabi Malek Mzabi;03/2021
S24_D0013;Deepth;Hamdi Mustapha Bouchra Bel Haj Abdallah;03/2021
S24_D0014;ILEY'COM-مﻛﯾﻟإ;Mehdi Ben Abdallah Marwa Moula;03/2021
S24_D0015;Vitah;Mohamed Taha Ben Mhenni Iheb Sahloul Saifeddine Ben Mhenni;03/2021
S24_D0016;Skilled;Khalil Zammeli Hosn el Oujoud Tebourski;03/2021
S24_D0017;Skills21;Hajer Kharrat Rami Mestiri Mohamed Khalil Liouane;03/2021
S24_D0018;Deliv's;Sinda Bououn;03/2021
S24_D0019;Bionics;Ayachi Monaam Ikhlas Ayachi;03/2021
S24_D0020;Suprem;Khaireddine Mejri;03/2021
S24_D0021;Win now;Nesrine Welhezi Oussema Khlifi Nizar Welhezi;03/2021
S24_D0022;Art Culture Studio;Wassim Ghozlani Nadia Redissi Amine Landoulsi Arbi Dridi;03/2021
S24_D0023;Flexipik;Amine Kéfi Beya Ben Saad;03/2021
S24_D0024;Oxacloud;Hatem Abdennadher Aida Ben Hamouda;03/2021
S24_D0025;OLFA cosmetics;Olfa Dhouibi;03/2021
S24_D0026;FIDNESS;Ahmed Najjar Yosr El Mabrouk Adel Mrabet Mohamed Soloman Oshan;03/2021
S24_D0027;Storyet;Riadh Jlassi Omar Ben Abdessamy;03/2021
S24_D0028;TANIT VISION MONITORING;Belhassen Ben Chaabane;03/2021
S24_D0029;CHIHEB RAIS;Chiheb Rais Ferdaws Abdelekbir Rania Ikbal Ouriemi;03/2021
S24_D0030;Heni OUNI;Heni Ouni Mohamed Wajih Tagourty Badri Ahmed Teissir Abboud Taha Dahech Mahdi Chtioui;03/2021
S24_D0031;Cashyi;Moslem Cherif;03/2021
S24_D0032;Africana Help Export;Majed Ben Belgacem;03/2021
S24_D0033;Foorsa;Dorsaf Tabbassi Rania Allagui;03/2021
S24_D0034;Fintech Tunisia;Zied Chaabane;03/2021
S24_D0035;Montage et intégration d'un système photovoltaïque smart Sun Tracker;Mohamed Achref Bensghaier;03/2021
S24_D0036;YOLAA;Jihene Aouachri Amine Methnani;03/2021
S24_D0037;Smart Switch Systems;Mohamed Ali Atig;03/2021
S24_D0038;E-bin;Ahlem Medini Jawher Mdini Maha Mdini;03/2021
S24_D0039;PASTECH;Khalil Ben Romdhane;03/2021
S24_D0040;Golyc Group;Amine Maalaoui;03/2021
S24_D0041;SAFEOPS;Hakim Chemam;03/2021
S24_D0042;OVVA SYSTEMS;Youssef Ennasri;03/2021
S24_D0043;Creometry;Mounir Ghlaiel Aymen El Amri;03/2021
S24_D0044;REC-INov;Hanene Moalla Jamila Khlif Wajdi Moalla;03/2021
S24_D0045;ETNAFES;Ali Safsafi Ichrak Aouissaoui Najeh Bedhief;03/2021
S24_D0046;CIVITAS DIGITAL;Bechir Gtari Firas Gaffari Houssem Akrout;03/2021
S24_D0047;BKMC corp;Bilel Knaissi Mootaz Billeh Chaabani;03/2021
S24_D0048;NetShareK Technology;Riadh Brinsi Abdallah Bakir;03/2021
S24_D0049;ZeTaByte Software Solutions;Ramzi Zelfani;03/2021
S24_D0050;EZ-Pass;Youssef Fakhfakh Zied Agrebi Orabi;03/2021
S24_D0051;The Digital Furniture Company;Marwa Ben Aissa;03/2021
S24_D0052;Konnect Networks;Amin Ben Abderrahman;03/2021
S24_D0053;Orhtlane Tunisie;Ali Karray;03/2021
S24_D0054;TUNISPACE;Farouk Oueslati Dorsaf Touil;03/2021
S24_D0055;Next Gen Corp;Moez Lachneb Ahmed Nabli Souamay Tlili Faten Manai Abd El Aziz Trabelsi;03/2021
S24_D0056;Orient Tea;Tarek Talbi;03/2021
S25_D0001;My Enlightened Mind;Oussama Ben Mahmoud Adem Abidi;04/2021
S25_D0002;DEEP FLOWS;Mohamed Makni Farah Makni Wissem Allouchi;04/2021
S25_D0003;Autoween;Mouheb Kraiem Maha Benmohamed;04/2021
S25_D0004;TAWA Digital Talents;Mohamed Salah Mbarek;04/2021
S25_D0005;ZIGOFILTRE;Youssef Bouzariata Mohemed Rameh Amine Shiri;04/2021
S25_D0006;Taxiora / Smarteo;Walid Saadaoui Khaled Benlatrach Raouia Magroun;04/2021
S25_D0007;Tunisie Aquaponie;Sofiene Rouis;04/2021
S25_D0008;Ste Tildah;Bouraoui Ben Ammar;04/2021
S25_D0009;Takwinland;Brahim jaouad Mohamed Amroussi Oumar Rejeb;04/2021
S25_D0010;ODIX;Anis Zehani Anissa Zehani;04/2021
S25_D0011;freeoui;Moez Beddi Ilyes Masmoudi Amine Ennouri;04/2021
S25_D0012;Nkawroo;Kais Malki;04/2021
S25_D0013;medtrip;Achraf Msakni Sabra Gargouri;04/2021
S25_D0014;branper;Saïd Ben Jlili Hamza ben jannet;04/2021
S25_D0015;Rednaks;Skander Chouka;04/2021
S25_D0016;Be Smart Travel;Wissem Ben Ameur Yassine Abid Driss Nadhem Firas Makni Dorra Barkallah Taieb Kerkeny Khedhiri Salah;04/2021
S25_D0017;Reevalo;Bacem Rezgui;04/2021
S25_D0018;elbusines.com;Hela Jelassi Anis Borchani;04/2021
S25_D0019;capxvalue;Maher Zaanouni;04/2021
S25_D0020;Rania WERDA;Rania Werda;04/2021
S25_D0021;Takwira;Zied Dahmani Amen Allah Dahmani;04/2021
S25_D0022;flexiolar;Hamdi kardough Chayma Ben salem Farrah Marwa;04/2021
S25_D0023;Analytix;Mariam Ouanes Ahmed Becha Ines El Ayeb Amine Gara;04/2021
S25_D0024;Vizmerald;Bassem Seddik;04/2021
S25_D0025;Birou Suite;Alaa Chaibi Imen Boumiza;04/2021
S25_D0026;Décotis;Meher Hedhli Mohamed Barki;04/2021
S25_D0027;MediTek;Adel Hamdi;04/2021
S25_D0028;MCOM;Khaled Mediouni Mohamed Haythem Goddi;04/2021
S25_D0029;isondF;Firas Yousfi Abdessalem Bazine Mehdi Maalawi;04/2021
S25_D0030;Wassaloo;Abdeljelil Lazaar Mustapha Guellaty Mohamed Zouhaier Zammel;04/2021
S25_D0031;TAWSILA;Hajer Romdhani Hafedh Ben Abdelhafidh;04/2021
S25_D0032;Paprika Solutions;Ibrahim Jlassi Mohamed Belouaer Houssem Chaabani;04/2021
S25_D0033;Kindeal;Mohamed Ali Shili Moez Hammami;04/2021
S25_D0034;School Pack;Firas Dhaouadi Maalej Ahmed;04/2021
S25_D0035;DataSense;Charef Ahmed Anas Charfi;04/2021
S25_D0036;Marcus Studio;Azzez Moatez Hamza Gassab;04/2021
S25_D0037;DIGITIN;Aymen Bergaoui;04/2021
S25_D0038;EVADAM;Souhail Msakni Sami Sghaier Ahmed Liouene;04/2021
S25_D0039;DIMAZINA;Hajer Sahnoun Faten Sahnoun;04/2021
S25_D0040;KICK LIGHT;Mohamed Amir Lahmar;04/2021
S25_D0041;NextAV;Hichem Mokni Foued Elkamel;04/2021
S25_D0042;PROTABAR;Walid Trabelsi;04/2021
S25_D0043;MY-OYA;Sarra Khemakhem Oumayma Kéfi;04/2021
S25_D0044;"""A7yini"" / CBM-EE";Afef Letaief Aziz Hafsa;04/2021
S25_D0045;ABONO\FINEX;Kais Euchi;04/2021
S25_D0046;UNIVERSAL MARKETING;Aymen Gahbiche Nourine Bouguella;04/2021
S25_D0047;STERECO;Ala Eddine Maatoug;04/2021
S25_D0048;Wimbee;Neila Benzina;04/2021
S25_D0049;"la ferme bio-écologique pédagogique ""Rissala Kids Farm""";Imen Mefteh Ilef Oumari;04/2021
S25_D0050;Looklyoum;Wafa Makni Imed Elabed;04/2021
S25_D0051;Check Check;Bechir Bouazizi;04/2021
S25_D0052;Bee Eyes Tunisia;Mohamed Hadiji Aymen Tounsi Mohamed Kabadou;04/2021
S25_D0053;VirStand;Mohamed Ali Zaier Mohamed Ben Romdhane;04/2021
S25_D0054;MiamMiam;Rim Ben Mansour;04/2021
S25_D0055;3DSky;Montassar Faidi;04/2021
S25_D0056;drone intelligent;Golli Youssef;04/2021
S25_D0057;EatHome Resto;Nahla Saidani Moez Hmidi;04/2021
S25_D0058;Alpha Mall;Amri Abderrahmen Ines Miled Gharsalli Wael Kachouri Hind Malek Najahi;04/2021
S25_D0059;Direct DK;Maher Essalah;04/2021
S25_D0060;BananaBlue;Wessim Elkefi Marwene Bouhawel;04/2021
S25_D0061;Lexperto;Malek Oueslati Dorsaf Bel Hadj Mohamed;04/2021
S25_D0062;creances.tn;Maher Chafii;04/2021
S25_D0063;twansa.tn;Rani Ben Mahmoud Safa Rzig;04/2021
S25_D0064;EDL;Wala Bouzouita Mohamed Bouzouita Elyes Belhaj;04/2021
S25_D0065;Darenup;Mortadha Mehri Jesser Ben Mefteh;04/2021
S25_D0066;Sonia Ben Rejeb;Sonia Ben Rejeb Mohamed Aziz Ben haj ali Oussama Mhimdi Wessim Khiari Nessrine Ben Hadj Youssef;04/2021
S25_D0067;Digi-Hire;Maroua Ben Khaled Mariem Mahjouba Saidani Asma Ben Ghali;04/2021
S25_D0068;SmartShop;Ahmed Fakhri Hamrouni Mohamed Yessine Soufi Hanen Amraoui;04/2021
S25_D0069;HIPPOCRATES;Dhafer Ben Amor Rym Bedoui;04/2021
S25_D0070;CBOT;Linda Riahi Bassems Lamouchi Hedi Manai;04/2021
S25_D0071;SwitchAutomobile;Wajih tarsim Ahmed Fourati;04/2021
S25_D0072;ija ndhayfek;Nassim Naimi;04/2021
S25_D0073;General Computing Solutions Company;Lokmen Rojbeni Hajer Rojbeni;04/2021
S25_D0074;Particulier;Wael Boubaker;04/2021
S25_D0075;Go switch;Marwa Setti Med Aziz Setti;04/2021
S25_D0076;InBox;Sana Khadhraoui Adam Ben mokded Aymen Yanoubli;04/2021
S25_D0077;Gestion Environnementale;Awes Ferchichi Fahmi Missaoui;04/2021
S25_D0078;ReMotion;Ahmed Nabli Moez Lachneb;04/2021
S25_D0079;AvatarBooking;Slim Ben Yedder Ridha Alouani;04/2021
S25_D0080;Shwoppy;Ikram Aloui Karim Aloui Yosr Aloui;04/2021
S25_D0081;Educanet Tunisia;Anis Arbia;04/2021
S26_D0001;WeRebase;Ghaleb Ben Ali Karim Daghari;05/2021
S26_D0002;G.A.J;Leila Marzoug Skander daas;05/2021
S26_D0003;GROW IT YOURSELF;Moez Farhat Mohamed Amine Youssef Ilyes Saidani;05/2021
S26_D0004;EMNA HUSSEIN;Emna Hussein;05/2021
S26_D0005;almourabi e-learning;Mourad Gabsi Aya Drissi;05/2021
S26_D0006;Soul & Planet;Fatma Midani Mehdi Achour Touhami Midani;05/2021
S26_D0007;Lakadimia;Tarek Gasmi Karim Ettabaa;05/2021
S26_D0008;Laevitas;Hassen Naas Amine Massaabi Rassil Rhouma;05/2021
S26_D0009;SESAMm;Pierre Rinaldi Sylvain Forte Florian Aubry;05/2021
S26_D0010;invented technology;Mohamed Bayouli Emna Ben Jeddi;05/2021
S26_D0011;CAMPUSNA;Neila Alya Benzina;05/2021
S26_D0012;DIGI-TECH;Houssein Midouni;05/2021
S26_D0013;MediaMax;Yassine Boumaiza Oussama Bel Hadj Ali;05/2021
S26_D0014;Reserv;Sonia Hafaiedh Anissa Hafaiedh;05/2021
S26_D0015;Hémisphère;Aymen Aouadi Malek Ben Yedder Motaz Marzouki Khaled Mejbri;05/2021
S26_D0016;INOVA WIRELESS;Mohamed Tlich;05/2021
S26_D0017;WimbeyondAnalytica;Neila Benzina;05/2021
S26_D0018;Smarketyrs;Mohamed Bahri Hayet Rais Jeremy Rochot;05/2021
S26_D0019;SOFI;Kaies Tarres Mohamed Tarres Soumaya Tarres;05/2021
S26_D0020;Investhune plus;Wael Hassen Ala Eddine Hassen Malek Chaabane Mohamed Amine Berguiga;05/2021
S26_D0021;forsaty;Mohamed Slimeni;05/2021
S26_D0022;Hubs;Khaled Chiboub Mohamed Hamlaoui;05/2021
S26_D0023;CRABHOUSE;Karim Hammami Mohamed Amine Battikh;05/2021
S26_D0024;Sté MASPET;Arselene Rouatbi Ridha Rouatbi;05/2021
S26_D0025;3D real;Ahdi Hidri Youssef Chatti;05/2021
S26_D0026;Digital group performance;Hatem Ben Brahim;05/2021
S26_D0027;Valet Hosting;Emine Meherzi Amina Trigui;05/2021
S26_D0028;Only recommended stays .;Maher Guetary;05/2021
S26_D0029;beeton;Bachir Tlemsani Wannes Bjaoui Lasad Tlemsani;05/2021
S26_D0030;Impression 3D et fabrication des imprimantes 3D;Zayd Habbachi;05/2021
S26_D0031;LE GROUPEMENT;Nizar Guidara Amira Aydi;05/2021
S26_D0032;PETICHOU;Dhouha Bel Hadj Yahia;05/2021
S26_D0033;Delifood;Lassaad Ben Rejeb;05/2021
S26_D0034;Carthachain;Mohamad Mouihbi Mahmoud Jebri;05/2021
S26_D0035;Speedy;Omar Trabelsi Nidhal Sahraoui Achref Dawahi;05/2021
S26_D0036;VB SMART;Amine Fourati Kamoun Rami;05/2021
S26_D0037;Home Décor AR;Oussema Ksontini Yosri Kossontini Mariem Ben Maallem Abdel Majid Kessentini;05/2021
S26_D0038;FUGLAB;Belgacem Negrini;05/2021
S26_D0039;Beauty Addict;Chaima Ben Ayed Mehdi Triki;05/2021
S26_D0040;Due to Data;Maha Mgaieth;05/2021
S26_D0041;Skills21;Hajer Kharrat Rami Mestiri Mohamed Khalil Liouane;05/2021
S26_D0042;LEEVYA Communication;Wissem Bouguila Loïc Lafhej;05/2021
S26_D0043;MIH STORE;Ibtihel Haddedi Skander Haddedi;05/2021
S26_D0044;UpKurs;Mohamed Ali Taoues Nidhal Jammali Selsebil Ben El Haj Sghaier;05/2021
S26_D0045;SAHTICARE;Mohamed Taha Ben Mhenni Iheb Sahloul Saifeddine Ben Mhenni;05/2021
S26_D0046;WE WORK STUDIO WWS;Tarek Berrehouma Mohamed Ben Rhouma;05/2021
S26_D0047;Société NOVEL-TI;Zied LOUKIL Ferdouas MASMOUDI;05/2021
S27_D0001;KOOL;Mohsen Ayari;06/2021
S27_D0002;DRYSEK;Amjed Teraa Elyes Said;06/2021
S27_D0003;HYDROPEN TECHNOLOGIE;Tawfik Ben Hamadi Zied Boukhris Mourad Chaabane;06/2021
S27_D0004;Seabex Middle East and Africa;Amira Cheniour Ines Hamida Taher Mestiri;06/2021
S27_D0005;GO TO MATCH;Youssef Boumahdef Wissem Ata Khaled Hamila;06/2021
S27_D0006;MARKET360DEGREES;Ghassen Selmi Amen Eddine Mili Houssam Jedidi Rene Sehi Joerg Funder Guenter Althaus;06/2021
S27_D0007;B2B Tunisia;Mohamed Bechir Chniti Nedra Neffeti;06/2021
S27_D0008;Agritable;Hajer Siala Sophiene Jebabli;06/2021
S27_D0009;Ghazela Technology;Anis Hachani;06/2021
S27_D0010;GDTC;Haithem Cherni;06/2021
S27_D0011;Kabylis;Oussama Romdhane Khalil Fakhfekh;06/2021
S27_D0012;Dlilek;Moussa Tajouri Chourouk Attig;06/2021
S27_D0013;robotdot;Mohamed Ghazi Baccouche Habib Gafsi;06/2021
S27_D0014;Provectus;Kamel Jemli Dhia Jemli Monji Jemli;06/2021
S27_D0015;AquaDeep;Mohamed Ben Ahmed Mohamed Youssef Chahed;06/2021
S27_D0016;myCarCare;Rami Brahem Amani Bettaieb Ahmed Ben Yedder;06/2021
S27_D0017;Cooptatio;Mohamed Ali BRINI Hayfa Ben Mohamed;06/2021
S27_D0018;WIKI ACADEMY SA;Wassef Ben Ounis;06/2021
S27_D0019;Mirva Intertnational Trading;Marwa Ferchichi Severin Judicael Mombembo;06/2021
S27_D0020;Convergen;Sarah Lamine Mohamed Ali Aguel;06/2021
S27_D0021;RED LION MATRIX;Marwane Arsslene Zribi Rhym Ben Ghazi Teja Kallel;06/2021
S27_D0022;TEK4OFFICE;Ali Khelifi Khelifi Ibrahim;06/2021
S27_D0023;Tunisia's Harvest;Nahla Elmi;06/2021
S27_D0024;Escape Room Tunisia;Nadhmi Jourchi Narjess Derouiche;06/2021
S27_D0025;Roost;Firas Raddadi Ghada Radadi Hatem Temimi;06/2021
S27_D0026;KatYos;Yosra Arous Mahdi Arous;06/2021
S27_D0027;JOBGATE;Angoud Houssem;06/2021
S27_D0028;LE BISCUIT FONCTIONNEL;Neila Hafsia Seifeddine Memmiche;06/2021
S27_D0029;DDC Tunis;Amin Dridi Hedy Jamoussi;06/2021
S27_D0030;Inaya;Omar Ben Haj Said Mohamed Aouinet Walid Msallem;06/2021
S27_D0031;Digital Deals;Mourad Sahloul S'himi Heni;06/2021
S27_D0032;ALEXEER Dynamics;Mohamed Habib Chebbi;06/2021
S27_D0033;Dolce Vita Overseas;Nour El Kamel Lilia El Kamel;06/2021
S27_D0034;Lamikal;Anis Ben Slimane;06/2021
S27_D0035;VirtoTrip;Zayane Mohamed Yassine;06/2021
S27_D0036;SUCCESS STORY;Slim Zribi;06/2021
S27_D0037;WeFix;Sabri Cheriha;06/2021
S27_D0038;Sport Land;ADEL CHAARI;06/2021
S27_D0039;EDU'COM;Mohamed Seddik Azzabi;06/2021
S27_D0040;Digiflow;Ghassen Maalej Mohamed Limame Elie Zoghaib Mohamed Kadi;06/2021
S27_D0041;SMART SPORTS;Oussema Dhaouadi;06/2021
S27_D0042;NeoBionics;Monaam Ayachi Ikhlas Ayachi;06/2021
S27_D0043;STE YAGRI;Yasser Belguesmi Dorsaf Bouallagui;06/2021
S27_D0044;IH PAPRITECH;Ibrahim Jlassi Mohamed Belouaer Houssem Chaabani;06/2021
S27_D0045;Eva Dam Technology;Souhail Msakni Sami Sghaier Ahmed Liouene;06/2021
S27_D0046;Tunisian identity online;Karim Jebali Nader Chibani wael kassis;06/2021
S27_D0047;STE KTN TRAFFIC;Mohamed Salah Zaggar;06/2021
S28_D0001;Livrina;Mohamed Fares Ghodhbani;07/2021
S28_D0002;Coart Container Creatif;Malek Maazoun Yassine Mseddi;07/2021
S28_D0003;Hkeya w Ebra;Youssef Dridi Atef Boutara Yatim Omar Firas Ben Ghayadha;07/2021
S28_D0004;DROBEE;Mayssa Karchoud Nadhmi Amara Aladin Khantouch Haytham Khemakhem;07/2021
S28_D0005;Vital Tools;Yassine Bouchoucha Ali Babbou;07/2021
S28_D0006;Ticketchainer;Sami Bouden Walid Karray Obeyd Melliti;07/2021
S28_D0007;STE JUNIORS CV;Samy Jaidène Mayassa Fehaiem;07/2021
S28_D0008;ELBIO;Sana Saadani Haythem Dridi Syrine Guettat;07/2021
S28_D0009;Compaktor;Mohamed Amine Omrani Ali Mansour;07/2021
S28_D0010;2BK Innovation;Mehdi Boudhraa Omar Khalfet;07/2021
S28_D0011;Tiktak PRO;Zied Bouhejba;07/2021
S28_D0012;TRUE DELTA;Henda Regaya Maher Hemissi;07/2021
S28_D0013;Société JPARTENERS TUNISIE SUARL;Zied Jbali;07/2021
S28_D0014;DORRY;Ellouze Fares;07/2021
S28_D0015;RIBLUM;Hadded Malek Sara Bennour;07/2021
S28_D0016;AREMA international;Zina Kobbi;07/2021
S28_D0017;Pipeline Studio;Rami Rouini Amal Cherif Mahdi Ben khmis;07/2021
S28_D0018;BORNTEQ;Mohamed Fekih-Romdhane;07/2021
S28_D0019;Tunisia Home Staging;Malek Dey Daly Chahrazed Dey daly;07/2021
S28_D0020;Goodif;Khawla Ben Mansour Mohamed Kadi Mohamed Limame;07/2021
S28_D0021;ECOPOINT;Soua Salah Zoubeida Chaouch Najla Kacem;07/2021
S28_D0022;Nat-Hub / Pikoro;Sabryn Hamrouny Khelifi Ahmed Ibrahim Sarray Mohamed Amine Jebali;07/2021
S28_D0023;SMARTI'Z;Karim Amous;07/2021
S28_D0024;Gold Queen;Afef Mkaoure Abir Mkawar;07/2021
S28_D0025;GUISS;Akrem Belguith Tayeb Beb Ayed Fares Mallek Maher Marwani;07/2021
S28_D0026;The English Lab;Rabeb Rezgui;07/2021
S28_D0027;E-pharmacy;Zaineb Saadallah;07/2021
S28_D0028;Levry Food;Mohamed Naim Boubtane Myriam Boubtane;07/2021
S28_D0029;Mantouj;Bilel Amdouni Mohamed Ali Belajouza;07/2021
S28_D0030;KOPRICE;Mohamed Taher Bouchahoua Juste Méthode Bocovo Inès Aichi;07/2021
S28_D0031;StockPad;Mechria Rafik Tarek Hechmi;07/2021
S28_D0032;HACHARA Novel Food;Nedra Kharbeche Sana Bourguiba;07/2021
S28_D0033;Swavl;Yahya Touil Mathouthi Akrem;07/2021
S28_D0034;Karhebti;Houssem Eddine Noamen Amdouni Mohamed Amine;07/2021
S28_D0035;ELPERMIS;Mohamed Hedi Khanfir Abdennaceur Tarrouch;07/2021
S28_D0036;Dokeni;Amine Abassi Mohamed El Abbassi Maher El Abbassi;07/2021
S28_D0037;tnmarket;Rahma Ayadi Chokri Siala Yousra Ayadi;07/2021
S28_D0038;IBANFIRST TN;Amira Hannachi Patrick Mollard Oualid Abderrazek;07/2021
S28_D0039;TN Smartbot;Sofienne Mallek;07/2021
S28_D0039;TN Smartbot;Assil Salah;07/2021
S28_D0040;Istidama;Ahmed Slim Bouakez Khoubeib Tlili Zoubeir Zarrouk Mohamed Guenbri;07/2021
S28_D0041;Mrcus Studio;Azzez Moatez Hamza Gassab;07/2021
S28_D0042;STE LAVERIT H O;Hedi Hrigua Oussama Hlaoui;07/2021
S28_D0043;Wassaloo Tunisie;Abdeljelil Lazaar Mustapha Guellaty Mohamed Zouhaier Zammel;07/2021
S28_D0044;Wimbee Product;Neila Benzina;07/2021
S28_D0045;AquaDeep;Mohamed Ben Ahmed Mohamed Youssef Chahed;07/2021
S28_D0046;KINDEAL EDUCATION;Mohamed Ali Shili Moez Hammami;07/2021
S28_D0047;Société de Services pour les Organismes Solidaires;Mehdi Ben Abdallah Marwa Moula;07/2021
S28_D0048;HAKEEMA Pour la Santé;Amr Bakr Sahar Awad Tamer Shawer;07/2021
S28_D0049;Société ramzi de stock engineering et gestion de livraison;Ramzi Houidi Rim Harabi;07/2021
S28_D0050;SAYARTICARE;Rami Brahem Amani Bettaieb Ahmed Ben Yedder;07/2021
S29_D0001;MSS GROUP;Michela Lucifero Ottavio Lucifero;08/2021
S29_D0002;ARTY COLLECTION;Ymen Matri;08/2021
S29_D0003;Smart Ecowico Technology;Ilyes mhiri Achraf Zorgati Mohamed Amine Chalbi;08/2021
S29_D0004;TŪNIQ;Iman Masmoudi;08/2021
S29_D0005;Facstore;Takoua Gharbi Aya Jallali;08/2021
S29_D0006;Smart Factory Revolution;Jawhar Kobbi Omar Maalej;08/2021
S29_D0007;istishara;Atef Azizi;08/2021
S29_D0008;Tunisia market;Ibrahim Chouikh Abdelfattah Lahbib Abdelhamid Guinoubi Ahmed Ettoumi Laila Balti;08/2021
S29_D0009;Hayat Tech;Mohamed Amine Bensalem Mohamed Kharrat Ahmed Yassine Bensalem Habib Mestiri;08/2021
S29_D0010;SkyRanger;Chedhli Hafien Ramzi Bouzaiene Mokhtar Hafien;08/2021
S29_D0011;Food lab belarabi;Jihene Chouiref Rasha Chwiref;08/2021
S29_D0012;Softbook;Marwen Khouaja Houssem Miled Hedi Miled;08/2021
S29_D0013;Bridge Technology;Hafedh Barhoumi;08/2021
S29_D0014;EMISERV;Slim Mahrsi Mahdi Truki Walim JRIBI;08/2021
S29_D0015;BOOSTENO TUNISIE;Mohamed Ismail Mesbeh Mohamed Amine Jarraya Maher Tlili Khalil Cherif;08/2021
S29_D0016;Signalétique intelligente / Thor System;Mohamed salah Nachi Malek Redissi;08/2021
S29_D0017;Learnygo;Samir Zabi Mohamed Essid;08/2021
S29_D0018;Herbéos;Maroua Ben Ali Mohamed Yassine Soussi;08/2021
S29_D0019;Taxiora Pub;Walid Saadaoui Khaled Benlatrach;08/2021
S29_D0020;The Bridge;Youssef Hammami Bassem Thabti;08/2021
S29_D0021;Talasin;Majdi Ben Farhat;08/2021
S29_D0022;Freeman;Khalil Hamdi Mohamed Dridi;08/2021
S29_D0023;ECOclicko;Nissaf Sleymi;08/2021
S29_D0024;C'mind;Maher Zahar Sabri Barbaria;08/2021
S29_D0025;TN Smartbot;Sofienne Mallek;08/2021
S29_D0025;TN Smartbot;Assil Salah;08/2021
S29_D0026;Birou Suite;Chaibi Alaa Boumiza Imen;08/2021
S29_D0027;Lait Espoir;Hayfa KHALFAOUI;08/2021
S29_D0028;SUPREMCLOUD TECHNOLOGIES;Khaireddine Mejri;08/2021
S29_D0029;ASQII;Adel Hamdi;08/2021
S29_D0030;JPARTNERS TUNISIE;ZIED JBALI;08/2021
S29_D0031;BAKO MOTORS;Boubaker Siala Rached Ben Hmadou Mahmoud Siala;08/2021
S29_D0032;Rebound Dev;Zied Dahmani Amen Allah Dahmani;08/2021
S29_D0033;STE SAMM TEST & AUTOMATION;MOHAMED ANANE Sofiene Grati AMOR MEGADMINI MAHDI KAMOUN;08/2021
S30_D0001;TADREEX;Nizar Chelly Zied Zmantar;09/2021
S30_D0002;Urban Green;Malek Hamouda Hamed Baltagi;09/2021
S30_D0003;Unify;Abdelhalim Zaibi Ahmed Ben Mahmoud Wael Gargouri Adam Boulila;09/2021
S30_D0004;Smartfleet;Ilyes Belhaj;09/2021
S30_D0005;CUIDA;Kamel Sanai Yousri Filali Majdi Sidaoui Farhat Akrout Houssem Eddine Sanai Walid Zaghdoud Amel Saif Ennasser Ameni Jebahi Asma Ben Abdallah;09/2021
S30_D0006;CAIRUS DIGITAL BUSINESS CENTER;Basma Yacoubi Oussema Yacoubi;09/2021
S30_D0007;GARK;Haithem Besghaier Amine Gongi Mohamed Taha Jemmali;09/2021
S30_D0008;Pivlo;Hamadi Ben Slimane Mosbehi Mohamed Montassar;09/2021
S30_D0009;D-SIGNALITIQUE;Jawhara Ben Aissa;09/2021
S30_D0010;DIGITAL DRINA;Ramzi Hmani Leila Slim;09/2021
S30_D0011;Jibheli;Boubaker Tilouche Ibtihel Kochat Habib Jrad;09/2021
S30_D0012;Meducol;Amine Zgarni Bassem Dahmani Sarra Bahrini;09/2021
S30_D0013;Delivery;Habib Miladi;09/2021
S30_D0014;Promo alert;Marwen Ferchichi Ghassen Cherif;09/2021
S30_D0015;Mosta9bli;Mounir secrafi Elyes Chihaoui;09/2021
S30_D0016;NETOX;Lynda Belhadj Lina Belhadj Jihene El Ouakdi;09/2021
S30_D0017;Baazar;Fatma Abou el hija ghassen ksouri;09/2021
S30_D0018;STAGGY;Wathek BenFradj Sarra Mannai Eya Chebili;09/2021
S30_D0019;YARAKA PROTEIN;Bassem Louati;09/2021
S30_D0020;Mediterranean Advanced Marine Engineering;Abdelkader Mahmoud Zied Manai;09/2021
S30_D0021;La Beylicale;Mehdi Hamrouni Khalil Agrebi Imen Guezguez;09/2021
S30_D0022;SOSADRESSE.COM;Mohamed Jawher Hamed Bellahssen Bellili Syrine Rhoùma;09/2021
S30_D0023;iziclaim;Ghassen Sghaier Senda Akili Mohamed Habib Sghaier;09/2021
S30_D0024;Kiné Plus;Rahma Dakhli Amal Mejri Boutheina Boughanmi;09/2021
S30_D0025;SHYK;Mohamed Nathan Fenina Nadia El Jed;09/2021
S30_D0026;Provectus Technology;Kamel Jemli Dhia Jemli Monji Jemli;09/2021
S30_D0027;DIGITIN;Aymen Bergaoui;09/2021
S30_D0028;STE PERSAVIA;Hichem Mokni Foued Elkamel;09/2021
S30_D0029;EdTrust;Fatma Abou El Hija Ahmed Maalej;09/2021
S30_D0030;REDUP;Med Amir Lahmar;09/2021
S30_D0031;STE Vizmerald;Bassem Seddik;09/2021
S30_D0032;Cooptatio;Mohamed Ali Brini Hayfa Ben Mohamed;09/2021
S30_D0033;Investhune plus;Wael Hassen Ala Eddine Hassen Malek Chaabane Mohamed Amine Berguiga;09/2021
S30_D0034;Analytix YS;mariam ouanes Ahmed Becha Ines El Ayeb Amine Gara;09/2021
S30_D0035;FIVE DELIVERY;Sinda Bououn;09/2021
S30_D0036;WELINCO;Zied Bouhejba;09/2021
S30_D0037;RIBLUM;Hadded Malek Sara Bennour;09/2021
S30_D0038;DIMAZINA;Hajer Sahnoun;09/2021
S31_D0001;Tajrabti;Akram Bouslama;10/2021
S31_D0002;BaBa Ali;Hichem Chelbi;10/2021
S31_D0003;Pwn & Patch;Rim Ben Brahim Oussama Lessis;10/2021
S31_D0004;Byessa.com;Mohamed Slim Mansouri Asma Saidi;10/2021
S31_D0005;Ground Transportation Business Management Suite;Kamel Alouani Jacer Omri;10/2021
S31_D0006;Limonade Technologies;Aymen Sakka;10/2021
S31_D0007;Domicilier.tn;Aymen Mokadem Haykel Ben othman;10/2021
S31_D0008;Tagamuta Valley;Syrine Elaydi Ahmed Gammoudi;10/2021
S31_D0009;Makerfy;Hani Hamrouni David Di Majo;10/2021
S31_D0010;Pure Beauty Labs;Yassine Zrelli;10/2021
S31_D0011;Ijeni;Safi Eddine Negra;10/2021
S31_D0012;JURIDOC;kais Assali Mohamed Ali Belajouza Maya Boureghda Anis Wahabi;10/2021
S31_D0013;Faza.tn;Zahra Jenane;10/2021
S31_D0014;bmoov;Ghassen Chattouna;10/2021
S31_D0015;Chill&Lit;Fares Kotti Makrem Kotti;10/2021
S31_D0016;Storzy (Myairstorage);Samer Ouerfelli Yazid Ouerfelli;10/2021
S31_D0017;BIESSA AUTO;Sahli Sonia Ahmed Sahli;10/2021
S31_D0018;Bartita;Bochra Bouchhima Said Mseddi Abbes Mseddi;10/2021
S31_D0019;Quiz Mentor;Amelle Homrani Hayfa Hosni;10/2021
S31_D0020;WaveOn;Houssem Ouali;10/2021
S31_D0021;Avoconsulte;Alaa edinee Ben Mbarek Nahdi Ali;10/2021
S31_D0022;SHYK;Mohamed Nathan Fenina Nadia El Jed;10/2021
S31_D0023;VOLUS;Wissam Siblini Gilbert Fakhoury;10/2021
S31_D0024;aivataria;Anis Mzali Mohamed Ali Belajouza Youssef Boufaied;10/2021
S31_D0025;Digipages;Anis Touibi;10/2021
S31_D0026;INNOV'ALGUE;Myriam Belgacem;10/2021
S31_D0027;chendir;Aymen Yahmed Khalifa Haythem Ines Yahmed Bassem Rejeb;10/2021
S31_D0028;Litteuls;Abir Barket Sofiene Msadek;10/2021
S31_D0029;Tawelti;Nader Ben Cheikh Brahim;10/2021
S31_D0030;SNO;Ismai Benmiled Walid Ksouri;10/2021
S31_D0031;CHLOROFIN;Riadh Chabchoub Abir Chabchoub;10/2021
S31_D0032;Guya Gang;Marwa Zitouni Mahdi Houli;10/2021
S31_D0033;i-mouzika;Amine Dimassi Sinda Daghfous;10/2021
S31_D0034;TIKA CLUB;Mohamed Sadok Krifa Mohamed Karim Kechalfi;10/2021
S31_D0035;Hemileco-Plast;Nour Ouertani;10/2021
S31_D0036;Organic City;Ahmed Ben Jmeaa Hela Alaya Mouadh Dridi;10/2021
S31_D0037;The Hub Coworking;Mohamed Ali Rekik Rafik Rekik;10/2021
S31_D0038;D-carte;Fourat Ouerghemmi;10/2021
S31_D0039;Wassali;Amine Kallel Firas Gargouri;10/2021
S31_D0040;Artalk;Fatma Ezzahra Maatoug Asma Aloui Arij Jemai Mohamed Amine Jalel;10/2021
S31_D0041;Log'In;Ahmed Riza Meriem Sendy;10/2021
S31_D0042;PROTABAR COM;Walid Trabelsi;10/2021
S31_D0043;ROBODOT;Mohamed Ghazi Baccouche Habib Gafsi;10/2021
S31_D0044;Décotis;Meher Hedhli Mohamed Barki;10/2021
S31_D0045;Les Ateliers de Yallaa;Rania Werda;10/2021
S31_D0046;Z-Partners;Maher Zaanouni;10/2021
S31_D0047;Click and Win;Firas Yousfi Abdessalem Bazine Mehdi Maalawi;10/2021
S31_D0048;WASSALNI EXPRESS;Hajer Romdhani Hafedh Ben Abdelhafidh;10/2021
S31_D0049;DIGIZONE;Khaled Mediouni Mohamed Haythem Goddi;10/2021
S32_D0001;BIONESSANCE;Nour Ben Ezzeddine Emel Habbej;11/2021
S32_D0002;Festin/Vetcare;Lamine Bouzguenda Khellil Bouzguenda Sarah-Tatiana Bouzguenda Mestiri Faouzi Rania Ben hassine;11/2021
S32_D0003;WorkPoint / X-Point;Amira Hasnaoui Montassar Bach Ouerdiane;11/2021
S32_D0004;"""Ahyini""/ développé par la société CBM-EE (nom commercial : cbm eearning)";Afef Letaief Salem Oun Seif Dormek;11/2021
S32_D0005;Livestore;Moalla Habib Habib Baaboura Moez Taïeb;11/2021
S32_D0006;e-health.tn;Sarah Ben Slimene Kirmene Marzouki;11/2021
S32_D0007;Xchange Advisor;Mohamed Belghith Younes Mabrouk;11/2021
S32_D0008;Chosa;Walid Mansia;11/2021
S32_D0009;InspireTech;Moez Kazdaghli Anis Trigui Mohamed Maatoug Amine Mahdhi;11/2021
S32_D0010;GARANTY;Mustapha Messaoudi Mourad Boubaker;11/2021
S32_D0011;Myflix;Haythem Dridi Imen Ben Fradj Inès Bourgou Saber Ben Khaled;11/2021
S32_D0012;Rouet;Rafik Aouem Haykel Ben Othman;11/2021
S32_D0013;Coachini;Sawsen Dhifallah Lotfi Mzoughi;11/2021
S32_D0014;Farkito;Omar Kennou Ali Frad Mohamed Guirat Nada Hadrich;11/2021
S32_D0015;Hello Dati;Nizar Hamdi;11/2021
S32_D0016;Smart Detection;Manel Elleuchi;11/2021
S32_D0017;LegalTech.tn;Maher CHAFII Ahmed Battikh Mourad Chafiaa;11/2021
S32_D0018;Rezervini;Amine Slimene Mohamed Ghayadhi Mohamed Nabil Essefaihi;11/2021
S32_D0019;Digital Health Services & Solutions;Houssem Ben Cheikh Riadh Dkhil Mariem Turki Maher Naouali Mona Khaled;11/2021
S32_D0020;yosri ben salah;Yosri Ben Salah Ben Nasr Rayen Bydon Austin Nyimbiri Dridi Chafik Kais Chihaoui;11/2021
S32_D0021;Vardoc;Raafat Hamdi Amine Selmi;11/2021
S32_D0022;Halonursery;Amira Dabbous;11/2021
S32_D0023;IGREEN;khaled Bachtobji Semah lachheb;11/2021
S32_D0024;SOLFA;Rim Attia Cabinet d'orthoprie Ahres;11/2021
S32_D0025;PICTUS CO;Mohamed Mosbehi;11/2021
S32_D0026;TAMMANI;Rim Debbich Elyes Chakroun;11/2021
S32_D0027;BOXSTAGE;Mehdi Ghandri Moez El Methni Sami Zoghlami;11/2021
S32_D0028;Biocare Health;Sabri Rabhi;11/2021
S32_D0029;Zriba SPA Thermoludism & Wellness;Ali Labiadh;11/2021
S32_D0030;Falta cycling;Lassad Lounis Emna Bellagha;11/2021
S32_D0031;MC SCALE UP;Cheima Ayachi;11/2021
S32_D0032;Thbet behi;Mohamed mehdi Gharbi;11/2021
S32_D0033;New Derby;Hamdi Ammari;11/2021
S32_D0034;Funڨi;Soumaya Boudagga;11/2021
S32_D0035;FranchiseLab;Mohamed Amin Kallel Aymen Feriani Hamdi Coura Akrem Rmili;11/2021
S32_D0036;ebniecolo.tn;Dorra Ismail épouse Dellagi;11/2021
S32_D0037;Elastic-Solutions;Abdelmonam Kouka Ayed Akrout;11/2021
S32_D0038;EASYSHIP;Wael Zariat Mohamed Amine Torkhani;11/2021
S32_D0039;RAJJA3 FLOUSSEK;Riadh HILI Chaima Khalfaoui;11/2021
S32_D0040;Digipages;Anis Touibi;11/2021
S32_D0041;GARK;Haithem Besghaier Amine Gongi Mohamed Taha Jemmali;11/2021
S32_D0042;DORRY BIO;Fares Ellouze;11/2021
S32_D0043;S S S INNOVATION;Mohamed Slimeni;11/2021
S32_D0044;flexiolar;Hamdi Kardough Ben Salem Chayma Farrah Marwa;11/2021
S32_D0045;Luceor Labs;Mohamed Tlich;11/2021
S32_D0046;Proway CONNECT;Atef Azizi;11/2021
S32_D0047;BIESSA AUTO;Sahli Sonia Ahmed Sahli;11/2021
S33_D0001;Business Computer Services;Tarek Debara Aissa Boulila Issam Ghdiri;12/2021
S33_D0002;Koofin.co;Abdellaziz Boujbel Molka Khemir Monia Boujbel;12/2021
S33_D0003;LoxBox Services;Mohamed Riadh Hamama Helmi Selmi Henda Hamama;12/2021
S33_D0004;ALGAEPOOL;Taieb Nemissi Dominique Delobel;12/2021
S33_D0005;Shwoppy;Ikram Aloui Karim Aloui Yussr Chaouach;12/2021
S33_D0006;TUNISIE ENCHERE;Yassine Jebir;12/2021
S33_D0007;Koors;Mehdi Ben Abi Zid;12/2021
S33_D0008;Shotime;Souhail Berhouma Eya Kochta Saifeddine Berhouma;12/2021
S33_D0009;allcarta;Khalil Jebeniani Ahmed Omar Miladi;12/2021
S33_D0010;Care-Up;Adam Marzouki Emna Graja;12/2021
S33_D0011;lexi;Wael Ben Echikh chadli Ouhichi;12/2021
S33_D0012;On hand Apps;Foued Amiri Malek Amiri;12/2021
S33_D0013;ZID.tn;Iheb Souilem;12/2021
S33_D0014;DRACOSS;Amen Allah Souli Amal Bououd;12/2021
S33_D0015;mramma.tn;Akram Bsila Marwen Ben Mzoughia Nizar Said;12/2021
S33_D0016;Data For Brands;Myryam Toukabri Idris Bachali losada Abir Chérif;12/2021
S33_D0017;Karni;Afef Belhadj Mahmoud Hachicha Mohamed Amine Boussarsar;12/2021
S33_D0018;FIDNESS;Ahmed Najjar;12/2021
S33_D0019;arsek dripbox;Mohamed Haj Abdallah Kais Oueslati;12/2021
S33_D0020;Génération de l'hydrogène vert et son application aux stockage et conversion d'énergie;Bilel Gassara Kais Jamoussi Nabil Kechaou Mounir Trabelsi Fatma Mellouli;12/2021
S33_D0021;Skanit;Abdelkarim Rahal Nada Dkhil;12/2021
S33_D0022;Secret Sucré Kids;Sana Abid Mohamed Amine Mhiri;12/2021
S33_D0023;Revampr;Firas Ben Abid Marwen Sallem Adnen Saadaoui Adnen Somai;12/2021
S33_D0024;E-Fair;Mahdi Gargouri Hana Fersi;12/2021
S33_D0025;LeTakeAway;Mohamed Bilel Fitouri;12/2021
S33_D0026;Arkan;Hassen Marzouk Tarek Marzouk;12/2021
S33_D0027;AIFOG;Bassem Hadjkacem Hanen Hadjkacem;12/2021
S33_D0028;Evidens;Zied Jayari;12/2021
S33_D0029;Baddal;Fares Zouari Ibtihel Fekih;12/2021
S33_D0030;Smart cube store;Taher Ben Hammamia Seif Eddine Charada;12/2021
S33_D0031;GreenEdge;Sahbi Mallouli;12/2021
S33_D0032;Polygone-learning;Adel Hamdi Amel Hamdi Ahmed Massaoud Dhia Daly Imen Bouzidi Hiba Bakaka;12/2021
S33_D0033;فرید حول العالم;Rafik Jaballah;12/2021
S33_D0034;Pixii motors;Anis Fekih Wafa Dhifi Med Aymen Chebbi;12/2021
S33_D0035;julapi;Mohamed Mokrani Soufeya Ben Ezzdine;12/2021
S33_D0036;Innovant Screen Flex;Bilal Nsib Aymen Fezai;12/2021
S33_D0037;Arty;Bilal Nsib Mohamed Amine Maiz Aymen Fezai;12/2021
S33_D0038;allcarta;Khalil Jebeniani Ahmed Omar Miladi;12/2021
S33_D0039;Hello Dati;Nizar Hamdi;12/2021
S33_D0040;Dlilek Network;Moussa Tajouri Chourouk Attig;12/2021
S33_D0041;Farkito;Omar Kennou Ali Frad Mohamed Guirat Nada Hadrich;12/2021
S33_D0042;KIDZOOLINK;Bochra Bouchhima Said Mseddi Abbes Mseddi;12/2021
S33_D0043;Digital Health Services & Solutions;Houssem Ben Cheikh Riadh Dkhil Mariem Turki Maher Naouali Mona Khaled;12/2021
S33_D0044;DEV and DATAOPS;Charef Ahmed Anas Charfi;12/2021
S33_D0045;STE NIWEES TUNISIA;Abdallah NAJAH Hamza MEHRI Sofienne LASSOUED Boubaker KHALFAT Nour BOUYEDDA Mahassen MAHFOUDH Mohamed NAJAH;12/2021
S33_D0046;"Embedded Solutions and Adcanced Technology ""E.S.A.T""";Mohamed SELLAOUTI;12/2021
S33_D0047;Datavision;Skander Amor Borhen Jlidi;12/2021
S33_D0048;wireless services;Majdouline Mansour Majed Jabri Sahbi Mansour;12/2021
S33_D0049;WareCom;Hamza SAIDI Nour ABBOUS Ali SAIDI;12/2021
S33_D0050;We Code;Montasar Zaroui Mannai Karim;12/2021
S33_D0051;Vsober;Mohamed ala eddine Ben trad Syrine Boudriga;12/2021
S34_D0001;RAIS / SMART QUALITY GATE;Asma Reghimi;01/2022
S34_D0002;Kinko;Bilel Barouni Noureddine Ben Tahar Mohamed bilel Kedidi Atef Turki;01/2022
S34_D0003;KatYos;Yosra Arous Leila Bennasr Mahdi Arous;01/2022
S34_D0004;Lavocato;Khelifi Ali Khelifi Ibrahim;01/2022
S34_D0005;ArtForNess;Ines baccouche Aziz Baccouche;01/2022
S34_D0006;GoPayzi;Marouan Omezzine Houssem Charfi Khalil Zahouani;01/2022
S34_D0007;Above Creation;Ahmad Melki Houssem Othmeni;01/2022
S34_D0008;Tomobile Store;Hamdi Ammar Fakhreddine Menzli;01/2022
S34_D0009;Ostool;Ahmed Adnene Aissi Khameis El Hichri Mehdi Maadi Walid Ben Ali;01/2022
S34_D0010;Karriery;Halim Boussada Samy Ben Chaalia;01/2022
S34_D0011;PolyPath HealthTech Company;Karim Kachouri Salem Abdessalem Mohamed Zegdene Nejah Ben Nasrallah;01/2022
S34_D0012;Iysaal;kawther Mouelhi Mahfoudh Aouichri Haddad Rafik;01/2022
S34_D0013;Survey Fibre & Civil;Hichem Boussetta Jamel Hassine Zohra Neffati Monji Haddad;01/2022
S34_D0014;Tryppy;Mohamed Amine Mzoughi Yassine Kardoun Skander Saidi Guesmi Marwen;01/2022
S34_D0015;Deepth;Hamdi Mustapha Bouchra Abdallah;01/2022
S34_D0016;maginater;Madani Moutaa Bilel Bilelbasly;01/2022
S34_D0017;Hayat Tech;Mohamed Amine Bensalem Mohamed Kharrat Ahmed Yassine Bensalem Mestiri Habib;01/2022
S34_D0018;ZNet-IT;Yassin Guirat;01/2022
S34_D0019;Sté Carcoliva;Hassen Krid Ibrahim Hachicha Khalil Zouari Moez Krid Bassem Ayadi Soufiane Saddoud;01/2022
S34_D0020;Delifood;Lassaad Ben Rejeb;01/2022
S34_D0021;Birdhouce;Ramzi Chahin;01/2022
S34_D0022;H2S;Amin Haddad;01/2022
S34_D0023;Pharmadis;Fares Zarrouk Hatem Zarrouk;01/2022
S34_D0024;Hémisphère;Aouadi Aymen Malek Ben Yeder Firas Ben Hamida;01/2022
S34_D0025;Rewav;Adnene Ayed Hatem Ksouri;01/2022
S34_D0026;IPOLY STUDIO;Seifeddine El Ayeb El Ayeb Houssem Eddine;01/2022
S34_D0027;LOCA BNB;Bassem Almarzouki;01/2022
S34_D0028;Dawyny;Ridha Mahjoub;01/2022
S34_D0029;AgroGrowth;Sami Arfaoui Mohamed Takieddine Chabchoub Arij Ben Abid Omri takwa;01/2022
S34_D0030;Fluffy Food;Fedia Ayari Fida Ailaoui;01/2022
S34_D0031;Skillias;Ahmed Ayadi Yosr Ksontini Ahmed Sebai Nedra Khelil Khemaies Ahmed;01/2022
S34_D0032;DJubatusR;Houssem El Abed Ali Bayoudh;01/2022
S34_D0033;Evoo;Mohamed Gorrab;01/2022
S34_D0034;Agazone;Boussaidi Mohamed;01/2022
S34_D0035;ActivXtract;Sonia El Fekih Faouzi Zaghbib Amine Zaghbib;01/2022
S34_D0036;CORADASH;Sameh Souissi Nour Elimene Essid Radhouene Bousnina Marah Bouzaida;01/2022
S34_D0037;Shyk Voyage;Mohamed Nathan Fenina Nadia El Jed;01/2022
S34_D0038;STE DINEOMED SOLUTIONS;Kamel Sanai Yousri Filali Majdi Sidaoui Farhat Akrout Houssem eddine Sanai Walid Zaghdoud Amel saif ennasser Ameni Jebahi Asma Ben Abdallah;01/2022
S34_D0039;AI REC;Henda Regaya Maher Hemissi;01/2022
S34_D0040;Pivlo Technologies;Hamadi Ben Slimane Mosbehi Mohamed Montassar;01/2022
S34_D0041;Hayat Tech;Mohamed Amine Bensalem Mohamed Kharrat Ahmed Yassine Bensalem Mestiri Habib;01/2022
S34_D0042;SOCIETE CREATOR HUNTER;Abdelhalim Zaibi Ahmed Ben Mahmoud Wael Gargouri Adam Boulila;01/2022
S34_D0043;Géo Solutions Technologie;Nesria LEHIANI;01/2022
S34_D0044;Expensya Tunisie;Karim Jouini Jihed Othmani;01/2022
S34_D0045;Fouta Tunisia;Beldi Zied;01/2022
S34_D0046;BYEISSA;Ahmed ELMI Mohamed Jbalia Souhaib Rejeb Wajdi Tayachi;01/2022
S35_D0001;Tela;Chaima Chaouachi;02/2022
S35_D0002;FIDNESS;Ahmed Najjar;02/2022
S35_D0003;Nqollek Haja;Yasmine Ansari;02/2022
S35_D0004;WeFix;Sabri Cheriha;02/2022
S35_D0005;Trivaw;Houssem Eddine Ben Smida Awatef Rebhi;02/2022
S35_D0006;Kumulus;Iheb Triki Mohamed Ali Abid Nouha Abroug;02/2022
S35_D0007;Win now;Nesrine Welhezi Nizar Welhazi;02/2022
S35_D0008;Kiddo;Ahmed Jemaa Ines Rahrah;02/2022
S35_D0009;Qr Menu;Nour Kraiem Sirine Kraiem;02/2022
S35_D0010;Foodoo.tn;Sonia Othman Houssem Sahli;02/2022
S35_D0011;Clic to know;Zied Teber Nejmeddinne Sakly Houssem Chkioua;02/2022
S35_D0012;NEFEL EDUCATION;Amira Guermazi Abdeljelil Lazaar Bashar Kamel Lazaar;02/2022
S35_D0013;VIRIBUS CENTER;Houssem Sliti Ahmed Laamouchi;02/2022
S35_D0014;SAFE STUDENT;Meriem Bel Haj Mohamed Hajer Mzoughi Eya Bel Haj Mohamed;02/2022
S35_D0015;Tunifund;Mustapha Bouarrouj Kathleen White;02/2022
S35_D0016;Stile.ai;Mohamed Kallel Achraf Chabbouh Amel Aloulou Sahar Ben Mabrouk Rateb Jabbar Ahmed Ben Said;02/2022
S35_D0017;Digix;Amir Trigui;02/2022
S35_D0018;Kiddo;Ahmed Jemaa Ines Rahrah;02/2022
S35_D0019;STE COACHINI;Sawsen Dhifallah Lotfi Mzoughi;02/2022
S35_D0020;SECRET SUCRE KIDS;Sana Abid Mohamed amine Mhiri;02/2022
S35_D0021;WEDTECT;Manel Elleuchi;02/2022
S35_D0022;Data For Brands;Myryam Toukabri Idris Bachali losada Abir Chérif;02/2022
S36_D0001;DeepVolt;Karem Chatti Tarek Keskes;03/2022
S36_D0002;FINBUDD;Ons Bouali;03/2022
S36_D0003;smic;Seifallah Ben Ismail Riadh Ben Salem Selim Benaoun;03/2022
S36_D0004;Meducol;Amine Zgarni Sarra Bahrini Bassem Dahmani;03/2022
S36_D0005;LOGIMES;Mohamed Louati Taha Knani Abdeljalil Trabelsi;03/2022
S36_D0006;Water4all;Selim Ben Salem Malek Fendri Aziz Ben Nejma Mohamed Hassan Aziz Gafsi;03/2022
S36_D0007;CRAWN;Wissal Farjallah Lotfi Ben Romdhane Lotfi Ammar Souad Dziri;03/2022
S36_D0008;SMARTOOLS;Talel Chaouch Wajih Abdelhedi Badii Gharbi;03/2022
S36_D0009;ecn.tn;Rami Ben Mhenni Kais Kharroubi Yosr Belghith;03/2022
S36_D0010;StyleLinker;Hamza Mansour Oussema Chemingui;03/2022
S36_D0011;Atlas Security Tunisia;Slim Benkadhi;03/2022
S36_D0012;Pineapple Studio & Shop;Dhouha Mechergui;03/2022
S36_D0013;Start Line Skills;Haythem Ben Yahia;03/2022
S36_D0014;Chatbot.tn;Mohamed Amine Landolsi Wiem Ben Othmen;03/2022
S36_D0015;Relead;Hadhami Rjiba Rayen Cherni;03/2022
S36_D0016;TUILABS;Nizar Jeridi Sameh Taktak;03/2022
S36_D0017;Marinus;Montassar Dhiaf Souha Soussi;03/2022
S36_D0018;Tunisie Bartering;Sabrine Beldi Rached Dridi;03/2022
S36_D0019;Trigo;Sofiene Bouslimi Mohamed Charrada;03/2022
S36_D0020;كرﺎﺟ / Jarek;Aicha Debaieb Oumaima Dadssi;03/2022
S36_D0021;Meetart;Khaled Bouzayene Manel Yaakoubi Imen Yaakoubi;03/2022
S36_D0022;Digital Fiber Solutions;Hichem Boussetta Jamel Hassine Zohra Neffati Monji Haddad;03/2022
S36_D0023;Avoconsulte;Alaa Edinee Ben Mbarek Nahdi Ali;03/2022
S36_D0024;Quiz Mentor;Amelle Homrani Hayfa Hosni;03/2022
S36_D0025;Terminal22;Ibrahim Chouikh Abdelfattah Lahbib Abdelhamid Guinoubi Ahmed Ettoumi Laila Balti;03/2022
S36_D0026;Halonursery;Amira Dabbous;03/2022
S36_D0027;Proxifleet;Ilyes Belhaj;03/2022
S36_D0028;CAIRUS BUSINESS GROUP;Basma Yacoubi Oussama Yacoubi;03/2022
S36_D0029;SKANIT DIGITAL SOLUTIONS;Abdelkarim Rahal Nada Dkhil;03/2022
S36_D0030;Rythminno;Yosri Ben Salah Rayen Ben Nasr Bydon Austin Nyimbri Chafik Dridi Kais Chihaoui;03/2022
S37_D0001;bqube;Mohamed Abed Bechiri Samy Mzali Mohamed Saidi;04/2022
S37_D0002;Lanterns;Jihed Jaouabi Nabil Braham Oussama Ben mariem;04/2022
S37_D0003;SPOFUN;Mohamed Sadek Sassi Samiha Hamdi Farouk Laribi;04/2022
S37_D0004;WAY CARE;Aymen Touhent Souha Mander Jamel Eddine Ben Aissa;04/2022
S37_D0005;Finansya Ecosystem;Achref Sayadi;04/2022
S37_D0006;VAL BIO DECHETS COMPOSITE;Mohamed Medhaffar Ghabri Siwar Raja Dhief Rabiaa Abdaoui Chefia Nasr;04/2022
S37_D0007;INSTAWARE;Adnene Labidi Abir Labidi Sabri Bouzouita;04/2022
S37_D0008;Digihunt;Ahmed Ismail Azzabi Wahiba Ben Fredj;04/2022
S37_D0009;Digital work solutions;Amani Bouaziz Yousser Sabbagh Slim Dhahri;04/2022
S37_D0010;INNOROV;Mohamed Aziz Boufaied Mohamed Khalil Mattar Khalil Selmane Yasmine Kerkeny;04/2022
S37_D0011;Saptun l'ERP du futur;Mahmoud Siala;04/2022
S37_D0012;Basket of art;Ahdi Hidri;04/2022
S37_D0013;AB AUDIT;Walid Bouzouita;04/2022
S37_D0014;Flouse;Hatem Chanoufi;04/2022
S37_D0015;CG-Box;Abdelhedi Montassar Mohamed Triki;04/2022
S37_D0016;Taxiora Pub;Walid Saadaoui Khaled Ben Latrach;04/2022
S37_D0017;Kasero;Maher Chekir Mohamed Amine Bellili Nouha Kourda;04/2022
S37_D0018;Oostoora;Nour Tekaya Iskander Gafsi;04/2022
S37_D0019;E-commerce Tunsia beauty;Hichem Boughdiri Bilel Ltifi Hamdi Adnan;04/2022
S37_D0020;All Tounsi;Iliess Ajmi;04/2022
S37_D0021;Parkey;Mehdi Romdhane Narjes Seffen Neirouz Seffen;04/2022
S37_D0022;GOtrial;Ayoub Zemni;04/2022
S37_D0023;VARWARE;Raafat Hamdi Amine Selmi;04/2022
S37_D0024;Legaltech;Maher Chafii Ahmed Battikh Mourad Chafiaa;04/2022
S37_D0025;WaveOn;Houssem Ouali;04/2022
S37_D0026;Karriery;Halim Boussada Samy Ben Chaalia;04/2022
S37_D0027;InstaDeep;Zohra Slim Karim Beguir;04/2022
S38_D0001;Palmotek;Mohamed Cherifi Rafik Jaballah;05/2022
S38_D0002;AUZY;Abid Khouloud Ahmed Sahab Salma Ben Brahim Amine Belkacem;05/2022
S38_D0003;Baddal;Fares Zouari Firas Gazzah;05/2022
S38_D0004;FINWEDGE MEA;Chaouki Charfeddine Delphine Monti;05/2022
S38_D0005;Soledu;Abdelaziz Sifaoui Moahmmed Abu Sharekh;05/2022
S38_D0006;Beenomi;Haifa Tlaila Ahmed Sassi Mohamed yassine Karaouli Tarek Loukil;05/2022
S38_D0007;MONSAPO;Sabrine Chennaoui Aziza Ibn Hadj Hassine Amir Fourati;05/2022
S38_D0008;Irbe7;Mannana Dbibi Anis Habibi Aymen Bouhlel;05/2022
S38_D0009;EquiBooster;Farouk Bouzouita Saber Elabidi Nadia Sghaier;05/2022
S38_D0010;Auto Sans Risque;Ali Koubaa Feryel Mechri Mohamed Koubaa;05/2022
S38_D0011;Bridge ITops;Walid Saad;05/2022
S38_D0012;Fluoink Nanotechnologies;Ramzi Maalej Fakher Chabchoub Hanen Douiri Marwa Abid;05/2022
S38_D0013;Bakourat;Oumaya Mejri Wassim Hannachi Asma Tezeghedenti;05/2022
S38_D0014;Njano;Ons Hamza Houssem Aoudi Mayssa Mrabet;05/2022
S38_D0015;womia;Ouissem Lahouar Anas Dogui Sabrine Aidi;05/2022
S38_D0016;Vectors;Melek Jebnoun Sofien Chaabouni;05/2022
S38_D0017;Staffiny;Zied Brahim;05/2022
S38_D0018;Olivier Zone;Bilel Grindi Wafa Attia Anis Selmani Samir Benzineb;05/2022
S38_D0019;LEDISON;Safa Bouhajar;05/2022
S38_D0020;rdv B;Ghassen Ben Jmeaa Zied Allouch Mohamed Abdelkefi;05/2022
S38_D0021;Le Lemon Tour;Nicolas Planchenault Célia Corneil Markus Breitweg;05/2022
S38_D0022;minwin;Ines Borni Mohamed Choucheni Alaa Boukhchina;05/2022
S38_D0023;TUNISIA BAITS;Ahmed Malek Marwen Mokdad;05/2022
S38_D0024;Hayvan World;Ahmed Mahouachi Mokhtar Ben Amor Radhouane Kouki Mohamed Cherif;05/2022
S38_D0025;Développement d'un biomédicament anti-obésité;Jannet Kamoun Ahmed Aloulou;05/2022
S38_D0026;SimExperience;Mohamed Abichou;05/2022
S38_D0027;We Talk Food;Jihen Chouiref Racha Chouiref;05/2022
S38_D0028;Verdeline;Mohsen Mahdaoui;05/2022
S38_D0029;DR.WELL;Walid Bayoudhi Mouna Chtourou Houda Msalmi;05/2022
S38_D0030;KARIA;Kamel Nafsi Walid Sola;05/2022
S38_D0031;ABC FORMATION;Sondes Amara Mohamed Mehdi Farhat;05/2022
S38_D0032;Kardily;Badis Boujnah;05/2022
S38_D0033;LearnySlide;Omar Dahmani Moez Kallel Sarra Bourehla Ferchichi Roua Manell Kamoun Olfa Ben Henda;05/2022
S38_D0034;BOXI;Hamdi Hassine Mohamed Habib Hassine;05/2022
S38_D0035;Digital Deals Group;Mourad Sahloul;05/2022
S38_D0036;B2fine;Makrem Boughdiri Ramzi Hermassi;05/2022
S38_D0037;Adeekt;Hafedh Abid Seif Ben Chaabene;05/2022
S38_D0038;KTEB;Ferah Iyed Mohammed Fraj;05/2022
S38_D0039;Carthago3D;Yahya Koudhai;05/2022
S38_D0040;New Life Babies;Heni Mechichi Abderrahmen Ben Gdara;05/2022
S38_D0041;Hawkar;Khadija Jallouli;05/2022
S38_D0042;Rooly s;Montassar Ferjani Faten Mestikou;05/2022
S38_D0043;REVAMPR INTELLIGENCE;Firas Ben Abid Marwen Sallem Adnen Saadaoui Adnen Somai;05/2022
S38_D0044;IYSSAL AMENA;Kaouther Mouelhi Mahfoudh Aouichri Rafik Haddad;05/2022
S38_D0045;Sophia software solutions;Nour Kraiem Sirine Kraiem;05/2022
S38_D0046;STE MRAMMA TN;Akram Bsila Marwen Ben Mzoughia Nizar Said;05/2022
S38_D0047;3M GLOBAL OPERATIONS ASSOCIATES;Amine Slimene Mohamed Ghayadhi Mohamed Nabil Essefaihi;05/2022
S38_D0048;Enova Robotics;Anis Sahbani Philippe Bidaud Christophe Grand;05/2022
S38_D0049;Sté WEBCOMING;Ikram Aloui Karim Aloui Yussr Chaouach;05/2022
S39_D0001;Cytekia;Moez Touil Mohamed Hamdi;06/2022
S39_D0002;ERWINI;Thabet Esmail Mekki Bahri Ahmed Sghir;06/2022
S39_D0003;DIGMACO;Anis Ben Arbia Abir Ben Arbia;06/2022
S39_D0004;Lisssen;Khalil Zammeli Hosn el Oujoud Tebourski;06/2022
S39_D0005;Comporoll;Ghalia Damak Mohamed Damak;06/2022
S39_D0006;Abneam;Haythem Hamdi Amine Hamdi Seifeddine Hamdi Abdelbasset Ben Hnia;06/2022
S39_D0007;Bakoo;Azza Dsouli;06/2022
S39_D0008;LASERSEVEN;Mohamed Boudabbous;06/2022
S39_D0009;E-Tafakna;Norchen Mezni;06/2022
S39_D0010;khallasli;Chakchouk Khatib Houssem Sandli;06/2022
S39_D0011;BIGDATIS;Ahlem Bouchahda Amine Fahem;06/2022
S39_D0012;WiseVision;Soufi Majdeddine Bassem Mathlouthi Rawand Skoury Malek Zribi Kenza Boukhris;06/2022
S39_D0013;C'mind;Maher Zahar Sabri Barbaria;06/2022
S39_D0014;CargoWeen;Aberraouf Terres Yasmine Terres Dhia El Hak Merai;06/2022
S39_D0015;Docinov;Maroua Boubaker Sadok Derouich Safwen Derouiche;06/2022
S39_D0016;HUBS TRAVEL;Hatem Ben Brahim Wafa Ghrir;06/2022
S39_D0017;Sougui;Hamza Jabnouni Abderraouf Achouch Alaeddine Abidi;06/2022
S39_D0018;TuniBionics;Dhia Elhak Guedri Farah Jenhani Hamdi Nasreddin;06/2022
S39_D0019;IrriApp;Mohamed Mekki Maalej Mohamed Wajdi Khelil Jihed Becher;06/2022
S39_D0020;IGIDER;Faten Meziou Ahmed Chabchoub Moataz Jemni Koussay Bouchaala;06/2022
S39_D0021;DEFOULI;Wiem Barhoumi Asma Barhoumi Khalil Neffati;06/2022
S39_D0022;hormiga;Messaoud Cherif Foued Tlahig;06/2022
S39_D0023;MAHLENI;Mohamed Mehdi Belhout;06/2022
S39_D0024;chachia;Najla Challouf Dhamir Hammi Adel Boulares Seif Edinne Ferchichi;06/2022
S39_D0025;Ingenious labs;Riadh Felhi;06/2022
S39_D0026;WeaveLines;Faten Matmati;06/2022
S39_D0027;STE EDEN ENGINEERING;Wassim Amri;06/2022
S39_D0028;Ostedhy;Yassine Boubaker Sami Benrhim;06/2022
S39_D0029;tawalancer;Fakhrezzamen Zayani Moez Ben Amor;06/2022
S39_D0030;weerise;Najjari Mohamed Hanen Anjari Adel Elenjari;06/2022
S39_D0031;gifty.tn;Haythem Banney Chief executive officer Jihed Chemlali;06/2022
S39_D0032;DigiQuorum;Nawel Brahmi;06/2022
S39_D0033;Zhezi;Maha Moussi Chiheb Moussi;06/2022
S39_D0034;eHealthBridge;Mouna Ben Djebara Maher Abouda;06/2022
S39_D0035;WANIS;Slim Kchaou;06/2022
S39_D0036;Bjomla;Ilyes Kadri Iskander Dakkem;06/2022
S39_D0037;Courskamp;Marwa Zouaoui Ali Tebourski;06/2022
S39_D0038;Gros.tn;Islem Smaoui Habib Miladi Omar Bouzid;06/2022
S39_D0039;Skill ZONE;Amira Bacha Oussama Elayeb;06/2022
S39_D0040;Khelel.tn;Hatem Chanoufi;06/2022
S39_D0041;Collaborative smartools;Talel Chaouch Wajih Abdelhedi Badii Gharbi;06/2022
S39_D0042;Saptun Solution;Mahmoud Siala;06/2022
S39_D0043;Génération de l'hydrogène vert et son application aux stockage et conversion d'énergie;Bilel Gassra Kais Jamoussi Nabil Kechaou Mounir Trabelsi Fatma Mellouli;06/2022
S39_D0044;E-Fair;Mahdi Gargouri Hana Fersi;06/2022
S39_D0045;Vitalight Lab;Ilyes Gouja Khaoula Ben Slimane;06/2022
S39_D0046;CONTROL-MED;Faten Hamdi;06/2022
S40_D0001;Pet Pals;Ahmed Selmi Iyed Ben Hadj Dahmen;07/2022
S40_D0002;Contratou;Walid Nouni Kais Ferchiou Omar Ferchiou;07/2022
S40_D0003;Vintage Bae Studio;Khouloud Torkhani;07/2022
S40_D0004;Swieq;Khaireddine Fredj Zied Jallouli Tarek Trabelsi;07/2022
S40_D0005;INTERMISSA VENOM;Fedia Zribi Mohamed Kamel Abderrahim;07/2022
S40_D0006;TripAware;Anouar Kanzari Nedya kanzari Mayssa Ben kahla Jlassi Wael Aymen Sellaouti Dalel Kanzari Abdelmonem Tlili Mohamed Ali Toumi;07/2022
S40_D0007;SMARTY;Marwa Souki Mayssa Souki;07/2022
S40_D0008;Digipages;Anis Touibi;07/2022
S40_D0009;Shopy Science;Gael Personnaz Gaelle Personnaz;07/2022
S40_D0010;VENARI SECURITY TUN...;Millar Thoms John;07/2022
S40_D0011;Tabaani;Hamza Moussi;07/2022
S40_D0012;O2W;Marouen Jlassi Khaled Jelassi Mahdi Mhiri Mokhtar Hichri;07/2022
S40_D0013;Energy expert team c...;Mohamed Bouhlel Mohamed Anouar Brini Ali Mekni;07/2022
S40_D0014;International Highwa...;Fatma Ben Amar Soumaya Dammak Youssef Ouenniche;07/2022
S40_D0015;eDATA;Kamel Chahed Fakhri Jemail;07/2022
S40_D0016;Pozitron;Fedia El Ayeb Fahmi Ayeb Mohamed Saadi Mohamed Wael Sghaier;07/2022
S40_D0017;IZAGRI;Imen Zouari Zineb Zouari;07/2022
S40_D0018;TAOO;Walid Hached;07/2022
S40_D0019;AquaNergy;Ilyes Ben Hassine Hejra Melanie Trabelsi;07/2022
S40_D0020;Power solution;Eskander Alaya Ahmed Baccouch Chaima Grira;07/2022
S40_D0021;FinConnect Financial...;Slim El Benna Taha Bennasr;07/2022
S40_D0022;Taw Taw Delivery;Nacir Bouazizi;07/2022
S40_D0023;Nero;Jihen Guerchi Ahmed Ferchichi;07/2022
S40_D0024;Projet BoGo;Mohamed Chatti Mohamed Jaouadi;07/2022
S40_D0025;Projet de production...;Freddy Boscat;07/2022
S40_D0026;AERO CCF;Nesrine Ben Askri;07/2022
S40_D0027;ireveal;Cyrine Rezgui Hamz Ayech Hamdi Jomaa;07/2022
S40_D0028;DENGRY619;Meher Zekri Ahmed Alyaoui;07/2022
S40_D0029;3annn;Haythem Khouildi Firas Alkhouildi;07/2022
S40_D0030;PUBAG;Tarak Mnif;07/2022
S40_D0031;KADRA NOVA BIOTECOIN;Walid Zeddini Yasmina Zarrouk;07/2022
S40_D0032;فرید حول العالم;Ayoub Landolsi Mouhamed Aziz Lazreg;07/2022
S40_D0033;Get UP;Hadda Zammazi;07/2022
S40_D0034;Never Lost;Omar Baccar Sofiene Mokhbi Hiba Baccar;07/2022
S40_D0035;SD Innovation;Farah Tounsi Alaa Suissi May Tounsi Leila Ben Abdallah Ghazwa Hammouda;07/2022
S40_D0036;Golden Hour;Walid Annabi;07/2022
S40_D0037;Tnker;Achref Gamoudi Mohamed Amine Aouini;07/2022
S40_D0038;Pas Comme Eux Entert...;Ahmed Bahaeddine Abdelwahed Ghofrane Amdouni;07/2022
S40_D0039;Atlas Mobility Platf...;Fradj Zayen;07/2022
S40_D0040;Valideeny;Aymen Wazzeni Mohamed Aziz Louifi Souhir Bchini Nadia Trabelsi;07/2022
S40_D0041;BMS TECHNOLOGY;Mohamed Bilel Fitouri;07/2022
S40_D0042;maginater;Madani Moutaa Bilel Basly;07/2022
S40_D0043;POLYPATH HEALTH COMPANY;Karim Kachouri Salem Abdessalem Mohamed Zegdene Nejah Ben Nasrallah;07/2022
S40_D0044;Tryppy Light;Mohamed Amine Mzoughi Yassine Kardoun Skander Saidi Marwen Guesmi;07/2022
S40_D0045;NEPTUNE MOSAIC;NEPTUNE MOSAIC;07/2022
S41_D0001;SmarDac;Mehdi Ben Abdallah Jawhar Ben Abdallah Ghassen Alibi;08/2022
S41_D0002;Miam!;Mohamed Aziz Ghorbel Chedly Soltana;08/2022
S41_D0003;HEROI;Rami Touati Taha Ben Abdelmalek;08/2022
S41_D0004;Slidzo;Fedi Ben Nejma;08/2022
S41_D0005;The Vastlight Platform;Mohamed Amine Messaoudi Seif Islem Messaoudi Abdel Baset Mrabet;08/2022
S41_D0006;Rivezli.tn;Jawher Thabet Fakher Bourray Ghaith Thabet Moncef Ben Rabia;08/2022
S41_D0007;Elevage des abeilles pour la collecte de leurs venins pour des fins cosmétiques et thérapeutiques;Chedly Ellijimi;08/2022
S41_D0008;Moovin360;Dheker Hamami Bilel Chebbi;08/2022
S41_D0009;Waf Waf House;Cyrine Atallah Emilio Illc La Peruta Ridha Bouasker Yusbely Nacary Jimenez Guerra Hassine Atallah;08/2022
S41_D0010;Thnity;Anouar Abdelkoudous Bouassida Amina Garbouj Sayma Besbes;08/2022
S41_D0011;CapsaFood;Oussama Dhahri Amine Chortani Hadil Fouli;08/2022
S41_D0012;cell pulse;Halima Mahjoubi Jihed Jridi Kaouther Zenati Salem Hamidi Elhem Cheour;08/2022
S41_D0013;Innovega;Rami Khouja Rym Ghribi Amira Ben Abdeljelil;08/2022
S41_D0014;Tabachir Games;Skander Khaled Fourati Aymen Ayadi Yassine Mohammed Bouassida;08/2022
S41_D0015;Caminova;Salma Bessalah Sihem Bessalah;08/2022
S41_D0016;Meeda la table connectée destinée à votre usage intérieur et extérieur.;Aziz Annabi;08/2022
S41_D0017;WiseBoard;Slim Abdeljelil Ali Ayari Slim Oueslati Rym Oueslati;08/2022
S41_D0018;D-carte;Fourat Ouerghemmi Skander Hadj Romdhan Ala Ben Hassen;08/2022
S41_D0019;Mraabila;Pagnagda Frederic Soubeiga Alia Sabah;08/2022
S41_D0020;Boosty/Almoshtari;Mahdi Kharrat Fedia ayari Mohamed Amine Bensalem Mohamed Badreddine Kharrat;08/2022
S41_D0021;Axifraud;Sabri Abassi Abdesslem Bhouri khila Badis Souissi;08/2022
S41_D0022;Hadooc;Borni Dhifi Walid Mchiri Walid Oussai;08/2022
S41_D0023;MSS CONSULTING;Karim Gharbi;08/2022
S41_D0024;Pure Juice;Nebyl Ben Attia Mehdi Cheikh Nadia Cheikh Mohamed Ali Cheikh;08/2022
S41_D0025;DocShipper;Charley Hochet Nicolas Rahmé Pierre Rahme;08/2022
S41_D0026;BOXSTAGE;Mehdi Ghandri Moez EL Methni Sami Zoghlami;08/2022
S41_D0027;Matmour;Hajer Briki;08/2022
S41_D0028;Meal_is_ Deal;Amine Mkaouar Rihab Boukhris;08/2022
S41_D0029;Edutech;Foued Daboussi Sahar Sfar;08/2022
S41_D0030;Popeye's;Siwar Maalej;08/2022
S41_D0031;SANAATY-T;Taoufik Ksiksi;08/2022
S41_D0032;Go Switch Home;Marwa Setti Abdelahmid KAOUECH Melki May Mohamed Aziz Setti;08/2022
S41_D0033;Dream for fun;Helmi Abed;08/2022
S41_D0034;Muziget;Rami Sliti;08/2022
S41_D0035;The Vastlight Platform;Seif Islem Messaoudi;08/2022
S41_D0036;A.M.I.S.;Amel Ben Ammar Elgaaïed Moez Elgaaïed;08/2022
S41_D0037;AQDHILI;Mohamed Alaya Bouabda Sofiene Haouas Sahbi Helali Ahmed Jlassi Hamza Nouir Yessine Bouriga;08/2022
S41_D0038;Finconnect Financial Solutions;Slim El Benna Taha Bennasr;08/2022
S41_D0039;LINKERS IT;Hamza Mansour Oussema Chemingui;08/2022
S41_D0040;INSTAWARE;Adnene Labidi Abir Labidi Sabri Bouzouita;08/2022
S41_D0041;CLICK TO KNOW;Najmeddine Sakly Houssem Chkioua;08/2022
S41_D0042;NJANOO;Ons Hamza Houssem Aoudi Mayssa Mrabet;08/2022
S41_D0043;SCIENCIA;Latifa Elghezal Ahmed Ben Ali Mohamed Jaidane;08/2022
S41_D0044;Paypos Tunisie;Khatib Chakchouk;08/2022
S42_D0001;AROTEQ;Saber Abeda Issam Abeda;09/2022
S42_D0002;Super Senses;Sarra Boufayed Aymen Abid Boukadida;09/2022
S42_D0003;Teligencia.io;Hamza Ben Ammar Aymen Gatri;09/2022
S42_D0004;Pedalo;Amany Hamdany Adnen Ben Hadj;09/2022
S42_D0005;DSAP (Data System Analysis Platform);Hugues Blin Elyes Maherzi;09/2022
S42_D0006;Lissene-نﺎﺳﻟ;Hachem Charfi;09/2022
S42_D0007;QUANTA TN;Romain Lamaison Guillaume THIBAUX;09/2022
S42_D0008;Screenflex;Aymen Fezai Bilel Nsibi;09/2022
S42_D0009;aivataria;Anis Mzali Youssef Boufaied Mohamed Ali Belajouza;09/2022
S42_D0010;El Fallega;Ramzi Larbi Khouloud Abid Med Khalil Terzi Ali Gaigi;09/2022
S42_D0011;dyno;Moez Lidinellah Waddey Mohamad Obeid Mohamed-Hedi Jridi;09/2022
S42_D0012;Storycraft;Ali Mehrez Meher Somrani Mustapha Lejri;09/2022
S42_D0013;Oceanus;Sami Bellalah Houneida Majdoub Seifeddine Majdoub;09/2022
S42_D0014;Kayotica;Zied Ben Slimen Najla Hamza Yassine Jdey Mohamed Salem Menssi Amine Angliz;09/2022
S42_D0015;Bitaqa.tn;Amine Miladi;09/2022
S42_D0016;CHLORIS Flowers;Ines Chouchi Eya Khamassi;09/2022
S42_D0017;Sefer;Mohamed Souidi Mohamed Oussama Ben Yahia;09/2022
S42_D0018;AZRO EVENTS;Afef Bouazizi Rkiwa Tijani;09/2022
S42_D0019;DABy Go;Saima Znaidi Cyrine Znaidi Mahmoud Hattab;09/2022
S42_D0020;DATUM;Fatma Zahra Hichri Marwene Khouaja;09/2022
S42_D0021;karhebti / sociéte :CHIRON;Houssem Eddine Noamen Mohamed Amine Amdouni;09/2022
S42_D0022;ABBK Physicsworks;Ammar Kouki Mohamed Khebir;09/2022
S42_D0023;Viore digital;Med Amine Brinis Ghofrane Brinis Azza Channoufi Hamza Nechi;09/2022
S42_D0024;Sellkit;Ali Abdallah Ala Touati;09/2022
S42_D0025;Home Decor AR;Mariem Ben Maallem Majdi Ben Maallem Firas Bouzou Yosri Kossontini;09/2022
S42_D0026;Noir Ou Blanc;Mustapha Gharbi Alaa Edinee Ben Mbarek;09/2022
S42_D0027;Opus;Adel Askri Youssef Ben Abdallah Atef Askri;09/2022
S42_D0028;PINUS;Fahd Guedoiri Sofien Saadaoui Siwar Khadhraoui;09/2022
S42_D0029;HealthyGO;Hayfa Oueslati;09/2022
S42_D0030;Flyss;Linda Abdelghaffar Adam Ben Mokded Oumayma Obay Malek Hattab;09/2022
S42_D0031;STEMA-Do;Arbia Hosni;09/2022
S42_D0032;taxi commande;Majdi Chakchouk Makrem Chakchouk;09/2022
S42_D0033;DentistUP;Loua Slama Oussama Souaf;09/2022
S42_D0034;Tijara Lab;Houssem Dammak Mahmoud Ketata;09/2022
S42_D0035;Caduceus Company;Wael Mahjoubi;09/2022
S42_D0036;Cabello;Ilhem Mrabet;09/2022
S42_D0037;Easy Bank;Mohamed Khelifi Maher Khelifi;09/2022
S42_D0038;Poc Store;Tarek Ben Ali Balkis Aifa Akrem Rmili Achref Rmili Nour Mekki;09/2022
S42_D0039;SOCIETE INFOSQUARE TUNISIE;Nizar Ellouze;09/2022
S42_D0040;Si-Gounda;Mohamed Borhen Mokni;09/2022
S42_D0041;Digital work solutions;Amani Bouaziz Yousser Sabbagh Slim Dhahri;09/2022
S42_D0042;VAL BIO DECHETS COMPOSITE;Mohamed Medhaffar Ghabri Siwar Raja Dhief Rabiaa Abdaoui Chefia Nasr;09/2022
S42_D0043;STE Vivia Clinical Network;Wissal Farjallah Lotfi Ben Romdhane Lotfi Ammar Souad Dziri;09/2022
S42_D0044;Offensylab;Faten Meziou Ahmed Chabchoub Moataz Jemni Koussay Bouchaala;09/2022
S42_D0045;moovin 360;Dheker Hamami Bilel Chebbi;09/2022
S42_D0046;HUBS TRAVEL;Hatem Ben Brahim Wafa Ghrir;09/2022
S42_D0047;CargoWeen;Aberraouf Terres Yasmine Terres Dhia El Hak Merai;09/2022
S42_D0048;Mini Jobi;Zied Brahem;09/2022
S42_D0049;womia;Ouissem Lahouar Anas Dogui Sabrine Aidi;09/2022
S43_D0001;CORADASH;Sameh Souissi Marah Bouzaida Nour Elimene Essid Radhouene Bousnina;10/2022
S43_D0002;KWIK;Sayf Eddine Brahmi;10/2022
S43_D0003;Brandee;Arthur Callarec Riadh Adouani;10/2022
S43_D0004;Quenzi;Mariem Limam;10/2022
S43_D0005;Karni;Afef Belhadj Mohamed Amine Boussarsar Mahmoud Hachicha Walid Kaabachi;10/2022
S43_D0006;STE Birdhouce;Ramzi Chahin;10/2022
S43_D0007;FranchiseLab;Mohamed Amin Kallel Aymen Feriani Wissem Ben Ali Amine Hariz;10/2022
S43_D0008;Queney Tunisie;Mohamed Ali Bouchaala Walid Khodja Mahmoud Challouf;10/2022
S43_D0009;Watto;Selim Mohamed Gharbi Omar Khemakhem;10/2022
S43_D0010;ContyFind;Aymen Sarraj Maan Mrabet Hassen Tahri;10/2022
S43_D0011;DIGITAL CITY INNOVATION;Hassouna Ben Jemaa Noomen Tounsi;10/2022
S43_D0012;KARMA;Sofiene Ben Hmida Mohamed Zied Razzegui Rania Zarg El Ayoun Khaled Taher;10/2022
S43_D0013;X-Mall;Wael El Amri Helmi Bouraoui Cherif;10/2022
S43_D0014;MRC SURVEY;Mohamed Turki Skander Hadj Mabrouk;10/2022
S43_D0015;"Color and Natural Extracts ""C-Nexts""";Saloua Sadok;10/2022
S43_D0016;Coloc'Qui;Chaima Torkhani Maroua Torkhani;10/2022
S43_D0017;First Master Class;Kais Khenine;10/2022
S43_D0018;chilift;Lilia Bouricha Hichem Bouricha;10/2022
S43_D0019;BIOTOPE / SmartEcolo;Mohamed salah NACHI Kais Jrad Khaled Kekli Kamel Belhadj;10/2022
S43_D0020;STERECO;Ala Eddine Maatoug;10/2022
S43_D0021;EUROMAGHREB BUSINESS CENTER;Anis Msahli Asma Chaabi;10/2022
S43_D0022;SK Tech;Karim Jelliti Sabri Mzoughi;10/2022
S43_D0023;YILDIZ BUSINESS TRAVEL;Ons Kchaou Sami Kchaou;10/2022
S43_D0024;Open Mind Academy;Raouf Messai;10/2022
S43_D0025;Rankstop;Mohamed Ramzi Ben Youssef;10/2022
S43_D0026;Dailymaps;Amine Ben Ammar Mehdi Essid Yassine Lassoued;10/2022
S43_D0027;Ia4Med;Nabil Besbes Maher Sakka;10/2022
S43_D0028;Ukla;Mohamed Achraf Mrabet Ahmed Gouiaa Mohamed Khalil Hosni;10/2022
S43_D0029;NovEV;Hamza Alsalihi Abdelbari Ben Yagouta;10/2022
S43_D0030;Prime Profs;Mehdi Ben hassine Khaled Ben Hassine;10/2022
S43_D0031;DRESTEK ( Destination Revenue Strategy Technologies);Maher Guetary;10/2022
S43_D0032;Rendez-vous RDV;Salem Zgar;10/2022
S43_D0033;Digex;Mohamed Jedidi Haythem Achour;10/2022
S43_D0034;Upmarket;Kais Abid Mohamed Yermani;10/2022
S43_D0035;KANTARA;Kais Ben Ammar Jihed Baccouche Mohamed Kharrat Fourat Beji;10/2022
S43_D0036;ﺔﺑرﺟﺗﻟا شﯾﻋ / Ich Tajerba;Seif Eddine Ferjani Oussema Gharbi Amel Lagha Wafa Bourguiba;10/2022
S43_D0037;Shipper Network;Racem Chakroun Becem Zahgden;10/2022
S43_D0038;AMIGO;Oussama Alibi;10/2022
S43_D0039;INNOROV;Mohamed Aziz Boufaied Mohamed Khalil Mattar Khalil Selmane Yasmine Kerkeny;10/2022
S43_D0040;Vectors Software;Melek Jebnoun Sofien Chaabouni;10/2022
S43_D0041;Wise Board;Slim Abdejelil Ali Ayari Slim Oueslati Rym Oueslati;10/2022
S43_D0042;Digihunt;Ahmed Ismail Azzabi Wahiba Ben Fredj;10/2022
S43_D0043;Fluoink Nanotechnologies;Ramzi Maalej Fakher Chabchoub Hanen Douiri Marwa Abid;10/2022
S43_D0044;Meeda Inc;Aziz Annabi;10/2022
S43_D0045;Smart Mobility;Mokhles Masmoudi;10/2022
S44_D0001;VB SMART;Rami Kammun Amine Fourati;11/2022
S44_D0002;Foodoo Nutrition;Sahli Houssem Sonia Othman;11/2022
S44_D0003;Relead;Hadhami Rjiba Rayen Cherni;11/2022
S44_D0004;AMAL XR;Kais Siala Mahdi Kharrat Mohamed Bassem Mazghouni Mohamed Kharrat Mohamed Belghith;11/2022
S44_D0005;Arkan;Hassen Marzouk Tarek Marzouk;11/2022
S44_D0006;Shape;Rahma Ben Abid;11/2022
S44_D0007;Elokencia;Mohamed Moez Touil Houcem Ben Lasfar;11/2022
S44_D0008;Mon Ingénieur Express;Mohamed Moatez Jendoubi Frederic Delahaigue;11/2022
S44_D0009;Rendez vous;Zied Hamouda;11/2022
S44_D0010;DeepAI;Seifedine Guizeni Jihène Ben Slimene;11/2022
S44_D0011;YARI;Mohamed Adel Tarki Mohamed Nejib Bejar;11/2022
S44_D0012;iziclaim;Ghassen Sghaier Mohamed Sghaier Senda Akili;11/2022
S44_D0013;FeedIn;Amal khémira;11/2022
S44_D0014;Firma Solutions;Hamza Mehdaoui Haythem Ilehi Ghazi Tlalet;11/2022
S44_D0015;Planet Dev;Achref Chouchene Mohamed Houcem Eddine Ibn Essghaier Khouloud Essghaier Nermine Abid;11/2022
S44_D0016;Flexipik;Mohamed Amine Kefi Beya Ben Saâd;11/2022
S44_D0017;OTOSPEX;Karim Ben Saber Houssam Rihane;11/2022
S44_D0018;ID grouping&connect;Ftouma Bannour Mahdi Ben Ahmed;11/2022
S44_D0019;PRO'FIT;Salim Benaoun Mohamed Wassim Abidi Hela Msaddek;11/2022
S44_D0020;Dentallx;Ayoub Maatallaoui Hanane El Kaoui Sirine Guediche;11/2022
S44_D0021;EPI GreenVision;Mohamed Ali Karoui;11/2022
S44_D0022;Plateformance;Francois Dejeager Anis Dabbebi Saber Jelassi;11/2022
S44_D0023;FTM;Rami Htira Mondher Htira;11/2022
S44_D0024;MIZZA;Hamza Naoui Aya Kelthoumi;11/2022
S44_D0025;Stardust.tn;Najmeddine Bouzir Emna Bahri;11/2022
S44_D0026;Smart Factory;Melek Mehrez Firas Mehrez;11/2022
S44_D0027;tracetech;Hamdi Amine Elkhaldi Ferid Rahmani Adel Loussaief;11/2022
S44_D0028;ANZAR;Aziz Hlaoua;11/2022
S44_D0029;wecoloc;Mohamed Amine Grichi;11/2022
S44_D0030;Livmo;Oussema Marai Sami Naifar;11/2022
S44_D0031;Paymoi;Wassim Challouf;11/2022
S44_D0032;Education à l'entrepreneuriat pour les adolescents;Najla Ben Haj Maouia Dhia Tajouri Sahar Tajouri;11/2022
S44_D0033;Nēo;Elyes Darghouth Nabil Majoul Ahmed Choucheni;11/2022
S44_D0034;Lendi;Karim Ben Khaled Hichem Fantar;11/2022
S44_D0035;D-carte solutions;Fourat Ouerghemmi Skander Hadj Romdhan Ala Ben Hassen;11/2022
S44_D0036;Ste BITAQA TN;Amine Miladi;11/2022
S44_D0037;Wisevision Artificial Intelligence Technologies;Soufi Majdeddine Bassem Mathlouthi Rawand Skoury Malek Zribi Kenza Boukhris;11/2022
S44_D0038;ITOps Bridge;Walid Saad;11/2022
S44_D0039;SOUGUI E-SHOP;Hamza Jabnouni Abderraouf Achouch Alaeddine Abidi;11/2022
S44_D0040;Denarius Payment Services;Selim Mohamed Gharbi Omar Khemakhem;11/2022
S44_D0041;Deltabionic;Dhia Elhak Guedri Farah Jenhani Nasreddine Hamdi;11/2022
S44_D0042;STE OCEANUSTART;Sami Bellalah Houneida Majdoub Seifeddine Majdoub;11/2022
S45_D0001;Dyxis;Skander Zoghlami;12/2022
S45_D0002;Petsigo;Dhia Zitouni Hafedh Dridi;12/2022
S45_D0003;LIPONOV;Jannet Kamoun Ahmed Aloulou;12/2022
S45_D0004;Asterkid;Mohamed Amine Ziraoui Amel Barbou;12/2022
S45_D0005;KADRA NOVA - KN نﺋﺎﻛ;Khalifa Zeddini Walid Zeddini Yasmina Zarrouk;12/2022
S45_D0006;Jemolio;Malek Lamine Karim Soussi Malek Ben Mbarek;12/2022
S45_D0007;Yoteqi;Mohamed Khedher Jalel Ben Romdhane;12/2022
S45_D0008;Taskflow;Walid Meddeb Mohamed Aziz Lahkimi;12/2022
S45_D0009;Papi'Pets;Emna Bellagha Achref Ksontini Chahrazed Remadi Mortadha Ouadday;12/2022
S45_D0010;SunAir Fountain® : Générateur d’eau de boisson atmosphérique par le solaire;Rami Elgolli Luc Metivier;12/2022
S45_D0011;Tennex Tunisie;Chahine Hamila;12/2022
S45_D0012;WeMiam HappyTeams;Mohamed Aimen Jouini;12/2022
S45_D0013;Cava.tn;Mohamed Ben Youssef;12/2022
S45_D0014;FastCharging;Hamza Guizani Nizar Guizani;12/2022
S45_D0015;SamRise;Mohamed Aziz Ben Mahmoud Mariem Hamzaoui Imed hanana Meriem Dkhil Feriel Ben Hassine Arbi Soussi;12/2022
S45_D0016;OREADZ;Sami Mokaddem Atef Attia Aymen Draoui;12/2022
S45_D0017;Laboratoire HYGIE;Sahbi Ben Lamine;12/2022
S45_D0018;Culinary;Dhouha Kouki Asma Chebbi Elyes Somai;12/2022
S45_D0019;WMS;Mohamed Naoues Yosr Salhi;12/2022
S45_D0020;Fabriquer les produits électroniques;Marwene Selmi;12/2022
S45_D0021;Aram Clinic;Aymen Boujbel;12/2022
S45_D0022;AsOne4Health;Abdelhalim Rafrafi;12/2022
S45_D0023;Canadin;Aymen Jhidri Wassim Abdel Malek Mohamed Ali Ben Slimen Souad Belghith Dhiaeddinne Rahali;12/2022
S45_D0024;Achref Bejaoui;Achref Bejaoui Ilyes Elgaied;12/2022
S45_D0025;TGL - The German Lab;Adnen Ben Chagra Mohamed Elyess Kharroubi;12/2022
S45_D0026;MTM SOLUTIONS;Marwa Agrebi Aymen Kassis;12/2022
S45_D0027;Siraj'Tech;Majd Ghdiri Siwar Lachiheb Youssef Gorcia Houssem Cheffi;12/2022
S45_D0028;Chfamma Ftour;Jihed Jed;12/2022
S45_D0029;Marsix;Mohamed Amine Moussa;12/2022
S45_D0030;TerraÏne;Zeineb Zardoumi;12/2022
S45_D0031;Baktrain Solutions;Oumaya Mejri Hannachi Wassim Tezeghedenti Asma;12/2022
S45_D0032;TAOO;Walid Hached;12/2022
S45_D0033;Taw Taw Group;Nacir Bouazizi;12/2022
S45_D0034;DOTS TECHNOLOGY;Ali Koubaa Feryel Mechri Mohamed Koubaa;12/2022
S45_D0035;EquiBooster;Farouk Bouzouita Saber Elabidi Nadia Sghaier;12/2022
S45_D0036;Karma solution;Sofiene Ben Hamida Mohamed Zied Razzegui Rania Zarg El Ayoun Khaled Taher;12/2022
S45_D0037;EDATA WAREHOUSE;Kamel Chahed Fakhri Jemail;12/2022
S45_D0038;BIGDATIS;Ahlem Bouchahda Amine Fahem;12/2022
S45_D0039;Feed In Green;Amal Khémira;12/2022
S46_D0001;Bambinosit;Nivine Mussa Essid Haithem;01/2023
S46_D0002;Dooda;Mhamed Ali Abassi Omar Louzir Aziz Kaouech;01/2023
S46_D0003;Crop's Talk;Rabeb Fersi Samir Chebil Chahine Fersi Yassine Awadni Riadh Jomaa;01/2023
S46_D0004;Pixii motors;Anis Fekih koutheir cherni Wafa Dhifi;01/2023
S46_D0005;Hawkar;Khadija Jallouli Seifeddine Aissa;01/2023
S46_D0006;IASOTWIN;Mohamed Moez Touil Touil Mohamed Hamdi Linda Touil Yasmine Bziouech Houcem Eddine Ben Lasfar;01/2023
S46_D0007;Smart For Green: Farm and Forest Fire Protection;Sahli Nader Sabri Sahli Karim Fathallah Rania Fathallah Mohamed-Hedi Mellekh Oussema Charbib Wael Fathallah Mohamed Ali Fathallah;01/2023
S46_D0008;DigiMove;Iheb Lourimi Saif touzi Haoua Guezguez Nour Ladhari Nassim Bensassi Hfaiedh Bedoui;01/2023
S46_D0009;Boky;Mohamed Aziz Brinis Othmane Barnis;01/2023
S46_D0010;Train Your Mind;Ghofrane Ben Mabrouk Mohamed Khalil Ben Chebil Mohamed Salah Ouelhazi;01/2023
S46_D0011;Mouqawel;Ikbel Sassi;01/2023
S46_D0012;Link Park;Emna Skhiri Omar Triki;01/2023
S46_D0013;URBAN DANCE;Ala Zrafi Mansoura Jilani;01/2023
S46_D0014;Hbibty Market;Rahma Mabrouk Baha Wiem Agrebi EP Johnson Skander Benzarti Meriam Maaloul;01/2023
S46_D0015;BusinessChat;Wifak Ghaddab Hayet El Ayeb;01/2023
S46_D0016;YASLINE ENGINEERING;Nizar Romdhane Salsabil Mansouri;01/2023
S46_D0017;LIGHTRESA;Mohamed Mellouki;01/2023
S46_D0018;KLAP;Taoufik Belkhodja;01/2023
S46_D0019;AGROVAL PLUS;Ataa Barkaoui Alaa Barkaoui;01/2023
S46_D0020;Watar cover;Dhaker Boughattas Zied Chouikh;01/2023
S46_D0021;Le dépanneur;Sabrine Rais Bouzgarrou Mahmoud Kortas;01/2023
S46_D0022;COLISPO;Sana Hamdi Lasaad Geusmi Nasreddine Hnana Amor Skah;01/2023
S46_D0023;Modèle SHE;Ahmed Chouikh Sara Ben Aissa Menel Azouz;01/2023
S46_D0024;clik2read/MIP Livrel;Ahmed Sami Meksi Nebil Briki Ahmed Sami Meksi Meriem Zouari;01/2023
S46_D0025;fulfillmentbridge;Ferjani Fethi Kais Khadraoui;01/2023
S46_D0026;Machind Fitness;Marwen Boukattaya;01/2023
S46_D0027;C'mind;Maher Zahar Sabri Barbaria;01/2023
S46_D0028;IZ AGRI;Imen Zouari Zineb Zouari;01/2023
S46_D0029;iziclaim;Ghassen Sghaier Mohamed Sghaier Senda Akili;01/2023
S46_D0030;Waf Waf House;Cyrine Atallah Emilio Illc La Peruta Ridha Bouasker Yusbely Nacary Jimenez Guerra Hassine Atallah;01/2023
S46_D0031;Dyno & Motiva Systems;Moez Lidinellah Waddey Mohamad Obeid Mohamed Hedi Jridi;01/2023
S46_D0032;DIGITAL CITY INNOVATION;Hassouna Ben Jemaa Noomen Tounsi;01/2023
S46_D0033;Thnity Maas;Anouar Abdelkoudous Bouassida Amina Garbouj Sayma Besbes;01/2023
S46_D0034;OPKODERLABS;Walid Meddeb Mohamed Aziz Lahkimi;01/2023
S46_D0035;YARI PROJECT;Mohamed Adel Tarki Mohamed Nejib Bejar;01/2023
S46_D0036;WHEELZ;Salim Benaoun Mohamed Wassim Abidi Hela Msaddek;01/2023
S46_D0037;XTENDPLEX S A R L;XTENDPLEX;01/2023
S46_D0038;Polysmart;Polysmart;01/2023
S47_D0001;Linkivia;Khadija Aa Naoufel Nabli;02/2023
S47_D0002;Replic-A;Mejdi Bouafif Wissem Jerbi Sonia Issaad;02/2023
S47_D0003;TUNISIA BAITS;Ahmed Malek Marwen Mokdad;02/2023
S47_D0004;Tunisian Campers;Mohamed Temimi;02/2023
S47_D0005;Tsiwrat Stock;Rania Makhlouf Firas Chetouane;02/2023
S47_D0006;Advantry X;Adam Bouchaala Kawthar Ayedi;02/2023
S47_D0007;KOM YA;Imene Aidi Yosra Aydi Meriam Aidi;02/2023
S47_D0008;My Brain;Wissal Dhuib Rahma Harzi Yasmine Ben Saad;02/2023
S47_D0009;TOF: Tyres On Fire;Yassine Boumaiza Oussama Bel Hadj Ali;02/2023
S47_D0010;cercina.ai;Ahmed Ben Othman Oussema Bennour Dhiaeddine Gharsallah;02/2023
S47_D0011;Grün Skincare;Foued Kilani Djazia Messous;02/2023
S47_D0012;Xpro;Zied Hriz Yosra Tahri;02/2023
S47_D0013;Giy.tn;Haythem Il Banney Jihed Chemlali;02/2023
S47_D0014;A.M.I.S.;Amel Ben Ammar Elgaïed Rabie Razgallah;02/2023
S47_D0015;Ziwziw Family Friend ﺔﻠﺋﺎﻌﻟا ﻖﻳﺪﺻ ﻮزﻮز;Siwar Mechri Nawres Mechri Samar Zardi Yassmine Dahmene;02/2023
S47_D0016;COADIS;Chaker Trabelsi Imen jridi;02/2023
S47_D0017;Parkey;Mehdi Romdhane;02/2023
S47_D0018;Thiqab;Kaouther Hedhly;02/2023
S47_D0019;Cerf.tn;Aicha Zahou Sameh Ben Hmida;02/2023
S47_D0020;ITEM TUNISIA;Abdessalem Barkia;02/2023
S47_D0021;DigiQuorum;Nawel Brahmi;02/2023
S47_D0022;Addval Soluons;Aymen El Kadhi Noamen Hassen;02/2023
S47_D0023;Ukka;Jean David Rombi Ukka Ukka;02/2023
S47_D0024;CG-Box;Abdelhedi Montassar Mohamed Triki;02/2023
S47_D0025;Arfis;Houssem Ben Romdhane Ahmed Bellagha;02/2023
S47_D0026;Afar tunisie;Malek Radhouen;02/2023
S47_D0027;Moneymakr;Imen Meah Karima Makhlouf;02/2023
S47_D0028;NER;Imen Moncer Abderrahmen Ben Ouaghrem Houssem Ben Cheikh Maher Naouali;02/2023
S47_D0029;NEWAY Soluons;Alaa Maaoui Amen Khlifi;02/2023
S47_D0030;Never Lost;Omar Baccar Hager Bouchoucha Sofiene Mokhbi;02/2023
S47_D0031;booky;Mohamed Ali Bousboo Emna Bousboo;02/2023
S47_D0032;Tunisie Colis;Zied Beldi Anis Harzallah Mohamed Salah Mzoughi Ahmed Bakh;02/2023
S47_D0033;EyTecFarm;Malek Ben Mbarek Loi Msaddak Mohamed Ali Foura Imen Hbiri;02/2023
S47_D0034;Voltat Technologies;Fedia El Ayeb Ayeb Fahmi Saadi Mohamed Sghaier Mohamed Wael;02/2023
S47_D0035;Caminova;Salma Bessalah Sihem Bessalah;02/2023
S47_D0036;SOCIETE SAGUEDNI;Oussama Dhahri Amine Chortani Hadil Fouli;02/2023
S47_D0037;BLUEPSOL;Eskander Alaya Ahmed Baccouch Chaima GRIRA;02/2023
S47_D0038;SOCIETE INNOVEGA;Rami Khouja Rym Ghribi Amira Ben Abdeljelil;02/2023
S47_D0039;MRC SURVEY;Mohamed Turki Skander Hadj Mabrouk;02/2023
S47_D0040;Workly Hub;Aymen Jhidri Wassim Abdel Malek Mohamed Ali Ben Slimen Souad Belghith Dhiaeddinne Rahali;02/2023
S47_D0041;BEE SPRING;Chedly Ellijimi;02/2023
S47_D0042;Avempace SARL;Avempace;02/2023
S48_D0001;OSTELFLOW;Mehdi Tatar Amine Riahi Lilia Skhiri;03/2023
S48_D0002;Tunarco;Nassira Barhoumi Marwen El Bari;03/2023
S48_D0003;Gloristory;Héla Majdoub Afef Majdoub;03/2023
S48_D0004;CIVILAB;Zied Ayedi Amine Grichi Ali Ben Mohamed;03/2023
S48_D0005;DLSgaming;Mansour Noucair Mansour Haroun Khalil Dridi;03/2023
S48_D0006;Detavoon;Mohamed Salem Luay Ben Ali;03/2023
S48_D0007;Laboratoire SCI;Chokri Nader;03/2023
S48_D0008;Contigo Booking Events;Mouayed Errahmene Sahnoun Wassim Ayari;03/2023
S48_D0009;Innovation production Services;Mehdi Ben Abdallah Hichem Mansour Chris Bennie;03/2023
S48_D0010;ARRIMA-AGRITECH;Majdi Saidi Khouloud Ghorraf;03/2023
S48_D0011;Probe.tn;Mohamed Kristou Mohamed Hedi Jebali;03/2023
S48_D0012;MIGsens;Adnane Abdelghani Khalifa Aguir;03/2023
S48_D0013;iTrend;Mohamed Ali Blaiti;03/2023
S48_D0014;RAF TELCOS;Fayçal Hamrouni Sami Karzout;03/2023
S48_D0015;Digify;Mehdi Ben Hassine Khaled Ben Hassine;03/2023
S48_D0016;Green foods traiteur vegan;Fatma Houissa Nefaa Abdessalem;03/2023
S48_D0017;Bridella;Rihab Hmida Amel Amamou Firas Boukhriss;03/2023
S48_D0018;Curve & Smiles;Manel Souai Mohamed Benyaiche Anas Ben Yaiche;03/2023
S48_D0019;DEKORTIK PLUS;Foued Jaballah;03/2023
S48_D0020;HIVE;Idris Tlili Dirar Rtima Aymen Tlili Wiem Tlili Maycène Mejri;03/2023
S48_D0021;Ostedhy;Yassine Boubaker;03/2023
S48_D0022;Studenty;Sabryn Hamrouny Wael Belaid Ibrahim Sarray Manel Abdelwahed;03/2023
S48_D0023;DourbIA;Ines Hassoumi Alia Belkaid;03/2023
S48_D0024;CourZelo;Khaled Ben Hafaiedh;03/2023
S48_D0025;ASTlab (Art, Science and Technology Lab);Nouha Ben Lahbib Najla Trabelsi;03/2023
S48_D0026;Parkito;Haithem Souissi Fares Ben Younes Dhia eddine Ben Haddada Ahmed Souissi;03/2023
S48_D0027;Loesa ( ةزﯾوﻟ );Anouar Hamdaoui Marwa Selmi;03/2023
S48_D0028;ImproBrain;Walid Smaoui Fares Jaloul Marwen Chaabouni;03/2023
S48_D0029;Smart Maintenance & Control;Saber Lefi;03/2023
S48_D0030;InstaLink;Oussema Boukeri;03/2023
S48_D0031;Ai Cv Lab;Anis Harbaoui Radhouen Harbaoui Zied Rajhi;03/2023
S48_D0032;SOK'ARI;Manel Mrad Mohamed Amine Mrad;03/2023
S48_D0033;Doulicha;Montassar Ben Hmidene Narjess Bouslama Moataz Ben Hmidene;03/2023
S48_D0034;Zarty;Abir Guecha Boudhina Seifeddine;03/2023
S48_D0035;SPADES;Karim Gharbi;03/2023
S48_D0036;Imova;Fadhel Sassi Yassine Dhane;03/2023
S48_D0037;Digitalimmo;Haythem Chebbi Imen Masmoudi Wajdi Omrani Tarek Thabet Mariangela Paparo Hanen Ben Ammou;03/2023
S48_D0038;ID grouping&connect;Ftouma Bannour Mahdi Ben Ahmed;03/2023
S48_D0039;DM NOVA;Iheb Lourimi Saif touzi Haoua Guezguez Nour Ladhari Nassim Bensassi Hfaiedh Bedoui;03/2023
S48_D0040;ELINA DEV;Chouchene Achref Mohamed Houcem Eddine Ibn Essghaier Khouloud Essghaier Nermine Abid;03/2023
S48_D0041;JEUCIJAN;Wael El Amri Helmi Bouraoui Cherif;03/2023
S48_D0042;ContyFind;Aymen Sarraj Maan Mrabet Hassen Tahri;03/2023
S49_D0001;Bi'nergy;Mohamed Wali Helmi Ben Amara;04/2023
S49_D0002;ONECLOUD;Helmi Ben Amara Mustafa Almawsoof;04/2023
S49_D0003;ECOFEED Tunisie;Malak Boukthir Khoubaieb Samir;04/2023
S49_D0004;Servini;Ramzi Hachicha Mohamed Achraf Jomaa Zied Hachicha Dhia eddine Abdelli;04/2023
S49_D0005;Pas Comme Eux;Ahmed Bahaeddine Abdelwahed Ghofrane Amdouni;04/2023
S49_D0006;H eco ferme;Hedi Amorri Aboud Fatma;04/2023
S49_D0007;Xgenbox;Naoufel Ben Moussa Kais Jrad Mohamed salah Nachi Selim Ben Mansour;04/2023
S49_D0008;The Package Center;Souheil Sassi;04/2023
S49_D0009;Bytale Games;Saadaoui Ghassen;04/2023
S49_D0010;Oriwood/ Entreprise Wahy artisan du bois;Farouk Wahi;04/2023
S49_D0011;Teachica;Hichem Amami Moatassem Belleh Guesmi;04/2023
S49_D0012;NORMA TUNISIE;Rejeb Chaalia Khaled Hadj Ali Jawad Alaoui M'hammed;04/2023
S49_D0013;SURVIVE RESILIENCE;Raouf Riahi Walaeddine Riahi Noura Nasri;04/2023
S49_D0014;droplocal.ai;Amine Abdennour;04/2023
S49_D0015;souk elfalleh;Riadh Felhi;04/2023
S49_D0016;Twansa;Rani Ben Mahmoud Safa Rzig;04/2023
S49_D0017;Karhabti.app;Adnen Mrad Amina Chouchane Sanda Doghmen;04/2023
S49_D0018;Kosmos technologies;Wassim Amri;04/2023
S49_D0019;IrWise;Mohamed Mekki Maalej Marouen HAMMAMI Mohamed Dhaouafi Morsi Hamza Hedi Neifar;04/2023
S49_D0020;Alifa;Olfa Abid Karim Gharbi;04/2023
S49_D0021;cell pulse;Jihed Jridi Salem Hamidi Halima Mahjoubi Elhem Cheour Neder Hamidi;04/2023
S49_D0022;Conception, formulation et production de dispositifs pharmaceutiques à base de principes actifs de plantes aromatiques et médicinales pour le;Zohra Aloui-Zarrouk;04/2023
S49_D0023;traitement des altérations cutanées iRnafnecdteéves et non infectées.;Mohamed Regaieg Younes Regaieg Safa Rekik;04/2023
S49_D0024;Beitary;Firas Jribi;04/2023
S49_D0025;GET BIG FAST;Jean-David Rombi;04/2023
S49_D0026;WEeFARM;Jasser Ben Saad Ayeb Rihab Rayen Ben Saad;04/2023
S49_D0027;ShooFu;Khawla Hadriche Houcem Ameur;04/2023
S49_D0028;halli.tn;Farouk Ben Jaafar;04/2023
S49_D0029;Noah;Mohamed Thamlaoui Khaoula Souf Rochdi Bchini;04/2023
S49_D0030;BME-Power;Mohamed Bouazizi Youssef Kaabechi;04/2023
S49_D0031;ECORISE;Morci Telmoudi Safa Jridi;04/2023
S49_D0032;trymyculture;Issam Barhoumi Hassan Khadhri;04/2023
S49_D0033;BiBin;Firas Hakim;04/2023
S49_D0034;Metamax;Houssem Saadi;04/2023
S49_D0035;HealthyGO;Hayfa Oueslati;04/2023
S49_D0036;goodbye;Dalel Manai;04/2023
S49_D0037;AI WITH YOU;Hayouni Rafedh Nasreddine Nasri Mohamed Fateh Hajjej;04/2023
S49_D0038;Au delà du Bio;Hajer Terras Heithe Zaghouani;04/2023
S49_D0039;BE beverages;Abdelhak Moussa Ahlem Zrig Mohamed Maher Elbekri;04/2023
S49_D0040;verified authentic;Imed mabrouk Firas Mabrouk;04/2023
S50_D0001;Acalainer;Yosr Halleb Oussama Bahri Mariem Allouche;05/2023
S50_D0002;Live Metrics;Sarah Lamine Khalil Ben Said Karim Bouafif Kerchaoui Amine;05/2023
S50_D0003;FALKU;Slim Makhlouf Khaled Omri Ali Amamou;05/2023
S50_D0004;Time and Money Tracker;Yousri Hajri Ahmed Ayadi;05/2023
S50_D0005;Deepnrise;Abdelkader Boussetta Youssef Meddeb Nizar Ayadi;05/2023
S50_D0006;2Y2S;Chermiti Rami Chermiti;05/2023
S50_D0007;Gigsdesk;Koussay Noomene Iyed Ghribi Nabil Amara;05/2023
S50_D0008;Lyceena;Rayen Bouajaja Jawher Thabet Fakher Bourray;05/2023
S50_D0009;INFINITE;Moez Jemaa;05/2023
S50_D0010;SMOFT;Aymen Gahbiche;05/2023
S50_D0011;Wildkard;Skander Chouka;05/2023
S50_D0012;Ecobees;Mohamed Dhaouafi Ali Dhaouafi Ahmed Dhaouafi;05/2023
S50_D0013;BFP;Boubaker Elaabed;05/2023
S50_D0014;immersion3D;Omar Mellouli Amira Jihène Kalai Mohamed mohamed Siwar Ben Abdelwahed;05/2023
S50_D0015;Campus Numérique des métiers;Fethi Zoghlami Abeidi Slim;05/2023
S50_D0016;Green Card;Ismail Ibala Nebil Aydi;05/2023
S50_D0017;South Fruits;Thouraya Rajah;05/2023
S50_D0018;Djerba Digital;Younsi Alaeddine Mahjoubi Wael Yassine Ben Ghorbal;05/2023
S50_D0019;E-KMANDI;Baha Hajri;05/2023
S50_D0020;EasyBank;Mohamed Khelifi Maher Khelifi;05/2023
S50_D0021;Jhonny Bikes;Mohamed Bouhaouala Miriam Abdeljaouad;05/2023
S50_D0022;Arzaak;Jihene Arzaak Eya Akir Racha Chwiref;05/2023
S50_D0023;Tunisie RGPD;Wissal Douissa Rayen Cherni Slim Abdejalil;05/2023
S50_D0024;Elevage des insectes (nutri-protéine);Abed Helmi Abed;05/2023
S50_D0025;HelpyGo;Mohamed Melki Yacine Maaroufi Amani khalfaoui;05/2023
S50_D0026;OneGlobb;Safouene Ratel Younes Saidani Marouene Ratel;05/2023
S50_D0027;Multiverse AI;Aymen Yahyaoui Amine Mosbah;05/2023
S50_D0028;lingerie.tn;Zarami Manel Zarami;05/2023
S50_D0029;Lanci.io;Nada Chatti Mahdi Taghouti Takwa Ben Abdessalem Wifek Ben Romdhane;05/2023
S50_D0030;SPADES;Karim Gharbi Marcel Deturche Selim Mohamed Gharbi;05/2023
S50_D0031;Ontej;Mohamed Amine Ouchari Oussema Baklouti;05/2023
S50_D0032;Ethic Data;achref Baklouti ESazzmaehhra L Hoaumhidchii Aymen Khelifi;05/2023
S50_D0033;Orizon Booking;Zied Boukadida;05/2023
S50_D0034;EYE-SPY SECURITY;Basma Ben salah Taher Ben salah;05/2023
S50_D0035;My3DClothes;Mohamed Ben Arfa Mohamed Raddadi;05/2023
S50_D0036;fabrication de papier minéral;Hichem Bouguila Mokni Madiha Belhamadi;05/2023
S50_D0037;Creativecontent;Saber Kohli Moalla Habib Moez Taïeb Habib Baaboura;05/2023
S50_D0038;algoRyhthme;Maazoun Khaled Maazoun;05/2023
S50_D0039;SmartPay;Anis Abidi Azza Kooli;05/2023
S50_D0040;DEEPAI Artificial Intelligence and Softwares;Yosr Halleb Oussama Bahri Mariem Allouche;05/2023
S50_D0041;ALIFA FOR ANIMAL WELL BEING;Olfa Abid Karim Gharbi;05/2023
S50_D0042;STE OTOSPEX SOULTIONS;Slim Makhlouf Khaled Omri Ali Amamou;05/2023
S50_D0043;RAF TELCOS;Yousri Hajri Ahmed Ayadi;05/2023
S50_D0044;Cercina Artificial Intelligence;Abdelkader Boussetta Youssef Meddeb Nizar Ayari;05/2023
S50_D0045;National Smart For Green Solutions and Applications;Rami Chermiti;05/2023
S51_D0001;cookit;Sadri Gargouri Khlil Gargouri;06/2023
S51_D0002;Bionic Soul;Nada Ghanem;06/2023
S51_D0003;SamRise;Mohamed Aziz Ben Mahmoud Imed Hanana Mariem Hamzaoui Arbi Soussi Feriel Ben Hassine;06/2023
S51_D0004;minwin;Ines Borni Mohamed Choucheni Alaa Boukhchina;06/2023
S51_D0005;Rackham;Mohamed Toumi Djohra Berki;06/2023
S51_D0006;Proximabel Development;Abbassi Ahdi;06/2023
S51_D0007;TuniMeet;Business Software and services;06/2023
S51_D0008;www.kawanin.com;Business Software and services;06/2023
S51_D0009;ARKHOU-DRONE;Khouloud Mhamdi Elarbi Machraoui;06/2023
S51_D0010;OPUS LAB;Ahmed Ben Bouzid Mohamed Berber Siwar Gharbi Mohmmed Sayed Hamdi;06/2023
S51_D0011;LeanTex;Melek Mehrez Nihel Beji Firas Mehrez;06/2023
S51_D0012;GymSwitch;Wael Lakhrach Siwar Houssaî;06/2023
S51_D0013;Colisnet;Hiba Mned Habib Chaari Mehdi Ben Hmida Wajdi Bouaziz;06/2023
S51_D0014;Expy.ai;Slim Nabli Luay Ben Ali;06/2023
S51_D0015;SKINPHILOSOPHY;khouloud Abada Saida Akermi;06/2023
S51_D0016;Car Box;Wajih Messaoudi;06/2023
S51_D0017;So Green;Amira Guesmi;06/2023
S51_D0018;TuniToonz;Sana Makhloufi;06/2023
S51_D0019;ENER ZED;Amor El Masri;06/2023
S51_D0020;CamGoal;Seif Nemri Mohamed Mehdi Ben Mlouka;06/2023
S51_D0021;Chicify;Mohamed Touhami Rhaima Rehayma Maher;06/2023
S51_D0022;Ukla;Mohamed Achraf Mrabet Ahmed Gouiaa Mohamed Khalil Hosni;06/2023
S51_D0023;Book Pickups;Hajer Gabteni;06/2023
S51_D0024;Ommi;Mohamed Amine Mamlouk;06/2023
S51_D0025;Padel Up;Eskander Nasri Mehdy Belkhiria Salah Ayed Amine Hammami;06/2023
S51_D0026;AntiBioGen;Ramzi Laâmouri Chahnez Naccache Iyadh Bouzghiba;06/2023
S51_D0027;Travelween;Oussama Ben Wafi Safa Ben WafI Sawssen Atoui;06/2023
S51_D0028;SIGORO;Sirin Zouga Baha Eddine Khelifi;06/2023
S51_D0029;RGPD Tunisie;Wissal Douissa Rayen Cherni Slim Abdejlil;06/2023
S51_D0030;A.M.I.S. RESEARCH;Amel Ben Ammar Elgaied Rabie Razgallah;06/2023
S51_D0031;LABORATOIRE HRIZ PHARMA;Zied Hriz Yosra Tahri;06/2023
S51_D0032;ITREND TECHNOLOGY;Mohamed Ali Blaiti;06/2023
S51_D0033;Easy Finance Corporate;Mohamed Khelifi Maher Khelifi;06/2023
S51_D0034;UNDERSCORE;Mohamed Kristou Mohamed Hedi Jebali;06/2023
S52_D0001;IHSCEN for Startups;Nadia Kanoun Najia Dhiab;07/2023
S52_D0002;FININFO SOLUTIONS;Fares Naiet El Gaied;07/2023
S52_D0003;Damdoum;Faten Matmati;07/2023
S52_D0004;Block plus plus;Mohamed Dhia Ben Fraj Asma Yousfi;07/2023
S52_D0005;La Galerie VR;Siryne Elouede Hamza Chakroun Montassar Chakroun;07/2023
S52_D0006;SK Tech;Sabri Mzoughizoughi Karim Jelliti;07/2023
S52_D0007;Ghramna / Digital Drina;Ramzi Hmani Leila Slim;07/2023
S52_D0008;Xtendmind / Novea;Mourad Mezghani Hassan Cheriha Ahmed Ben Hamouda;07/2023
S52_D0009;PeaceSight;Sarra Ben Romdhane Mehdi Mouelhi;07/2023
S52_D0010;SahEAT;Emna Rassaa Taha Karoui Mohamed Islem Ben Ali;07/2023
S52_D0011;UWAS;Houssem Kanzari Mohamed Laouini;07/2023
S52_D0012;Schwaus;Ahmed Nizar Kalai Ahmed Ben Hassana;07/2023
S52_D0013;HulpAI;Abir Mahouchi;07/2023
S52_D0014;Smarting Serve;Mourad Sahloul;07/2023
S52_D0015;PTITAPTIT;Dhouha Belhaj Yahia Makrem Aoun;07/2023
S52_D0016;Clic Holidays;Seif Allah Azaiez;07/2023
S52_D0016;Clic Holidays;Philippe Dedrie;07/2023
S52_D0017;arsek dripbox;Mohamed El Haj Abdallah Kais Oueslati;07/2023
S52_D0018;ORcompost;Ahmed Boufahja Emna Boufahja;07/2023
S52_D0019;United VITO;Nizar Affi;07/2023
S52_D0020;SUCCESS STUDY;Anissa Najjar Kais Dridi;07/2023
S52_D0021;NetConf;Houssem Jarraya;07/2023
S52_D0022;ReBoS;Aymen Mabrouki;07/2023
S52_D0023;SAVEE;Maher Ben Najm Nabil Ben Najem;07/2023
S52_D0024;nivanta;Nadhem Lihiouiel Ismail Kahri;07/2023
S52_D0025;E-mima food;Azzez Moatez Associé azzez Houssem Hamza Gassab;07/2023
S52_D0026;Fabrication des produits électroniques;Marwene Selmi;07/2023
S52_D0027;DentistUP;Oussama Souaf Fahmi Haouala Soulaimane Guedria Loua Slama Mohamed Malek;07/2023
S52_D0028;Sea Safe;Khouloud Bannour Houssem Saadaoui Meriem Zouali;07/2023
S52_D0029;Vivlio;Nour Salah Asma Mhadheb Ahmed Hamouda Mohamed Fadhel Saada;07/2023
S52_D0030;Barsha Food;Zeineb Hadj Ali Rania Souei;07/2023
S52_D0031;TOUTA;Alaa Bouajila Nourhene Mhennaoui Wael Chaouch;07/2023
S52_D0032;Arès;Ahmed Souissi Zaineb Gabsi Saafi Khalil Younes Mezen;07/2023
S52_D0033;MSSYNDIC.com;Sami Marouani;07/2023
S52_D0034;Waqt Tech;Mohamed Regaieg Younes Regaieg Safa Rekik;07/2023
S52_D0035;AGUA DE SOL TUNISIE;Rami El Golli Luc Metivier;07/2023
S52_D0036;MOBYERA;Mehdi Romdhane;07/2023
S52_D0037;HS WARE;Chaker Trabelsi Imen Jridi;07/2023
S52_D0038;Thiqab;Kaouther Hedhly Hatem Zegnani;07/2023
S52_D0039;Tym Solutions;Ghofrane Ben Mabrouk Mohamed Khalil Ben Chebil Mohamed Salah Ouelhazi;07/2023
S52_D0040;Digi Portal;Ikbel Sassi;07/2023
S52_D0041;Expy;Slim Nabli Luay Ben Ali;07/2023
S52_D0042;Académie artisanal Arzaak;Jihene Arzaak Eya Akir Racha Chwiref;07/2023
S53_D0001;Scaylab;Taher Siala;08/2023
S53_D0002;SD Academy;May Tounsi Farah Tounsi Leila Ben Abdallah;08/2023
S53_D0003;Deep Camp;Belhassen Chelbi Sabrine Labidi;08/2023
S53_D0004;clik2read/MIPLIVREL;Ahmed Sami Meksi Mourad Boubaker;08/2023
S53_D0005;sellya.net;Hamza Zarrouk Rihem Ghzaiel Ala Guezzi;08/2023
S53_D0006;Verse;Hassen Serkhane Malek Baouindi;08/2023
S53_D0007;Drop'n Go;Riadh Bouassida Ahmed Bouassida Ramzi Arous;08/2023
S53_D0008;HygieSys;Jihen Kboubi Aschraf Chadli Chiheb Kboubi Adem Kboubi;08/2023
S53_D0009;FIDELIUM;Ghaith Ben Mansour;08/2023
S53_D0010;WOLO;Mohamed Ali Hergli;08/2023
S53_D0011;Elodox;Hafedh Farhani Abdelrahman Nasser Cyrine Ben Haj Ali;08/2023
S53_D0012;Restojob;Mortadha Mehri Adem Mehri Mojtabah Mehri;08/2023
S53_D0013;Yolyc;Amine Maalaoui;08/2023
S53_D0014;GMT International;Amal Abdelkafi;08/2023
S53_D0015;EagleEye;Rayen Naimi Dabboussi Hassen Mohamed Amine Naimi;08/2023
S53_D0016;BTG : Bridging The Gap;Raef RezguI Badis Kardous Chiheb Baazaoui Firas Koraani;08/2023
S53_D0017;ZMEN;Sarra Goddi Imen Ben Slimen;08/2023
S53_D0018;dash sports;Melek Chakchouk Bilel Ben Atitallah Jawhar Ben Salem Hatem Halouani;08/2023
S53_D0019;Tutwide;Jawhar Farhat Sami Hamdi;08/2023
S53_D0020;Modhif;Achraf Sekri;08/2023
S53_D0021;TIE-UP;Achouri Iyadh Rami Ksouri;08/2023
S53_D0022;nextview;Miled Mohamed Mohamed ali Zorgui;08/2023
S53_D0023;AlloFermli;Naja Benali;08/2023
S53_D0024;Clic Holidays;Sofienne Mallek;08/2023
S53_D0024;Clic Holidays;Assil Salah;08/2023
S53_D0025;IPPO;Ahmed Bouali Mohamed Wassim Abidi Salim Benaoun Hela Msaddek Mohamed Firas Najjar Mohamed Elyes Abidi;08/2023
S53_D0026;Kardili;Med Mezri Ben Dkhil Hamdi Mokni;08/2023
S53_D0027;ste vetalyst tech solution;Firas Jribi;08/2023
S53_D0028;Be Synchro;Houssem Jarraya;08/2023
S53_D0029;Ziwziw Family Friend ﺔﻠﺋﺎﻌﻟا ﻖﻳﺪﺻ ﻮزﻮز;Mechri Siwar Nawres Mechri Zardi Samar Yassmine Dahmene;08/2023
S53_D0030;MK Talent;Mehdi Ben Hassine Khaled Ben hassine;08/2023
S53_D0031;Grün Skincare;Foued Kilani Djazia Messous;08/2023
S53_D0032;Lean Manufacturing Company;Melek Mehrez Nihel Beji Firas Mehrez;08/2023
S53_D0033;Gifty;Il Banney Haythem Jihed Chemlali;08/2023
S54_D0001;Wemake3D;Mathlouthi Abdelmagid Karim Yahyaoui;09/2023
S54_D0002;Dopawin;Balkis Aifa Rmili Akrem Tarek Ben Ali Achref Rmili;09/2023
S54_D0003;MAKTOUB TECHNOLOGIES ET SERVICES;Amir Aouididi;09/2023
S54_D0004;Dactylos Service;Sahar Cheikh;09/2023
S54_D0005;d-talk;Ali Nakti Saber Bahri Chaima Belhassen;09/2023
S54_D0006;HAT Information Security Corporate;Anis Fourati Randa Sellami Mohamed Ali Fitouhi;09/2023
S54_D0007;Inspark;Wael Mlak Salma Sayah ep Mallek;09/2023
S54_D0008;Abajim.com;Mohamed Ali Zaier Yassine Rhouma Mohamed Ben Romdhan;09/2023
S54_D0009;ProteiNew;Aamira Ben Aamira Issam Ben Aamira;09/2023
S54_D0010;Line Analyzer;Ali Ibn Ammar;09/2023
S54_D0011;Studenty;Nour El Houda benina Rayhane Hedri Mottaki Hajouni Sabryn Hamrouni Belaid Wael;09/2023
S54_D0012;Digi-QAL;Mathias Wrzoncki Belgacem Toumi Sondess Lazrak;09/2023
S54_D0013;Virtu-Lab;Mohamed Nahouchi Amrou Kboubi Siwar Ben Nejma;09/2023
S54_D0014;Neural Genie;Jawher Ressaissi Hatem Ressaissi;09/2023
S54_D0015;Elsabuy;Hichem Boughdiri;09/2023
S54_D0016;Docnet;Emna Ouerchfani Aya Ouhichi Ajmi ouerchfani Montassar Zorgani Directeur Technique Imen Ouerchfani Mohamed Ali Jebali Adam Louhichi;09/2023
S54_D0017;investy;Firas Sfaxi Achraf Ben Hiba Mohamed Rayen Dakhlaoui Leith Cousseni;09/2023
S54_D0018;IDOS DIGITAL;Ghassen Selmi Amen Mili;09/2023
S54_D0019;Car Supervision;Jamel Eddine Belmadhkour Letaief Omar;09/2023
S54_D0020;MyAuto;Hatem Ben Chaabane;09/2023
S54_D0021;SuperFactorial;Aymen Ben Rjab;09/2023
S54_D0022;Growth Starter : Plateforme de marketing digital et SEO;Mohamed Mounir Mejri Abdelhakim Jamaaoui Omrane Trabelssi;09/2023
S54_D0023;Autom8;Dsouli Youssef Aymen Rachdi Hamza Zouari;09/2023
S54_D0024;Sayart;Amine Hayder;09/2023
S54_D0025;SARBINI;Skander Guarbaa;09/2023
S54_D0026;AIO EVENTS;Iyed Ben Messaoud Oussema Rifi Aymen Derouiche Ali Baroudi;09/2023
S54_D0027;Coccinelle Green;Aymen Ammar;09/2023
S54_D0028;Weventis;Hadil Abdallah Mohamed Jouneidi Abderrazek Rami Kelboussi Hamza Mansour;09/2023
S54_D0029;Felbis.ai;Sami Sakly;09/2023
S54_D0030;Myprint;Salim Sassi;09/2023
S54_D0031;MData One;Slimen Arnaout Arafet Sbei Tarek Ben Salah Omar Ismail;09/2023
S54_D0032;TracklyGo;Ahmed Hedi Imed Ayari Lamjed Jedda;09/2023
S54_D0033;MY EASY TRANSFER;Ismail Khenissi Jabrane Khenissi;09/2023
S54_D0034;Ambition Study;Anissa Najjar Kais Dridi;09/2023
S54_D0035;MIGsens;Abdelghani Adnane Khalifa Aguir;09/2023
S54_D0036;Cell Pulse Harmony;Jridi Jihed Salem Hamidi Halima Mahjoubi Elhem Cheour Neder Hamidi;09/2023
S54_D0037;SPINSHARE;Wael Lakhrach Siwar Houssaî Hiba Mned;09/2023
S54_D0038;Sellya Technologies;Hamza Zarrouk Rihem Ghzaiel Ala Guezzi;09/2023
S54_D0039;Venus Zora Pharm;Zohra Aloui-Zarrouk;09/2023
S54_D0040;HygieSys Solutions for better tomorrow;Jihen Kboubi Aschraf Chadli Chiheb Kboubi;09/2023
S54_D0041;Tunealgo;AMdoehmam Kbeodu Mbielki Yacine Maaroufi Amani Khalfaoui;09/2023
S55_D0001;SmartShift;Anis Chebbi Ouns Taj;10/2023
S55_D0002;ShippingLog;Sami Jilani Meriem Trabelsi;10/2023
S55_D0003;COLLARY;Riadh Ben Meftah Jamel Gafsi;10/2023
S55_D0004;SEA DESIGN LAB/OUTA;Anis Montacer Aymen Souissi Asma Benyoussef Sami Montacer;10/2023
S55_D0005;Empowair;Atef Meftah Iuliia Matviets;10/2023
S55_D0006;xscan;Houssem Eddine Rammeh Oussama Ben Wahiba Abderrahim Gdah;10/2023
S55_D0007;CHITELIX;Kais Aouieb Mohamed Anis Ben Ghalia;10/2023
S55_D0008;Tadwir;Zeineb Blaiech Dali Blaiech;10/2023
S55_D0009;Saydalid;Fares Messedi Rayen Miaoui;10/2023
S55_D0010;Techno Shark;YAahdmhe Kdh Jaelfdaildlaih Ali Jedidi Hsan Jedidi;10/2023
S55_D0011;Emyehr;Mohamed Aimen Jouini;10/2023
S55_D0012;SILVER-MADE CONSULTING;Houcem Kolsi Issam Kolsi;10/2023
S55_D0013;LAND WASH;Mohamed Aziz Landolssi;10/2023
S55_D0014;HIPPOMED AI;Walid Guellouz;10/2023
S55_D0015;TBRL;Ilyes Karray Ahmed Azer Ghimeji;10/2023
S55_D0016;C&S EoleAvia;Sondes Massoudi Chiheb Ben Rekaya;10/2023
S55_D0017;AquaWise Solutions;Yosri Belhadj Hamdi Maslah May Mallouli;10/2023
S55_D0018;The pointing graphical tablet;Mohamed Taibah Kais Ben Rhouma Wafa Smaoui;10/2023
S55_D0019;Gori'fit;Nadhir Chebbi Mohamed Itheb Ben Abbes;10/2023
S55_D0020;GOATech;Mohamed Najar Seifeddine Adouani Firas Fejjeri;10/2023
S55_D0021;myparcel.tn;Saaidi Abdel Aziz Safa Soltani;10/2023
S55_D0022;Tadaa;Amine Ben Hmida;10/2023
S55_D0023;KYTOSAN TECHNOLOGIES;Adnene Kammoun Mohamed Nassim Chouchene Salah Bannour Wassim Kammoun Khawla Dhahri Nasreddine Soualhia Samia Noureddine;10/2023
S55_D0024;Haven;Mohamed Khalil Kouki Khaled Ben ammar;10/2023
S55_D0025;DigiStract;Zaidi Chifa Khadija Louati Ala Eddine Maatoug;10/2023
S55_D0026;Buy and Save;Marouene Darbi Feten Boukari;10/2023
S55_D0027;EdgeCube;Alaeddine Ghabi Mohamed Yassin Jemai Taha Yassine Romdhane Mouadh Abdellatif Asma Hammami;10/2023
S55_D0028;The New Generation : For high energy kids;Wejdane Ksiaa;10/2023
S55_D0029;Maktba.tn;Rahma Boubaker Boubaker Raed Imen Messaoud;10/2023
S55_D0030;Éyalla;Bassem Almarzouki;10/2023
S55_D0031;Abajim.com;Mohamed Ali Zaier Yassine Rhouma Mohamed Ben Romdhane;10/2023
S56_D0001;Leadership 4.0;Faouzi Gharsalli Khaled Gharsalli;11/2023
S56_D0002;ApiShield;Ala Eddine Dhaouafi Rayen Nahdi Hédil Fraihi Yassine Ben Ali;11/2023
S56_D0003;Au delà du Bio;Hajer Terras Heithem Zaghouani Elyes Jeribi;11/2023
S56_D0004;ProtiBox / Kosmos Tech Innovation;Wassim Amri Asma Kilani;11/2023
S56_D0005;CarNet;Nabil Ben Nasrallah Sana Balti Wissem Mazgou;11/2023
S56_D0006;NeuralBey;Mohamed Aziz Chibani Mahdi Lazreg Mechria Mohamed Aziz;11/2023
S56_D0007;BE-SIYESSAH;Saif Eddine Naffati Fedia Ayari;11/2023
S56_D0008;Intake;Marouane Trimeche ?;11/2023
S56_D0009;BRAIN-TEK;Montasser Khamassi Nour El Houda Shili Mohieddine Drissi Slim Griri;11/2023
S56_D0010;Digital Catering Solution;Salmen Ajili Mahdi Abdelmalek Sahbi Ben hmida;11/2023
S56_D0011;Deelshop;Hamza Bourougaa Rachwan Tarraf Aziz Kouki;11/2023
S56_D0012;K-EYES;Zina Gachaoui Ziad Kadhi;11/2023
S56_D0013;BRIDGE IT;Ibtihel Driss Lassaad Aissa Berraiess Mohamed Ghodbane;11/2023
S56_D0014;DourbIA;Ines Hassoumi;11/2023
S56_D0015;Vocalyst;Mohamed Omar Chaari;11/2023
S56_D0016;STOREX;Mahdi Benabdallah;11/2023
S56_D0017;X-Green;Azer Taieb Houssem Tayeb;11/2023
S56_D0018;WeeCode Development;Mouheb Mehdoui Riadh Baroudi;11/2023
S56_D0019;withe shark kayak;Oussama Noumi Karim Bouchiba Yosri Jlassi;11/2023
S56_D0020;BuzzBip;Mhamed Ali Ben Mahmoud Walid Tanazefti Sabri Ben Marzouk Youssef Denguir;11/2023
S56_D0021;LES ÉDITIONS IRIS;Malik Ayachi;11/2023
S56_D0022;BIM STRATEGY;Khalil Mhamdi;11/2023
S56_D0023;TestWize;Khaled Saidani Azza Sandly;11/2023
S56_D0024;Mntly;Hassen Saadi;11/2023
S56_D0025;VRmersion;Ranim Zouari Sonda Charfi;11/2023
S56_D0026;Agazone;Mohamed Boussaidi;11/2023
S56_D0027;Orion;Ghassen Ghouibi Habiba Ben Jabeur;11/2023
S56_D0028;AhlaBik;Olfa Trabelsi Kessé Emmanuel Sigui;11/2023
S56_D0029;Chanvision;Mohamed Riahi Yassine Idoudi;11/2023
S56_D0030;Mellekher;Wassim Hamdani Youssef Zrelli;11/2023
S56_D0031;GAMAPPS;Ghaith Ben Mansour;11/2023
S56_D0032;ORcompost solutions naturelles;Ahmed Boufahja Emna Boufahja;11/2023
S56_D0033;United VITO;Nizar Affi;11/2023
S56_D0034;SKINPHILOSOPHY;Khouloud Abada Saida Akermi;11/2023
S56_D0035;Multiverse AI;Aymen Yahyaoui Amine Mosbah;11/2023
S56_D0036;Société internationale d'élevages des espèces nutri protein;Helmi Abed;11/2023
S56_D0037;FORCE DE VENTE DIGITAL;Baha Hajri;11/2023
S56_D0038;OneGlobb;Safouene Ratel Younes Saidani Marouene Ratel;11/2023
S57_D0001;Top Nearshore;Pierre Maxime;12/2023
S57_D0002;Link 2 Grow Network;Rym Ayari Walid Ayari;12/2023
S57_D0003;Vesna Biotech;Hamza MAGRIMariem MAGRIAymen CHEIBI;12/2023
S57_D0004;DATABLIC;Abir Ben ArbiaAnis Ben ArbiaRami Chermiti;12/2023
S57_D0005;Go Switch Home;Marwa SettiMohamed Aziz Setti;12/2023
S57_D0006;UCOD;Mouadh Hsoumi;12/2023
S57_D0007;MOOM;Maroua Ben Charrada Mohamed Aymen Bachrouch;12/2023
S57_D0008;RSE Time;Rym Bendhief Akremi Mohamed Hbib Ben Akremi Mohamed Aziz Ben Akremi;12/2023
S57_D0009;South Fruits Agri;Thouraya Rajah;12/2023
S57_D0010;Hippomed Entreprise SA;Mohamed Oualid Guellouz Pascaline Mussot;12/2023
S57_D0011;Contractzlab;Mohamed Rafik Hwimli;12/2023
S57_D0012;Uvey;Youssef Meddeb;12/2023
S57_D0013;Tanit.ai;Kais Zhioua;12/2023
S57_D0014;JIOTIFY;Foued Jaballah Rafik Jaballah;12/2023
S57_D0015;IOT Bridges;Walid Khenissi;12/2023
S57_D0016;DeviceSpeak;Makram TorjemenSouissi AlHabib;12/2023
S57_D0017;WLEDI;Houssem Ben Slama Dhouha Allagui Abderrazak Hakim;12/2023
S57_D0018;mypharmacy. tn/Sharedpharma;Kais Ben YoussefAymen SellaoutiIssam Moalla;12/2023
S57_D0019;Gorilla;Aymen KochtiSahar Toujani;12/2023
S57_D0020;Magic nature;Hela Mghaieth Ahmed Mghaieth;12/2023
S57_D0021;Food Safety;Majed DammakSaber Naffati;12/2023
S57_D0022;BRANDYU (application mobile).;Amine OueslatiOumaima MahmoudSoufien Bsili;12/2023
S57_D0023;Domaine El Htouba;Amine Boufaied;12/2023
S57_D0024;OLINDIAS;Mohamed Lotfi Sassi;12/2023
S57_D0025;Kridipay;Amani ChattiMahmoud ChattiMohamed Neji KalboussiMakrem Jlassi;12/2023
S57_D0026;Afrique vapeur;Saadallah Aymen;12/2023
S57_D0027;ADDEL;Mouhamed Nourdine GuitouniKarima Tekaya Maghri;12/2023
S57_D0028;TIKTAK CV;Ibrahim BoubakriBadreddine Ben Cheikh AhmedMoussa Ouechtati;12/2023
S57_D0029;Ad. Mall;Maha Ben Fredj Malek Ben Fredj Mouna Karoui;12/2023
S57_D0030;Tanit Corporate Solutions;Raed Harzalli Mohamed Aymen Zarouk;12/2023
S57_D0031;Doken;Achref Hafedh;12/2023
S57_D0032;E-NERGIZE;Mohamed Rached Bedis Bergaoui;12/2023
S57_D0033;Olive Oil Connection;Walid MezghaniAmani Ghezal;12/2023
S57_D0034;Icecubex;Kcharem AhmedOmar Ahmed;12/2023
S57_D0035;Wittverse;Myriem Slama;12/2023
S57_D0036;ANCA BOX;Ahmed Mahouachi Oumaima Ghali Amal Daoudi Hamdi Ben Brahim;12/2023
S57_D0037;Cyra Auto Tunisie;Sirine BelhassenAbdelkader Belhassen;12/2023
S57_D0038;EVOPACK BIO;Aram Ben Salem Awatef Sadki Afnene Ben salem;12/2023
S57_D0039;NutriCode;Rym Gamra;12/2023
S57_D0040;ARKHOU-DRONE;Khouloud Mhamdi Elarbi Machraoui;12/2023
S57_D0041;OPUSLAB EdTECH;Ahmed Ben Bouzid Mohamed Berber Siwar Gharbi Mohmmed Sayed Hamdi;12/2023
S57_D0042;OCEAN SOFT;Habib Chaari Mehdi Ben Hmida Wajdi Buaziz;12/2023
S57_D0043;ProteiNew;Amira Ben Amira Issam Ben Amira;12/2023
S58_D0001;Catchy;Zakaria Glenza Souhail Saihi;01/2024
S58_D0002;Atome Academy;Zeidoun Meksi Adnen Somai Jawhar Mtar Adnen Somai Yasser Joudi;01/2024
S58_D0003;ALIDADE;Mejdi Gaddouch Monia Grtimene;01/2024
S58_D0004;Hi Interns;Hazem Hamrouni Khalil Bessaad;01/2024
S58_D0005;Pedago;Helmi Benameur Fares Gaida Sofiene Gharbi Ahmed Berred El Montassar Belleh Gaida Mohamed Amine Ghazouani Wassim Affes;01/2024
S58_D0006;FlexyFleet;Karim Ben Fadhel;01/2024
S58_D0007;kortable;Syrine Abidi;01/2024
S58_D0008;COSMETIQUE BIO-PHYTO;Manel Mallek;01/2024
S58_D0009;Caire Health AI;Tekaya Oussama Hamdi Belhassen Mohtadi Ben Fraj Daniel Angloher;01/2024
S58_D0010;officent;Saif Eddine BorgholKamel Ben AnayaAsma MethamemSoulayma Dhiab;01/2024
S58_D0011;InnoDeep;Hamdi Mustapha Majdi Jaber;01/2024
S58_D0012;Qualimaker;Mehdi Zaabar;01/2024
S58_D0013;eco Gwatring;Oussama Houcine Najem Ddine Souheil Elhoucine;01/2024
S58_D0014;VISIMEDIA;Ikram Ben Sassi;01/2024
S58_D0015;Quokka Agency;Bassem Lamouchi Hedi Manai;01/2024
S58_D0016;Karthago Machine;Achraf Bleili;01/2024
S58_D0017;Everwed;Ahmed Ben Attia Mehdi Trabelsi Ahmed Missaoui Anis Mimech;01/2024
S58_D0018;lebondeal;Fares Jabloun;01/2024
S58_D0019;AIPenetraGuard;Hamzaoui Sofiene Hamzaoui Noureddine Sfaxi Ameur;01/2024
S58_D0020;Discover Tunisia;Danden Ahmed Touati Selsebil;01/2024
S58_D0021;Ticka;Mohamed Benyagoub Said Abderrahmen Minyar Meksi;01/2024
S58_D0022;Festime;Nasreddine Ragam Ragam Amine;01/2024
S58_D0023;SOK'ARI;Manel Mrad Mohamed Amine Mrad;01/2024
S58_D0024;BNJMO;Mohamed Ben Jazia;01/2024
S58_D0025;Qrisp;Mohamed Amine Bellili Mohamed Rayen Sadkaoui Mohamed Aziz Saouabi;01/2024
S58_D0026;ExpatEase;Hassen Saadi Ilef Karray Sarah Gannoun;01/2024
S58_D0027;WeeTest;Senda Khemiri;01/2024
S58_D0028;ZINA;Dridi Bachir;01/2024
S58_D0029;HART Gaming;Molka Nasraoui Dhafer Amine Nasraoui Nasraoui Azza;01/2024
S58_D0030;Catchy;Zakaria Glenza Souhail Saihi;01/2024
S58_D0031;arsek dripbox;Mohamed Haj Abdallah Kais Oueslati;01/2024
S58_D0032;OCTOMIRO;Montasser Khamassi Nour El Houda Shili Mohieddine Drissi Slim Griri;01/2024
S58_D0033;COHEALTH;Fares Messedi Rayen Miaoui Yadh Khalfallah;01/2024
S58_D0034;VLSoft;Mohamed Nahouchi Amrou Kboubi Siwar Ben Nejma;01/2024
S58_D0035;Code Pro Qr;Mourad Sahloul;01/2024
S58_D0036;D Customized Solution;Salmen Ajili Mahdi Abdelmalek Sahbi Ben Hmida;01/2024
S59_D0001;WEeFARM;Jasser Ben Saad Rayen Ben saad Ayeb Rihab;02/2024
S59_D0002;SupplyzPro;Seddik Houimli Jacer Smat Koutheir Cherni Mohamed Amine Abdenadher Hazem Housseini;02/2024
S59_D0003;ConvergenceAI;Mohamed Yassine Letaief Hajer Hraghi;02/2024
S59_D0004;TRUSTABLE;Ghazi Maatoug Yi Shi Olivier Patole;02/2024
S59_D0005;Spooky And Diva;Mohamed Jemiai Mohamed Taieb Jemiai;02/2024
S59_D0006;eduhelper;Mootaz Hammami;02/2024
S59_D0007;BiBoo Children's planet;Jihed Aboulkacem Mohamed Dinari;02/2024
S59_D0008;eyodoo;Yassine Ajili Abdelwafi Jennayeh;02/2024
S59_D0009;Moncoin;Ahmed Sahraoui Saber Sahraoui;02/2024
S59_D0010;PlagPrevent;Amir Kboubi Feres Othman;02/2024
S59_D0011;Ligne 13;Fahd Hannachi Asma Ladjimi;02/2024
S59_D0012;Student Life Style;Safa Ben Romdhane Wouroud Zemzem Amira Grendi;02/2024
S59_D0013;ParkiHouni;Hammami Tarek Mohamed Aymen Mechergui;02/2024
S59_D0014;Cherry ERP;Mohamed Amine Khemiri Maroua Ellouze;02/2024
S59_D0015;WeenPan;Arbi Ben bazza Lokmani Yassine Sana Hamdi Jamila Ghediri;02/2024
S59_D0016;Dari;Souheil Bouzouita Chebaane Med Aziz;02/2024
S59_D0017;La réalité augmentée au service de la médecine;Oualid Kilani;02/2024
S59_D0018;Owlinks;Mohamed Kchaou Amine Guermazi;02/2024
S59_D0019;Averroes Software;Sofiene Salem;02/2024
S59_D0020;brinnovat blockhaus;Fethi Laabidi Haithem Abderrahmene;02/2024
S59_D0021;KAÏNAU;Mouna Boussetta;02/2024
S59_D0022;NAÂMÀ;Tesnim Jaziri;02/2024
S59_D0023;Solar Chain;Ismail Khlif Maram Arfaoui Yessin Khlìf;02/2024
S59_D0024;YallaPlay;Ayoub Debbichi Hedi Slim;02/2024
S59_D0025;CarCare;Nour Abbous Hamza Omar;02/2024
S59_D0026;Erp indusoft;Ayoub Ben Abdallah Chadi Belguith;02/2024
S59_D0027;2BM - Business Builder by MedSirat;Mohamed Rached Jomni Donia Barakati Hanen Bouamoud Souheil Skouri;02/2024
S59_D0028;Bolt Pick-Up;Omar Baccar Hager Bouchoucha;02/2024
S59_D0029;MyMy;Myriam karoui Ines Karoui;02/2024
S59_D0030;Royaume d'amande;Hejer Kamoun Ghada Daoud Hajkacem Eya;02/2024
S59_D0031;SKILLS 4 AFRICA;Nouha Bouwazra Intidhar Nakouri Basma Selmi;02/2024
S59_D0032;COOP'ESS;Wajdi Boufaroi Abdelkader Lakhal Boufarwa Wiem Hakim Kadhi;02/2024
S59_D0033;Flavor Med Fish;Jarraya Mahdi Ahmed Ben Rhaiem;02/2024
S60_D0001;Tunisia Podcasts;Raouia Khedher;03/2024
S60_D0002;XtendMedical par XtendMind;Mourad Mezghenni TechLead Informatique Ahmed Ben Hamouda Hassan Cheriha;03/2024
S60_D0003;Société : Learnset / Premier projet : Medset;Oussema Rhif Rached Fares Mohamed Ali Chemli Mohamed Skander Soltane;03/2024
S60_D0004;OrderTech;Chokri Rayani Jaafer Chniter Jihen Haddad;03/2024
S60_D0005;ROUNDESK TECHNOLOGIE;Franck Legendre;03/2024
S60_D0006;CNM Community Hub;Fethi zoghlami Slim Abeidi Makrem Jebali Alaa Sebai;03/2024
S60_D0007;EuroVet Veterinaire;Riadh Zaidi;03/2024
S60_D0008;Deevium;Ala Eddine Hsairi Raed Jridi;03/2024
S60_D0009;Foootly;Imen Saidi Zakaria Magouri Sadok Kzadri;03/2024
S60_D0010;mekadesk.com;Feres Okbi Ali Benmohamed Youssef Kzadri;03/2024
S60_D0011;Innoway Solutions;Alaa Maaoui;03/2024
S60_D0012;Green wall;Tesnime Khemiri Balkis Bettoumi Mohamed Aziz Laourine;03/2024
S60_D0013;AGARUW HUB;Mejda Khaled Zeineb Ben Abdallah Hedi BenRomdhane;03/2024
S60_D0014;CC - Colombus Capital, The Infinite Trust;Mezri Karoui Eymen Errais;03/2024
S60_D0015;MSSyndic;Sami Marouani;03/2024
S60_D0016;Responsible Cyber;Magda Chelly Mikko Laaksonen;03/2024
S60_D0017;Speedy ERP;Kais Chehuma;03/2024
S60_D0018;OPTOSCOPIA Intelligent Diagnostic Analyzers;Marouen Akermi Francesc Gomez;03/2024
S60_D0019;LUNETTEC;Mouna Abid Yosr Ghozzi Sonia Abid;03/2024
S60_D0020;Noumeo Solutions;Mohamed Zlizi;03/2024
S60_D0021;AIBC;Med khalil Bousnina Rahma Bousnina;03/2024
S60_D0022;TRENA;Ala Larbi Hatem Benchikh Dorra Fredj;03/2024
S60_D0023;Mozolang;Moez Debara Jamila Khmiss Hussein Dbara;03/2024
S60_D0024;éco-lavage;Nader Dermech Maha Nacer;03/2024
S60_D0025;SM Business;Moez Ben Moelli Safa Kanzari;03/2024
S60_D0026;a'BroadStudent;Zied Kacem Nour elhouda Issaoui Issam Kacem;03/2024
S60_D0027;ServiDrone Solutions;Mohamed Achref Hamdouni Hassen Mokadem;03/2024
S60_D0028;Twiza;Aziz Masmoudi Youssef Masmoudi Edam Hamza Omaima Daoud Rim Mtibaa;03/2024
S60_D0029;Kidso;Mohamed ali Abbes Houssem Hammami Boussarsar Ahmed Amine;03/2024
S60_D0030;Ehdilou;Chaker Lazzez Ben Amor Omar aziz;03/2024
S60_D0031;Nour Expert Telecom;Ali Ibn ammar;03/2024
S60_D0032;AltaDigit;Houssem eddine Rammeh Oussama Ben Wahiba Abderrahim Gdah;03/2024
S60_D0033;CHERRY SOFT;Khemiri Mohamed Amine Maroua Ellouze;03/2024
S60_D0034;DQAL;Mathias Wrzoncki Belgacem Toumi Sondess Lazrak;03/2024
S61_D0001;xgol;Karim Bahi Iheb Jendoubi Souad Annabi;04/2024
S61_D0002;Graines Academy;Sana Ksouri Dhouha Ksouri Mohamed Ghassen Fhimi;04/2024
S61_D0003;EASY TRANSFER;Ismail Khenissi Jabrane Khenissi;04/2024
S61_D0004;conception de biocapteur pour la;Idméetenc Btiioonse dnesso bractéries dans le lait;04/2024
S61_D0005;Tissu.tn | Mercerie.tn;Malek Dhahri Majdi Dhahri Moez Dhahri;04/2024
S61_D0006;ISTYA NATURAL POOL;Nawel Dghim Aziza Ibn Hadj Hassine Mohamed Nefaa Dghim;04/2024
S61_D0007;Gori'fit;Nadhir Chebbi Mohamed Itheb Ben Abbes Ahmed Méchergui;04/2024
S61_D0008;TunBra;Montassar Moussa Firas Rouine Mhamed Moncer;04/2024
S61_D0009;SAFESPHERE;Maher Fekih Samar Ouni;04/2024
S61_D0010;123booking;Mahdi Taghouti Akram Rekik;04/2024
S61_D0011;Perro;Mohamed Yassine Brahem Hiba Mateur Ahmed Bechir Mezhoud Salah Dabbech Aicha Farah Souelmi;04/2024
S61_D0012;ACRIDIDEA;Noura Ayadi Najet Ayadi;04/2024
S61_D0013;ALTABIB;Mohamed Ali Ben Chaabane Hadhami Ghaffari;04/2024
S61_D0014;ITri;Majdi Ben Farhat Hanen Louati Ramzi Halouani;04/2024
S61_D0015;Hapivot;Francois Dejeager Anis Dabbebi Saber Jelassi;04/2024
S61_D0016;R&D=Riders and Drivers;Sana Elleuch Mohamed Elleuch;04/2024
S61_D0017;Scale Pro;Makrem Chakchouk;04/2024
S61_D0018;PERMA EMERGENCY ASSISTANCE;Marwa Abrougui Mustapha Nasraoui Fares Hana;04/2024
S61_D0019;Eside;Mohamed Jaidane Abdallah Raies Raed Debbabi;04/2024
S61_D0020;MINA;Moutaa Madani Rihem Madani;04/2024
S61_D0021;JAWI;Omar Trabelsi Karim Trabelsi;04/2024
S61_D0022;Vivala Travel;Achraf Kacem Marwen Mahmoud;04/2024
S61_D0023;Uni-Job;IAmhemne Sde Hlmchiaichi Mouheb Eddine Saadaoui Bairem Khedhri;04/2024
S61_D0024;Smart Cars Solutions;Mohamed Ksantini Mohamed Karray Nesrine Triki Associée Amina Turki Sirine ammar Ameni Ellouze;04/2024
S61_D0025;Loc-Waste;Asma Fattouch Mohamed Amine Ben Amor Ela Manai Houssem Ben Haj Boubaker;04/2024
S61_D0026;Swiftlane;Rayen Naimi Mohamed Sofiene Barka;04/2024
S61_D0027;Kickoff;Med Mezri Ben Dkhil Hamdi Mokni Yassine Youssef;04/2024
S61_D0028;content360;Slim Zghal Momtez Ayadi;04/2024
S61_D0029;Eco Vélo;Lotfi Sahli Zeineb Sahli Mounira Cherif Kaouther Sahli;04/2024
S61_D0030;Charliz;Walid mansia Maaref Yathreb Daboussi Rima Hajer Ayari;04/2024
S61_D0031;TIE-UP;Iyadh Achouri Rami Ksouri;04/2024
S61_D0032;Torrecarb;Amin Limaiem;04/2024
S61_D0033;ROAMINGO;Saddem Abderrahmen Achref Jannene Sadok Saddem Mahmoud Ellouze Saddem Yassin Amor Kerkeni;04/2024
S61_D0034;Exam-Craft;Khaled Khelifi Abrar Hammami;04/2024
S61_D0035;Fastoch Car Wash;Hedi Affes;04/2024
S61_D0036;TrackSite;Hamza Sakarni Chayma sakrani;04/2024
S61_D0037;LEBESTY;Mohamed Tlili Ikram Zakkour;04/2024
S61_D0038;OPTOSCOPIA Intelligent Diagnostic Analyzers;Marouen Akermi Francesc Gomez;04/2024
S61_D0039;COLOMBUS CAPITAL;Mezri Karoui Eymen Errais;04/2024
S61_D0040;Qualimaker;Mehdi Zaabar;04/2024
S61_D0041;CHITELIX;Aouaieb Kais Mohamed Anis Ben Ghalia;04/2024
S61_D0042;Tanit HealthCare Technologies;Kais Zhioua;04/2024
S62_D0001;DentaMeet;Fares Karbia;05/2024
S62_D0001;DentaMeet;Mohamed Islem Ben Ali;05/2024
S62_D0002;SahEAT;Taha Karoui;05/2024
S62_D0002;SahEAT;Bessem Bousselmi;05/2024
S62_D0003;IoTbyte;Haithem Dabboussi;05/2024
S62_D0004;WeGestU;Lassaad Ben Rejeb;05/2024
S62_D0004;WeGestU;Wiem Ben Mahmoud;05/2024
S62_D0005;KidzRise;Dhia EL Arbi;05/2024
S62_D0005;KidzRise;Abbassi Ahdi;05/2024
S62_D0006;Proximabel Development;TakiEddine Ben Messaoud;05/2024
S62_D0007;KDM;Noura Kotti;05/2024
S62_D0007;KDM;Kantaoui Gallas;05/2024
S62_D0008;Satisfy Insight;Yosr Halleb;05/2024
S62_D0008;Satisfy Insight;Anis Sehili;05/2024
S62_D0008;Satisfy Insight;Ahmed Lachtar;05/2024
S62_D0008;Satisfy Insight;Karem Chatti;05/2024
S62_D0008;Satisfy Insight;Mouhamed Louay Tebourski;05/2024
S62_D0009;Volo;Achref Mejri;05/2024
S62_D0009;Volo;Mohamed Amine Jendoubi;05/2024
S62_D0009;Volo;Mohamed El Arbi Bessalah;05/2024
S62_D0009;Volo;Sofien Guesmi;05/2024
S62_D0010;tipstalks;Mraihi Ilies;05/2024
S62_D0011;Riven Crown;Menjli Aymen;05/2024
S62_D0011;Riven Crown;Amira Bacha;05/2024
S62_D0012;U!NOW;Oussama Elayeb;05/2024
S62_D0012;U!NOW;Amani Bacha;05/2024
S62_D0012;U!NOW;Ben Abdallah Taoufik;05/2024
S62_D0012;U!NOW;Mohamed Ali Ben Abdallah;05/2024
S62_D0013;Tim'ess;Dorra Bouguella;05/2024
S62_D0013;Tim'ess;Rania Chouchane;05/2024
S62_D0013;Tim'ess;Chouikhi Seif;05/2024
S62_D0014;DRIVOXE.;Ranyme Trabelsy;05/2024
S62_D0014;DRIVOXE.;Yassine Chaabane;05/2024
S62_D0015;DAKTARI;Yassine Kasraoui;05/2024
S62_D0015;DAKTARI;Firas Belgouthi;05/2024
S62_D0015;DAKTARI;Anis Dhifaoui;05/2024
S62_D0016;Société livraison ija;Nazih Dhifaoui;05/2024
S62_D0017;Louna;Bilel Basly;05/2024
S62_D0017;Louna;Abdelbasset Dhrif;05/2024
S62_D0018;DEGLOLIVA;Amel Trabelsi;05/2024
S62_D0019;AGRONIX;Wissem Ben Amor;05/2024
S62_D0019;AGRONIX;Rashed Bedhiafi;05/2024
S62_D0020;Qoon;Amine Lamine;05/2024
S62_D0021;Mat7irch;Ali Horchani;05/2024
S62_D0021;Mat7irch;Badii Gharbi;05/2024
S62_D0022;NEXTOOLS;Haythem Hamdani;05/2024
S62_D0022;NEXTOOLS;Walid Jemaa;05/2024
S62_D0022;NEXTOOLS;Rahma Dhib;05/2024
S62_D0023;Joyness;Rahma Hadj Ali;05/2024
S62_D0023;Joyness;El Abed Ilyes;05/2024
S62_D0023;Joyness;Zayneb Aouani;05/2024
S62_D0024;Keef;Ihab Kahri;05/2024
S62_D0025;ADAM DIGITAL CARD;Haythem Belhaj;05/2024
S62_D0025;ADAM DIGITAL CARD;Amel Haddad;05/2024
S62_D0026;Rewardini;Shili Badie;05/2024
S62_D0026;Rewardini;Chiraz Othmani;05/2024
S62_D0026;Rewardini;Meher farhat;05/2024
S62_D0027;Jek Job;Ismail El Hamad;05/2024
S62_D0027;Jek Job;Adnan Ben Youssef;05/2024
S62_D0027;Jek Job;Amine Ben Dhiab;05/2024
S62_D0028;Medidoc;Jamel Malek;05/2024
S62_D0028;Medidoc;Fakhreddine Kraiem;05/2024
S62_D0028;Medidoc;Mehdi Zine Abidine Aidoudi;05/2024
S62_D0028;Medidoc;Malek Taktak;05/2024
S62_D0029;pathtrail;Zied Chraiet;05/2024
S62_D0029;pathtrail;Oussama Jedda;05/2024
S62_D0029;pathtrail;Rejeb Chaalia;05/2024
S62_D0030;Alt Doc;Hamdi Bouabdallah;05/2024
S62_D0030;Alt Doc;Khaled Hadj Ali;05/2024
S62_D0030;Alt Doc;Baha Eddine Missaoui;05/2024
S62_D0031;CraftARoom;Wassim Hamdaoui;05/2024
S62_D0031;CraftARoom;Siwar Missaoui;05/2024
S62_D0032;CLUB;Ghaith Labbèdi;05/2024
S62_D0032;CLUB;Seifeddine Ben Hamouda;05/2024
S62_D0033;Perfect Gen;Mohamed Hizabri;05/2024
S62_D0033;Perfect Gen;Issam Nouri;05/2024
S62_D0034;Smart Farm Solutions;Béchir Ben Brika;05/2024
S62_D0035;Oratio;Oussema Chelly;05/2024
S62_D0035;Oratio;Yosri Ayadi;05/2024
S62_D0036;Numeryx MEA;Omar Turki;05/2024
S62_D0036;Numeryx MEA;Jamel Hattay;05/2024
S62_D0037;Télésurveillance profonde des patients via une plateforme clinique de suivi médical;Faiza Hadid;05/2024
S62_D0037;Télésurveillance profonde des patients via une plateforme clinique de suivi médical;Younes Ben Salah;05/2024
S62_D0037;Télésurveillance profonde des patients via une plateforme clinique de suivi médical;Samir Belaid;05/2024
S62_D0037;Télésurveillance profonde des patients via une plateforme clinique de suivi médical;Mohsen Machhout;05/2024
S62_D0038;TECHPRO SOLUTION;AYMEN BENSALEM;05/2024
S62_D0039;HIVE;Adam Ounis;05/2024
S62_D0040;ACRIDIDEA;Noura Ayadi;05/2024
S62_D0040;ACRIDIDEA;Najet Ayadi;05/2024
S62_D0041;culturify;Ines Hassoumi;05/2024
S62_D0042;R H A development;Hamza Bourougaa;05/2024
S62_D0042;R H A development;Rachwan Tarraf;05/2024
S62_D0043;Contractzlab;Aziz Kouki;05/2024
S62_D0043;Contractzlab;Mohamed Rafik Hwimli;05/2024
S62_D0044;JIOTIFY Solutions;Foued Jaballah;05/2024
S62_D0044;JIOTIFY Solutions;Rafik Jaballah;05/2024
S63_D0001;Kumeza;Meriam Ben Doudou Yazid Abela;06/2024
S63_D0002;SNO;Walid Ksouri Ismail Benmiled;06/2024
S63_D0003;Guepard;Koutheir Cherni Ghassen Menaouar Hani Chalouati;06/2024
S63_D0004;PROXECO;Bayrem Benaglia Walid Kacem;06/2024
S63_D0005;Inkylab Technologies;Malek Khadhraoui Rami Dridi Ghazi Nhidi Amal Aoun Adel Ben Salem Abed Issam;06/2024
S63_D0006;Odeev Tennex;Chahine Hamila;06/2024
S63_D0007;IDIRIS;Mohamed Kallel Imène Khanfir Kallel Amin Kallel;06/2024
S63_D0008;Freelances.tn;Sadok Feki Sylvain Dienst;06/2024
S63_D0009;Orion;Ghassen Ghouibi;06/2024
S63_D0010;HANDISUCCESS INTERNATIONAL;Nejah Cherif Nour El Houda Cherif;06/2024
S63_D0011;DAR BLOCKCHAIN;Jaafar saied;06/2024
S63_D0012;SPR01;Haithem Besghaier;06/2024
S63_D0013;CARWAYS;Hamdi Zaghouani Oumayma Boughdiri Yosra Benbrahem;06/2024
S63_D0014;Astratransit;Yosra Ahmed Majdi Ahmed Najoua Kassaoui;06/2024
S63_D0015;Greeny Soliutions;Oussema Gharsalli Mohamed Zied Madini Seifeddin Jenifen;06/2024
S63_D0016;SYSNAPSUS;Mohamed Ben Mahmoud Mohamed Hechmi Louzir;06/2024
S63_D0017;REFLECTION ENGINEERING CONSULTING REC;Yasmine Boudhina;06/2024
S63_D0018;Educap;Sabri Oui Lobna Lahmar;06/2024
S63_D0019;Data Scale;Mayssem Ben Ammar Wassim Mjahed;06/2024
S63_D0020;AVATAR ID /THINKNEO;Leith Mokaddem Sarah Ksibi;06/2024
S63_D0021;Mariage Tunisie;Sanaa Wajdi;06/2024
S63_D0022;ITMMA;Amine Mhedhbi;06/2024
S63_D0023;BATIPRICE;Akrem Zribi Khaled Mokni;06/2024
S63_D0024;Craft'y;Arij Tounsi Ahmed Jannadi;06/2024
S63_D0025;Devortex;Maher Amara Ahmed Guizani;06/2024
S63_D0026;Koonwell;Mohamed Bayar;06/2024
S63_D0027;Kidzy Lab;Rami Rouini Bouissa Mohamed Moez Tabia;06/2024
S63_D0028;Econolotech;Nabil Gafsi;06/2024
S63_D0029;DestockingPartner;Slim Zorgati;06/2024
S63_D0030;Good Partners Cluster;Mohamed Aziz Khayat Wael Benelkhayatia Hella dridi;06/2024
S63_D0031;Ketrone;Sadry El Materi Aicha Chaar;06/2024
S63_D0032;Vap Shoes;Med Aymen Doufeni;06/2024
S63_D0033;LACARTECO;Maha Ben Arbia Aymen Kooli;06/2024
S63_D0034;Estishara;Ali Dahmani;06/2024
S63_D0035;MyAmbassador;Hadil Abdallah Bilel Gharbi;06/2024
S63_D0036;DEFENDR;Mottaki Hajouni Seifeddine Bahroun Mouhamed Ali Barbouchi;06/2024
S63_D0037;Oscaro;Mahmoud Siala Mohamed Siala Boubaker Siala;06/2024
S63_D0038;Société Espoir services assistance des urgences;Arbi Ben Bazza Lokmani Yassine Sana Hamdi Jamila Ghediri;06/2024
S63_D0039;Officent IT;Saied Eddine Borghol Kamel Ben Anaya Asma Methamem Soulayma Dhiab;06/2024
S63_D0040;BOOK NOW;Akram Rekik;06/2024
S64_D0001;ASTRUM BIOTECH;Mamdouh Ben Ali Manel Ben Ali;07/2024
S64_D0002;Ecojina;Kaouther El Mejdi Sara El Fray;07/2024
S64_D0003;FAANG;Badis Zormati Gouty Bassem Rihab Lajmi;07/2024
S64_D0004;Laboratoires hygie;Sahbi Ben Lamine;07/2024
S64_D0005;Sinister scripts studios;Ines Barkaoui Rihab Bejaoui;07/2024
S64_D0006;Boukle Waste Management;Mohamed Wassim Hamrouni Rania Matoussi;07/2024
S64_D0007;Addvocate AI;Mohamed Ridha Mami Sofyan Chekir;07/2024
S64_D0008;Odin international services and consulting;Abdelaziz Ben Othman;07/2024
S64_D0009;Flayes;Mohamed Amine Dridi Mahdi Said Khairi Hammami;07/2024
S64_D0010;ITMMA;Amine Mhedhbi;07/2024
S64_D0011;LR CONFORT MOBILITE;Mahdi Oueslati Yassmine Gritli Aymen Masmoudi Zeynab Gritli Imen Oueslati;07/2024
S64_D0012;EduZen;Ibtihel Driss Wahib Zerrim Khouloud Rinez Jihen Rahmouni;07/2024
S64_D0013;YOPEX;Mouhib Touaiti;07/2024
S64_D0014;ZAYOLI;Cheima Cherih Leila Rekbi;07/2024
S64_D0015;Vegana;Mehdi Ben Hamouda;07/2024
S64_D0016;Aventoura;Sami Amri Mohamed Ali Maazoun Dhia Saadi;07/2024
S64_D0017;Paytea;Tarek Zouari Rania Kammoun;07/2024
S64_D0018;Galilei;Amir Askri;07/2024
S64_D0019;Bimpack;Ghassen Boufaden Atef Mechken;07/2024
S64_D0020;MACONDO ENGINEERING;Haythem Maddouri yahya Machat;07/2024
S64_D0021;Infinite communities;Shayma Kaabi Aymen Touhent Karim Gharbi;07/2024
S64_D0022;Smart Escape;Fatma Techini Ahmed Yassine Chouk;07/2024
S64_D0023;Be-Smart;Guerfela Mohamed amine Mohamed Salah Maaref Khadraoui Khaled Yesser Ajili;07/2024
S64_D0024;GERONET;Mohamed Marouane BEN ROMDHANE Mohamed Nagga Chiheb Chabou Abdallah Taouil Hassene Tebourbi;07/2024
S64_D0025;yes we can;Amine Ben Ahmed Oussama Ata Hamdi Bouazizi;07/2024
S64_D0026;Barzakh;Maher Zoghlami Marwen msehli;07/2024
S64_D0027;ThinkAI;Mohamed Hamza Badr Mehdi Badr Oussama Badr;07/2024
S64_D0028;Cadrini;Ranim Naceur Samir Bouzayani Habib Bouzoffara Hadil Drissi;07/2024
S64_D0029;Sentinelia;Nour El Imen Mouaffek;07/2024
S64_D0030;Dry Rolls;Mouna Souissi Nizar Louhichi;07/2024
S64_D0031;PROBOUTIK TUNISIA;Thierno Sakho Sabri Daassi;07/2024
S64_D0032;HRMAPS;Denis Le Chevalier Rami Bouafif Rahma Kaaouana Pierre Mongenie Saleme Naceur;07/2024
S64_D0033;twinnoverse;Mahran Abid Adam Bouchaala;07/2024
S64_D0034;tipstalks;Sofien Guesmi Mraihi Ilies;07/2024
S65_D0001;SHIPPER;Racem Chakroun Becem Zaghden;08/2024
S65_D0002;Smart Gros;Nabil Khedhri Irad Khedhri Sami Bouzekri;08/2024
S65_D0003;NextGen Coding;Mohamed Amine El Ouederni;08/2024
S65_D0004;Emyehr;Mohamed Aimen Jouini;08/2024
S65_D0005;Optypro.net;Oussama Meknassi;08/2024
S65_D0006;Production d’additifs alimentaires animale et consulting;Marwa Mekni Toujani;08/2024
S65_D0007;BuzzBip;Mhamed Ali Ben Mahmoud Walid Tanazefti;08/2024
S65_D0008;Kidcare;Yosra Ouertani;08/2024
S65_D0009;Alexis;Jawher Ben Arbia Amira Oueslati Imen Wartani Wiem Almahjoubi;08/2024
S65_D0010;SYNAPSE-HR;Mohamed Amine Boussarsar Amira Eddhib;08/2024
S65_D0011;Cluebox Tunisia;Yaniss Aïche Bretislav Simral Bert De Maeyer;08/2024
S65_D0012;Quokka Agency;Bassem Lamouchi Hedi Manai;08/2024
S65_D0013;SOCIETE VAERDIA SOLUTIONS;Aymen BOUNEB Meryam Brahim Bilale Chaudhry;08/2024
S65_D0014;DOCTUNITY;Khairi Brahmi;08/2024
S65_D0015;FairConnect MEA;Malek Belhaj Moez Ben Hajhmida;08/2024
S65_D0016;AsOne4Health;Abdelhalim Rafrafi;08/2024
S65_D0017;Logidoo;Mehrez Slaimia Traore Tamsir Ousmane Tabara Diop Sassy Diop Papa Birame Sene Mohamed Alaoui;08/2024
S65_D0018;Flexy stores;Khalsi Firas Brahim Ben Salah;08/2024
S65_D0019;Plateforme Mobile dédiée à la vente et à l'achat d'articles d'occasion pour enfants;Nesrine Bouaziz;08/2024
S65_D0020;LiteSell;Mohamed Ali Ben Dhiab Youssef Ben Abdellatif Lina Abdejlil Sami Labbane Dit Kalti;08/2024
S65_D0021;AIGENTLAB;Moatez Chraiet;08/2024
S65_D0022;Educfr;Rached Gharbi;08/2024
S65_D0023;UNIGROS;Saadallah Idriss Haythem Khalfaoui;08/2024
S65_D0024;Switch - Plateforme de diagnostic et de conduite au changement numérique;Mohamed Bouazza Marouane Noamen Toumi;08/2024
S65_D0025;NOMAD Robotics;Foued Elkamel Roua Ben Abdessalem Nada Ben Abdessalem;08/2024
S65_D0026;Biscuify;Salem Hasseni;08/2024
S65_D0027;Kdayes;Bilel Naffeti Mahrez Ourabi Aya Benhmida;08/2024
S65_D0028;ClickEvent;Issam Eddine Bouhouch;08/2024
S65_D0029;TakwirTek;Rouwaid Arfa;08/2024
S65_D0030;nativeads.ai;Al Kallel Wael Abid;08/2024
S65_D0031;code.tn;Ahmed Chouihi;08/2024
S65_D0032;PSYC;Slim Labbane Dit Kalti Sami Labbane Dit Kalti Zeineb EL Fekih;08/2024
S65_D0033;STEMA-Do;Arbia Hosni;08/2024
S65_D0034;Rcrooter;Ghofrane Ben atia Mohamed Yousfi;08/2024
S65_D0035;PINE NEEDLES SOLUTION;Ben Abdallah Taoufik Mohamed Ali BEN ABDALLAH Dorra Bouguella Rania Chouchane;08/2024
S65_D0036;Owlinks Technologies Co;Mohamed Kchaou Amine Guermazi;08/2024
S65_D0037;DRIVOXE.;Chouikhi Seif Ranyme Trabelsy;08/2024
S65_D0038;SPR 01 Labs;Haithem Besghaier;08/2024
S65_D0039;NANOSOFT;Kais Chehuma;08/2024
S66_D0001;QUOPROD;Majdi Ben Slama Mohamad Koubar Kelven Raymond;09/2024
S66_D0002;Converty;Ayoub Nejem Sami Kammoun Ahmed Abid Ali Sakka;09/2024
S66_D0003;EDUCATE ME;Mohamed Abderrahim Khouaja Ala Eddine Khouja;09/2024
S66_D0004;ALDER Green Solutions;Mhamed Raboudi Thamer Dridi;09/2024
S66_D0005;Hannibal VR;Fourat Beji Abdelaziz Ayed Imen Lazhar Aya Nouira;09/2024
S66_D0006;Gifted;Farah Hamrouni Rabii Ben Tili;09/2024
S66_D0007;Business Academy;Nour Rafiâa KALLEL Walid KALLEL;09/2024
S66_D0008;Krypton;Mehemed Bougsea Joscha Raue;09/2024
S66_D0009;Order Station;Aziz Benchedli Ahmed Selmi;09/2024
S66_D0010;CWcloud;KAahrmime dT oHuenrsmiassi Anas Neumann driss Neumann Habib Bane;09/2024
S66_D0011;mintounes;Beldi Zied Anis Harzallah Ghizlaine Beldi;09/2024
S66_D0012;VYZYOSCHOOL;Marwa Mhedhebi;09/2024
S66_D0013;TerraSens;Manel Ennahedh Mohamed Rajhi Jamila Tarhouni Salma Bouabdellaoui;09/2024
S66_D0014;Syndiki;Haroun Cheriha;09/2024
S66_D0015;Moonlight AI TN;Christian Ruiz Nicole Romano Stefan Habringer;09/2024
S66_D0016;Rebelink;Faiza Skandarni;09/2024
S66_D0017;K-Noon;Ghaith Troudi Ramla Baccar;09/2024
S66_D0018;STE ZURVANET;Hamza Othmani Lobna Hamdi;09/2024
S66_D0019;InnovAir;Nassira Barhoumi Mrabet Omar Marwen El bari;09/2024
S66_D0020;Park&Charge by Asteroidea;Ghassen Chattouna Rami Hedfi Zied Bradai;09/2024
S66_D0021;Quark;Maher Sellami;09/2024
S66_D0022;Ukla;Mohamed Achraf Mrabet;09/2024
S66_D0023;Boomsnap;Seif Allah Ben othmen Anas Ben Ali Slim Khaled;09/2024
S66_D0024;Mansour the Rebel Tarinet Village -MRTC REDEEM;Meycem Naceur;09/2024
S66_D0025;sari3;Oussama Ben Chaabane Ghassen Ben Saoud;09/2024
S66_D0026;Assist IT;Mohamed Ben Othman Maissa Sekrafi;09/2024
S66_D0027;Cogeex;Racem Smaoui Rania Ghorbel Abir Smaoui;09/2024
S66_D0028;Battel Lab;Karim Bouzid Hakim Azzouz;09/2024
S66_D0029;Slayton;Sana Boubaker Nadege Legendre Franck Legendre;09/2024
S66_D0030;Digi Up Agri;Abdellatif Zied Saada Manel Hamed Achref Amri;09/2024
S66_D0031;LearnA;Dhiaeddine Gharsallah Omar Masmoudi;09/2024
S66_D0032;wyngo;Bilel Rahmouni;09/2024
S66_D0033;QuantoTrade;Mahdi Chaari Ons Hadrich;09/2024
S66_D0034;Bio Green Pousses;KElhyaersi dLdaidnjeim Dierbali Hamza Aljane Taha Khoubaib Naffeti;09/2024
S66_D0035;Astratransit;Yosra Ahmed Majdi Ahmed;09/2024
S66_D0036;Aventoura;NSaamjoiu Aam Kraissaoui Mohamed Ali Maazoun;09/2024
S66_D0037;AGARUW HUB;Dhia Saadi Mejda Khaled Zeineb Ben Abdallah Hedi BenRomdhane;09/2024
S66_D0038;ITri;Majdi Ben Farhat Hanen Louati Ramzi Halouani;09/2024
S66_D0039;Hapivot;Francois Dejeager Anis Dabbebi Saber Jelassi;09/2024
S67_D0001;Coloc'Qui;Chaima Torkhani Marwa Torkhani Mohamed Aziz Saouabi Mohamed Amine Hamdi;10/2024
S67_D0002;OLINDIAS;Mohamed Lotfi Sassi;10/2024
S67_D0003;Ailine Pro;Ines Achour Saif Chtourou Nadra Achour;10/2024
S67_D0004;LR Move;Mahdi Oueslati Yassmine Gritli;10/2024
S67_D0005;PlayHalla;ZGehyanitahb SGariditalini AMyomsaeanb M Baosumsboiuhdi IYmatehnr eObu Seasildaatini;10/2024
S67_D0006;Renaissance;Morsi Feki Souleyma Khadhraoui;10/2024
S67_D0007;Twins;Olfa Bilel Ala cherni;10/2024
S67_D0008;AIO EVENTS;Iyed Ben Massoud Oussama Errifi Derouich Aymen Ali Baroudi;10/2024
S67_D0009;TOLLXPRESS;Mondher Ayadi Yosri Ayadi;10/2024
S67_D0010;Receeto;Business Software and services;10/2024
S67_D0011;Save the Plate;Dhia Eddine Zouari Sarra Soussia;10/2024
S67_D0012;SV LAB;Aymen Bjaoui Marzouki Mohamed Amine Moez Ben Mosbah;10/2024
S67_D0013;mevenda;Mohamed Hajjem Amal Hemdana Hamza Borchani;10/2024
S67_D0014;In2-Technologies;Business Software and services;10/2024
S67_D0015;Skazy Tunisia;Selim Mhedhbi Mohamed Sabri Belgaroui Hatem Bellagi;10/2024
S67_D0016;Oop'la;Marwa Baccouche Faouzi Kadous;10/2024
S67_D0017;Mathix Academy;Khalil Ben Ali Zied Ben Mansour Zahra Ideba;10/2024
S67_D0018;AlphaDeep Solutions;Aziz Khalsi Mohsen Khalsi;10/2024
S67_D0019;Retraite en soleil;MMaahledki EKshsaolusiaied;10/2024
S67_D0020;RecoLab;Ossama Hidri Manel Ben hassine Ahmed Welhezi;10/2024
S67_D0021;imt/tradrly;Salah Sammari;10/2024
S67_D0022;Zeus Labs;Mahran Farhat;10/2024
S67_D0023;Sesamum Nutrition;Amiri Ibtissem Nour Ghazouani;10/2024
S67_D0024;HEALIO;Ahmed Choucheni Nabil Majoul Emna Argoubi Emna Sahraoui Elyes Darghouth;10/2024
S67_D0025;Orizon Booking;Zied Boukadida;10/2024
S67_D0026;Holistic babe;Hideya Elhadj Said;10/2024
S67_D0027;Way2Gym;Wellness;10/2024
S67_D0028;PunicWallet;Business Software and services;10/2024
S67_D0029;TODO;Commerce and shopping;10/2024
S67_D0030;AnoYcker;Ad Tech and Creative Tech;10/2024
S67_D0031;Clicar;Mobility;10/2024
S67_D0032;SELF NUTRICARE;Selima Elloumi Fatma Elloumi;10/2024
S67_D0033;SP.one;Mohamed Amin Abdelkefi;10/2024
S67_D0034;le cabinet;Yosri Gam;10/2024
S67_D0035;MECAMARKET;Montassar Touati Mehdi Bouchikh;10/2024
S67_D0036;Coq Pilot;GSahnaan eDmar gThoouumtih Emir Guermazi;10/2024
S67_D0037;PASS.tn;Ihsen Riahi Marwen Boumiza Bechir Jaballah;10/2024
S67_D0038;Mobilia.tn;Amir Zouari Omar Abbes Cyrine Zouari;10/2024
S67_D0039;Zenify Trip;TravelTech;10/2024
S67_D0040;Petrac;Advanced Manufacturing & Robotics;10/2024
S67_D0041;Chariotech;Commerce and shopping;10/2024
S67_D0042;DrugIT;Koussai Salem Haythem Mami Souha Jlassi;10/2024
S67_D0043;RYBSEN;Yassine Rezgui Adnene Rezgui;10/2024
S67_D0044;ZAYOLI;Cheima Cherih Leila Rekbi;10/2024
S67_D0045;SYSNAPSUS;Mohamed Ben Mahmoud Mohamed Hechmi Louzir;10/2024
S67_D0046;Optypro.net;Business Software and services;10/2024
S67_D0047;ALTABIB;Mohamed Ali Ben Chaabane Hadhami Ghaffari;10/2024
S67_D0048;BuzzBip;Business Software and services;10/2024
S67_D0049;Riven Crown;Menjli Aymen;10/2024
S68_D0001;esteps Health;Nidhal Louhichi;11/2024
S68_D0002;CAREDIFY;Abdelhamid Chaoua Radhia Bensaed;11/2024
S68_D0003;Next Wave Industries;Brahim Douar Mamadou Diouf;11/2024
S68_D0004;Mobilité Canada;Iyed Ghribi Yves Laprise;11/2024
S68_D0005;Sheapit;NMaejroiuama E Bl ehna cdhoimudiou Rahma Bendoudou Ltaief Khalil Ahmed Mayara Ahmed Amine Ben Doudou;11/2024
S68_D0006;Kidcare;Yosra Ouertani Hamza Bentoumi;11/2024
S68_D0007;9esmi;Rim Ben mansour Aziz Toujani Khalil Ben Cherifa;11/2024
S68_D0008;SKILINK AI;Nadhir Khayati Naoufel Khayati;11/2024
S68_D0009;Techno Shark;Ahmed Jedidi Hsan Jedidi Ali Jedidi;11/2024
S68_D0010;WiseShare;Skander Harzi;11/2024
S68_D0011;Lynx-ERP;Lotfi Kolsi Amani Kolsi;11/2024
S68_D0012;RYBSEN;Yassine Rezgui Adnene Rezgui;11/2024
S68_D0013;ZKBDI Protocol;Mohamed Aymen Ben Abdallah;11/2024
S68_D0014;OORB Open Organic Robotics;Kayoum Djedidi Azer ben abdallah Bassem Gouti Basly Asma;11/2024
S68_D0015;MEMORALITY;Mariem Kamoun Ouael Ben Amara Mohamed Alaaeddine Ben Hamza;11/2024
S68_D0016;Lura;Sana Sammari Chadha Grami;11/2024
S68_D0017;ECOCODE;Ghazi Mhiri Ghassen Ghribi Ons Njeh;11/2024
S68_D0018;Namlatic;Amara Amaouz;11/2024
S68_D0019;HAROON;Wafa Makni;11/2024
S68_D0020;YESS MIND SOLUTIONS;Alaeddine Mansouri;11/2024
S68_D0021;Docnet;Emna Ouerchfani Ramzi Salem Issam Guezmir Ajmi ouerchfani Abbassi Mohamed Mohamed Bechir Kefi Montassar Zorgani Fadwa Jenzri Safi Chaabene;11/2024
S68_D0022;NEUTRINO;Mohamed Mourad Bejaoui Boubaker Jemni;11/2024
S68_D0023;edulysa;KYoaumsesel Mf Aolmusisaa Slim Almia;11/2024
S68_D0024;OPTIMIZI TECH;Mohamed Fakher Mhiri Zied Zouaoui Med Yassine Baccouche Seif Ben Mansour;11/2024
S68_D0025;Magic Real Solution;Floriano Arcaro;11/2024
S68_D0026;DEEPROF;Ayoub Abraich Omar Kouki;11/2024
S68_D0027;Vortex Battle;Khaled Ben ammar Mohamed Khalil Kouki;11/2024
S68_D0028;Designland;Mohamed Benyaiche Mohamed Chams Eddine Frikha;11/2024
S68_D0029;NovaPyramidReef-NPR;AMmoanrgai SRoauyeisnsi HMaomhzaam Terda bFedlhsiila;11/2024
S68_D0030;SIGORO;IBsoleumla aGrheas zHaoouusisem Baha Eddine Khelifi;11/2024
S68_D0031;AgricoTech;Azer Guesmi Amal Trabelsi Mohamed Iheb Bouraoui Abdelkader Borcheni;11/2024
S68_D0032;HEIA;Yesmine Ben Ameur Sirine Ben Ameur Karim Ben Sghaier;11/2024
S68_D0033;BxB Studio;Yassine Boumaiza;11/2024
S68_D0034;Nuzhet;Felhi Bahaeddine Abidii Hassen Radhwen Moslah;11/2024
S68_D0035;NEXD.PM;Mehdi Bhiri;11/2024
S68_D0036;Tak Tak;Alaa Ben Said Mohamed Aziz Ben Said Sonia Najjar;11/2024
S68_D0037;Doxaria;Walid Msekni Ghassen Bettaieb Kaies Lamiri Mohamed Dhouib Wassim Znaidi;11/2024
S68_D0038;Smart work;Nizar Ben Younes Bilel Najeh Rania Haddad;11/2024
S68_D0039;NOURRICO;Mohamed Youssef Sghaier Omar Mokadem Achraf Trad Sami Tfifha;11/2024
S68_D0040;Blend Pixel Studio;Omar Zouari Mohamed Achraf Zouari;11/2024
S68_D0041;PayTouch OÜ ( Point of Sales );Riadh Haddad;11/2024
S68_D0042;In2-Technologies;Selim Hadj Khalifa Ilyes Tlili;11/2024
S68_D0043;U!NOW;Amira Bacha Oussama Elayeb Amani Bacha;11/2024
S69_D0001;Millim;Ayed Mami Khalil Turki Ayoub Kammoun Rahma Ben Abid;12/2024
S69_D0002;T7D Gaming;Houcem Maiza;12/2024
S69_D0003;ORGAXYA;Ghaleb Ben Ali Karim Daghari;12/2024
S69_D0004;Nexaminds;Mohamed Aziz Fekih Ali Hamza Nasra;12/2024
S69_D0005;SELLMAX;Mohamed El Kamel Amine Abdennour Ayoub Nejem Marouane Khadhraoui;12/2024
S69_D0006;Droppy;Helmi Cherif Sana Ben Rahma Imen Nasri Rania Amamou;12/2024
S69_D0007;Depogro;Abdelkader Ben khalifa Aymen Manai;12/2024
S69_D0008;Elastic-Watch;Abdelmonam Kouka Ayed Akrout;12/2024
S69_D0009;PERMA EMERGENCY ASSISTANCE;Marwa Abrougui Mustapha Nasraoui Fares Hana;12/2024
S69_D0010;SMARTBAT;Yassine Ben Himene Mohamed Skander Ben Himene;12/2024
S69_D0011;IsOne Hr;Meryam Boughzala Louay Atoui Bilel Ben Salem;12/2024
S69_D0012;BeEmo;Tijani Boujdaria Minyar Meksi Walid Jlassi Mohamed Rouini;12/2024
S69_D0013;linkbook;Malak Belkacem Dhia Fekih Mohamed Mehdi Nouira;12/2024
S69_D0014;Mashroom;Rahma Ayari Anis Benna;12/2024
S69_D0015;Dagish;Touati Selsebil Rania Mani;12/2024
S69_D0016;Sport federation;Radhouen Assakra;12/2024
S69_D0017;mypharmacy.tn;Aymen Sellaouti Kais Ben Youssef;12/2024
S69_D0018;SOASY;sHseadmi BMeon aAllbabess Naoufel Amri;12/2024
S69_D0019;MedSyn;Malek Gharsallah Faouzi Nouira;12/2024
S69_D0020;IBDAA ACADEMY;Fethi Zoghlami;12/2024
S69_D0021;Medactis;Karim Rekik;12/2024
S69_D0022;Aupiq;Sameh Ghanmi;12/2024
S69_D0023;Elites united for tax and legal services;Mohamed monem Kahouli;12/2024
S69_D0024;Haier HR;Moetaz Ben Charrada;12/2024
S69_D0025;LA PAILLETTE A nous, A vous, A leur;Chouka Brahim;12/2024
S69_D0026;Ôravie;Monia Ezzalfani;12/2024
S69_D0027;By4IM;Yosri Ben Hmida;12/2024
S69_D0028;Verdolive;Ghanem Iheb Omayma Dammak;12/2024
S69_D0029;Académie ACAM;Julie Déry Nicole Gosselin;12/2024
S69_D0030;WAKKIL;Mouna Ben Hassine;12/2024
S69_D0031;ABRID;Ines Ben Abdallah Marwa Boubaker;12/2024
S69_D0032;Propertates;Emna Siala Monem Hmila Mohamed Jasser Ben Smida;12/2024
S69_D0033;Cash Flow;Aymen Bouzgarrou Ichrak Bouzgarrou Chirine Bouzgarrou;12/2024
S69_D0034;Maktoub;Mohamed Guemri Souhail Kaboura;12/2024
S69_D0035;check'n;Charbeji Mohamed Majd Karim Atrous Khalil Ben Ticha;12/2024
S69_D0036;Improve;Fawzy Othman;12/2024
S69_D0037;Rhai;Ilyes ali Jeridi;12/2024
S69_D0038;Multipay;Iskander Kamel Fhima Majdoub Hazem Med Khalfallah;12/2024
S69_D0039;MarketMe;Samar Saidi Haifa Ben Khalaf;12/2024
S70_D0001;Vie verte BSF;Faoizia Mehdhaoui;01/2025
S70_D0002;Docic;Sofiane Trabelsi Sami Kallel Myriam Mouakhar;01/2025
S70_D0003;1FOR1 LEARNING;Ferid Hamida Cerine Hamida;01/2025
S70_D0004;Amperon Technologies;Mohamed Ali Hmida Mariem Mnasri;01/2025
S70_D0005;Artizone;Fetni Mohamed HAnicwheemr B Aobudkmenihnaadher Ahmed Besrour;01/2025
S70_D0006;Pass excellence;Wiem Klaa Rim Kassous Yassine Chaker;01/2025
S70_D0007;nativeads.ai;Al Kallel Wael Abid;01/2025
S70_D0008;Otravers;Yecin Dridi Alaa Edinee Ben Mbarek;01/2025
S70_D0009;Readdly;Taycir Chouk Fares Ben Younes;01/2025
S70_D0010;Dari;Souheil Bouzouita;01/2025
S70_D0011;Spirunat;Mohamed Latiri Adnane Kacem Aziza Ibn Hadj Hassine;01/2025
S70_D0012;E-edu;Mehdi Chelly;01/2025
S70_D0013;Glamour;Mohamed Yacine Missaoui;01/2025
S70_D0014;HOUKOUK.TECH;Mohsen Bouzid Eya Bouzid Rayen Bouzid;01/2025
S70_D0015;EDUCARE;Lilia Kamoun;01/2025
S70_D0016;VIRTUAL ERA;Imed Mabrouk Abdelkarim Mars;01/2025
S70_D0017;Thagamuta Agro;Dhouha Azri Affi Khouloud;01/2025
S70_D0018;Esticharati;Ali Dahmani;01/2025
S70_D0019;Tale Platform;Arbi Soussi Fakhreddine Belgaied;01/2025
S70_D0020;PERF ANALYSIS CONSULTING;Mohamed Ayachi;01/2025
S70_D0021;SOFTAVERA TUNISIE;Abdelkarim Friaa Bechir Ben Abdallah;01/2025
S70_D0022;Naraggara;Rihab Jandoubi;01/2025
S70_D0023;BinYdik;Aymen Fteiti Hana Jerbi;01/2025
S70_D0024;MDBIM Innovations;Mohamed Messaoudi Zied Messaoudi;01/2025
S70_D0025;MBH expertise;Nizar Saidi Mokhtar Abidi;01/2025
S70_D0026;Ta7richa;EFalykehsr eNdedffiantei Lakhoua;01/2025
S70_D0027;Zamzema;Lassaad Aouina Mouna Khelifi;01/2025
S70_D0028;Edu Memes (مﯾﻠﻌﺗﻟا و مﯾﻣﻟا);Mouhamed Nourdine Guitouni Guetat Louay;01/2025
S70_D0029;DiDonData;Sirine Belhassen Aymen Setti;01/2025
S70_D0030;PEDALII;Hassen Saadi Mohamed Karim Bchni Sana Ben Thayer Chayma Ben Yahia;01/2025
S70_D0031;Fiscal Suite;Ahmed Lasmar Racem Ben Amar Malak Hachicha;01/2025
S70_D0032;APPLICATION MOBILE ANTI- GASPILLAGE ALIMENTAIRE : SMARTDEAL;Anis Bouhali Abdessalem Karoui;01/2025
S70_D0033;WEFE TECH;Mounir Brik Ons Brik;01/2025
S70_D0034;DroneVision;Amira Karoui Oussama Cherni;01/2025
S70_D0035;Mellek Real Estate Platform;Mastouri Kayser Kallboussi Souad;01/2025
S70_D0036;HASHTI;Ibrahim Goddi;01/2025
S70_D0037;TRENA;Ala Larbi Hatem Benchikh Dorra Fredj;01/2025
S70_D0038;Keef;Zayneb Aouani Mohamed Amine Bellili Ihab Kahri;01/2025
S70_D0039;Bibinet;Amel Jebali Roua Boubakri Arbi Ben Bazza Lasaad Guesmi;01/2025
S70_D0040;VYZYOSCHOOL;Marwa Mhedhebi;01/2025
S70_D0041;ECOCODE;Business Software and services;01/2025
S70_D0042;linkbook;EdTech;01/2025
S70_D0043;Paytea;Business Software and services;01/2025
S70_D0044;Production d’additifs alimentaires animale et consulting;Marwa Mekni Toujani;01/2025
S71_D0001;Al Shamela Sports;Louay Elaroui Elaroui Mohamed Ali Fawzi;02/2025
S71_D0002;Panne.auto;Mohamed Ramzi Hamza Amel Ouechtati;02/2025
S71_D0003;dash sports;Melek Chakchouk Jawhar Ben Salem Hatem Halouani Bilel Ben atitallah;02/2025
S71_D0004;PlagPrevent;Amir Kboubi Feres Othman;02/2025
S71_D0005;Lalla Horti;Fathia Mosbahi;02/2025
S71_D0006;Qubitron-AI;Marouane Salhi Adel Trabelsi Abidi Mongi;02/2025
S71_D0007;SOFTSYS INTERNATIONALE SARL;Ghazi Askri;02/2025
S71_D0008;Cleanance;Hela Mghaieth Asma Mghaieth Fatma Mghaieth;02/2025
S71_D0009;Imaginario Ai;Jose Puga Abdelhak Loukkal;02/2025
S71_D0010;Uvey;Youssef Meddeb;02/2025
S71_D0011;Connecteur bipolaire à serrage indépendant (CB-SI);Amor Bouchiba;02/2025
S71_D0012;Incyia;Khalil Bourguiba Fatma Jedidi;02/2025
S71_D0013;klemy;Hassine Achour;02/2025
S71_D0014;TestoHire;Khaled Saidani Azza Sandly;02/2025
S71_D0015;DootiFy;Rafik Gharbi;02/2025
S71_D0016;Business Room;Amine Ben Hmida;02/2025
S71_D0017;DEFENDR;Mottaki Hajouni Seifeddine Bahroun Wael yahiaoui;02/2025
S71_D0018;MYCLINIC.TN;Abderrahmen Kriaa Yesmin Maalej;02/2025
S71_D0019;DIPAWER;Maha Essoussi Francois Bioche Mohamed ali Jelidi;02/2025
S71_D0020;Ontej;Mohamed Amine Ouchari Ezzahra Hamdi Achref Baklouti;02/2025
S71_D0021;Educap;Sabri Ouni Lobna Lahmar;02/2025
S71_D0022;INNOSYS;Abd El Aziz Trabelsi Rached Troudi;02/2025
S71_D0023;Farness;Mohamed Wassim Mnaouar Atef Ahmadi Mourad Boussaid;02/2025
S71_D0024;Optimisation des procédés de transformation de matières plastiques via simulation nomérique_;Hend Jaoua Walid Bahloul;02/2025
S71_D0025;Industrie 4.0 TroClub;Mohamed Ben Yedder Moez Missaoui Sofiene Mouldi Sana El Mouldi Nada Souli;02/2025
S71_D0026;Tartaruga Catamaran;Riadh Sghaier TJeaarenk R Mobeesrsta oSoumdimereux Wassima Ben Adjemia;02/2025
S71_D0027;Way Interactive Convergence Tunisia;Alibrandi Antonio Soumaya Htira;02/2025
S71_D0028;Amilcar Technologies;Mohamed Alla Eddine Behi;02/2025
S71_D0029;Loomexa;Ghouila Ghassen Safoine Touil;02/2025
S71_D0030;Ctasim;Mayara Ezdini Anis Mahmoud Idrak Ezdini;02/2025
S71_D0031;SANITIO;Amira Jaafar;02/2025
S71_D0032;MedSkool;Oussama Ben Salha Mohamed Taib Ben Salha Kais Ben Salem;02/2025
S71_D0033;Renty;Aymen Missaoui;02/2025
S71_D0034;Tyme;Omar Boukottaya Houda Ourimi;02/2025
S71_D0035;TECHPIONEER Embedded Solutions;Imen Zayene;02/2025
S71_D0036;EcoMov: TryBike;Ahmed Khadhraoui;02/2025
S71_D0037;BATIPRICE;Akrem Zribi Khaled Mokni;02/2025
S71_D0038;Statiscom;Youssef Cherif Siala Majdi;02/2025
S71_D0039;Edyard;Aymen Labidi Raja Khalfa Zouhour Nawali;02/2025
S71_D0040;Synapse;Mohamed Ali Kaddour Youssef Meddeb Béchir Becha;02/2025
S71_D0041;IntakeAi;Aziz Meddeb Adem Nouira Mohamed Aziz Mehdoui;02/2025
S71_D0042;Cw Cloud;Ahmed Hermassi Anas Neumann Idriss Neumann Habib Bane;02/2025
S71_D0043;Dari;Souheil Bouzouita Chebaane Med Aziz;02/2025
S71_D0044;Skazy Tunisia;Selim Mhedhbi Mohamed Sabri Belgaroui Hatem Bellagi;02/2025
S71_D0045;IsOne Hr;Meryam Boughzala Louay Atoui Bilel Ben Salem;02/2025
S72_D0001;SOK'ARI;Manel Mrad Mohamed Amine Mrad Mohamed Rached Nabouli;03/2025
S72_D0002;Addvocate AI;Mohamed Ridha Mami Sofyan Chekir;03/2025
S72_D0003;yalla play;Ayoub Debbichi Hedi Slim;03/2025
S72_D0004;BYOKOB Cosmetics;Rebeh Dabbaghui Jihen Ben Mohamed;03/2025
S72_D0005;Oratio;Oussama Chelly;03/2025
S72_D0006;Inveep;Ramzi Houidi Abdlkerim Haddad Aziz Boubakri Rachida Harabi Saddam Harabi;03/2025
S72_D0007;TENDER FLOW;Charfeddine BenSlama Maissa Maatoug Slim Bhiri Aymen Talbi;03/2025
S72_D0008;EyeFish;Wajih El Hadj Youssef Manel Lakhal Kharroubi Fehmi;03/2025
S72_D0009;ITS boX;Badr Houssem Mejri Wajdi;03/2025
S72_D0010;Bestrade;Mourad Zid Khaled Klai Heithem Jeljli Héla Ben Ammar;03/2025
S72_D0011;AuroraIQ;Amina Mseddi Aymen Frikha;03/2025
S72_D0012;BATISTUDIO.TN;Emna Mtimet;03/2025
S72_D0013;Bi2M;Salem Mabrouki;03/2025
S72_D0014;CLICK AND COLLECT;Khaireddine Ben Merdes;03/2025
S72_D0015;WeeTest;Senda Khemiri Hajer Gafsi;03/2025
S72_D0016;Palmyra;Wael Hadji;03/2025
S72_D0017;Asfora;Emmanuel Bruno;03/2025
S72_D0018;Karlezas;Badis El Ouni Mouhamed Ala Zied Jemal;03/2025
S72_D0019;Thymsys;Ramy Hamza;03/2025
S72_D0020;CODOC;Mouheb Merii Jerbi Rahma;03/2025
S72_D0021;LogIn;Ahmed Riza;03/2025
S73_D0001;KIAN TECHNOLOGY – Plateforme Itona;Nezih Dammak;04/2025
S73_D0002;Pigmentoco;Amal Chebbi Ayoub Lassoued;04/2025
S73_D0003;Algora Group;Afef Othman Hayouni Rafedh;04/2025
S73_D0004;EyeFish/ExypnoTech;Wajih El Hadj Youssef Manel Lakhal Fehmi Kharroubi;04/2025
S73_D0005;Inst ar;Mariem Dhaouadi Yassine Ajroud Abd Razek Dhaouadi;04/2025
S73_D0006;WattyGo : Founisseur 100% Tunisien de solutions intelligentes de recharge pour Véhicules Electriques;Haythem Belmabrouk Khaled Fourati Mondher Makni;04/2025
S73_D0007;Pharmaco;Ahmed Ben Issia Fattouma Sana Ben Issia;04/2025
S73_D0008;Waaw;Mohamed ThamlaOui Said Kouki Ikdem Ben Mbarek;04/2025
S73_D0009;Gamefy Academy;Aymen Jadallah;04/2025
S73_D0010;TenasBook;Wiem Ben Yahia Wael Ben Yahia;04/2025
S73_D0011;Owe;Adel Kmiha Bilel Gtifi;04/2025
S73_D0012;CRISPY DOC;Mohamed Bouazza;04/2025
S73_D0013;PerfectGen;Seifeddine Ben Hamouda;04/2025
S73_D0014;RD Nexa;Ridha Chammam Nouha Slimane;04/2025
S73_D0015;AGHSALNI;Dhiya Edine Selmi Mohamed Mehrzi;04/2025
S73_D0016;ATLAS Robotics;Mohamed Amine Ben Farhat Yasser Bououd;04/2025
S73_D0017;DG TWIN;Malek Baklouti Mohamed Yassine Yahia;04/2025
S73_D0018;PLANIF PAY;Houssem Djelassi;04/2025
S73_D0019;ITMMA;Amine Mhedhbi;04/2025
S73_D0020;Vegana;Mehdi Ben Hamouda;04/2025
S73_D0021;DecliTech;Saifeddine Berhouma;04/2025
S73_D0021;DecliTech;Salma Berhouma;04/2025
S73_D0022;Syndiki;Haroun Cheriha;04/2025
S73_D0023;Oop'la;Marwa Baccouche Faouzi Kadous;04/2025
S73_D0024;Moonlight AI TN;Christian Ruiz Nicole Romano Stefan Habringer;04/2025
S73_D0025;Order Station;Aziz Benchedli Ahmed Selmi Karim Tounsi;04/2025
S73_D0026;Krypton;Mehemed Bougsea Joscha Raue;04/2025
S73_D0027;mintounes;Beldi Zied Anis Harzallah Ghizlaine Beldi;04/2025
S73_D0028;HAROON;Wafa Makni;04/2025
S73_D0029;OORB Open Organic Robotics;Kayoum Djedidi Azer ben abdallah Bassem Gouti Basly Asma;04/2025
S74_D0001;DentistUP / Yiatros Community;Oussama Souaf Loua Slama Fahmi Haouala Mohamed Malek Wassim Limam;05/2025
S74_D0002;AVATAR ID /THINKNEO;Leith Mokaddem Sarah Ksibi;05/2025
S74_D0003;ProVerdy;Souha Bejaoui Rahma Abida;05/2025
S74_D0004;SMARTWEYS;Moez Farhat Ahmed Hedi Lamjed Jedda;05/2025
S74_D0005;Door Knock Pro;Mohamed amine Guettat Tommy Gendreau;05/2025
S74_D0006;Mnara;Moez Ouali Mohamed Souidi;05/2025
S74_D0007;Fallah.ai;Youssef Askri;05/2025
S74_D0008;Ukla;Mohamed Achraf Mrabet Chaima Somai;05/2025
S74_D0009;Apeiron AI;Sofiene Salem Seyfeddine Salem;05/2025
S74_D0010;Digi Up Agri;Abdellatif Saada Hazem Kilani;05/2025
S74_D0011;DR.WELL;Walid Bayoudhi;05/2025
S74_D0012;Deepconvo;Skander Kallel Fares Kallel;05/2025
S74_D0013;BIOMIDEX;Sami Maalej Houda Ayadi Ahlem Ammar;05/2025
S74_D0014;Slayton;Sana Boubaker Franck Legendre;05/2025
S74_D0015;eejar;Oussema Bennour Ahmed Ben Othman;05/2025
S74_D0016;Senbiosys Tunisia;Walid Hached Taha Ben Mrad;05/2025
S74_D0017;TMAPS;Ahmed Ben Salha;05/2025
S74_D0018;LKESSA;Chahine Fersi Nour Saied Fahmy Abdslem Fersi;05/2025
S74_D0019;Waste Wise Solution;Chiheb Mouelhi Mahdi Souki;05/2025
S74_D0020;Aycheek;Mohamed Khalil Ben Mohamed Mohamed Amine Ben Samir Fedi Chebbi;05/2025
S74_D0021;Eggmed;Akram Azaiez;05/2025
S74_D0022;Yakoota;Mohamed Baccouche;05/2025
S74_D0023;BiPER Therapeutics;Mehdi Chelbi Stephane Rocchi Cyril Ronco Rachid Benhida;05/2025
S74_D0024;ASSALNI-AI;Achref Ktita;05/2025
S74_D0025;Taniterra;Nadhem Chroudi Mohamed Ahmed Ben Messaoud Rania Negra Samir Bouzayani;05/2025
S74_D0026;Styly;Soumaya Sebai;05/2025
S74_D0027;Passionne12;Tarek Zinelabidine;05/2025
S74_D0028;Cogeex;Racem Smaoui Rania Ghorbel Abir Smaoui Tahani Taktak;05/2025
S74_D0029;ecoplat;Aziz Snoussi Sonia Kaak;05/2025
S74_D0030;Anqua Edge Innovation;Ghada Lachhab;05/2025
S74_D0031;Tawelti;Malek Bahroun Bilel Makhlouf;05/2025
S74_D0032;Wiser Design Technology Tunisia;Mohamed Mehdi Baccouche;05/2025
S74_D0033;HORIZOP ENERGY;Mohamed Chriha Ahmed Dhia Labidi;05/2025
S74_D0034;LSpace;Elyes Kouki;05/2025
S74_D0035;Budgeteuse;Chaieb Oumayma Saied Firas Chaieb;05/2025
S74_D0036;Chkobba Heroes;Amine Arous Ahmed Khemiri;05/2025
S74_D0037;ichrili.tn;Skander Khiari Slim Khiari Ilyes Essid;05/2025
S74_D0038;Nest360;Ameni Tombari Mariem Azaiez Syrine Chebbi;05/2025
S74_D0039;HandiArtisan;Nejah Cherif Tito Cappellaro Mohamed Khalil Zouari;05/2025
S74_D0040;Quantumium AI;Youssef Gaaliche Bassem khelifi;05/2025
S74_D0041;Hkeyetna;Manel Guizani Achref Mabrouk;05/2025
S74_D0042;Swipe;Karim Mathlouthi;05/2025
S74_D0043;Yeiza;Lotfi Cherif Karim Ayadi Olivia Gallardo;05/2025
S74_D0044;Smart Net;Anis Mrad Oumaima Benamar;05/2025
S74_D0045;DOCTOURI;Mohamed Tarek Ben Abdelhamid Ahmed Souhaieb Souissi Malek Hentati;05/2025
S74_D0046;STE TABHOTEL DIGITAL;Tarek Hammami Fabrice Goussin;05/2025
S74_D0047;Anqua Edge Innovations;Ghada Lachhab;05/2025
S74_D0048;Lura;Sana Sammari Chadha Grami;05/2025
S74_D0049;Readdly;Taycir Chouk Fares Ben Younes;05/2025
S74_D0050;TestoHire;Khaled Saidani Azza Sandly;05/2025
S75_D0001;Thunder code;Karim Jouini Jihed Othmani;06/2025
S75_D0002;Healio Technology;Nabil Majoul Emna Sahraoui Elyes Darghouth Emna Argoubi Ahmad Choucheni;06/2025
S75_D0003;Business Academy;Nour Rafiâa Kallel Walid Kallel;06/2025
S75_D0004;KeplerAi;Mohamed Bahri Hayet Rais ep Skandrani;06/2025
S75_D0005;Dose'On;Mohamed Cherif Mohamed Tanfous;06/2025
S75_D0006;Save the Plate;Dhia Eddine Zouari Sarra Soussia Hadil Yahyaoui;06/2025
S75_D0007;VitaDood;Ines Alaya;06/2025
S75_D0008;etanfidh-solution digitale pour huissiers;Hichem Ben Dai;06/2025
S75_D0009;Digehealth TN;Nour Ghalia Abassi Lyle Halliday Marcel Wuethrich Daniel Pohl;06/2025
S75_D0010;Jeridschool;Rouissi Khaled Youssef Degachi;06/2025
S75_D0011;Carbotracker;Safa Bouhjar Aya Bouhlali Amira Yahmadi Maher Amara;06/2025
S75_D0012;Preemptix;Khaled Bendriss Khalil Bendriss;06/2025
S75_D0013;Wealthy Technology;Rakia Jaziri Asma Jouini;06/2025
S75_D0014;QueDCo;Ramzi Nasr;06/2025
S75_D0015;EKRI;Mohamed Elyes Ben Haj Kbair Marouene Draoui;06/2025
S75_D0016;Rakis Technology;Thouraya Ftouh Walker Daniel Atherton;06/2025
S75_D0017;Academia Hub;Abderrahmen Feki;06/2025
S75_D0018;A plus Trade and Forwarding Solutions;Asswar Boulifi Boulifi Oussama;06/2025
S75_D0019;MENUPRO;Wathek Bellah Jaballah;06/2025
S75_D0020;AgriSmart;Khelifi Ali Nama Hamdi;06/2025
S75_D0021;Version Healthy;Ghada Cherif;06/2025
S75_D0022;Tuniform;Yacine Aridhi Wassim Aloui;06/2025
S75_D0023;NINGEN;Ali Hamouda;06/2025
S75_D0024;LEGALYZ;Khalil Bessaad Aymen El Kadhi Hassen Noamen;06/2025
S75_D0025;Clean2win;Mohamed khalil Aniba Sameh Sellami Yassine Aniba;06/2025
S75_D0026;Investir UTILE;Fatma Kobbi Abdelkader Boussetta;06/2025
S75_D0027;Tanit Sign;Houssem Eddine Kthiri;06/2025
S75_D0028;TechBoss Women;Rihab Yakoubi Mohamed Yakoubi;06/2025
S75_D0029;Dronia;Karim Tajer Moez Bhar;06/2025
S75_D0030;Neuraeon;Saifeddine Bouaouina;06/2025
S75_D0031;Collabera;Mohamed Rami Zairi;06/2025
S75_D0032;Tuniwave Sounds;Belgacem Bougrine Mohamed Aouini Maram Touati;06/2025
S75_D0033;VivaLoka;Rabâa Jnifi Lamjed Ben amor;06/2025
S75_D0034;QuickMatch;Oumayma Jouini Nidhal Amara Houssem Farah;06/2025
S75_D0035;Solvizor;Dhiaeddine Gharsallah Omar Masmoudi;06/2025
S75_D0036;ConvergeInnov;Hela Mkadmi Hamza Mkadmi;06/2025
S75_D0037;AuroraIQ;Amina Mseddi Aymen Frikha;06/2025
S75_D0038;Incyia;Khalil Bourguiba Fatma Jedidi;06/2025
S75_D0039;Aycheek;Mohamed Khalil Ben Mohamed Mohamed Amine Ben Samir Fedi Chebbi;06/2025
S75_D0040;BeEmo;Tijani Boujdaria Minyar Meksi Walid Jlassi Mohamed Rouini;06/2025
S75_D0041;Bestrade;Mourad Zid Khaled Klai Heithem Jeljli Héla Ben Ammar;06/2025
S76_D0001;SUPERHOST;Yassine Mamlouk Nadine Kochbati Achref Chafter Omar Belguith;07/2025
S76_D0002;SELF;Selima Elloumi Fatma ELLOUMI;07/2025
S76_D0003;TH Ventures;Ryadh BOUSLAMA;07/2025
S76_D0004;Data scale Ai;Mayssem Ben Ammar Wassim Mjahed;07/2025
S76_D0005;QHBuild;Mehdi Abdi;07/2025
S76_D0006;MedCity;yassin Guirat ala eddine maatoug ines msekni Fadi Kacem Mohamed Arbi Baklouti Mounira Zouaghi nada bougoffa;07/2025
S76_D0007;Assistant Manager IA QHSE;Khayri Romdhani hachicha Mohamed taher;07/2025
S76_D0008;Stocki;Mohamed Hajri jdidi hamdi;07/2025
S76_D0009;Palm.ai;Hela Atmani;07/2025
S76_D0010;Poly;Mohamed Taha Sta fares makki;07/2025
S76_D0011;Flexee Pay;Mohamed BADRI;07/2025
S76_D0012;Locknest Pro TN;Marie Baudlot Pierre LE ROY;07/2025
S76_D0013;PHYLIA TECHNOLOGY;mohamed cherif oussayef;07/2025
S76_D0014;Kruzr;houssam hamdi;07/2025
S76_D0015;Palmyra platform;wael hadji Elfazaa Majdeddine hamrouni Adnen;07/2025
S76_D0016;Kiffcom Tunisie;Ludovic MOTTINI Paul Fafard;07/2025
S76_D0017;SPORT MATES;Imed Jabnouni;07/2025
S76_D0018;Qromo;Mahdi Ben Ameur Maryem Chakroun Mouhib Hermi;07/2025
S76_D0019;NOURRI CO;mohamed youssef sghaier Sami Tfifha salma chaieb;07/2025
S76_D0020;le trading automatisé sur le marché du Forex;ismail mekki;07/2025
S76_D0021;GreenDream.world;Amine Dhbaibi Achraf Khelil;07/2025
S76_D0022;HiredUp;Mehdi KHELIL Amira Chebbi Nader SAIDI;07/2025
S76_D0023;Fok Nje7ik;Omar Riahi;07/2025
S76_D0024;TakTak Food;Mohamed Touhami Rhaima Rehayma Maher;07/2025
S76_D0025;Foodieri;Sabrine Hammami Sabrine Golli Dina Mechergui;07/2025
S76_D0026;D.A LABTECH;Moheb Awichewi Taher Damak;07/2025
S76_D0027;Production des blocs de bois brut par;Mlaa vnaslooruisria Mtioonh admese ddé Aclhiets de palmier;07/2025
S76_D0028;FinAIBot;Ichrak Bouzgarrou;07/2025
S76_D0029;mechi Tunisie;Malek Mansour;07/2025
S76_D0030;Mashroom;Rahma Ayari Anis Benna;07/2025
S76_D0031;Pharmaco;Ahmed Ben Issia Fattouma Sana Be;07/2025
S76_D0032;Connecteur bipolaire à serrage indépendant (CB-SI);Amor Bouchiba;07/2025
S76_D0033;ITS boX;Badr Houssem Mejri Wajdi;07/2025
S76_D0034;Waste Wise Solution;Chiheb Mouelhi Mahdi Souki;07/2025
S77_D0001;Karhabti.app;Amina Chouchane Adnen Mrad;08/2025
S77_D0002;Dawwerni;Mohsen Fennira;08/2025
S77_D0003;Deepic;Ahmed Ghazi BLAIECH Amir Bouden Khaoula BRAIKI;08/2025
S77_D0004;WELLNESS HUB;YOUSSEF BOUSSAADA;08/2025
S77_D0005;Doxaria;wassim znaidi Ghassen Bettaieb Kaies Lamiri;08/2025
S77_D0006;Sté Green Nonwoven Visline G N V;Mohamed Dhouib wael chambah;08/2025
S77_D0007;Tak Tak;Alaa BEN SAID Sonia Najjar Mohamed Aziz Ben Said;08/2025
S77_D0008;Talifouni+;Baha Kaabaoui;08/2025
S77_D0009;Rhizome;Adnène Bouderbala;08/2025
S77_D0010;Hanoutik;Mohamed Yassine Derbel Adem Bouatay Mouhaned Ben Abdelhafidh;08/2025
S77_D0011;Erpy;Ali Nasr;08/2025
S77_D0012;Play and Code;Taha Jlassi ramla el ayeb ep jlassi Karim JLASSI;08/2025
S77_D0013;OraNext AI;Aymen Yahyaoui Maher Boughdiri Iheb Chhaibi;08/2025
S77_D0014;Park & Charge;WRaamssii mHe Sdlfiiti Zied Bradai Ghassen Chattouna;08/2025
S77_D0015;Fast Help;Malek Ben hassine;08/2025
S77_D0016;CLUBI;kaies bedoui Aymen BEDOUI Kaies Bedoui;08/2025
S77_D0017;Ordering Dashboard Solution (ODS);Houssem Gharsalli;08/2025
S77_D0018;MData One;Omar ISMAIL Arafet Sbei Slimen ARNAOUT;08/2025
S77_D0019;DoWell;TMaorehka mBeend STaalyaehb Mokni Med Amine Ladib Elyes Mlawah;08/2025
S77_D0020;Te Quaero;Gorgueb Mouhamed Nadhem dalel chahed trabelsi nasredine;08/2025
S77_D0021;Exposia;Ilyes Ahmed Oussama Belaid Guizeni;08/2025
S77_D0022;Habitiz;Issam Bouhouch;08/2025
S77_D0023;Kharajni.tn;Mohamed Béchir Lansari Yasmine Ansari Taha Dahech;08/2025
S77_D0024;Farbi.tn;Omar GASSAB GHALLEB Mohamed Mustapha;08/2025
S77_D0025;Badel;sfaxi firas;08/2025
S77_D0026;TRUSTMOVE TUNISIA;Mehdi Hammami;08/2025
S77_D0027;SANEOB;Mouna Boussetta;08/2025
S77_D0028;KSIBA;Roua Boussetta Noureddine Rezgui;08/2025
S77_D0029;Terrametrics;Amine Ferjani Hanedi Elleuch;08/2025
S77_D0030;Booklyne;amine raouafi yassine labiedh youssef arrari;08/2025
S77_D0031;CashFloow;Aymen Bouzgarrou;08/2025
S77_D0032;Verdolive;Menyar Debbebi marwa essid ghanem iheb;08/2025
S77_D0033;LexIA;Nidhal Rahali asma taba Mouhanned Rahali;08/2025
S77_D0034;compta-smart;saber ghanmi;08/2025
S77_D0035;ICHFINI;afef Akremi;08/2025
S77_D0036;Rendez vous;ghada khedira kais boumaiza;08/2025
S77_D0037;BioH2O;Ameni Kabboudi;08/2025
S77_D0038;AZRO EVENTS;TIJANI RKIWA AFEF BOUAZIZI;08/2025
S77_D0039;Stocky Downy;othmani moufida;08/2025
S77_D0040;Technozor;SLIM BOUFADEN AMIRA BEN JEMAA zied boufaden;08/2025
S77_D0041;Recolab technologies;Ahmed Welhezi Manel BEN HASSINE Ossama Hidri;08/2025
S77_D0042;Uvey;Youssef Meddeb;08/2025
S77_D0043;DEFENDR;Mottaki Hajouni Seifeddine Bahroun;08/2025
S77_D0044;Waaw;WMaeolh yaamhieado ui ThamlaOui Said Kouki;08/2025
S77_D0045;Stocki;Ikdem Ben MohMambaerde kHajri jdidi hamdi;08/2025
S77_D0046;CarboTraker;SAFA BOUHJAR Aya Bouhlali Amira Yahmadi;08/2025
S77_D0047;klemy;maher amara Hassine Achour;08/2025
S77_D0048;DootiFy;Rafik Gharbi;08/2025
S77_D0049;MYCLINIC.TN;Abderrahmen Kriaa Yesmin Maalej;08/2025
S77_D0050;Business Room;Amine Ben Hmida;08/2025
S78_D0001;PSYNARIOS;Mohamed Ali Gamha;09/2025
S78_D0002;Ligalo;Alaa Adouni Salem Moussa Adouni;09/2025
S78_D0003;Flashbac;Mohamed Mouhib Meddeb Hazem Ben Saria;09/2025
S78_D0004;The pointing graphical tablet;Mohamed Taibah Mohamed Kais Ben Rhouma;09/2025
S78_D0005;Trip Hive;Ben thabet Mohamed Charfeddine Aziza Souaf Amir Rebhi Amira;09/2025
S78_D0006;ProgressBox;Hamden Nasri Khouloud Missaoui houssem ben brahim Abdelhakim Haddad;09/2025
S78_D0007;El Qemma;oueslati salim Mehdi Essalah;09/2025
S78_D0008;Gotei;khaled makhlouf Amine Ben Messaoud assad yahyawi;09/2025
S78_D0009;نﯾﺗﻣﺎﻣﯾﻟا LYAMAMATAYN;SABRINE MARZOUGUI Kawther Marzouki Norene Sakouhi;09/2025
S78_D0010;DIA industries;Mohamed Yessine KSIBI Dia Ali Hamza Bouajila Mehdi ZAYET;09/2025
S78_D0011;VIBE FLOW AI;Ali Abdallah ala touati;09/2025
S78_D0012;BxB Studio;Yassine Boumaiza;09/2025
S78_D0013;Boon;Safa Bouabdallah;09/2025
S78_D0014;Millisave;Fatma Bouhajeb Ibrahim Daami Mahmoud DAAMI;09/2025
S78_D0015;akarat.tn;Amari Aida;09/2025
S78_D0016;OptiPlanex;Amal Louati;09/2025
S78_D0017;URBANAV;Saifeddine Bessaidi;09/2025
S78_D0018;Darraja;aziz zaag Aymen Bouhaha;09/2025
S78_D0019;لﻣﻋ 3MAL;Mohamed Bayar SADRI BEN AHMED;09/2025
S78_D0020;TeraaVerra;Abdlkerim Haddad Hazem Majdoub Fhima Iskander;09/2025
S78_D0021;MedicusAI;Ismail Hamdi Yahia Boussaid Shady Hamrouni;09/2025
S78_D0022;Eco block;Hamza Elmabrouk oussama bagga;09/2025
S78_D0023;Quinexa;Saiff Eddine Ben Boudguiga;09/2025
S78_D0024;Tajjer;Oussama Abdallah;09/2025
S78_D0025;Cloud Commit Software Solutions;Mohammed Amine Dridi;09/2025
S78_D0026;TENDER FLOW;Charfeddine BenSlama Maissa Maatoug Slim Bhiri Aymen Talbi;09/2025
S78_D0027;Palm.ai;Hela Atmani;09/2025
S78_D0028;Digehealth TN;NOUR GHALIA ABASSI Lyle Halliday Marcel Wuethrich Daniel Pohl;09/2025
S78_D0029;Hanoutik;Mohamed Yassine Derbel Adem Bouatay Mouhaned Ben Abdelhafidh;09/2025
S78_D0030;WattyGo : Founisseur 100% Tunisien de solutions intelligentes de recharge pour Véhicules Electriques;Haythem Belmabrouk Khaled Fourati Mondher Makni;09/2025
S78_D0031;Talifouni+;Baha Kaabaoui;09/2025
S79_D0001;PAYDAY TAKAFUL;Mohamed Anouar Gadhoum Marouan OMEZZINE Shaher Abbas;10/2025
S79_D0002;Eddium Platinuim;Nasri Ala Aniba Yosra;10/2025
S79_D0003;CADUSAY;Karim Rekik Amir Knani;10/2025
S79_D0004;Scientiworld;Mohamed Dhia Fredj Safa Ben Romdhane Khaled Khelifi;10/2025
S79_D0005;Footlink.tn;Abdelhalim Alahoum Anis NAJJAR;10/2025
S79_D0006;One Beauty;Abderrahman Jalled Rachwan Tarraf Skander Ouni;10/2025
S79_D0007;EGAMarketplace;Mourad Benyounes Hichem Chouaibi;10/2025
S79_D0008;Shoot;Yassine BEN GHANEM Souhail SBOUI Marwa ANNEBI;10/2025
S79_D0009;HistoryConneXion;Malek Ben yaghlane;10/2025
S79_D0010;Clubedge;Yassine Ahmed Fedi Khaled Mohamed hedi MAGHREBI Achraf HADRICH;10/2025
S79_D0011;COLEA AgriTech;Thaer Tafesh Matthias Würtenberger;10/2025
S79_D0012;AIVIA;Ahmed Gargouri Youssef Boutaleb Moez Zouari MOHAMED ALI KHEMAKHEM Rafik Rekhis Manel Kallel;10/2025
S79_D0013;Absher AI;Ghada Eladeb Yahya Samet Mohamed Hachicha Mohamed Regaya;10/2025
S79_D0014;SymbioWave;Oussama Ben Salem;10/2025
S79_D0015;Raba7ni;Ali Boukhris salim dagdoug taieb ben ali;10/2025
S79_D0016;Compta Smart Solution;Ahmed Zahaf Mohamed Elyas Bazazi Hedi Zahaf;10/2025
S79_D0017;innovia360;slim zghal Momtez AYADI;10/2025
S79_D0018;SerBot;Chawki Gharsellaoui Mbarki Kabil Hmercha Amjed Wael Hichri;10/2025
S79_D0019;Cogitoly;Nada Mejri Issam Mellah;10/2025
S79_D0020;RMC;Rahma zbidi anis hdhili KHALIL BELLALI;10/2025
S79_D0021;ONE ERP;mohamed ali Derbel AFFES BILEL Mahdi Chiha;10/2025
S79_D0022;Price Forging;Mohamed Chtiba Walid Makhlouf;10/2025
S79_D0023;PERF ANALYSIS CONSULTING;Mohamed Ayachi;10/2025
S79_D0024;wedo distribution services;Mohamed Riahi;10/2025
S79_D0025;Innoteam Solutions;Radhouen Boughanmi Hijen EL KHALIFI;10/2025
S79_D0026;B-SMART GO;rayen trabelsi Mohamed Trabelsi Trabelsi Iyed;10/2025
S79_D0027;Bid Shine;Taha Triki Mejdi Dhokar;10/2025
S79_D0028;Etudianet/Studianat;Maria Amaidi Montassar Jandoubi Hadil Ltifi;10/2025
S79_D0029;tenjah;Ahmed Ben Aissa;10/2025
S79_D0030;Encore Bon;Firas Ellini Ezzeddine Jrad;10/2025
S79_D0031;XMap;Samir AKACHI Manel Affi khouloud affi Chedy HORCHANI;10/2025
S79_D0032;LuxePass;mohamed ben mrad;10/2025
S79_D0033;SidiChat;Mhimdi Mouhib amen allah fraj;10/2025
S79_D0034;Vybtor;Walid Mezghani AMANI GHEZAL Achraf Kchaou;10/2025
S79_D0035;Key Marketplace;Mohamed Wael Daly Dorra Haddad;10/2025
S79_D0036;Next Afri Log;Hatem Chatti Mohamed touijer;10/2025
S79_D0037;Tache-Lik;Mohamed Abidi Oussama Aissaoui Yassine Cherif;10/2025
S79_D0038;TUNIAI;Houssem aouedni;10/2025
S79_D0039;Bloom Venom;issam hmandi ghanem toumi Imen Rabeh;10/2025
S79_D0040;EduImpact.tn;Jilani Garraoui;10/2025
S79_D0041;ARTROK;Feres Messaoudi;10/2025
S79_D0042;Preemptix;Khaled BEN DRISS Khalil Bendriss;10/2025
S79_D0043;TMAPS;Ahmed Ben Salha;10/2025
S79_D0044;Slayton;Sana Boubaker Nadege Legendre Franck Legendre;10/2025
S79_D0045;Poly;Mohamed Taha Sta fares makki;10/2025
S79_D0046;BiPER Therapeutics;Mehdi Chelbi Stephane Rocchi Cyril Ronco Rachid Benhida;10/2025
S79_D0047;Senbiosys Tunisia;Walid Hached Taha Ben Mrad;10/2025
S79_D0048;MedCity;yassin Guirat ala eddine maatoug ines msekni Fadi Kacem Mohamed Arbi Baklouti Mounira Zouaghi nada bougoffa;10/2025
S79_D0049;Jeridschool;Rouissi Khaled youssef degachi;10/2025
S79_D0050;Wealthy Technology;Rakia JAZIRI Asma Jouini;10/2025
S79_D0051;LKESSA;Chahine Fersi Nour Saied Fahmy Abdslem Fersi;10/2025
S80_D0001;SEEVEND INDUSTRIES;Saifallah Labidi;11/2025
S80_D0002;edulysa;Youssef Almia Slim Almia;11/2025
S80_D0003;Kridipay;Amani CHATTI Mahmoud Chatti Mohamed Neji KALBOUSSI;11/2025
S80_D0004;Ketrone;Sadry El Materi;11/2025
S80_D0005;SOCIETE BE WISE;Makrem Ellouze;11/2025
S80_D0006;Joya;Rayan Goucha;11/2025
S80_D0007;SYLA AI TUNISIA;Houssem NOURI;11/2025
S80_D0008;Predict'O Energy;Hamdi KHADHRAOUI Oumayma Allouch Olfa Jrad Akrem Khadhraoui;11/2025
S80_D0009;BioExpert;Mohamed Ouni Skander Guarbaa khalil ben abdallah;11/2025
S80_D0010;216Bot;Manel CHAABANE Ahmed Mahouachi Mohamed Dhaou Mohamed Akremi;11/2025
S80_D0011;trendytek E-Learning;jlassi baha eddine;11/2025
S80_D0012;SBA CONSULT;Saber BEN AMMAR Ons Toujani;11/2025
S80_D0013;MelqartX Corp;Rami Slimene Imtinen AYARI;11/2025
S80_D0014;Jhezi.tn;Hassan DHIB Ameni Teka;11/2025
S80_D0015;Iridium X;Salaheddine Ogontayo Abir Daoud Bilel Zahi;11/2025
S80_D0016;فرید حول العالم;Triki Omar Souhir Manai;11/2025
S80_D0017;kobox designs;slim kamoun;11/2025
S80_D0018;Smart Maker;Adel BRAHAM nouha braham;11/2025
S80_D0019;AgroGrowth;sami arfaoui;11/2025
S80_D0020;Letusdify;Mohamed Salah Tammar Iheb Ghazala;11/2025
S80_D0021;ReMine Technologies;Borhane Ben Said Anis Djedidi;11/2025
S80_D0022;Lift&Eat;Hamdi Jouini Hamdi Jouini Khazri Mouna;11/2025
S80_D0023;Tender;mazen slama Iheb Lafi Islem Ferchichi;11/2025
S80_D0024;EmberForge Tech;ahmed amine kamoun;11/2025
S80_D0025;MedSearch IA;Zoubaier Bouajaja;11/2025
S80_D0026;AD Vertising;Nadine Askri Mongi Dali Wael Gamaoun;11/2025
S80_D0027;AXIOM décorticage IA;Foued Jaballah Farid Drifa;11/2025
S80_D0028;Choufli;Moez BEN GHARBIA Ramzi Tounsi Kamel BEN GHARBIA;11/2025
S80_D0029;Oria;Mohamed AYADI Mayssa Moussa eya makhlouf;11/2025
S80_D0030;Clic SOS;Anis Essid Mezni Hiba;11/2025
S80_D0031;Triptopie;achref ayari;11/2025
S80_D0032;TooFresh;Motez Mhadhbi Awatef Zid Mhadhbi Shady Ben Henda Dhia Ben hadj hssin Mohamed anis Lejmi Moussa;11/2025
S80_D0033;EcoRecy;Achraf BLEILI Achraf BLEILI;11/2025
S80_D0034;Kidin;Firas ABDELMAJID;11/2025
S80_D0035;CarbonTrack;Houssem Ben Malek Marwa Metsahel;11/2025
S80_D0036;Bibinet;Amel Jebali Arbi Ben Bazza Rim Harabi Roua Boubakri Manel Saadaoui;11/2025
S80_D0037;GuaranteePay – Lasweq;Oussema Ben Barka;11/2025
S80_D0038;MCS - Mediterranean Creative Studio;Yosri Ayed Anis Lahouar Mohamed Kamergi;11/2025
S80_D0039;Reality Tunisia Branch;BAKABAS ALI Seifeddine Souissi;11/2025
S80_D0040;AIVIA;Ahmed Gargouri Youssef Boutaleb Moez Zouari AMED ALI KHEMAK Rafik Rekhis Manel Kallel;11/2025
S80_D0041;Vegana;ehdi Ben Hamoud;11/2025
S80_D0042;EKRI;med Elyes BEN HAJ Marouene Draoui;11/2025
S80_D0043;Flexee Pay;Mohamed BADRI;11/2025
S80_D0044;eejar;Oussema Bennour hmed Ben Othman;11/2025
S80_D0045;Cogitoly;Nada Mejri Issam Mellah;11/2025
S80_D0046;DR.WELL;Walid Bayoudhi;11/2025
S80_D0047;Gotei;khaled makhlouf mine Ben Messaou assad yahyawi;11/2025
S81_D0001;EVIMO;Achraf GHARSALLI Seif SASSI;12/2025
S81_D0002;Log'In;Ahmed RIZA;12/2025
S81_D0003;Spark Auto;Hatem Ben Chaabane;12/2025
S81_D0004;Yalen Sentinel;Aymen Medimagh Amal Araoud Abir Ben Khalifa;12/2025
S81_D0005;DecliTech;Saifeddine Berhouma Salma Berhouma;12/2025
S81_D0006;Future is Now;Tarek Khemiri;12/2025
S81_D0007;FielMedina;Mohamed Touati;12/2025
S81_D0008;DashMaster;ahmed walha Achraf Karoui;12/2025
S81_D0009;AionTime;Nieze Ben Mansour Marwen Saad Malek Ben Haj Amor;12/2025
S81_D0010;Real Time Data Loger – RTDL;Mokhtar HARRABI Adam Ben Slama Mohamed Ameur BEN ABDESSALEM;12/2025
S81_D0011;Sawakni;Firas meddeb Baffoun Aziz;12/2025
S81_D0012;Moodicament;Roua Bargaoui Mohamed Haroun Ouanes Ala Ben Aicha;12/2025
S81_D0013;FISSA3/URBAN CARTAGO SARL;Elyes Boukettaya yacine boukattaya;12/2025
S81_D0014;Yaluna;Aziz Chaibi;12/2025
S81_D0015;WAW - When And Where;Ben Tanfous Ahmed Maya Ben Tanfous Kaïsha Guiga;12/2025
S81_D0016;VAERDIA SOLUTIONS;Aymen BOUNEB;12/2025
S81_D0017;MEDA;Houcemeddine kallel nizar besbes Wafa Neifar;12/2025
S81_D0018;Société Méditerranéenne de Distillerie Artisanale;Mortadha Ouadday Amen Allah El Hechi;12/2025
S81_D0019;PREDSiGHTX;Alaeddine BOUHJAR Montacer Benromdhane;12/2025
S81_D0020;Aidloy;Achref ESSEFI Skander EL FEKIH;12/2025
S81_D0021;Lanci Deliveries;Hassen Younsi Achraf Ben Soltane Ghassen Ben Ghorbal;12/2025
S81_D0022;eduhelper;Moataz Hammami;12/2025
S81_D0023;myPharmacy;aymen sellaouti Kais Ben youssef Issam Moalla;12/2025
S81_D0024;BRIDGSIGN;Salah Sammari Rouine Firas Mhamed Moncer Montassar Moussa;12/2025
S81_D0025;Jizzar;Jassem Khemiri Sadok Khemiri;12/2025
S81_D0026;Thanna Téléassistance;Tijani Aziz Feki;12/2025
S81_D0027;safka online;souda faycal;12/2025
S81_D0028;Grenova– Gamme Écoresponsable de Produits Primaires à Base de Grenade;Mahbouli Rhouma Najla;12/2025
S81_D0029;MAKASSUR;MARIEM KAMOUN;12/2025
S81_D0030;Dingo;Ali Ahmed khaled Rami LAJMI Dorra Fattoum;12/2025
S81_D0031;Laformatik.ai;amine touihri oueslati Aya Daas Samar adem seddik;12/2025
S81_D0032;Kopno Game;Seifeddine Bzainia Souaf Houssemdine Abdelaziz BEN MAHMOUD;12/2025
S81_D0033;SaveMe;Aya Ben hriz;12/2025
S81_D0034;Koolny;Chaima Rebai Mohamed Hachemi BEN HAJ ALI Salma BEN HADJ ALI;12/2025
S81_D0035;makadija;Marouene Belkhiria Samia Khadija Belkhiria;12/2025
S81_D0036;Couche IA génératrice de workflow, Interfaces homme machine et reporting IA;Hayet Zguem Yahia Ben Cheikh;12/2025
S81_D0037;Annuaire Service;Nebil Othman;12/2025
S81_D0038;Deepinfluence;ghanem toumi tarek bani Mohamed Baha Eddine Baghdadi Montassar TOUATI Nabil Boukhdhir Marwa Moussi;12/2025
S81_D0039;Night Panel;iheb haouech Marwen Zitouni;12/2025
S81_D0040;InsurLink;Ahmed LIMAM Ilyes Limem;12/2025
S81_D0041;FTOUH pharmaceuticals;mahdi ftouh;12/2025
S81_D0042;Tak Tak;Alaa Ben Said Mohamed Aziz Ben Said Sonia Najjar;12/2025
S81_D0043;Fast Help;Malek Ben hassine;12/2025
S81_D0044;Shoot;Yassine BEN GHANEM Souhail SBOUI Marwa ANNEBI;12/2025
S81_D0045;QHBuild;Mehdi Abdi;12/2025
S81_D0046;etanfidh-solution digitale pour huissiers;hichem ben dai;12/2025
S81_D0047;SymbioWave;Oussama Ben Salem;12/2025
S81_D0048;ProgressBox;Khouloud Missaoui houssem ben brahim Abdelhakim Haddad;12/2025
S81_D0049;BioExpert;Mohamed Ouni Skander Guarbaa khalil ben abdallah Manel CHAABANE;12/2025
S81_D0050;Assistant Manager IA QHSE;Khayri Romdhani hachicha Mohamed taher;12/2025
S81_D0051;Raba7ni;Ali Boukhris salim dagdoug taieb ben ali;12/2025
S82_D0001;IMMUNO KAAR : (IMMU CAR- DER ) : Gamme de Phyto médicaments spécifiques pour: immunité, cardiologie carcinologie, cicatrisation et dermopharmacie .;ZOHRA KECHIDA Ilem hassairi;01/2026
S82_D0002;Arcube;Harvey Lowe Prithveesh Nallamilli;01/2026
S82_D0003;GoToGreen;Nour Jdey Ferid Kamel;01/2026
S82_D0004;OTARI;Youssef Abdeljaoued Raed Seddik;01/2026
S82_D0005;Yes-Sir;FEDI SOUILEM;01/2026
S82_D0006;HopeVisionAI;amira karoui Oussama Cherni;01/2026
S82_D0007;SAHTEE;abderrahmen abdelkabir Slaheddine Dardouri;01/2026
S82_D0008;ALBUPAD-NA;Eya ALOUI;01/2026
S82_D0009;Riyasol;Asma Ferchichi Houda Ferchichi;01/2026
S82_D0010;Qubit Labs Tunis;Marouane Salhi Hatem Eldakhakhni;01/2026
S82_D0011;Nuraxis Ai;Hammadi Kadri Mohamed KADRI Wissal Rouabeh;01/2026
S82_D0012;The Landlord Manager;Farouk Ben Achour;01/2026
S82_D0013;TFCx;Rached Khalil Mariem Babay Rouis;01/2026
S82_D0014;DURABILIS CONSULTING;Yassine RAHMOUNI Tahar Rahmouni RAHMOUNI Yassine;01/2026
S82_D0015;RDVEXPRESS;Noureddine DBOUBA;01/2026
S82_D0016;Automatizi;Lassaad Ben Rejeb Yosra Youssef;01/2026
S82_D0017;TINNOBOTICS;Gharssallah Alaa Mohamed Firas Gabsi;01/2026
S82_D0018;Attoset - The Work OS for Intelligent Work Management;Youssef Mejri Rayen Inoubli Mohamed habib Grami Chaima Ben Mahmoud;01/2026
S82_D0019;GensisCode;yassin gmati maram guenouati;01/2026
S82_D0020;Nexor Robotics;mohamed amine ziedi Naim Ezzdini Manar Daghsni Oussama Yaakoubi Sonia Amamou;01/2026
S82_D0021;CvHub;Ali Nahdi;01/2026
S82_D0022;CarthaPos;Oussama ferjani Mohamed ali Mankai;01/2026
S82_D0023;OpenSOC;Mohamed Karim KECHALFI;01/2026
S82_D0024;SM Drone;Skander Amamou Farah Chenchah;01/2026
S82_D0025;Eyproc;saif ouhaibi Jaweher Khmiri Naceur ELLOUZE;01/2026
S82_D0026;JeelQuest;Sabrine Hamrouni Charrad Chamseddine ala Akrichi Badereddine Fadhlaoui Hatem Benechikh;01/2026
S82_D0027;9atratech;Mohamed Amine Mhadhbi;01/2026
S82_D0028;AL BAYEN;BEN YAGOUTA Abdelbari Wrida BEN YAGOUTA;01/2026
S82_D0029;Enissay Studio;Yassine Sellami Siwar Fourati wael sellami Mohamed Ilyas Abdelkefi;01/2026
S82_D0030;BNJMO Studios;Mohamed Ben Jazia;01/2026
S82_D0031;Rhizome;Adnène Bouderbala;01/2026
S82_D0032;Compta Smart Solutions;Ahmed Zahaf Mohamed Elyas Bazazi Hedi Zahaf;01/2026
S82_D0033;DIA industries;Mohamed Yessine KSIBI Ham D za ia B A o l u i ajila A Mehdi ZAYET;01/2026
S82_D0034;Dash Master;ahmed walha Achraf Karoui;01/2026
S82_D0035;Erpy;Ali Nasr;01/2026
S82_D0036;Park & Charge;Rami Hedfi Zied Bradai Ghassen Chattouna;01/2026
S82_D0037;Ligalo;Alaa Adouni Salem Moussa Adouni;01/2026
S83_D0001;HEXA5 SOLUTIONS;Mohamed TLICH;02/2026
S83_D0002;MASSAR PERFECTION;Mahmoud Trabelsi;02/2026
S83_D0003;Kessa;Chaibi Ahmed Fares;02/2026
S83_D0004;My Quality Assistant Team /;Saadi Ismail;02/2026
S83_D0005;ALGORIA FACTORY;wissem barouni Wissem Abdelhak Abdallah Ben jamaa;02/2026
S83_D0006;citrustech;Insaf Ben Othman;02/2026
S83_D0007;Estimo;Mohamed Amir Boufaden;02/2026
S83_D0008;Intheair Labs;Marion Sardou Bruno GUTTON Olivier Apicella;02/2026
S83_D0009;Teleon;Karim Ben Khaled;02/2026
S83_D0010;Talento;Ghazi Smach;02/2026
S83_D0011;Freshk;Mohamed aziz Hlaoua zied harzallah Rayane Ben abdelhalid Bouaziz Wissem;02/2026
S83_D0012;cognitiex;mohamed aymen hassen amine salah hassen;02/2026
S83_D0013;Fastoch;Affes Hedi Khaled Affes;02/2026
S83_D0014;Styly App;Soumaya Sebai;02/2026
S83_D0015;ERPOptic;Akrimi IHEB mohamed amine saadaoui;02/2026
S83_D0016;Diyese-GEN;Adnen Selmi Zied Selmi;02/2026
S83_D0017;GALYLIO;Tajer Karim Wala Naghmouchi Haydar Boudhrioua;02/2026
S83_D0018;Hamo;Nawres Askri belhadj amir OMualeride mYa Bhyean MHomhaadmed Ala Din Habibi;02/2026
S83_D0019;WEFE TECH;Mounir Brik Wafa Helali Ons brik;02/2026
S83_D0020;Darli;Wajdi Hajji;02/2026
S83_D0021;Inlumya;Rayen Souissi;02/2026
S83_D0022;e-syndic;mohamed ghorbel Maher Ben Gaied;02/2026
S83_D0023;Tunisia Camp;Wael zahra Neji Khouja;02/2026
S83_D0024;Integrated Analysis and Decision Solution;Mohamed Hedi Jebara;02/2026
S83_D0025;Spovio;wael nouira mohamed khalil Askri;02/2026
S83_D0026;zitoun ai technology lab;houssem zitoun;02/2026
S83_D0027;Promoet;Adnene Marnissi Abdallah Lahbib JAMEL EDDINE EL MOUELHI;02/2026
S83_D0028;Sensei AI;Majed ELBOUR Youssef Baklouti;02/2026
S83_D0029;KweekTech;mohamed gassoumi Gannoun Ahmed;02/2026
S83_D0030;Tiejob;Mortadha El mehri Mojtabah Mehri MEHRI Adem Amine Mehri;02/2026
S83_D0031;Edutime;Guettat Sabeur Yessine Ben amor;02/2026
S83_D0032;ZIARA;Wakassi Badra FOUAD BATROUNI;02/2026
S83_D0033;LysiteK;Kawther MEKNI Marwa MEKNI Sohaib MEDINI;02/2026
S83_D0034;Casanova;mohamed Idriss Tamni Landolsi Sabrine Mohamed Amine Harbaoui;02/2026
S83_D0035;Padel Insights;mahdi jmal Adam Bouchaala;02/2026
S83_D0036;AutoSimix;yassine karaouli Rami Mazouzi;02/2026
S83_D0037;innovia360;slim zghal Momtez AYADI;02/2026
S83_D0038;Real Time Data Logger-RTDL;Mokhtar HARRABI Adam Ben Slama Mohamed Ameur BEN ABDESSALEM;02/2026
S83_D0039;The pointing graphical tablet;Mohamed Taibah Mohamed Kais A Ben Rhouma;02/2026
S84_D0001;DigiQuorum;Nawel Brahmi Sofiane MABROUK;03/2026
S84_D0002;WIDITION;Mériem Jaïdane Nader Mechergui Neska Elhaouij;03/2026
S84_D0003;LEGALYZ;Aymen El Kadhi Khalil Bessaad hassen noamen;03/2026
S84_D0004;Talent 619;Saifeddine Mgasseb bacha baha eddine;03/2026
S84_D0005;ComptaRise;karim Nouira Ines Ben khalifa;03/2026
S84_D0006;Wiser Design Technology Tunisia;MOHAMED MEHDI BACCOUCHE MOHAMED LOTFI DEROUICHE bilal cammoun;03/2026
S84_D0007;Pharma link;Omar Haffoudhi Hassen Hafoudhi Anis Hafoudhi Wafa Aouine;03/2026
S84_D0008;Fitories;Anas HAJLAOUI Sofiene Ben romdhane Sami sghaier;03/2026
S84_D0009;WattzHub Tunisie;Oumayma AMRI;03/2026
S84_D0010;CnBees;Jaouher Mghirbi Adel Ghorbel;03/2026
S84_D0011;TrinovaQ;Raef Ben Jeddou Hela Bouallegue;03/2026
S84_D0012;Cosmos;Iyed Gabsi mohamed dahmani;03/2026
S84_D0013;Foodieri;Sabrine Hammami Dina Mechergui Sabrine Golli;03/2026
S84_D0014;RASD - Risk Assessment & Security Dashboard;Houcem KOLSI;03/2026
S84_D0015;Optiflows;Jihed El Hak Bakalti Mohamed Aziz Ayadi;03/2026
S84_D0016;Drivi.tn;Mohamed Salah Ayari Mohamed Aissa MAAMER Med Ben aoun;03/2026
S84_D0017;Degla;Aziz Hanafi Ahmed Mohmedzain;03/2026
S84_D0018;Elbat7a.tn;Chiheb Chammem abdelaziz ben yahia Oussama Ben achour;03/2026
S84_D0019;B-CAR;Adnen Romdhane Siwar Hafian;03/2026
S84_D0020;N2VERSE;Nizar JLASSI Rym Sghaier;03/2026
S84_D0021;Confirmed;chahine elamri;03/2026
S84_D0022;Taniterra;Nadhem Chroudi;03/2026
S84_D0023;LoopImpact;Imed Hamdi;03/2026
S84_D0024;Vexylio Reg.;AHMED TARHOUNI TRABELSI;03/2026
S84_D0025;DigiTechBridge360;Kalai Mohamed Selim Gatti Anis Wahabi;03/2026
S84_D0026;Djanguil;Mehdi KHECHINE HAYTHEM BEN KAAB Hmida Ben Tili;03/2026
S84_D0027;DropWise Technologie;Souhail Daoued Moatez Chraiet Zouhaiera Abdaoui;03/2026
S84_D0028;Kiloklean;Yassine BELHEDI;03/2026
S84_D0029;NB PRODUCTS;Nesrine Ben Ali khouloud lazher;03/2026
S84_D0030;DataIndus;MOHAMED AZIZ BEN MAHMOUD;03/2026
S84_D0031;NexioT;Mefteh Wajdi Lilia Sfaxi Ben Nasr Nejib;03/2026
S84_D0032;xshop;Mounir Riahi;03/2026
S84_D0033;cantinou;Mohamed BOUHAMED;03/2026
S84_D0034;MindCura;dhia eddine ftiss Basma Souani Tayssir Ben Nehia;03/2026
S84_D0035;KindOfHero;Raouya Kriaa Chadi Ayari;03/2026
S84_D0036;Plantini;Mouhamed Wassim Mbarek Mouhamed Wassim Mbarek Hanine ABBES;03/2026
S84_D0037;SkySwift Medical;Kamel Djouaihia Kamel Djouaihia;03/2026
S84_D0038;Cure Care;Walid Jemaa Mohamed Dhaouafi Bechir Yacoubi Arafet Toubib;03/2026
S84_D0039;VLOX;Mouhamed Ben salah;03/2026
S84_D0040;Société DoYield Tunisie / Projet RevMate;Chedi Chaari Chedi Chaari Gaëtan Gil;03/2026
S84_D0041;Eggmed;Akram Azaiez;03/2026
S84_D0042;Flashbac;Mohamed Mouhib Meddeb Hazem Ben Saria;03/2026
S84_D0043;Fiel Medina;Mohamed Touati;03/2026
S84_D0044;Trip Hive;Ben thabet Mohamed Charfeddine Aziza Souaf Amir Rebhi Amira Hamden Nasri;03/2026
S85_D0001;Ecoshare;Hadda Jaouabi;04/2026
S85_D0002;MyLabSkills;KHEMAIS BEN MUSTAPHA firas khlil Seif Eddine Trabelsi Mondher KHELIFI Sabrine FKAIER;04/2026
S85_D0003;WiHelp;Mohamed Ghaith Welhezi;04/2026
S85_D0004;YesCodi;Oumaima Abidi Ahmed Chouihi;04/2026
S85_D0005;Chimie Verte;Mohamed Ali Megdich Ahmed cherif Issa Elloumi Nizar Bellakhal;04/2026
S85_D0006;PolstarAI;slim haj salah Ben Araar Mortadha Nour Daas;04/2026
S85_D0007;agri résilience;Moez DAKHLAOUI YESSER MREZGUA Sami Hedda;04/2026
S85_D0008;Chabaqa;wyssem neila louay rjili Mariem ben ali Yassine Aniba;04/2026
S85_D0009;EUKLYDIA;oumeima LAIFA;04/2026
S85_D0010;TransitTN;saber mekki;04/2026
S85_D0011;Qvision;Elyes Elbez;04/2026
S85_D0012;Houny;Bilel Chamkhi Rami BenDhia;04/2026
S85_D0013;Alhazen AI;Aymen Mejri Belgacem Bouallegue;04/2026
S85_D0014;Ask Tanit;Safa Jemli Ouni Sabri Rami Hdhili jihene ouled Seghaier;04/2026
S85_D0015;Roots Care Cubes;Asma Omri Bechir Bellasfar;04/2026
S85_D0016;moujib.com;Khalil Jedda;04/2026
S85_D0017;Twee Ai;sabri baccar Ahmed Jerbi Abdelmalek Abassisse;04/2026
S85_D0018;AL RAZI AI;slim soussia yahya soussia;04/2026
S85_D0019;Talent Verse;Bilel Bellili Skander Chelbi Samia Chelbi;04/2026
S85_D0020;société VISENIOUS SUARL;RAMZI JOGJOG;04/2026
S85_D0021;MedSyn;Malek Gharsallah Faouzi Nouira;04/2026
S85_D0022;Discounts;Mohamed Talel Torkhani;04/2026
S85_D0023;Hotelgenius.app;Oussema Bouaissi;04/2026
S85_D0024;eco green watering / eco xtreme;Oussama houcine;04/2026
S85_D0025;Tshopily;Malak Grami Chourouk Chaker;04/2026
S85_D0026;PARPECO;Karim trifi;04/2026
S85_D0027;DIGIMY;oueslati ahmed Houssem Wasleti;04/2026
S85_D0028;TUTLAYT TRANSLATIONS;Mustapha Bouarrouj Mustapha Bouarrouyj;04/2026
S85_D0029;Terraconnect;Ben Abdallah Taoufik Achref Jarray Khaled Hammami khalil mansour Nagati Mahmoud Jhinaoui Ariij Mohamed Ali Ben Abdallah;04/2026
S85_D0030;EcomEyes;Seifeddine Seghaier Hani Hamrouni;04/2026
S85_D0031;Omni Links;Ismail Ben Salah;04/2026
S85_D0032;SMARTCO;Bezzine Marwen;04/2026
S85_D0033;360TN;Riadh DJELASSI;04/2026
S85_D0034;FitoGramme;Mohamed Amine Toumi Yessine Bouaziz;04/2026
S85_D0035;Meta Health;Sami LOUKIL Ines Halouani;04/2026
S85_D0036;Noqlah;Habil Amri;04/2026
S85_D0037;SmartGEO;Wala Naghmouchi;04/2026
S85_D0038;Proovlab;Mohamed AZAOUZI Aziz Frikha Sana Boujaafar;04/2026
S85_D0039;History Connexion;Malek Ben yaghlane;04/2026
S85_D0040;Clubedge Digital Systems;Yassine Ahmed Fedi Khaled Mohamed hedi MAGHREBI Achraf HADRICH;04/2026
S85_D0041;COLEA AgriTech;Thaer Tafesh Matthias Würtenberger;04/2026
S85_D0042;Absher AI;Ghada Eladeb Yahya Samet Mohamed Hachicha Mohamed Regaya;04/2026
S86_D0001;AL idhafa;Gassoumi Faouzi Souhaiel Mnasri nourelhouda Abdellaoui;05/2026
S86_D0002;Ansab ب سنأ;omar hamza sfaxi Ayman Jemaa;05/2026
S86_D0003;Biopot;AMAL MEDHIOUB bilel kharrat;05/2026
S86_D0004;neptune.tn;mohamed amine trabelsi;05/2026
S86_D0005;Ontej;Mohamed Amine Ouchari;05/2026
S86_D0006;Brimind;ABDERRAHMEN BRINIS;05/2026
S86_D0007;Estateboost;Achref ksontini Hamza Ksontini Nadia Bellagha;05/2026
S86_D0008;OKGO;Farouk Mestiri Mouhib Daly Mariem Bouzekri;05/2026
S86_D0009;Sidekick4All ONETEEM Tunisia SUARL;Yassin Ben Naceur;05/2026
S86_D0010;Legatio Technologies;Mohamed amine samet;05/2026
S86_D0011;INOVENTIS;Eddaly Nassim Mohamed Youssef ZRIG Rania Fatnassi;05/2026
S86_D0012;PLATEFORME AUTOMOBILE INTELLIGENTE;Wassim Mallouli Marwa Maalej soufien kallel;05/2026
S86_D0013;Qodecheck;Imed Neifar;05/2026
S86_D0014;TaskWise AI;Yosr Brahim Mehdi Laourine;05/2026
S86_D0015;ThreeRust Engine;Aymen Kmama;05/2026
S86_D0016;Tunisie Freelance;slim skhab Nabila Toumi;05/2026
S86_D0017;cleanoov;soulaymen bayoudh ilef Sfar Ali Barhoumi;05/2026
S86_D0018;BAYYOU LABS;Salah SKANDER AYARI Wassim Maamouri;05/2026
S86_D0019;YuboKits;Saoud Ayoub amara iyed;05/2026
S86_D0020;BlueBox Labs;Seifollah Hadrich Rihab Ben Ameur;05/2026
S86_D0021;kounfit;ben hajji zakaria;05/2026
S86_D0022;MOSOFTY;Mohamed Kefi;05/2026
S86_D0023;Komein;Oussema Attia fares ben hmida Mauadh Bachtobji;05/2026
S86_D0024;CorHexia;Ahmed Bannour baha benchaabane;05/2026
S86_D0025;Workior;Maroua Mejbri Bedi MEJBRI Ghazi Mejbri Mohamed Malek Mejbri;05/2026
S86_D0026;LeaCall;Oumayma Jouini Nidhal Amara farah houssem;05/2026
S86_D0027;SIROCCO (Jobinterview.live);Omar CHERIF;05/2026
S86_D0028;Mariage TN;Sanaa Wajdi;05/2026
S86_D0029;Farness;Atef Ahmadi Mourad Boussaid;05/2026
S86_D0030;Revisplus;achraf ben jebara Emna Ghariani;05/2026
S86_D0031;Playfast;Ibrahim Goddi;05/2026
S86_D0032;DossiMed;Yasmine BOUDHINA;05/2026
S86_D0033;ALCURA;Abdelnacer BOUTABBA amel zahlila;05/2026
S86_D0034;Twelev8;Hatem Chabchoub;05/2026
S86_D0035;Tadbir AI;Hamdi KHADHRAOUi;05/2026
S86_D0035;Tadbir AI;O umayma Allouch;05/2026
S86_D0035;Tadbir AI;Olfa;05/2026
S86_D0035;Tadbir AI;Jrad;05/2026
S86_D0035;Tadbir AI;Akrem Khadhraoui;05/2026
S86_D0036;Qubit Labs Tunis;Marouane Salhi;05/2026
S86_D0036;Qubit Labs Tunis;Hatem Eldakhakhni;05/2026
S86_D0037;PARPECO;Karim trifi;05/2026
S86_D0038;Yes-Sir;FEDI SOUILEM;05/2026
S86_D0039;Freshk;Mohamed aziz;05/2026
S86_D0039;Freshk;Hlaoua zied;05/2026
S86_D0039;Freshk;harzallah Rayane Ben abdelhalid;05/2026
S86_D0039;Freshk;Boua ziz Wissem;05/2026
S87_D0001;Dourou;Omar Maghraoui;06/2026
S87_D0002;Athletika;Jihed Bousnina;06/2026
S87_D0003;SANEOB;Mouna Boussetta;06/2026
S87_D0004;DrugIT;Koussai Salem Nejla Stambouli Mohamed Aziz Elhif Jawher Khalifa roua ben braiek amel chaoueli Yasmine Ben Ghali samar hasnaoui maher mahoumdi haythem mami souha jelassi amir ben hassine;06/2026
S87_D0005;M2P INNOVATION;Mehdi Ben Younes Ahmad Mohammad Awad Abu Fares Feras Alkhiami;06/2026
S87_D0006;Drive N Go Mobile Car Solutions;Jihene Ben Nasser Abdallah Ben Zribia;06/2026
S87_D0007;IFBW;Fathi Houaichine Lionel HAMMAN;06/2026
S87_D0008;MedCalc;Mohamed Aziz Rouis;06/2026
S87_D0009;montransporteur;Karim Gharbi;06/2026
S87_D0010;BeanBack;Jaouher Ben Ali;06/2026
S87_D0011;Imperia AI;Ahmed Mkacher Selmi Khalil Yassin Manita;06/2026
S87_D0012;Ktebi Ktebek;Mohamed Boumaiza;06/2026
S87_D0013;Fouteta;abdelaziz belhadjhassine;06/2026
S87_D0014;CLEVERSCHED;Zoubaier Bouajaja;06/2026
S87_D0015;Barakeat;Yassine Zaghouani Youssef Chebil;06/2026
S87_D0016;Nexæra AI;Jihed Raissi Mariem Djobbi;06/2026
S87_D0017;Chaima Création;Chaima MBARKI;06/2026
S87_D0018;Rinpen;khaoula Ben Ahmed Hamdi Rebhi Mohamed Hmidi Mohamed Aziz AGUILI Zeyneb Ibrahim;06/2026
S87_D0019;MediSync;Kaouther Farhaoui Riadh ELEUCHI;06/2026
S87_D0020;SAVE YOUR ENERGY;Amine Derbel;06/2026
S87_D0021;Integrated Robotics & Intelligent Systems (IRIS);Foued Elkamel;06/2026
S87_D0022;BE THE BOSS ACADEMY;Wahida Labidi Houssem CHARFI;06/2026
S87_D0023;Tundata;Haydar Boudhrioua KARIM TEJER;06/2026
S87_D0024;Kruzr;houssem eddin hamdi;06/2026
S87_D0025;OrdoScope;Ali Ben Brahim Hazem JDAY;06/2026
S87_D0026;ARTCHAD;Chadha Driss;06/2026
S87_D0027;smartbook.tn;azizi dhafer Nidhal Azizi;06/2026
S87_D0028;CARBOLIA;Mohamed Najeh ISSAOUI Ahmed CHAOUCHI;06/2026
S87_D0029;Tikana;Sana Elfaleh Sahbi KHALFALLAH;06/2026
S87_D0030;Pixelgate studio;elyes chater Amira Cheniour azer echeikh;06/2026
S87_D0031;Verdolive;ghanem iheb;06/2026
S87_D0032;ConneXtream;Salwa Makni Ghassen Latrach;06/2026
S87_D0033;Semsem;Karim Tounsi Yasmine AMARA Kais Tounsi;06/2026
S87_D0034;ShadowTwin;Mohamed Amin Ben Said;06/2026
S87_D0035;Medify VR;Abdelaziz Ayed;06/2026
S87_D0036;DEVENCE LAB;Rami jaouadi Jaouadi Iheb;06/2026
S87_D0037;Xapp;Youssef Fessi;06/2026
S87_D0038;GP9;Mohsen Zarrouk;06/2026
S87_D0039;ONETEEM TUNISIA SUARL;Yassin Ben Naceur;06/2026
S87_D0040;Optiflows Technologies;Jihed El Hak Bakalti Mohamed Aziz Ayadi;06/2026
S87_D0041;TALENTO NETWORK;Ghazi Smach;06/2026
S87_D0042;YesCodi;Oumaima Abidi Ahmed Chouihi;06/2026
S19_D0001;Fidelicia;Tommy Piedbois;10/2020
S19_D0002;Qartaj;Moncef Ben Rajeb;10/2020
S19_D0002;Qartaj;Yahyaoui Faouzi;10/2020
S19_D0003;Animadop;khalil ben said;10/2020
S19_D0003;Animadop;Fatma Essafi;10/2020
S19_D0004;EATISY;Walid Baltagi;10/2020
S19_D0004;EATISY;Hamed Baltagi;10/2020
S19_D0004;EATISY;Chekib Chakroun;10/2020
S19_D0004;EATISY;Chedi Chakroun;10/2020
S19_D0005;NG Technologies;Moez Ben Mbarka;10/2020
S19_D0005;NG Technologies;Mohamed Ali Tarhouni;10/2020
S19_D0005;NG Technologies;Khadija Ferjani;10/2020
S19_D0006;LES SOUKS.COM SARL;Nour El Houda Kaouach;10/2020
S19_D0006;LES SOUKS.COM SARL;Hichem Mathlouthi;10/2020
S19_D0007;Knowledge and Business Intelligence Integration;Zina Douar;10/2020
S19_D0007;Knowledge and Business Intelligence Integration;Brahim Douar;10/2020
S19_D0008;Toumi Electronics;Ali Toumi;10/2020
S19_D0009;Caprigène Impact Investing;Mongi Kaddoussi;10/2020
S19_D0010;Marhba.tn Experiences;Farouk Oueslati;10/2020
S19_D0010;Marhba.tn Experiences;Dorsaf Touil;10/2020
S19_D0011;Fantastic Mall;Mohamed Torkhani;10/2020
S19_D0011;Fantastic Mall;Talel Mouaada;10/2020
S19_D0011;Fantastic Mall;Mohamed El kamel;10/2020
S19_D0011;Fantastic Mall;Saber Ben Ahmed;10/2020
S19_D0011;Fantastic Mall;Sahbi Ben Fredj;10/2020
S19_D0012;E W;Mohamed Baazaoui;10/2020
S19_D0013;Creometry;Mounir Ghlaiel;10/2020
S19_D0013;Creometry;Aymen El Amri;10/2020
S19_D0014;Liberrex;Achraf Ammar;10/2020
S19_D0015;بﺎﺗﻛ ﺔﻠﺣر Journey;Houssem Baaka;10/2020
S19_D0015;بﺎﺗﻛ ﺔﻠﺣر Journey;Aya Achour;10/2020
S19_D0015;بﺎﺗﻛ ﺔﻠﺣر Journey;Bilal Nsib;10/2020
S19_D0016;Keto Life Style;Yesmine Ben Ameur;10/2020
S19_D0016;Keto Life Style;Mohamed Ali Rekik;10/2020
S19_D0017;ECG Lab;Hatem Rabeh;10/2020
S19_D0017;ECG Lab;Adel Fardi;10/2020
S19_D0017;ECG Lab;Ayoub Belfekih;10/2020
S19_D0018;VIRGIN;Ahmed Aziz Chaker;10/2020
S19_D0018;VIRGIN;Mourad CHAKER;10/2020
S19_D0019;international business space;Ghada Sayeh Cherif;10/2020
S19_D0019;international business space;Foued Cherif;10/2020
S19_D0020;DIGIWAY SOLUTIONS;Malek Othmane;10/2020
S19_D0020;DIGIWAY SOLUTIONS;Houssem Lahbacha;10/2020
S19_D0021;INTERNATIONAL COACH START-UP;Imen Jabri;10/2020
S19_D0021;INTERNATIONAL COACH START-UP;Bilel Amdouni;10/2020
S19_D0021;INTERNATIONAL COACH START-UP;Neceur Kaleche;10/2020
S19_D0022;eStores Factory;Radhouane Farhat;10/2020
S19_D0022;eStores Factory;Hatem Ammar;10/2020
S19_D0022;eStores Factory;Ahmed Khlif;10/2020
S19_D0023;ibtikar;Tawfik Twil;10/2020
S19_D0023;ibtikar;Fatma Twil;10/2020
S19_D0024;EXPLOIT CONSULT;Hichem Sfayhi;10/2020
S19_D0025;Classroom;Yousser Boulifa;10/2020
S19_D0026;prognet;Chaima Ishak;10/2020
S19_D0027;Elastic-Solutions;Abdelmonam Kouka;10/2020
S19_D0027;Elastic-Solutions;Ayed Akrout;10/2020
S19_D0028;EVENT-TECH 3D;Maher Sassi;10/2020
S19_D0028;EVENT-TECH 3D;Chams Chouchene;10/2020
S19_D0029;GestiOs;Amani Ghezal;10/2020
S19_D0030;9dhaya.tn;Hatem Haj Mefteh;10/2020
S19_D0030;9dhaya.tn;Sami Ben arfa;10/2020
S19_D0031;Business Medical Revolution;Haykel Beji;10/2020
S19_D0032;FUGLAB;Belgacem Negrini;10/2020
S19_D0033;www.Legalup.tn;Khaled Sfar;10/2020
S19_D0033;www.Legalup.tn;Hsan Trabelsi;10/2020
S19_D0034;ReserviTounsi;Mourad Sahloul;10/2020
S19_D0034;ReserviTounsi;Ramez Zormati;10/2020
S19_D0034;ReserviTounsi;Heni S'himi;10/2020
S19_D0035;La Moudha.tn;Adam Boulila;10/2020
S19_D0035;La Moudha.tn;Cyrine Bel Haj Khalifa;10/2020
S19_D0035;La Moudha.tn;Hamdi Abidi;10/2020
S19_D0036;forsaty;Mohamed slimeni;10/2020
S19_D0036;forsaty;Lobna Dhaou;10/2020
S19_D0037;StockPad;Mechria Rafik;10/2020
S19_D0038;ELECTRICITY B2B;Ghazi Chebbi;10/2020
S19_D0039;FlahaTek;Marwa Fersi;10/2020
S19_D0039;FlahaTek;Sawssen Bouguerra;10/2020
S19_D0040;PLEXUS;Kirmene Marzouki;10/2020
S19_D0040;PLEXUS;Sarah Ben Slimene;10/2020
S19_D0040;PLEXUS;Hedia Kochkar;10/2020
S19_D0041;Tunisia-cryptomonnaies;Ghanem Feki;10/2020
S19_D0041;Tunisia-cryptomonnaies;Marwa Ksibi;10/2020
S19_D0041;Tunisia-cryptomonnaies;Dhia Rekik;10/2020
S19_D0042;Tynass information technologie;Karim Hermi;10/2020
S19_D0042;Tynass information technologie;Samy Ben Chaalia;10/2020
S19_D0042;Tynass information technologie;khalil Ben Ali;10/2020
S19_D0043;PEPOLLS;Omar Bouattay;10/2020
S19_D0043;PEPOLLS;Jihed Rahmouni;10/2020
S19_D0043;PEPOLLS;Jihen Rahmouni;10/2020
S19_D0044;DariDar Corporation;Taha Khaled;10/2020
S19_D0044;DariDar Corporation;Chamseddine Bouhouch;10/2020
S19_D0045;Robo Care;Imen Hbiri;10/2020
S19_D0045;Robo Care;Abdelaziz Kallel;10/2020
S19_D0046;Amonak;Jean Philippe Kokora;10/2020
S19_D0046;Amonak;Joseph Adai;10/2020
S19_D0047;"AREV ""Makhbazti Digitale""";Marwen Khemis;10/2020
S19_D0048;Fasteas technology;Kais Ben Ayed;10/2020
S19_D0048;Fasteas technology;Meriem El May;10/2020
S19_D0049;ilboursa.com / Société African Web Company;Ismail Ben Sassi;10/2020
S19_D0049;ilboursa.com / Société African Web Company;Rodolphe Villaes;10/2020
S19_D0049;ilboursa.com / Société African Web Company;Omar El Oudi;10/2020
S19_D0049;ilboursa.com / Société African Web Company;Kouakou Dankoua Agree;10/2020
