id;nom;nom_normalise
2553;Aamira Ben Aamira;aamira ben aamira
2379;Abbassi Ahdi;abbassi ahdi
1390;Abbes Mseddi;abbes mseddi
1031;Abd El Aziz Trabelsi;abd el aziz trabelsi
3370;Abd Razek Dhaouadi;abd razek dhaouadi
3987;Abdallah Ben jamaa;abdallah ben jamaa
4030;Abdallah Lahbib;abdallah lahbib
2952;Abdallah Raies;abdallah raies
1855;Abdel Baset Mrabet;abdel baset mrabet
887;Abdel Karim Ben Abdel Malek;abdel karim ben abdel malek
3128;Abdelaziz Ayed;abdelaziz ayed
87;Abdelaziz Bahri;abdelaziz bahri
657;Abdelaziz Ben Chaabane;abdelaziz ben chaabane
3900;Abdelaziz BEN MAHMOUD;abdelaziz ben mahmoud
3052;Abdelaziz Ben Othman;abdelaziz ben othman
4084;abdelaziz ben yahia;abdelaziz ben yahia
565;Abdelaziz Kallel;abdelaziz kallel
154;Abdelaziz Ktari;abdelaziz ktari
1700;Abdelaziz Sifaoui;abdelaziz sifaoui
496;Abdelbari Ben Yagouta;abdelbari ben yagouta
1758;Abdelbasset Ben Hnia;abdelbasset ben hnia
2997;Abdelbasset Dhrif;abdelbasset dhrif
1255;Abdelfattah Lahbib;abdelfattah lahbib
2590;Abdelghani Adnane;abdelghani adnane
3312;Abdelhak Loukkal;abdelhak loukkal
3639;Abdelhakim Haddad;abdelhakim haddad
2587;Abdelhakim Jamaaoui;abdelhakim jamaaoui
3681;Abdelhalim Alahoum;abdelhalim alahoum
2120;Abdelhalim Rafrafi;abdelhalim rafrafi
1299;Abdelhalim Zaibi;abdelhalim zaibi
264;Abdelhamid Boukhari;abdelhamid boukhari
3197;Abdelhamid Chaoua;abdelhamid chaoua
1256;Abdelhamid Guinoubi;abdelhamid guinoubi
171;Abdelhamid Kerkeni;abdelhamid kerkeni
638;Abdelhay Najjar;abdelhay najjar
468;Abdeljalil Ghattas;abdeljalil ghattas
1608;Abdeljalil Trabelsi;abdeljalil trabelsi
1240;Abdeljelil Lazaar;abdeljelil lazaar
3244;Abdelkader Ben khalifa;abdelkader ben khalifa
2319;Abdelkader Boussetta;abdelkader boussetta
1342;Abdelkader Mahmoud;abdelkader mahmoud
539;Abdelkader Slama;abdelkader slama
389;Abdelkarim Feddal;abdelkarim feddal
3299;Abdelkarim Friaa;abdelkarim friaa
3293;Abdelkarim Mars;abdelkarim mars
1512;Abdelkarim Rahal;abdelkarim rahal
965;Abdellatif Najjar;abdellatif najjar
3411;Abdellatif Saada;abdellatif saada
1474;Abdellaziz Boujbel;abdellaziz boujbel
56;Abdelmajid Mathlouthi;abdelmajid mathlouthi
877;Abdelmonam Kouka;abdelmonam kouka
1808;Abdelmonem Tlili;abdelmonem tlili
608;Abdelrahman Ferchichi;abdelrahman ferchichi
263;Abdelrahman Ghariani;abdelrahman ghariani
2502;Abdelrahman Nasser;abdelrahman nasser
393;Abdelrahmen Ghariani;abdelrahmen ghariani
2817;Abdelwafi Jennayeh;abdelwafi jennayeh
95;Abderahmen Mahmoudi;abderahmen mahmoudi
2610;Abderrahim Gdah;abderrahim gdah
3683;Abderrahman Jalled;abderrahman jalled
3930;abderrahmen abdelkabir;abderrahmen abdelkabir
811;Abderrahmen Ben Gdara;abderrahmen ben gdara
3468;Abderrahmen Feki;abderrahmen feki
3320;Abderrahmen Kriaa;abderrahmen kriaa
1776;Abderraouf Achouch;abderraouf achouch
2729;Abderrazak Hakim;abderrazak hakim
2213;Abdessalem Barkia;abdessalem barkia
1900;Abdesslem Bhouri khila;abdesslem bhouri khila
3334;Abdlkerim Haddad;abdlkerim haddad
2353;Abed Helmi Abed;abed helmi abed
3010;Abed Issam;abed issam
2336;Abeidi Slim;abeidi slim
1768;Aberraouf Terres;aberraouf terres
1692;Abid Khouloud;abid khouloud
3307;Abidi Mongi;abidi mongi
1408;Abir Barket;abir barket
526;Abir Ben Achour;abir ben achour
1753;Abir Ben Arbia;abir ben arbia
2712;Abir Ben ArbiaAnis Ben;abir ben arbiaanis ben
3849;Abir Ben Khalifa;abir ben khalifa
3794;Abir Daoud;abir daoud
501;Abir Fares;abir fares
1666;Abir Labidi;abir labidi
2439;Abir Mahouchi;abir mahouchi
1228;Abir Mkawar;abir mkawar
2284;Aboud Fatma;aboud fatma
2525;Achouri Iyadh;achouri iyadh
852;Achraf Ammar;achraf ammar
883;Achraf Aouadi;achraf aouadi
2578;Achraf Ben Hiba;achraf ben hiba
3881;Achraf Ben Soltane;achraf ben soltane
2788;Achraf Bleili;achraf bleili
1594;Achraf Chabbouh;achraf chabbouh
3844;Achraf GHARSALLI;achraf gharsalli
724;Achraf Guidara;achraf guidara
3694;Achraf HADRICH;achraf hadrich
55;Achraf Jamli;achraf jamli
2957;Achraf Kacem;achraf kacem
3853;Achraf Karoui;achraf karoui
3753;Achraf Kchaou;achraf kchaou
3539;Achraf Khelil;achraf khelil
1049;Achraf Msakni;achraf msakni
823;Achraf Othman;achraf othman
2524;Achraf Sekri;achraf sekri
1247;Achraf Zorgati;achraf zorgati
3825;achref ayari;achref ayari
3327;Achref Baklouti;achref baklouti
2124;Achref Bejaoui;achref bejaoui
173;Achref Ben Ouannes;achref ben ouannes
3502;Achref Chafter;achref chafter
459;Achref Chouchene;achref chouchene
452;Achref Dawahi;achref dawahi
3878;Achref ESSEFI;achref essefi
789;Achref Hayouni;achref hayouni
2094;Achref Ksontini;achref ksontini
3435;Achref Ktita;achref ktita
318;Achref Mabrouk;achref mabrouk
430;Achref Mattar;achref mattar
2977;Achref Mejri;achref mejri
390;Achref Riahi;achref riahi
2539;Achref Rmili;achref rmili
1659;Achref Sayadi;achref sayadi
561;Adam Abdelmoula;adam abdelmoula
3858;Adam Ben Slama;adam ben slama
2188;Adam Bouchaala;adam bouchaala
1302;Adam Boulila;adam boulila
80;Adam Chebbi;adam chebbi
329;Adam Jabeur;adam jabeur
2576;Adam Louhichi;adam louhichi
1492;Adam Marzouki;adam marzouki
1961;Adel Askri;adel askri
327;Adel Ayari;adel ayari
581;Adel Ben Merteh;adel ben merteh
3009;Adel Ben Salem;adel ben salem
3799;Adel BRAHAM;adel braham
859;Adel Fardi;adel fardi
4071;Adel Ghorbel;adel ghorbel
140;Adel Jenni;adel jenni
269;Adel Jeridi;adel jeridi
3383;Adel Kmiha;adel kmiha
2069;Adel Loussaief;adel loussaief
3306;Adel Trabelsi;adel trabelsi
1032;Adem Abidi;adem abidi
3569;Adem Bouatay;adem bouatay
2498;Adem Kboubi;adem kboubi
2595;Adem Kboubi Mohamed Melki;adem kboubi mohamed melki
2505;Adem Mehri;adem mehri
3897;adem seddik;adem seddik
2247;Adnane Abdelghani;adnane abdelghani
3285;Adnane Kacem;adnane kacem
3552;Adnen Mrad;adnen mrad
4086;Adnen Romdhane;adnen romdhane
1518;Adnen Saadaoui;adnen saadaoui
4006;Adnen Selmi;adnen selmi
1519;Adnen Somai;adnen somai
3567;Adnène Bouderbala;adnene bouderbala
2641;Adnene Kammoun;adnene kammoun
1665;Adnene Labidi;adnene labidi
4029;Adnene Marnissi;adnene marnissi
3218;Adnene Rezgui;adnene rezgui
3616;afef Akremi;afef akremi
1982;Afef Belhadj;afef belhadj
161;Afef Bohli;afef bohli
1940;Afef Bouazizi;afef bouazizi
1428;Afef Letaief;afef letaief
2229;Afef Majdoub;afef majdoub
1227;Afef Mkaoure;afef mkaoure
3365;Afef Othman;afef othman
3726;AFFES BILEL;affes bilel
4001;Affes Hedi;affes hedi
3295;Affi Khouloud;affi khouloud
768;Afia Tech Laith Glissa;afia tech laith glissa
693;Ahdi Hidri;ahdi hidri
3418;Ahlem Ammar;ahlem ammar
2131;Ahlem Bouchahda;ahlem bouchahda
935;Ahmad Abd Arrahman;ahmad abd arrahman
3441;Ahmad Choucheni;ahmad choucheni
583;Ahmed Abassi;ahmed abassi
518;Ahmed Abdarrahman;ahmed abdarrahman
3122;Ahmed Abid;ahmed abid
174;Ahmed Adala Ahmed Ben Zineb;ahmed adala ahmed ben zineb
1747;Ahmed Aloulou;ahmed aloulou
3206;Ahmed Amine Ben Doudou;ahmed amine ben doudou
3811;ahmed amine kamoun;ahmed amine kamoun
333;Ahmed Aouiti;ahmed aouiti
186;Ahmed Ayadi;ahmed ayadi
2625;Ahmed Azer Ghimeji;ahmed azer ghimeji
861;Ahmed Aziz Chaker;ahmed aziz chaker
1837;Ahmed Baccouch;ahmed baccouch
959;Ahmed Badaoui;ahmed badaoui
2281;Ahmed Bahaeddine Abdelwahed;ahmed bahaeddine abdelwahed
1453;Ahmed Battikh;ahmed battikh
1069;Ahmed Becha;ahmed becha
2937;Ahmed Bechir Mezhoud;ahmed bechir mezhoud
3741;Ahmed Ben Aissa;ahmed ben aissa
1906;Ahmed Ben Ali;ahmed ben ali
2789;Ahmed Ben Attia;ahmed ben attia
2382;Ahmed Ben Bouzid;ahmed ben bouzid
83;Ahmed Ben Hamida;ahmed ben hamida
442;Ahmed Ben Hamouda;ahmed ben hamouda
2438;Ahmed Ben Hassana;ahmed ben hassana
230;Ahmed Ben Hssouna;ahmed ben hssouna
3374;Ahmed Ben Issia;ahmed ben issia
1300;Ahmed Ben Mahmoud;ahmed ben mahmoud
2196;Ahmed Ben Othman;ahmed ben othman
249;Ahmed Ben Said;ahmed ben said
3421;Ahmed Ben Salha;ahmed ben salha
1150;Ahmed Ben Yedder;ahmed ben yedder
2766;Ahmed Berred;ahmed berred
3275;Ahmed Besrour;ahmed besrour
2493;Ahmed Bouassida;ahmed bouassida
2444;Ahmed Boufahja;ahmed boufahja
332;Ahmed Chaari;ahmed chaari
1784;Ahmed Chabchoub;ahmed chabchoub
2179;Ahmed Cheikhrouhou;ahmed cheikhrouhou
441;Ahmed Cheriha;ahmed cheriha
305;Ahmed Chlagou;ahmed chlagou
2330;Ahmed Dhaouafi;ahmed dhaouafi
388;Ahmed Dridi;ahmed dridi
955;Ahmed Elmi;ahmed elmi
1257;Ahmed Ettoumi;ahmed ettoumi
1843;Ahmed Ferchichi;ahmed ferchichi
980;Ahmed Ferjani;ahmed ferjani
429;Ahmed Fessi;ahmed fessi
1376;Ahmed Gammoudi;ahmed gammoudi
3697;Ahmed Gargouri;ahmed gargouri
540;Ahmed Gharbi;ahmed gharbi
3554;Ahmed Ghazi BLAIECH;ahmed ghazi blaiech
2404;Ahmed Gouiaa;ahmed gouiaa
2465;Ahmed Hamouda;ahmed hamouda
3404;Ahmed Hedi;ahmed hedi
1668;Ahmed Ismail Azzabi;ahmed ismail azzabi
3213;Ahmed Jedidi;ahmed jedidi
2617;Ahmed Jedidi Yadh Khalfallah;ahmed jedidi yadh khalfallah
1581;Ahmed Jemaa;ahmed jemaa
1551;Ahmed Jlassi;ahmed jlassi
204;Ahmed Khalil Abdelkhalek;ahmed khalil abdelkhalek
871;Ahmed Khlif;ahmed khlif
1588;Ahmed Laamouchi;ahmed laamouchi
778;Ahmed Lachheb Lahlaoui;ahmed lachheb lahlaoui
2974;Ahmed Lachtar;ahmed lachtar
3917;Ahmed LIMAM;ahmed limam
1177;Ahmed Liouene;ahmed liouene
1357;Ahmed Maalej;ahmed maalej
1742;Ahmed Mahouachi;ahmed mahouachi
1740;Ahmed Malek;ahmed malek
3205;Ahmed Mayara;ahmed mayara
2928;Ahmed Méchergui;ahmed mechergui
2734;Ahmed Mghaieth;ahmed mghaieth
2791;Ahmed Missaoui;ahmed missaoui
574;Ahmed Mnasri;ahmed mnasri
4082;Ahmed Mohmedzain;ahmed mohmedzain
684;Ahmed Mrabet;ahmed mrabet
11;Ahmed Nabli;ahmed nabli
1504;Ahmed Najjar;ahmed najjar
455;Ahmed Nemlaghi;ahmed nemlaghi
2437;Ahmed Nizar Kalai;ahmed nizar kalai
289;Ahmed Nsiri;ahmed nsiri
1491;Ahmed Omar Miladi;ahmed omar miladi
3846;Ahmed RIZA;ahmed riza
85;Ahmed Rouetbi;ahmed rouetbi
1693;Ahmed Sahab;ahmed sahab
1387;Ahmed Sahli;ahmed sahli
2818;Ahmed Sahraoui;ahmed sahraoui
669;Ahmed Salah;ahmed salah
2486;Ahmed Sami Meksi;ahmed sami meksi
3134;Ahmed Selmi;ahmed selmi
1752;Ahmed Sghir;ahmed sghir
4093;AHMED TARHOUNI TRABELSI;ahmed tarhouni trabelsi
3852;ahmed walha;ahmed walha
3193;Ahmed Welhezi;ahmed welhezi
1261;Ahmed Yassine Bensalem;ahmed yassine bensalem
3083;Ahmed Yassine Chouk;ahmed yassine chouk
3711;Ahmed Zahaf;ahmed zahaf
784;Ahmed Zoghlami;ahmed zoghlami
1640;Aicha Debaieb;aicha debaieb
2939;Aicha Farah Souelmi;aicha farah souelmi
2211;Aicha Zahou;aicha zahou
54;Aida Rafrafi;aida rafrafi
1472;Aissa Boulila;aissa boulila
2571;Ajmi ouerchfani;ajmi ouerchfani
702;Akermi Abdekhalek;akermi abdekhalek
3429;Akram Azaiez;akram azaiez
1365;Akram Bouslama;akram bouslama
1498;Akram Bsila;akram bsila
907;Akram Mrad;akram mrad
2934;Akram Rekik;akram rekik
1229;Akrem Belguith;akrem belguith
3779;Akrem Khadhraoui;akrem khadhraoui
4004;Akrimi IHEB;akrimi iheb
3279;Al Kallel;al kallel
3971;ala Akrichi;ala akrichi
3864;Ala Ben Aicha;ala ben aicha
1893;Ala Ben Hassen;ala ben hassen
3166;Ala cherni;ala cherni
4014;Ala Din Habibi;ala din habibi
2652;Ala Eddine Dhaouafi;ala eddine dhaouafi
1361;Ala Eddine Hassen;ala eddine hassen
2877;Ala Eddine Hsairi;ala eddine hsairi
3124;Ala Eddine Khouja;ala eddine khouja
2016;Ala Eddine Maatoug;ala eddine maatoug
2489;Ala Guezzi;ala guezzi
2906;Ala Larbi;ala larbi
1955;Ala Touati;ala touati
2165;Ala Zrafi;ala zrafi
3627;Alaa Adouni;alaa adouni
3563;Alaa BEN SAID;alaa ben said
2469;Alaa Bouajila;alaa bouajila
1739;Alaa Boukhchina;alaa boukhchina
1072;Alaa Chaibi;alaa chaibi
1394;Alaa edinee Ben Mbarek;alaa edinee ben mbarek
514;Alaa Guidara;alaa guidara
2885;Alaa Maaoui;alaa maaoui
280;Alaa Mokrani;alaa mokrani
2875;Alaa Sebai;alaa sebai
971;Alaa Souid;alaa souid
1187;Aladin Khantouch;aladin khantouch
1777;Alaeddine Abidi;alaeddine abidi
3876;Alaeddine BOUHJAR;alaeddine bouhjar
419;Alaeddine Jalel;alaeddine jalel
594;Alaeddine Jedda;alaeddine jedda
560;Alaeddine Jrad;alaeddine jrad
3077;Alaeddine Nasri;alaeddine nasri
184;Alexandre Borodich;alexandre borodich
993;Alexandre Cour;alexandre cour
1954;Ali Abdallah;ali abdallah
222;Ali ABid;ali abid
3891;Ali Ahmed khaled;ali ahmed khaled
792;Ali Ajili;ali ajili
2317;Ali Amamou;ali amamou
1888;Ali Ayari;ali ayari
1192;Ali Babbou;ali babbou
3170;Ali Baroudi;ali baroudi
2232;Ali Ben Mohamed;ali ben mohamed
2883;Ali Benmohamed;ali benmohamed
575;Ali Benzaied;ali benzaied
901;Ali Boukhachem;ali boukhachem
3708;Ali Boukhris;ali boukhris
39;Ali Boulila;ali boulila
59;Ali Bouslama;ali bouslama
545;Ali Bouslimi;ali bouslimi
3296;Ali Dahmani;ali dahmani
2329;Ali Dhaouafi;ali dhaouafi
1450;Ali Frad;ali frad
1920;Ali Gaigi;ali gaigi
3476;Ali Hamouda;ali hamouda
2555;Ali Ibn Ammar;ali ibn ammar
2618;Ali Jedidi;ali jedidi
356;Ali Jhimi;ali jhimi
780;Ali Karray;ali karray
1160;Ali Khelifi;ali khelifi
1712;Ali Koubaa;ali koubaa
1924;Ali Mehrez;ali mehrez
1822;Ali Mekni;ali mekni
3960;Ali Nahdi;ali nahdi
2542;Ali Nakti;ali nakti
3571;Ali Nasr;ali nasr
781;Ali Safsafi;ali safsafi
308;Ali Saidi;ali saidi
647;Ali Sakka;ali sakka
843;Ali Toumi;ali toumi
2270;Alia Belkaid;alia belkaid
998;Alia Belkhodja;alia belkhodja
1895;Alia Sabah;alia sabah
2508;Amal Abdelkafi;amal abdelkafi
3008;Amal Aoun;amal aoun
3848;Amal Araoud;amal araoud
602;Amal Bououd;amal bououd
3363;Amal Chebbi;amal chebbi
1211;Amal Cherif;amal cherif
2860;Amal Hammouda;amal hammouda
3179;Amal Hemdana;amal hemdana
2037;Amal khémira;amal khemira
3657;Amal Louati;amal louati
479;Amal Selami;amal selami
478;Amal Torkhani;amal torkhani
617;Amani Abid;amani abid
2984;Amani Bacha;amani bacha
1149;Amani Bettaieb;amani bettaieb
3770;Amani CHATTI;amani chatti
2740;Amani ChattiMahmoud;amani chattimahmoud
3752;AMANI GHEZAL;amani ghezal
2356;Amani khalfaoui;amani khalfaoui
3216;Amani Kolsi;amani kolsi
1911;Amany Hamdany;amany hamdany
3232;Amara Amaouz;amara amaouz
3656;Amari Aida;amari aida
1595;Amel Aloulou;amel aloulou
2257;Amel Amamou;amel amamou
2082;Amel Barbou;amel barbou
2205;Amel Ben Ammar Elgaïed;amel ben ammar elgaied
68;Amel Besbes;amel besbes
3835;Amel Jebali;amel jebali
3303;Amel Ouechtati;amel ouechtati
1310;Amel Saif Ennasser;amel saif ennasser
345;Amel Torkhani;amel torkhani
2998;Amel Trabelsi;amel trabelsi
1391;Amelle Homrani;amelle homrani
1065;Amen Allah Dahmani;amen allah dahmani
3875;Amen Allah El Hechi;amen allah el hechi
3750;amen allah fraj;amen allah fraj
315;Amen Allah Missaoui;amen allah missaoui
600;Amen Allah Souli;amen allah souli
543;Amen Ben Mlouka;amen ben mlouka
1130;Amen Eddine Mili;amen eddine mili
2581;Amen Mili;amen mili
619;Ameni Ben Hmida;ameni ben hmida
1311;Ameni Jebahi;ameni jebahi
3619;Ameni Kabboudi;ameni kabboudi
10;Ameni Mansouri;ameni mansouri
3792;Ameni Teka;ameni teka
797;Ameur Baccoucha;ameur baccoucha
3012;Amin Kallel;amin kallel
2301;Amina Chouchane;amina chouchane
1869;Amina Garbouj;amina garbouj
3350;Amina Mseddi;amina mseddi
2298;Amine Abdennour;amine abdennour
219;Amine Allah Manai;amine allah manai
1934;Amine Angliz;amine angliz
1695;Amine Belkacem;amine belkacem
625;Amine Ben Abdallah;amine ben abdallah
2640;Amine Ben Hmida;amine ben hmida
3643;Amine Ben Messaoud;amine ben messaoud
2738;Amine Boufaied;amine boufaied
18;Amine Bouhlel;amine bouhlel
1872;Amine Chortani;amine chortani
3538;Amine Dhbaibi;amine dhbaibi
156;Amine Dimassi;amine dimassi
1047;Amine Ennouri;amine ennouri
1762;Amine Fahem;amine fahem
3603;Amine Ferjani;amine ferjani
2024;Amine Fourati;amine fourati
747;Amine Gara;amine gara
311;Amine Gara Khmaiess Ahmed;amine gara khmaiess ahmed
1316;Amine Gongi;amine gongi
2231;Amine Grichi;amine grichi
2839;Amine Guermazi;amine guermazi
1756;Amine Hamdi;amine hamdi
2411;Amine Hammami;amine hammami
1989;Amine Hariz;amine hariz
1024;Amine Kéfi;amine kefi
98;Amine Laaroussi;amine laaroussi
1022;Amine Landoulsi;amine landoulsi
2507;Amine Maalaoui;amine maalaoui
1441;Amine Mahdhi;amine mahdhi
1087;Amine Massaabi;amine massaabi
4038;Amine Mehri;amine mehri
3056;Amine Mhedhbi;amine mhedhbi
1935;Amine Miladi;amine miladi
488;Amine Mliki;amine mliki
2361;Amine Mosbah;amine mosbah
2736;Amine OueslatiOumaima;amine oueslatioumaima
369;Amine Rahmouni;amine rahmouni
3605;amine raouafi;amine raouafi
773;Amine Rekhis;amine rekhis
509;Amine Rekhiss;amine rekhiss
255;Amine Riahi;amine riahi
4000;amine salah hassen;amine salah hassen
370;Amine Sammary;amine sammary
1466;Amine Selmi;amine selmi
1455;Amine Slimene;amine slimene
199;Amine Souilhi;amine souilhi
294;Amine Staali;amine staali
3894;amine touihri;amine touihri
352;Amine Troudi;amine troudi
1326;Amine Zgarni;amine zgarni
2540;Amir Aouididi;amir aouididi
3073;Amir Askri;amir askri
435;Amir Ben Hajhassine;amir ben hajhassine
3555;Amir Bouden;amir bouden
1190;Amir Farah;amir farah
1705;Amir Fourati;amir fourati
2820;Amir Kboubi;amir kboubi
3678;Amir Knani;amir knani
380;Amir Matallaoui;amir matallaoui
3634;Amir Rebhi;amir rebhi
1598;Amir Trigui;amir trigui
2982;Amira Bacha;amira bacha
1881;Amira Ben Abdeljelil;amira ben abdeljelil
2752;Amira Ben Amira;amira ben amira
3624;AMIRA BEN JEMAA;amira ben jemaa
3541;Amira Chebbi;amira chebbi
1123;Amira Cheniour;amira cheniour
1467;Amira Dabbous;amira dabbous
3103;Amira Eddhib;amira eddhib
2826;Amira Grendi;amira grendi
1587;Amira Guermazi;amira guermazi
2396;Amira Guesmi;amira guesmi
3635;Amira Hamden;amira hamden
1426;Amira Hasnaoui;amira hasnaoui
2333;Amira Jihène Kalai;amira jihene kalai
3928;amira karoui;amira karoui
601;Amira Mahdi;amira mahdi
614;Amira Mhenni;amira mhenni
3100;Amira Oueslati;amira oueslati
3457;Amira Yahmadi;amira yahmadi
420;Amjed Teraa;amjed teraa
1949;Ammar Kouki;ammar kouki
3313;Amor Bouchiba;amor bouchiba
2398;Amor El Masri;amor el masri
26;Amor Sahnoun;amor sahnoun
338;Amr Bakr;amr bakr
2565;Amrou Kboubi;amrou kboubi
351;Anas Ben Amar;anas ben amar
2261;Anas Ben Yaiche;anas ben yaiche
1725;Anas Dogui;anas dogui
4066;Anas HAJLAOUI;anas hajlaoui
3136;Anas Neumann;anas neumann
2778;AnayaAsma MethamemSoulayma;anayaasma methamemsoulayma
1167;Angoud Houssem;angoud houssem
3676;Aniba Yosra;aniba yosra
1074;Anis Arbia;anis arbia
63;Anis Ben Arbia;anis ben arbia
3259;Anis Benna;anis benna
1061;Anis Borchani;anis borchani
2057;Anis Dabbebi;anis dabbebi
2994;Anis Dhifaoui;anis dhifaoui
3805;Anis Djedidi;anis djedidi
3823;Anis Essid;anis essid
2137;Anis Fekih;anis fekih
2545;Anis Fourati;anis fourati
6;Anis Ghorbel;anis ghorbel
1707;Anis Habibi;anis habibi
584;Anis Hachani;anis hachani
4064;Anis Hafoudhi;anis hafoudhi
756;Anis Harzallah;anis harzallah
588;Anis Hasnaoui;anis hasnaoui
3723;anis hdhili;anis hdhili
22;Anis Kallel;anis kallel
3840;Anis Lahouar;anis lahouar
109;Anis Maghar;anis maghar
247;Anis Mezghani;anis mezghani
2792;Anis Mimech;anis mimech
2602;Anis Montacer;anis montacer
2017;Anis Msahli;anis msahli
1400;Anis Mzali;anis mzali
737;Anis Mzoughi;anis mzoughi
3682;Anis NAJJAR;anis najjar
491;Anis Nasraoui;anis nasraoui
2973;Anis Sehili;anis sehili
1730;Anis Selmani;anis selmani
1402;Anis Touibi;anis touibi
1439;Anis Trigui;anis trigui
106;Anis Wahabi;anis wahabi
1043;Anis Zehani;anis zehani
1099;Anissa Hafaiedh;anissa hafaiedh
2447;Anissa Najjar;anissa najjar
1044;Anissa Zehani;anissa zehani
1868;Anouar Abdelkoudous Bouassida;anouar abdelkoudous bouassida
1802;Anouar Kanzari;anouar kanzari
730;Anouar Nechi;anouar nechi
344;Anouer Kebir;anouer kebir
3274;Anwer Boukmiha Hichem Abdennadher;anwer boukmiha hichem abdennadher
2964;Aouaieb Kais;aouaieb kais
3396;Août 2024;aout 2024
3583;Arafet Sbei;arafet sbei
4120;Arafet Toubib;arafet toubib
2831;Arbi Ben bazza;arbi ben bazza
1023;Arbi Dridi;arbi dridi
2108;Arbi Soussi;arbi soussi
2713;ArbiaRami Chermiti;arbiarami chermiti
1116;Arselene Rouatbi;arselene rouatbi
658;Arslene Rouatbi;arslene rouatbi
1979;Arthur Callarec;arthur callarec
2479;Arzaak Eya Akir;arzaak eya akir
2496;Aschraf Chadli;aschraf chadli
1785;Asma Barhoumi;asma barhoumi
618;Asma Bayouli;asma bayouli
1312;Asma Ben Abdallah;asma ben abdallah
2604;Asma Benyoussef;asma benyoussef
2018;Asma Chaabi;asma chaabi
2114;Asma Chebbi;asma chebbi
3933;Asma Ferchichi;asma ferchichi
317;Asma Gaabal;asma gaabal
3462;Asma Jouini;asma jouini
2659;Asma Kilani;asma kilani
2823;Asma Ladjimi;asma ladjimi
3038;Asma Methamem;asma methamem
3309;Asma Mghaieth;asma mghaieth
2464;Asma Mhadheb;asma mhadheb
1531;Asma Reghimi;asma reghimi
1369;Asma Saidi;asma saidi
3613;asma taba;asma taba
1722;Asma Tezeghedenti;asma tezeghedenti
2424;Asma Yousfi;asma yousfi
324;Assad Ben Mrad;assad ben mrad
3644;assad yahyawi;assad yahyawi
1294;Assil Salah;assil salah
303;Assil Talmoudi;assil talmoudi
3469;Asswar Boulifi;asswar boulifi
1963;Atef Askri;atef askri
2110;Atef Attia;atef attia
1253;Atef Azizi;atef azizi
3079;Atef Mechken;atef mechken
2606;Atef Meftah;atef meftah
894;Atef Sedraoui;atef sedraoui
1535;Atef Turki;atef turki
2128;Auto Sans Risque Feryel Mechri;auto sans risque feryel mechri
3399;Avril 2019;avril 2019
3400;Avril 2022;avril 2022
1576;Awatef Rebhi;awatef rebhi
3827;Awatef Zid;awatef zid
854;Aya Achour;aya achour
3901;Aya Ben hriz;aya ben hriz
3456;Aya Bouhlali;aya bouhlali
1080;Aya Drissi;aya drissi
1251;Aya Jallali;aya jallali
2062;Aya Kelthoumi;aya kelthoumi
3130;Aya Nouira;aya nouira
2570;Aya Ouhichi;aya ouhichi
1014;Ayachi Monaam;ayachi monaam
2801;Ayeb Rihab;ayeb rihab
878;Ayed Akrout;ayed akrout
427;Ayet Elmouna Chemli;ayet elmouna chemli
1909;Aymen Abid Boukadida;aymen abid boukadida
590;Aymen Aouadi;aymen aouadi
1883;Aymen Ayadi;aymen ayadi
3580;Aymen BEDOUI;aymen bedoui
655;Aymen Ben Amor;aymen ben amor
301;Aymen Ben Hassine;aymen ben hassine
2585;Aymen Ben Rjab;aymen ben rjab
3175;Aymen Bjaoui;aymen bjaoui
449;Aymen Bouchoucha;aymen bouchoucha
3660;Aymen Bouhaha;aymen bouhaha
1708;Aymen Bouhlel;aymen bouhlel
2119;Aymen Boujbel;aymen boujbel
3871;Aymen BOUNEB;aymen bouneb
3608;Aymen Bouzgarrou;aymen bouzgarrou
2111;Aymen Draoui;aymen draoui
851;Aymen El Amri;aymen el amri
2215;Aymen El Kadhi;aymen el kadhi
1987;Aymen Feriani;aymen feriani
1915;Aymen Fezai;aymen fezai
3351;Aymen Frikha;aymen frikha
2328;Aymen Gahbiche;aymen gahbiche
423;Aymen Gatri;aymen gatri
525;Aymen Hammami;aymen hammami
3379;Aymen Jadallah;aymen jadallah
2223;Aymen Jhidri;aymen jhidri
2732;Aymen KochtiSahar Toujani;aymen kochtisahar toujani
2450;Aymen Mabrouki;aymen mabrouki
3245;Aymen Manai;aymen manai
3059;Aymen Masmoudi;aymen masmoudi
750;Aymen Mechria;aymen mechria
3847;Aymen Medimagh;aymen medimagh
1373;Aymen Mokadem;aymen mokadem
598;Aymen Montacer;aymen montacer
340;Aymen Saadani;aymen saadani
1372;Aymen Sakka;aymen sakka
1995;Aymen Sarraj;aymen sarraj
1806;Aymen Sellaouti;aymen sellaouti
2603;Aymen Souissi;aymen souissi
46;Aymen Talbi;aymen talbi
91;Aymen Tleilia;aymen tleilia
2265;Aymen Tlili;aymen tlili
1657;Aymen Touhent;aymen touhent
100;Aymen Turki;aymen turki
1404;Aymen Yahmed;aymen yahmed
2360;Aymen Yahyaoui;aymen yahyaoui
984;Aymen Zouaoui;aymen zouaoui
860;Ayoub Belfekih;ayoub belfekih
2851;Ayoub Ben Abdallah;ayoub ben abdallah
304;Ayoub Ben Thabet;ayoub ben thabet
122;Ayoub Ben younes;ayoub ben younes
2848;Ayoub Debbichi;ayoub debbichi
3235;Ayoub Kammoun;ayoub kammoun
3364;Ayoub Lassoued;ayoub lassoued
2052;Ayoub Maatallaoui;ayoub maatallaoui
3120;Ayoub Nejem;ayoub nejem
353;Ayoub Rebeh;ayoub rebeh
1689;Ayoub Zemni;ayoub zemni
3221;Azer ben abdallah;azer ben abdallah
2685;Azer Taieb;azer taieb
117;Aziz Annabi;aziz annabi
145;Aziz Ben Chedli;aziz ben chedli
503;Aziz Ben Mosbah;aziz ben mosbah
1611;Aziz Ben Nejma;aziz ben nejma
3133;Aziz Benchedli;aziz benchedli
3335;Aziz Boubakri;aziz boubakri
3867;Aziz Chaibi;aziz chaibi
4081;Aziz Hanafi;aziz hanafi
701;Aziz Kamarti;aziz kamarti
3188;Aziz Khalsi;aziz khalsi
2676;Aziz Kouki;aziz kouki
974;Aziz Thraya;aziz thraya
3209;Aziz Toujani;aziz toujani
3659;aziz zaag;aziz zaag
181;Aziz Zaouali;aziz zaouali
1704;Aziza Ibn Hadj Hassine;aziza ibn hadj hassine
544;Aziza Inoubli;aziza inoubli
3633;Aziza Souaf;aziza souaf
828;Azza Attia;azza attia
1953;Azza Channoufi;azza channoufi
1759;Azza Dsouli;azza dsouli
2699;Azza Sandly;azza sandly
108;Azzam Souelmia;azzam souelmia
1235;Azzez Moatez;azzez moatez
1059;Bacem Rezgui;bacem rezgui
4056;bacha baha eddine;bacha baha eddine
3972;Badereddine Fadhlaoui;badereddine fadhlaoui
1619;Badii Gharbi;badii gharbi
3359;Badis El Ouni;badis el ouni
2513;Badis Kardous;badis kardous
1901;Badis Souissi;badis souissi
3043;Badis Zormati;badis zormati
3344;Badr Houssem;badr houssem
3861;Baffoun Aziz;baffoun aziz
2343;Baha Hajri;baha hajri
3566;Baha Kaabaoui;baha kaabaoui
2961;Bairem Khedhri;bairem khedhri
3842;BAKABAS ALI;bakabas ali
258;Baklouti Bassem;baklouti bassem
2126;Bakourat  Hannachi Wassim;bakourat hannachi wassim
2536;Balkis Aifa;balkis aifa
2887;Balkis Bettoumi;balkis bettoumi
1179;BankeID Nader Chibani;bankeid nader chibani
3223;Basly Asma;basly asma
4111;Basma Souani;basma souani
1313;Basma Yacoubi;basma yacoubi
202;Bassem ABdelhak;bassem abdelhak
722;Bassem Ben Jmeaa;bassem ben jmeaa
1327;Bassem Dahmani;bassem dahmani
3222;Bassem Gouti;bassem gouti
1525;Bassem Hadjkacem;bassem hadjkacem
2786;Bassem Lamouchi;bassem lamouchi
1341;Bassem Louati;bassem louati
1764;Bassem Mathlouthi;bassem mathlouthi
735;Bassem Mlayah;bassem mlayah
1407;Bassem Rejeb;bassem rejeb
1071;Bassem Seddik;bassem seddik
1286;Bassem Thabti;bassem thabti
3003;Bayrem Benaglia;bayrem benaglia
820;Becem Ben Mustapha;becem ben mustapha
530;Becem Jebali;becem jebali
3088;Becem Zaghden;becem zaghden
125;Bechir Afifi;bechir afifi
3300;Bechir Ben Abdallah;bechir ben abdallah
209;Bechir Ben Brika;bechir ben brika
902;Bechir Gtari;bechir gtari
506;Bechir Taboubi;bechir taboubi
4119;Bechir Yacoubi;bechir yacoubi
364;Bechir Yahya;bechir yahya
36;Bechir Yakhlef;bechir yakhlef
1471;Beissa Auto;beissa auto
3593;Belaid Guizeni;belaid guizeni
2560;Belaid Wael;belaid wael
107;Beldi Zied;beldi zied
3489;Belgacem Bougrine;belgacem bougrine
2562;Belgacem Toumi;belgacem toumi
4012;belhadj amir;belhadj amir
2484;Belhassen Chelbi;belhassen chelbi
1348;Bellahssen Bellili;bellahssen bellili
2985;Ben Abdallah Taoufik;ben abdallah taoufik
2747;Ben Cheikh AhmedMoussa;ben cheikh ahmedmoussa
3830;Ben hadj hssin Mohamed anis;ben hadj hssin mohamed anis
3829;Ben Henda Dhia;ben henda dhia
4107;Ben Nasr Nejib;ben nasr nejib
1464;Ben Nasr Rayen;ben nasr rayen
259;Ben Salah Slim;ben salah slim
3868;Ben Tanfous Ahmed;ben tanfous ahmed
3632;Ben thabet Mohamed Charfeddine;ben thabet mohamed charfeddine
3975;BEN YAGOUTA Abdelbari;ben yagouta abdelbari
517;Berklay Alkisel;berklay alkisel
3106;Bert De Maeyer;bert de maeyer
2966;Bessem Bousselmi;bessem bousselmi
129;Bessem Jallouli;bessem jallouli
1025;Beya Ben Saad;beya ben saad
4061;bilal cammoun;bilal cammoun
855;Bilal Nsib;bilal nsib
3108;Bilale Chaudhry;bilale chaudhry
867;Bilel Amdouni;bilel amdouni
1532;Bilel Barouni;bilel barouni
2996;Bilel Basly;bilel basly
2519;Bilel Ben Atitallah;bilel ben atitallah
3250;Bilel Ben Salem;bilel ben salem
1571;Bilel Bilelbasly;bilel bilelbasly
1862;Bilel Chebbi;bilel chebbi
1507;Bilel Gassara;bilel gassara
1791;Bilel Gassra;bilel gassra
1728;Bilel Grindi;bilel grindi
3384;Bilel Gtifi;bilel gtifi
905;Bilel Knaissi;bilel knaissi
118;Bilel Labidi;bilel labidi
1683;Bilel Ltifi;bilel ltifi
44;Bilel Methnani;bilel methnani
1916;Bilel Nsibi;bilel nsibi
923;Bilel Ouersighni;bilel ouersighni
568;Bilel Said;bilel said
3795;Bilel Zahi;bilel zahi
1295;Birou Suite;birou suite
2071;Bitaqa Amine Miladi;bitaqa amine miladi
1388;Bochra Bouchhima;bochra bouchhima
3804;Borhane Ben Said;borhane ben said
1528;Borhen Jlidi;borhen jlidi
310;Borhen Mansouri;borhen mansouri
1902;Borni Dhifi;borni dhifi
3998;Bouaziz Wissem;bouaziz wissem
2331;Boubaker Elaabed;boubaker elaabed
296;Boubaker Selmi;boubaker selmi
976;Boubaker Siala;boubaker siala
1323;Boubaker Tilouche;boubaker tilouche
1569;Bouchra Abdallah;bouchra abdallah
1002;Bouchra Bel Haj Abdallah;bouchra bel haj abdallah
206;Boulbaba Zitouni;boulbaba zitouni
3470;Boulifi Oussama;boulifi oussama
1039;Bouraoui Ben Ammar;bouraoui ben ammar
350;Boutheina Hamdi;boutheina hamdi
3116;Brahim Ben Salah;brahim ben salah
842;Brahim Douar;brahim douar
1040;Brahim jaouad;brahim jaouad
915;Brahim Jrah;brahim jrah
3105;Bretislav Simral;bretislav simral
2073;Bridge Itops Walid Saad;bridge itops walid saad
3991;Bruno GUTTON;bruno gutton
1465;Bydon Austin Nyimbiri;bydon austin nyimbiri
1647;Bydon Austin Nyimbri;bydon austin nyimbri
1470;Cabinet d'orthoprie Ahres;cabinet d'orthoprie ahres
1971;Cargoween  Yasmine Terres;cargoween yasmine terres
2962;CC-Colombus Capital;cc-colombus capital
1736;Célia Corneil;celia corneil
3270;Cerine Hamida;cerine hamida
3228;Chadha Grami;chadha grami
4114;Chadi Ayari;chadi ayari
2852;Chadi Belguith;chadi belguith
1648;Chafik Dridi;chafik dridi
4090;chahine elamri;chahine elamri
2134;Chahine Fersi;chahine fersi
2098;Chahine Hamila;chahine hamila
2413;Chahnez Naccache;chahnez naccache
1215;Chahrazed Dey daly;chahrazed dey daly
234;Chahrazed Remadi;chahrazed remadi
3983;Chaibi Ahmed Fares;chaibi ahmed fares
434;Chaima Belhajamor;chaima belhajamor
2544;Chaima Belhassen;chaima belhassen
3952;Chaima Ben Mahmoud;chaima ben mahmoud
690;Chaima Chaouachi;chaima chaouachi
1838;Chaima Grira;chaima grira
876;Chaima Ishak;chaima ishak
3902;Chaima Rebai;chaima rebai
3409;Chaima Somai;chaima somai
2008;Chaima Torkhani;chaima torkhani
362;Chaker Lafi;chaker lafi
2475;Chaker Trabelsi;chaker trabelsi
910;Chamseddine Bezzaouia;chamseddine bezzaouia
1698;Chaouki Charfeddine;chaouki charfeddine
3338;Charfeddine BenSlama;charfeddine benslama
3970;Charrad Chamseddine;charrad chamseddine
2741;ChattiMohamed Neji;chattimohamed neji
3716;Chawki Gharsellaoui;chawki gharsellaoui
1067;Chayma Ben salem;chayma ben salem
2836;Chebaane Med Aziz;chebaane med aziz
1263;Chedhli Hafien;chedhli hafien
4122;Chedi Chaari;chedi chaari
836;Chedi Chakroun;chedi chakroun
132;Chedli Ben Menadi;chedli ben menadi
1860;Chedly Ellijimi;chedly ellijimi
1849;Chedly Soltana;chedly soltana
3747;Chedy HORCHANI;chedy horchani
1664;Chefia Nasr;chefia nasr
681;Chehir Dhawedi;chehir dhawedi
281;Chehrazade Remadi;chehrazade remadi
3065;Cheima Cherih;cheima cherih
835;Chekib Chakroun;chekib chakroun
532;Chema Zoghlami;chema zoghlami
268;Cherif Redissi;cherif redissi
2322;Chermiti Rami Chermiti;chermiti rami chermiti
2514;Chiheb Baazaoui;chiheb baazaoui
2627;Chiheb Ben Rekaya;chiheb ben rekaya
4083;Chiheb Chammem;chiheb chammem
521;Chiheb Karoui;chiheb karoui
2497;Chiheb Kboubi;chiheb kboubi
3424;Chiheb Mouelhi;chiheb mouelhi
975;Chokri Ben Sassi;chokri ben sassi
2238;Chokri Nader;chokri nader
2869;Chokri Rayani;chokri rayani
2271;Chouchene Achref;chouchene achref
2989;Chouikhi Seif;chouikhi seif
1140;Chourouk Attig;chourouk attig
2242;Chris Bennie;chris bennie
3144;Christian Ruiz;christian ruiz
2;Christophe Grand;christophe grand
1028;Civitas Firas Gaffari;civitas firas gaffari
769;Class Quiz Achref Dawahi;class quiz achref dawahi
2476;Coadis Imen Jridi;coadis imen jridi
2272;ContyFind Maan Mrabet;contyfind maan mrabet
3433;Cyril Ronco;cyril ronco
1863;Cyrine Atallah;cyrine atallah
707;Cyrine Ben Ayed;cyrine ben ayed
2503;Cyrine Ben Haj Ali;cyrine ben haj ali
538;Cyrine Ben Hamida;cyrine ben hamida
1943;Cyrine Znaidi;cyrine znaidi
2070;D-Carte Skander Hadj Romdhan;d-carte skander hadj romdhan
3896;Daas Samar;daas samar
2510;Dabboussi Hassen;dabboussi hassen
3590;dalel chahed;dalel chahed
1807;Dalel Kanzari;dalel kanzari
2614;Dali Blaiech;dali blaiech
2797;Danden Ahmed;danden ahmed
2776;Daniel Angloher;daniel angloher
3467;Daniel Atherton;daniel atherton
604;Daniel Doppler;daniel doppler
3452;Daniel Pohl;daniel pohl
1377;David Di Majo;david di majo
50;Davide David;davide david
751;Davide Di Majo;davide di majo
1363;Deliv's Sinda Bououn;deliv's sinda bououn
1699;Delphine Monti;delphine monti
3169;Derouich Aymen;derouich aymen
739;Dhafer Ben Amor;dhafer ben amor
1861;Dheker Hamami;dheker hamami
2280;Dhia eddine Abdelli;dhia eddine abdelli
4110;dhia eddine ftiss;dhia eddine ftiss
3173;Dhia Eddine Zouari;dhia eddine zouari
1770;Dhia El Hak Merai;dhia el hak merai
1778;Dhia Elhak Guedri;dhia elhak guedri
3256;Dhia Fekih;dhia fekih
1144;Dhia Jemli;dhia jemli
3070;Dhia Saadi;dhia saadi
2079;Dhia Zitouni;dhia zitouni
2198;Dhiaeddine Gharsallah;dhiaeddine gharsallah
2123;Dhiaeddinne Rahali;dhiaeddinne rahali
3388;Dhiya Edine Selmi;dhiya edine selmi
2728;Dhouha Allagui;dhouha allagui
3294;Dhouha Azri;dhouha azri
2441;Dhouha Belhaj Yahia;dhouha belhaj yahia
2113;Dhouha Kouki;dhouha kouki
2919;Dhouha Ksouri;dhouha ksouri
1626;Dhouha Mechergui;dhouha mechergui
3649;Dia Ali;dia ali
2915;Digi-QAL Belgacem Toumi;digi-qal belgacem toumi
3546;Dina Mechergui;dina mechergui
2264;Dirar Rtima;dirar rtima
2573;Directeur Technique;directeur technique
2200;Djazia Messous;djazia messous
2378;Djohra Berki;djohra berki
1481;Dominique Delobel;dominique delobel
2854;Donia Barakati;donia barakati
288;Donia Fayach;donia fayach
1056;Dorra Barkallah;dorra barkallah
2987;Dorra Bouguella;dorra bouguella
3893;Dorra Fattoum;dorra fattoum
2908;Dorra Fredj;dorra fredj
3755;Dorra Haddad;dorra haddad
528;Dorra Ismail;dorra ismail
47;Dorra Kammoun;dorra kammoun
1173;Dorsaf Bouallagui;dorsaf bouallagui
845;Dorsaf Touil;dorsaf touil
3621;Downy;downy
819;Dr. Firas Jabloun;dr. firas jabloun
1054;Driss Nadhem;driss nadhem
2857;EcoFactoriz Imen Hbiri;ecofactoriz imen hbiri
936;El Food Lab;el food lab
2767;El Montassar Belleh Gaida;el montassar belleh gaida
2381;Elarbi Machraoui;elarbi machraoui
3301;Elaroui Mohamed Ali Fawzi;elaroui mohamed ali fawzi
2706;Elevage des insectes;elevage des insectes
3526;Elfazaa Majdeddine;elfazaa majdeddine
1878;Elhem Cheour;elhem cheour
1206;Ellouze Fares;ellouze fares
177;Ellyes Chakroun;ellyes chakroun
3865;Elyes Boukettaya;elyes boukettaya
1333;Elyes Chihaoui;elyes chihaoui
3439;Elyes Darghouth;elyes darghouth
221;Elyes Elloumi;elyes elloumi
2658;Elyes Jeribi;elyes jeribi
14;Elyes Jouini;elyes jouini
1912;Elyes Maherzi;elyes maherzi
3588;Elyes Mlawah;elyes mlawah
1119;Elyes Said;elyes said
2115;Elyes Somai;elyes somai
1420;Emel Habbej;emel habbej
1864;Emilio Illc La Peruta;emilio illc la peruta
3358;Emmanuel Bruno;emmanuel bruno
3440;Emna Argoubi;emna argoubi
2064;Emna Bahri;emna bahri
2093;Emna Bellagha;emna bellagha
1093;Emna Ben Jeddi;emna ben jeddi
2445;Emna Boufahja;emna boufahja
1493;Emna Graja;emna graja
653;Emna Hussein;emna hussein
101;Emna Jellouli;emna jellouli
494;Emna Makni;emna makni
3352;Emna Mtimet;emna mtimet
2569;Emna Ouerchfani;emna ouerchfani
2432;Emna Rassaa;emna rassaa
3438;Emna Sahraoui;emna sahraoui
2163;Emna Skhiri;emna skhiri
991;Emna Souid;emna souid
2129;EquiBooster Saber Elabidi;equibooster saber elabidi
1836;Eskander Alaya;eskander alaya
2408;Eskander Nasri;eskander nasri
138;Etienne Barrault;etienne barrault
2349;Eya Akir;eya akir
3932;Eya ALOUI;eya aloui
1591;Eya Bel Haj Mohamed;eya bel haj mohamed
3289;Eya Bouzid;eya bouzid
1340;Eya Chebili;eya chebili
2858;Eya Hammouda;eya hammouda
1937;Eya Khamassi;eya khamassi
1488;Eya Kochta;eya kochta
3822;eya makhlouf;eya makhlouf
2893;Eymen Errais;eymen errais
3326;Ezzahra Hamdi;ezzahra hamdi
3743;Ezzeddine Jrad;ezzeddine jrad
559;Ezzedine Cherif;ezzedine cherif
3510;Fadi Kacem;fadi kacem
75;Fadoua Ouerdiane;fadoua ouerdiane
1964;Fahd Guedoiri;fahd guedoiri
2822;Fahd Hannachi;fahd hannachi
1829;Fahmi Ayeb;fahmi ayeb
2456;Fahmi Haouala;fahmi haouala
3423;Fahmy Abdslem Fersi;fahmy abdslem fersi
481;Faiz Baccour;faiz baccour
3147;Faiza Skandarni;faiza skandarni
1857;Fakher Bourray;fakher bourray
1717;Fakher Chabchoub;fakher chabchoub
3297;Fakhreddine Belgaied;fakhreddine belgaied
35;Fakhreddine Hachfi;fakhreddine hachfi
1827;Fakhri Jemail;fakhri jemail
938;Fantastic Mall Mohamed El kamel;fantastic mall mohamed el kamel
3265;Faoizia Mehdhaoui;faoizia mehdhaoui
3185;Faouzi Kadous;faouzi kadous
3965;Farah Chenchah;farah chenchah
3131;Farah Hamrouni;farah hamrouni
1779;Farah Jenhani;farah jenhani
786;Farah M'seddi;farah m'seddi
2482;Farah Tounsi;farah tounsi
738;Fares Amor;fares amor
392;Fares Belghith;fares belghith
3283;Fares Ben Younes;fares ben younes
2764;Fares Gaida;fares gaida
2951;Fares Hana;fares hana
954;Fares Horchani;fares horchani
2793;Fares Jabloun;fares jabloun
3415;Fares Kallel;fares kallel
2965;Fares Karbia;fares karbia
1383;Fares Kotti;fares kotti
3520;fares makki;fares makki
1231;Fares Mallek;fares mallek
2615;Fares Messedi;fares messedi
2421;Fares Naiet El Gaied;fares naiet el gaied
1696;Fares Zouari;fares zouari
1307;Farhat Akrout;farhat akrout
3816;Farid Drifa;farid drifa
3939;Farouk Ben Achour;farouk ben achour
1709;Farouk Bouzouita;farouk bouzouita
359;Farouk Kamoun;farouk kamoun
1656;Farouk Laribi;farouk laribi
972;Farouk Skhiri;farouk skhiri
2289;Farouk Wahi;farouk wahi
1068;Farrah Marwa;farrah marwa
997;Faten Hamdi;faten hamdi
533;Faten Maalej;faten maalej
1030;Faten Manai;faten manai
2422;Faten Matmati;faten matmati
1783;Faten Meziou;faten meziou
3304;Fathia Mosbahi;fathia mosbahi
1337;Fatma Abou el hija;fatma abou el hija
1823;Fatma Ben Amar;fatma ben amar
660;Fatma Ben Soltane;fatma ben soltane
3653;Fatma Bouhajeb;fatma bouhajeb
3505;Fatma ELLOUMI;fatma elloumi
832;Fatma Essafi;fatma essafi
2254;Fatma Houissa;fatma houissa
3315;Fatma Jedidi;fatma jedidi
3481;Fatma Kobbi;fatma kobbi
1511;Fatma Mellouli;fatma mellouli
3310;Fatma Mghaieth;fatma mghaieth
1081;Fatma Midani;fatma midani
716;Fatma Mokadmi;fatma mokadmi
3082;Fatma Techini;fatma techini
873;Fatma Twil;fatma twil
1945;Fatma Zahra Hichri;fatma zahra hichri
3375;Fattouma Sana Ben Issia;fattouma sana ben issia
549;Fayçal Derouiche;faycal derouiche
2250;Fayçal Hamrouni;faycal hamrouni
201;Faycal Sessi;faycal sessi
339;Fédi Belkacem;fedi belkacem
1852;Fedi Ben Nejma;fedi ben nejma
3428;Fedi Chebbi;fedi chebbi
3692;Fedi Khaled;fedi khaled
3927;FEDI SOUILEM;fedi souilem
1897;Fedia ayari;fedia ayari
1828;Fedia El Ayeb;fedia el ayeb
1800;Fedia Zribi;fedia zribi
2132;FeedIn Amal Khémira;feedin amal khemira
3367;Fehmi Kharroubi;fehmi kharroubi
42;Ferdaous Masmoudi;ferdaous masmoudi
3766;Feres Messaoudi;feres messaoudi
2882;Feres Okbi;feres okbi
2821;Feres Othman;feres othman
3269;Ferid Hamida;ferid hamida
51;Ferid Kamel;ferid kamel
2068;Ferid Rahmani;ferid rahmani
2107;Feriel Ben Hassine;feriel ben hassine
1713;Feryel Mechri;feryel mechri
2841;Fethi Laabidi;fethi laabidi
605;Fethi Zoghlami;fethi zoghlami
3273;Fetni Mohamed;fetni mohamed
3395;Février 2023;fevrier 2023
3832;Firas ABDELMAJID;firas abdelmajid
2993;Firas Belgouthi;firas belgouthi
1516;Firas Ben Abid;firas ben abid
1184;Firas Ben Ghayadha;firas ben ghayadha
2258;Firas Boukhriss;firas boukhriss
1958;Firas Bouzou;firas bouzou
2187;Firas Chetouane;firas chetouane
3742;Firas Ellini;firas ellini
2637;Firas Fejjeri;firas fejjeri
903;Firas Gaffari;firas gaffari
1697;Firas Gazzah;firas gazzah
20;Firas Jabloun;firas jabloun
2309;Firas Jribi;firas jribi
2515;Firas Koraani;firas koraani
1055;Firas Makni;firas makni
3860;Firas meddeb;firas meddeb
2066;Firas Mehrez;firas mehrez
426;Firas Mezghani;firas mezghani
1165;Firas Raddadi;firas raddadi
246;Firas Rhaiem;firas rhaiem
2930;Firas Rouine;firas rouine
2577;Firas Sfaxi;firas sfaxi
1415;Firas Yousfi;firas yousfi
1091;Florian Aubry;florian aubry
2374;Forest Fire protection;forest fire protection
4042;FOUAD BATROUNI;fouad batrouni
1495;Foued Amiri;foued amiri
149;Foued Ben Babis;foued ben babis
863;Foued Cherif;foued cherif
1355;Foued Elkamel;foued elkamel
2262;Foued Jaballah;foued jaballah
2199;Foued Kilani;foued kilani
401;Foued Manaa;foued manaa
1788;Foued Tlahig;foued tlahig
931;Fouita Abdelhay Najjar;fouita abdelhay najjar
3127;Fourat Beji;fourat beji
1891;Fourat Ouerghemmi;fourat ouerghemmi
2899;Francesc Gomez;francesc gomez
2872;Franck Legendre;franck legendre
3323;Francois Bioche;francois bioche
2056;Francois Dejeager;francois dejeager
2031;Frederic Delahaigue;frederic delahaigue
2047;Ftouma Bannour;ftouma bannour
919;Gadus Niyonzima;gadus niyonzima
1812;Gael Personnaz;gael personnaz
1813;Gaelle Personnaz;gaelle personnaz
24;Gaetan Deremince;gaetan deremince
4123;Gaëtan Gil;gaetan gil
4035;Gannoun Ahmed;gannoun ahmed
1661;Ghabri Siwar;ghabri siwar
114;Ghada Chelly;ghada chelly
3473;Ghada Cherif;ghada cherif
3703;Ghada Eladeb;ghada eladeb
3617;ghada khedira;ghada khedira
1166;Ghada Radadi;ghada radadi
862;Ghada Sayeh Cherif;ghada sayeh cherif
2499;Ghaith Ben Mansour;ghaith ben mansour
3160;Ghaith Saidani;ghaith saidani
551;Ghaith Souissi;ghaith souissi
1858;Ghaith Thabet;ghaith thabet
3148;Ghaith Troudi;ghaith troudi
764;Ghaleb Ben Ali;ghaleb ben ali
3598;GHALLEB Mohamed Mustapha;ghalleb mohamed mustapha
3611;ghanem iheb;ghanem iheb
3763;ghanem toumi;ghanem toumi
777;Ghanmi Ayhem;ghanmi ayhem
3947;Gharssallah Alaa;gharssallah alaa
1847;Ghassen Alibi;ghassen alibi
3882;Ghassen Ben Ghorbal;ghassen ben ghorbal
1732;Ghassen Ben Jmeaa;ghassen ben jmeaa
3559;Ghassen Bettaieb;ghassen bettaieb
3078;Ghassen Boufaden;ghassen boufaden
1382;Ghassen Chattouna;ghassen chattouna
1331;Ghassen Cherif;ghassen cherif
3015;Ghassen Ghouibi;ghassen ghouibi
3230;Ghassen Ghribi;ghassen ghribi
3001;Ghassen Menaouar;ghassen menaouar
1129;Ghassen Selmi;ghassen selmi
1350;Ghassen Sghaier;ghassen sghaier
3308;Ghazi Askri;ghazi askri
2809;Ghazi Maatoug;ghazi maatoug
688;Ghazi Mensi;ghazi mensi
3229;Ghazi Mhiri;ghazi mhiri
3007;Ghazi Nhidi;ghazi nhidi
3994;Ghazi Smach;ghazi smach
2040;Ghazi Tlalet;ghazi tlalet
755;Ghizlaine Beldi;ghizlaine beldi
2282;Ghofrane Amdouni;ghofrane amdouni
213;Ghofrane Ayari;ghofrane ayari
2159;Ghofrane Ben Mabrouk;ghofrane ben mabrouk
1952;Ghofrane Brinis;ghofrane brinis
1399;Gilbert Fakhoury;gilbert fakhoury
3589;Gorgueb Mouhamed Nadhem;gorgueb mouhamed nadhem
3044;Gouty Bassem;gouty bassem
770;GrowApp Wael Aouididi;growapp wael aouididi
2534;Grün Skincare;grun skincare
1134;Guenter Althaus;guenter althaus
3084;Guerfela Mohamed amine;guerfela mohamed amine
1567;Guesmi Marwen;guesmi marwen
4039;Guettat Sabeur;guettat sabeur
2745;GuitouniKarima Tekaya;guitounikarima tekaya
2592;GymSwitch Siwar Houssaî;gymswitch siwar houssai
1432;Habib Baaboura;habib baaboura
3137;Habib Bane;habib bane
585;Habib Ben Debba;habib ben debba
2390;Habib Chaari;habib chaari
1142;Habib Gafsi;habib gafsi
1325;Habib Jrad;habib jrad
1262;Habib Mestiri;habib mestiri
1329;Habib Miladi;habib miladi
626;Habib Wenish;habib wenish
1913;Hachem Charfi;hachem charfi
3515;hachicha Mohamed taher;hachicha mohamed taher
1559;Haddad Rafik;haddad rafik
1207;Hadded Malek;hadded malek
2943;Hadhami Ghaffari;hadhami ghaffari
1630;Hadhami Rjiba;hadhami rjiba
1873;Hadil Fouli;hadil fouli
3740;Hadil Ltifi;hadil ltifi
3446;Hadil Yahyaoui;hadil yahyaoui
1271;Hafedh Barhoumi;hafedh barhoumi
1418;Hafedh Ben Abdelhafidh;hafedh ben abdelhafidh
2080;Hafedh Dridi;hafedh dridi
159;Hafedh Dziri;hafedh dziri
2501;Hafedh Farhani;hafedh farhani
505;Haifa Fodha;haifa fodha
2842;Haithem Abderrahmene;haithem abderrahmene
943;Haithem Ben Jemia;haithem ben jemia
1315;Haithem Besghaier;haithem besghaier
1137;Haithem Cherni;haithem cherni
2967;Haithem Dabboussi;haithem dabboussi
680;Haithem Kchaou;haithem kchaou
103;Hajer Derouiche;hajer derouiche
418;Hajer ELhedi;hajer elhedi
2406;Hajer Gabteni;hajer gabteni
3356;Hajer Gafsi;hajer gafsi
2808;Hajer Hraghi;hajer hraghi
1010;Hajer Kharrat;hajer kharrat
1590;Hajer Mzoughi;hajer mzoughi
1417;Hajer Romdhani;hajer romdhani
1135;Hajer Siala;hajer siala
2656;Hajer Terras;hajer terras
813;Hakim Chemam;hakim chemam
554;Hakim Loukil;hakim loukil
552;Hakim Njim;hakim njim
522;Hakim Yahyaoui;hakim yahyaoui
1546;Halim Boussada;halim boussada
1874;Halima Mahjoubi;halima mahjoubi
1318;Hamadi Ben Slimane;hamadi ben slimane
1684;Hamdi Adnan;hamdi adnan
2067;Hamdi Amine Elkhaldi;hamdi amine elkhaldi
1543;Hamdi Ammar;hamdi ammar
2774;Hamdi Belhassen;hamdi belhassen
58;Hamdi Ben Amor;hamdi ben amor
535;Hamdi Boujneh;hamdi boujneh
38;Hamdi Bouslah;hamdi bouslah
3806;Hamdi Jouini;hamdi jouini
1066;Hamdi kardough;hamdi kardough
586;Hamdi Karray;hamdi karray
3776;Hamdi KHADHRAOUI;hamdi khadhraoui
2629;Hamdi Maslah;hamdi maslah
1568;Hamdi Mustapha;hamdi mustapha
1780;Hamdi Nasreddin;hamdi nasreddin
3019;Hamdi Zaghouani;hamdi zaghouani
834;Hamed Baltagi;hamed baltagi
3936;Hammadi Kadri;hammadi kadri
2827;Hammami Tarek;hammami tarek
3527;hamrouni Adnen;hamrouni adnen
470;Hamza Amiri;hamza amiri
487;Hamza Arfaoui;hamza arfaoui
818;Hamza Beji;hamza beji
1910;Hamza Ben Ammar;hamza ben ammar
706;Hamza Ben Jannet;hamza ben jannet
3207;Hamza Bentoumi;hamza bentoumi
3180;Hamza Borchani;hamza borchani
3650;Hamza Bouajila;hamza bouajila
2674;Hamza Bourougaa;hamza bourougaa
2426;Hamza Chakroun;hamza chakroun
3667;Hamza Elmabrouk;hamza elmabrouk
1237;Hamza Gassab;hamza gassab
885;Hamza Gassem;hamza gassem
341;Hamza Guesmi;hamza guesmi
2101;Hamza Guizani;hamza guizani
1775;Hamza Jabnouni;hamza jabnouni
210;Hamza Khechine;hamza khechine
2711;Hamza MAGRIMariem;hamza magrimariem
1623;Hamza Mansour;hamza mansour
2038;Hamza Mehdaoui;hamza mehdaoui
3499;Hamza Mkadmi;hamza mkadmi
1815;Hamza Moussi;hamza moussi
2061;Hamza Naoui;hamza naoui
3238;Hamza Nasra;hamza nasra
382;Hamza Nechi;hamza nechi
1552;Hamza Nouir;hamza nouir
2850;Hamza Omar;hamza omar
3150;Hamza Othmani;hamza othmani
394;Hamza Said;hamza said
2487;Hamza Zarrouk;hamza zarrouk
2795;Hamzaoui Noureddine;hamzaoui noureddine
2794;Hamzaoui Sofiene;hamzaoui sofiene
1521;Hana Fersi;hana fersi
2053;Hanane El Kaoui;hanane el kaoui
3604;Hanedi Elleuch;hanedi elleuch
2855;Hanen Bouamoud;hanen bouamoud
1718;Hanen Douiri;hanen douiri
1526;Hanen Hadjkacem;hanen hadjkacem
2944;Hanen Louati;hanen louati
1026;Hanene Moalla;hanene moalla
3002;Hani Chalouati;hani chalouati
49;Hani Hamrouni;hani hamrouni
4116;Hanine ABBES;hanine abbes
2153;Haoua Guezguez;haoua guezguez
2180;Haroun Bouchrit;haroun bouchrit
3143;Haroun Cheriha;haroun cheriha
254;Haroun Moula;haroun moula
3922;Harvey Lowe;harvey lowe
493;Hasna Kourda;hasna kourda
2178;Hassan Cheriha;hassan cheriha
3791;Hassan DHIB;hassan dhib
4063;Hassen Hafoudhi;hassen hafoudhi
1523;Hassen Marzouk;hassen marzouk
799;Hassen Mchaalia;hassen mchaalia
790;Hassen Mezghani;hassen mezghani
316;Hassen Missaoui;hassen missaoui
1086;Hassen Naas;hassen naas
3477;Hassen Noamen;hassen noamen
2700;Hassen Saadi;hassen saadi
2490;Hassen Serkhane;hassen serkhane
1997;Hassen Tahri;hassen tahri
3880;Hassen Younsi;hassen younsi
3316;Hassine Achour;hassine achour
1867;Hassine Atallah;hassine atallah
672;Hassine Labaied;hassine labaied
1998;Hassouna Ben Jemaa;hassouna ben jemaa
725;Hatem Abidi;hatem abidi
870;Hatem Ammar;hatem ammar
3183;Hatem Bellagi;hatem bellagi
1117;Hatem Ben Brahim;hatem ben brahim
2584;Hatem Ben Chaabane;hatem ben chaabane
2907;Hatem Benchikh;hatem benchikh
3973;Hatem Benechikh;hatem benechikh
1676;Hatem Chanoufi;hatem chanoufi
3756;Hatem Chatti;hatem chatti
412;Hatem Drira;hatem drira
3935;Hatem Eldakhakhni;hatem eldakhakhni
2521;Hatem Halouani;hatem halouani
886;Hatem Hamdi;hatem hamdi
92;Hatem Lefi;hatem lefi
858;Hatem Rabeh;hatem rabeh
2568;Hatem Ressaissi;hatem ressaissi
2477;Hatem Zegnani;hatem zegnani
4010;Haydar Boudhrioua;haydar boudhrioua
2171;Hayet El Ayeb;hayet el ayeb
1106;Hayet Rais;hayet rais
3444;Hayet Rais ep Skandrani;hayet rais ep skandrani
3907;Hayet Zguem;hayet zguem
1151;Hayfa Ben Mohamed;hayfa ben mohamed
1392;Hayfa Hosni;hayfa hosni
1967;Hayfa Oueslati;hayfa oueslati
1374;Haykel Ben othman;haykel ben othman
196;Haykel Mrad;haykel mrad
3366;Hayouni Rafedh;hayouni rafedh
1188;Haytham Khemakhem;haytham khemakhem
3371;Haythem Belmabrouk;haythem belmabrouk
4097;HAYTHEM BEN KAAB;haythem ben kaab
1627;Haythem Ben Yahia;haythem ben yahia
623;Haythem Benna;haythem benna
649;Haythem Besghaier;haythem besghaier
170;Haythem Boughzala;haythem boughzala
620;Haythem Cherif;haythem cherif
207;Haythem Dabbabi;haythem dabbabi
1199;Haythem Dridi;haythem dridi
1755;Haythem Hamdi;haythem hamdi
2203;Haythem Il Banney;haythem il banney
2039;Haythem Ilehi;haythem ilehi
334;Haythem Khalifa;haythem khalifa
3080;Haythem Maddouri;haythem maddouri
417;Haythem Zouaoui;haythem zouaoui
337;Haythem Zouari;haythem zouari
3630;Hazem Ben Saria;hazem ben saria
111;Hazem Guent;hazem guent
2761;Hazem Hamrouni;hazem hamrouni
2806;Hazem Housseini;hazem housseini
3412;Hazem Kilani;hazem kilani
3662;Hazem Majdoub Fhima;hazem majdoub fhima
218;Hazem Mhiri;hazem mhiri
628;Hedi Akrout;hedi akrout
2283;Hedi Amorri;hedi amorri
3263;Hedi Ben Abbess;hedi ben abbess
2891;Hedi BenRomdhane;hedi benromdhane
536;Hedi Harzallah;hedi harzallah
1238;Hedi Hrigua;hedi hrigua
2787;Hedi Manai;hedi manai
1270;Hedi Miled;hedi miled
2849;Hedi Slim;hedi slim
3713;Hedi Zahaf;hedi zahaf
142;Hedi Zouari;hedi zouari
2654;Hédil Fraihi;hedil fraihi
3348;Heithem Jeljli;heithem jeljli
2657;Heithem Zaghouani;heithem zaghouani
1835;Hejra Melanie Trabelsi;hejra melanie trabelsi
3518;Hela Atmani;hela atmani
3349;Héla Ben Ammar;hela ben ammar
4073;Hela Bouallegue;hela bouallegue
188;Hela Gabsi;hela gabsi
1060;Hela Jelassi;hela jelassi
2228;Héla Majdoub;hela majdoub
2733;Hela Mghaieth;hela mghaieth
3498;Hela Mkadmi;hela mkadmi
2051;Hela Msaddek;hela msaddek
2707;Helmi Abed;helmi abed
2273;Helmi Ben Amara;helmi ben amara
2763;Helmi Benameur;helmi benameur
2005;Helmi Bouraoui Cherif;helmi bouraoui cherif
3240;Helmi Cherif;helmi cherif
1478;Helmi Selmi;helmi selmi
2596;HelpyGo Yacine Maaroufi;helpygo yacine maaroufi
15;Hemdene Ben Othmane;hemdene ben othmane
652;Hend Kefi;hend kefi
1479;Henda Hamama;henda hamama
1204;Henda Regaya;henda regaya
330;Henda Sahnoun;henda sahnoun
642;Henda Zribi;henda zribi
810;Heni Mechichi;heni mechichi
198;Heni Sabbeh;heni sabbeh
2156;Hfaiedh Bedoui;hfaiedh bedoui
2936;Hiba Mateur;hiba mateur
2389;Hiba Mned;hiba mned
2290;Hichem Amami;hichem amami
3448;Hichem Ben Dai;hichem ben dai
302;Hichem Ben Fadhl;hichem ben fadhl
1682;Hichem Boughdiri;hichem boughdiri
2012;Hichem Bouricha;hichem bouricha
1560;Hichem Boussetta;hichem boussetta
1366;Hichem Chelbi;hichem chelbi
3686;Hichem Chouaibi;hichem chouaibi
715;Hichem Elloumi;hichem elloumi
2241;Hichem Mansour;hichem mansour
840;Hichem Mathlouthi;hichem mathlouthi
1354;Hichem Mokni;hichem mokni
874;Hichem Sfayhi;hichem sfayhi
806;Hichème Kaboudi;hicheme kaboudi
179;Hidayet Ayadi;hidayet ayadi
3732;Hijen EL KHALIFI;hijen el khalifi
306;Hishem Zarrad;hishem zarrad
3718;Hmercha Amjed;hmercha amjed
4098;Hmida Ben Tili;hmida ben tili
1009;Hosn el Oujoud Tebourski;hosn el oujoud tebourski
2029;Houcem Ben Lasfar;houcem ben lasfar
2142;Houcem Eddine Ben Lasfar;houcem eddine ben lasfar
2620;Houcem Kolsi;houcem kolsi
3236;Houcem Maiza;houcem maiza
3872;Houcemeddine kallel;houcemeddine kallel
355;Houcine Jhimi;houcine jhimi
3417;Houda Ayadi;houda ayadi
3934;Houda Ferchichi;houda ferchichi
989;Houda Saied;houda saied
1928;Houneida Majdoub;houneida majdoub
3525;houssam hamdi;houssam hamdi
1131;Houssam Jedidi;houssam jedidi
2046;Houssam Rihane;houssam rihane
1095;Houssein Midouni;houssein midouni
904;Houssem Akrout;houssem akrout
534;Houssem Amara;houssem amara
1724;Houssem Aoudi;houssem aoudi
3761;Houssem aouedni;houssem aouedni
853;Houssem Baaka;houssem baaka
3638;houssem ben brahim;houssem ben brahim
1458;Houssem Ben Cheikh;houssem ben cheikh
3833;Houssem Ben Malek;houssem ben malek
2727;Houssem Ben Slama;houssem ben slama
1175;Houssem Chaabani;houssem chaabani
1541;Houssem Charfi;houssem charfi
1586;Houssem Chkioua;houssem chkioua
3393;Houssem Djelassi;houssem djelassi
1575;Houssem Eddine Ben Smida;houssem eddine ben smida
3482;Houssem Eddine Kthiri;houssem eddine kthiri
190;Houssem eddine Mrad;houssem eddine mrad
1947;Houssem Eddine Noamen;houssem eddine noamen
2608;Houssem Eddine Rammeh;houssem eddine rammeh
1308;Houssem Eddine Sanai;houssem eddine sanai
3496;Houssem Farah;houssem farah
592;Houssem Fatnassi;houssem fatnassi
3581;Houssem Gharsalli;houssem gharsalli
2449;Houssem Jarraya;houssem jarraya
2435;Houssem Kanzari;houssem kanzari
865;Houssem Lahbacha;houssem lahbacha
77;Houssem Maiza;houssem maiza
1269;Houssem Miled;houssem miled
406;Houssem Nouri;houssem nouri
1542;Houssem Othmeni;houssem othmeni
1393;Houssem Ouali;houssem ouali
2461;Houssem Saadaoui;houssem saadaoui
512;Houssem Sahli;houssem sahli
444;Houssem Sellami;houssem sellami
2686;Houssem Tayeb;houssem tayeb
4028;houssem zitoun;houssem zitoun
2619;Hsan Jedidi;hsan jedidi
299;Hugh Bosely;hugh bosely
2911;Hussein Dbara;hussein dbara
176;Hussein Jenayah;hussein jenayah
2594;HygieSys Aschraf Chadli;hygiesys aschraf chadli
2746;Ibrahim BoubakriBadreddine;ibrahim boubakribadreddine
1254;Ibrahim Chouikh;ibrahim chouikh
3654;Ibrahim Daami;ibrahim daami
1174;Ibrahim Jlassi;ibrahim jlassi
1224;Ibrahim Sarray;ibrahim sarray
2679;Ibtihel Driss;ibtihel driss
924;Ibtihel Haddedi;ibtihel haddedi
1324;Ibtihel Kochat;ibtihel kochat
960;Ibtissem Kadri;ibtissem kadri
782;Ichrak Aouissaoui;ichrak aouissaoui
3550;Ichrak Bouzgarrou;ichrak bouzgarrou
1502;Idris Bachali losada;idris bachali losada
2263;Idris Tlili;idris tlili
580;Idriss Ben Ali;idriss ben ali
3328;Idriss Neumann;idriss neumann
3576;Iheb Chhaibi;iheb chhaibi
3803;Iheb Ghazala;iheb ghazala
3915;iheb haouech;iheb haouech
2916;Iheb Jendoubi;iheb jendoubi
3809;Iheb Lafi;iheb lafi
2151;Iheb Lourimi;iheb lourimi
1006;Iheb Sahloul;iheb sahloul
1497;Iheb Souilem;iheb souilem
1577;Iheb Triki;iheb triki
2162;Ikbel Sassi;ikbel sassi
3378;Ikdem Ben Mbarek;ikdem ben mbarek
1015;Ikhlas Ayachi;ikhlas ayachi
1482;Ikram Aloui;ikram aloui
2785;Ikram Ben Sassi;ikram ben sassi
2535;Il Banney Haythem;il banney haythem
3921;Ilem hassairi;ilem hassairi
1685;Iliess Ajmi;iliess ajmi
3592;Ilyes Ahmed Oussama;ilyes ahmed oussama
1303;Ilyes Belhaj;ilyes belhaj
2125;Ilyes Elgaied;ilyes elgaied
477;Ilyes Karma;ilyes karma
2624;Ilyes Karray;ilyes karray
3918;Ilyes Limem;ilyes limem
1046;Ilyes Masmoudi;ilyes masmoudi
1079;Ilyes Saidani;ilyes saidani
3234;Ilyes Tlili;ilyes tlili
1249;Iman Masmoudi;iman masmoudi
74;Imed Abed;imed abed
212;Imed Ezzeddine;imed ezzeddine
4092;Imed Hamdi;imed hamdi
2105;Imed hanana;imed hanana
3530;Imed Jabnouni;imed jabnouni
141;Imed Kouki;imed kouki
3292;Imed Mabrouk;imed mabrouk
691;Imed Zhir;imed zhir
368;Imededdine Essefi;imededdine essefi
765;Imen Baklouti;imen baklouti
986;Imen Ben Nsir;imen ben nsir
2517;Imen Ben Slimen;imen ben slimen
1073;Imen Boumiza;imen boumiza
558;Imen Farah;imen farah
809;Imen Gaida;imen gaida
1346;Imen Guezguez;imen guezguez
208;Imen Hajji;imen hajji
564;Imen Hbiri;imen hbiri
866;Imen Jabri;imen jabri
2209;Imen jridi;imen jridi
378;Imen Khanfir Kallel;imen khanfir kallel
3129;Imen Lazhar;imen lazhar
110;Imen Maghar;imen maghar
3242;Imen Nasri;imen nasri
2574;Imen Ouerchfani;imen ouerchfani
3061;Imen Oueslati;imen oueslati
3764;Imen Rabeh;imen rabeh
2879;Imen Saidi;imen saidi
599;Imen Selmi;imen selmi
2959;Imen Selmi Ahmed Hchaichi;imen selmi ahmed hchaichi
3101;Imen Wartani;imen wartani
1644;Imen Yaakoubi;imen yaakoubi
440;Imen Yahyaoui;imen yahyaoui
1832;Imen Zouari;imen zouari
2190;Imene Aidi;imene aidi
3011;Imène Khanfir Kallel;imene khanfir kallel
3790;Imtinen AYARI;imtinen ayari
3157;Ines Achour;ines achour
3447;Ines Alaya;ines alaya
1540;Ines baccouche;ines baccouche
3046;Ines Barkaoui;ines barkaoui
4058;Ines Ben khalifa;ines ben khalifa
1738;Ines Borni;ines borni
1444;Inès Bourgou;ines bourgou
1936;Ines Chouchi;ines chouchi
195;Ines Dhaouadi;ines dhaouadi
1070;Ines El Ayeb;ines el ayeb
172;Ines Hafi;ines hafi
1124;Ines Hamida;ines hamida
2682;Ines Hassoumi;ines hassoumi
3509;ines msekni;ines msekni
1582;Ines Rahrah;ines rahrah
519;Ines Soyah;ines soyah
1406;Ines Yahmed;ines yahmed
562;Insaf Ayari;insaf ayari
3988;Insaf Ben Othman;insaf ben othman
1600;Insight Lab;insight lab
1362;Investhune plus;investhune plus
3092;Irad Khedhri;irad khedhri
3663;Iskander;iskander
396;Iskander ELameri;iskander elameri
121;Iskander Gafsi;iskander gafsi
3810;Islem Ferchichi;islem ferchichi
1411;Ismai Benmiled;ismai benmiled
969;Ismail Abdellaoui;ismail abdellaoui
28;Ismail Ben Sassi;ismail ben sassi
3000;Ismail Benmiled;ismail benmiled
3664;Ismail Hamdi;ismail hamdi
2337;Ismail Ibala;ismail ibala
2454;Ismail Kahri;ismail kahri
2921;Ismail Khenissi;ismail khenissi
2845;Ismail Khlif;ismail khlif
3537;ismail mekki;ismail mekki
914;Ismail Talbi;ismail talbi
1907;Issam Abeda;issam abeda
2554;Issam Ben Aamira;issam ben aamira
2754;Issam Ben Amira;issam ben amira
3594;Issam Bouhouch;issam bouhouch
646;Issam Essefi;issam essefi
211;Issam Ezzeddine;issam ezzeddine
1473;Issam Ghdiri;issam ghdiri
3762;issam hmandi;issam hmandi
2621;Issam Kolsi;issam kolsi
3721;Issam Mellah;issam mellah
3884;Issam Moalla;issam moalla
32;Issam Smaali;issam smaali
472;Issam Trabelsi;issam trabelsi
2607;Iuliia Matviets;iuliia matviets
2414;Iyadh Bouzghiba;iyadh bouzghiba
1793;Iyed Ben Hadj Dahmen;iyed ben hadj dahmen
3167;Iyed Ben Massoud;iyed ben massoud
483;Iyed Benhassen;iyed benhassen
4074;Iyed Gabsi;iyed gabsi
2324;Iyed Ghribi;iyed ghribi
490;Jaafar Nasri;jaafar nasri
3018;Jaafar saied;jaafar saied
2870;Jaafer Chniter;jaafer chniter
2922;Jabrane Khenissi;jabrane khenissi
1371;Jacer Omri;jacer omri
2803;Jacer Smat;jacer smat
104;Jacques-Yves Foucou;jacques-yves foucou
2090;Jalel Ben Romdhane;jalel ben romdhane
802;Jalel Dahas;jalel dahas
788;Jalel Satouri;jalel satouri
2582;Jamel Eddine Belmadhkour;jamel eddine belmadhkour
4031;JAMEL EDDINE EL MOUELHI;jamel eddine el mouelhi
2601;Jamel Gafsi;jamel gafsi
1561;Jamel Hassine;jamel hassine
643;Jamel Hattay;jamel hattay
2834;Jamila Ghediri;jamila ghediri
926;Jamila Khlif;jamila khlif
2910;Jamila Khmiss;jamila khmiss
3141;Jamila Tarhouni;jamila tarhouni
676;Jamoussi Ahmed;jamoussi ahmed
1746;Jannet Kamoun;jannet kamoun
3436;Janvier 2020;janvier 2020
4070;Jaouher Mghirbi;jaouher mghirbi
3886;Jassem Khemiri;jassem khemiri
2294;Jawad Alaoui M'hammed;jawad alaoui m'hammed
682;Jaweher Chatbri;jaweher chatbri
3967;Jaweher Khmiri;jaweher khmiri
1846;Jawhar Ben Abdallah;jawhar ben abdallah
2520;Jawhar Ben Salem;jawhar ben salem
2522;Jawhar Farhat;jawhar farhat
1252;Jawhar Kobbi;jawhar kobbi
2757;Jawhar Mtar;jawhar mtar
1320;Jawhara Ben Aissa;jawhara ben aissa
3099;Jawher Ben Arbia;jawher ben arbia
2567;Jawher Ressaissi;jawher ressaissi
1856;Jawher Thabet;jawher thabet
3517;jdidi hamdi;jdidi hamdi
2217;Jean David Rombi;jean david rombi
257;Jelassi Mohamed Amine;jelassi mohamed amine
1107;Jeremy Rochot;jeremy rochot
2815;Jihed Aboulkacem;jihed aboulkacem
1782;Jihed Becher;jihed becher
677;Jihed Bouguerra;jihed bouguerra
2204;Jihed Chemlali;jihed chemlali
4076;Jihed El Hak Bakalti;jihed el hak bakalti
744;Jihed Jaouabi;jihed jaouabi
1875;Jihed Jridi;jihed jridi
61;Jihed othmani;jihed othmani
383;Jihed Rahmouni;jihed rahmouni
3332;Jihen Ben Mohamed;jihen ben mohamed
1842;Jihen Guerchi;jihen guerchi
2871;Jihen Haddad;jihen haddad
2495;Jihen Kboubi;jihen kboubi
384;Jihen Rahmouni;jihen rahmouni
2348;Jihene Arzaak;jihene arzaak
2034;Jihène Ben Slimene;jihene ben slimene
1266;Jihene Chouiref;jihene chouiref
1336;Jihene El Ouakdi;jihene el ouakdi
3765;Jilani Garraoui;jilani garraoui
3786;jlassi baha eddine;jlassi baha eddine
1805;Jlassi Wael;jlassi wael
1133;Joerg Funder;joerg funder
743;Johannes Jones;johannes jones
276;Joscha Raue;joscha raue
3311;Jose Puga;jose puga
563;Josha Raue;josha raue
920;Joshua King Isezerano;joshua king isezerano
2591;Jridi Jihed;jridi jihed
824;Kabil Jaballah;kabil jaballah
225;Kacem Ghozzi;kacem ghozzi
3579;kaies bedoui;kaies bedoui
3560;Kaies Lamiri;kaies lamiri
1108;Kaies Tarres;kaies tarres
2611;Kais Aouieb;kais aouieb
69;Kais Aribi;kais aribi
105;Kais Assali;kais assali
622;Kais Ben Amar;kais ben amar
374;Kais Ben Ayed;kais ben ayed
2632;Kais Ben Rhouma;kais ben rhouma
3262;Kais Ben Youssef;kais ben youssef
2730;Kais Ben YoussefAymen;kais ben youssefaymen
3618;kais boumaiza;kais boumaiza
2897;Kais Chehuma;kais chehuma
1649;Kais Chihaoui;kais chihaoui
2448;Kais Dridi;kais dridi
1795;Kais Ferchiou;kais ferchiou
1508;Kais Jamoussi;kais jamoussi
2013;Kais Jrad;kais jrad
402;Kais Khadhraoui;kais khadhraoui
1621;Kais Kharroubi;kais kharroubi
2010;Kais Khenine;kais khenine
1048;Kais Malki;kais malki
1506;Kais Oueslati;kais oueslati
2724;Kais Zhioua;kais zhioua
985;Kais Zouaoui;kais zouaoui
3870;Kaïsha Guiga;kaisha guiga
4094;Kalai Mohamed;kalai mohamed
2742;KalboussiMakrem Jlassi;kalboussimakrem jlassi
265;Kalfat Sarra;kalfat sarra
1370;Kamel Alouani;kamel alouani
2015;Kamel Belhadj;kamel belhadj
3037;Kamel Ben Anaya;kamel ben anaya
3819;Kamel BEN GHARBIA;kamel ben gharbia
1826;Kamel Chahed;kamel chahed
4117;Kamel Djouaihia;kamel djouaihia
1143;Kamel Jemli;kamel jemli
1304;Kamel Sanai;kamel sanai
2971;Kantaoui Gallas;kantaoui gallas
3041;Kaouther El Mejdi;kaouther el mejdi
2210;Kaouther Hedhly;kaouther hedhly
486;Kaouther Mouelhi;kaouther mouelhi
227;Kaouther Selmi;kaouther selmi
1876;Kaouther Zenati;kaouther zenati
2975;Karem Chatti;karem chatti
1483;Karim Aloui;karim aloui
1226;Karim Amous;karim amous
1690;Karim Beguir;karim beguir
2770;Karim Ben Fadhel;karim ben fadhel
3993;Karim Ben Khaled;karim ben khaled
2045;Karim Ben Saber;karim ben saber
2313;Karim Bouafif;karim bouafif
2690;Karim Bouchiba;karim bouchiba
476;Karim Boughanmi;karim boughanmi
458;Karim Chabrak;karim chabrak
767;Karim Daghari;karim daghari
1085;Karim Ettabaa;karim ettabaa
2145;Karim Fathallah;karim fathallah
1905;Karim Gharbi;karim gharbi
1114;Karim Hammami;karim hammami
541;Karim Harmouni;karim harmouni
465;Karim Hermi;karim hermi
1178;Karim Jebali;karim jebali
261;Karim Jelliti;karim jelliti
3574;Karim JLASSI;karim jlassi
60;Karim jouini;karim jouini
1554;Karim Kachouri;karim kachouri
4057;karim Nouira;karim nouira
3677;Karim Rekik;karim rekik
413;Karim Sellami;karim sellami
348;Karim Skik;karim skik
2087;Karim Soussi;karim soussi
3485;Karim Tajer;karim tajer
3394;Karim Tounsi;karim tounsi
3135;Karim Tounsi Ahmed Hermassi;karim tounsi ahmed hermassi
2956;Karim Trabelsi;karim trabelsi
57;Karim Yahyaoui;karim yahyaoui
633;Karim Zehani;karim zehani
996;Karim Zribi;karim zribi
1593;Kathleen White;kathleen white
2189;Kawthar Ayedi;kawthar ayedi
3646;Kawther Marzouki;kawther marzouki
4043;Kawther MEKNI;kawther mekni
3220;Kayoum Djedidi;kayoum djedidi
3119;Kelven Raymond;kelven raymond
1767;Kenza Boukhris;kenza boukhris
2314;Kerchaoui Amine;kerchaoui amine
838;Khadija Ferjani;khadija ferjani
3086;Khadraoui Khaled;khadraoui khaled
3354;Khaireddine Ben Merdes;khaireddine ben merdes
1797;Khaireddine Fredj;khaireddine fredj
1016;Khaireddine Mejri;khaireddine mejri
3109;Khairi Brahmi;khairi brahmi
3055;Khairi Hammami;khairi hammami
4002;Khaled Affes;khaled affes
82;Khaled Aouij;khaled aouij
2649;Khaled Ben ammar;khaled ben ammar
951;Khaled Ben Brahim;khaled ben brahim
2253;Khaled Ben Hassine;khaled ben hassine
1678;Khaled Ben Latrach;khaled ben latrach
573;Khaled Ben Younes;khaled ben younes
3459;Khaled Bendriss;khaled bendriss
1036;Khaled Benlatrach;khaled benlatrach
1642;Khaled Bouzayene;khaled bouzayene
1112;Khaled Chiboub;khaled chiboub
250;Khaled Dhifallah Ennefii;khaled dhifallah ennefii
220;Khaled Dridi;khaled dridi
3372;Khaled Fourati;khaled fourati
2651;Khaled Gharsalli;khaled gharsalli
650;Khaled Guedria;khaled guedria
2293;Khaled Hadj Ali;khaled hadj ali
1128;Khaled Hamila;khaled hamila
1817;Khaled Jelassi;khaled jelassi
2014;Khaled Kekli;khaled kekli
3680;Khaled Khelifi;khaled khelifi
3347;Khaled Klai;khaled klai
3642;khaled makhlouf;khaled makhlouf
1419;Khaled Mediouni;khaled mediouni
1102;Khaled Mejbri;khaled mejbri
2316;Khaled Omri;khaled omri
2698;Khaled Saidani;khaled saidani
2003;Khaled Taher;khaled taher
2248;Khalifa Aguir;khalifa aguir
1405;Khalifa Haythem;khalifa haythem
2083;Khalifa Zeddini;khalifa zeddini
1345;Khalil Agrebi;khalil agrebi
3724;KHALIL BELLALI;khalil bellali
3782;khalil ben abdallah;khalil ben abdallah
467;Khalil Ben Ali;khalil ben ali
3210;Khalil Ben Cherifa;khalil ben cherifa
81;Khalil Ben Hamouda;khalil ben hamouda
2312;Khalil Ben Said;khalil ben said
685;Khalil Ben Zineb;khalil ben zineb
3460;Khalil Bendriss;khalil bendriss
2762;Khalil Bessaad;khalil bessaad
3314;Khalil Bourguiba;khalil bourguiba
1277;Khalil Cherif;khalil cherif
2235;Khalil Dridi;khalil dridi
1138;Khalil Fakhfekh;khalil fakhfekh
1288;Khalil Hamdi;khalil hamdi
1490;Khalil Jebeniani;khalil jebeniani
814;Khalil Jelassi;khalil jelassi
405;Khalil Manai;khalil manai
718;Khalil Masmoudi;khalil masmoudi
2697;Khalil Mhamdi;khalil mhamdi
1786;Khalil Neffati;khalil neffati
1673;Khalil Selmane;khalil selmane
1008;Khalil Zammeli;khalil zammeli
3115;Khalsi Firas;khalsi firas
1792;Khaoula Ben Slimane;khaoula ben slimane
3556;Khaoula BRAIKI;khaoula braiki
953;Khaoula Habouria;khaoula habouria
3343;Kharroubi Fehmi;kharroubi fehmi
13;Khatib Chakchouk;khatib chakchouk
1216;Khawla Ben Mansour;khawla ben mansour
2645;Khawla Dhahri;khawla dhahri
3514;Khayri Romdhani;khayri romdhani
3807;Khazri Mouna;khazri mouna
1058;Khedhiri Salah;khedhiri salah
175;Kheireddine Fradj;kheireddine fradj
603;Kheireddine Fredj;kheireddine fredj
1223;Khelifi Ahmed;khelifi ahmed
1539;Khelifi Ali;khelifi ali
1161;Khelifi Ibrahim;khelifi ibrahim
1422;Khellil Bouzguenda;khellil bouzguenda
2914;Khemiri Mohamed Amine;khemiri mohamed amine
2375;Khlil Gargouri;khlil gargouri
475;Khmaiess Ahmed;khmaiess ahmed
2276;Khoubaieb Samir;khoubaieb samir
2704;Khouloud Abada;khouloud abada
1918;Khouloud Abid;khouloud abid
3746;khouloud affi;khouloud affi
2460;Khouloud Bannour;khouloud bannour
889;Khouloud Bouazizi;khouloud bouazizi
2042;Khouloud Essghaier;khouloud essghaier
2244;Khouloud Ghorraf;khouloud ghorraf
474;Khouloud Kaabi;khouloud kaabi
4104;khouloud lazher;khouloud lazher
596;Khouloud Masmoudi;khouloud masmoudi
2380;Khouloud Mhamdi;khouloud mhamdi
3637;Khouloud Missaoui;khouloud missaoui
3063;Khouloud Rinez;khouloud rinez
1796;Khouloud Torkhani;khouloud torkhani
1435;Kirmene Marzouki;kirmene marzouki
880;Kouakou Dankoua Agree;kouakou dankoua agree
1969;Koussay Bouchaala;koussay bouchaala
2323;Koussay Noomene;koussay noomene
2804;Koutheir Cherni;koutheir cherni
1180;Ktn_Traffic Mohamed Salah Zaggar;ktn_traffic mohamed salah zaggar
1258;Laila Balti;laila balti
1296;Lait Espoir;lait espoir
550;Lamia Chouk;lamia chouk
1421;Lamine Bouzguenda;lamine bouzguenda
3493;Lamjed Ben amor;lamjed ben amor
3405;Lamjed Jedda;lamjed jedda
4047;Landolsi Sabrine;landolsi sabrine
2680;Lassaad Aissa Berraiess;lassaad aissa berraiess
2968;Lassaad Ben Rejeb;lassaad ben rejeb
771;Le Comet  Tarek Mnaffakh;le comet tarek mnaffakh
2483;Leila Ben Abdallah;leila ben abdallah
1537;Leila Bennasr;leila bennasr
1075;Leila Marzoug;leila marzoug
3066;Leila Rekbi;leila rekbi
1322;Leila Slim;leila slim
2580;Leith Cousseni;leith cousseni
371;Leith Glissa;leith glissa
3034;Leith Mokaddem;leith mokaddem
3831;Lejmi Moussa;lejmi moussa
2583;Letaief Omar;letaief omar
2011;Lilia Bouricha;lilia bouricha
3291;Lilia Kamoun;lilia kamoun
4106;Lilia Sfaxi;lilia sfaxi
2225;Lilia Skhiri;lilia skhiri
1335;Lina Belhadj;lina belhadj
2140;Linda Touil;linda touil
2912;Line Analyzer Ali Ibn ammar;line analyzer ali ibn ammar
3151;Lobna Hamdi;lobna hamdi
3031;Lobna Lahmar;lobna lahmar
2832;Lokmani Yassine;lokmani yassine
192;Lotfi Aguerbaoui;lotfi aguerbaoui
1615;Lotfi Ammar;lotfi ammar
502;Lotfi Ben Mosbah;lotfi ben mosbah
1614;Lotfi Ben Romdhane;lotfi ben romdhane
298;Lotfi Darragi;lotfi darragi
3215;Lotfi Kolsi;lotfi kolsi
1448;Lotfi Mzoughi;lotfi mzoughi
2458;Loua Slama;loua slama
3249;Louay Atoui;louay atoui
139;Louis Hauvette;louis hauvette
3204;Ltaief Khalil;ltaief khalil
2237;Luay Ben Ali;luay ben ali
2097;Luc Metivier;luc metivier
3528;Ludovic MOTTINI;ludovic mottini
3450;Lyle Halliday;lyle halliday
1334;Lynda Belhadj;lynda belhadj
1996;Maan Mrabet;maan mrabet
1570;Madani Moutaa;madani moutaa
2895;Magda Chelly;magda chelly
2748;Maha Ben Fredj;maha ben fredj
1034;Maha Benmohamed;maha benmohamed
3322;Maha Essoussi;maha essoussi
3890;Mahbouli Rhouma Najla;mahbouli rhouma najla
2672;Mahdi Abdelmalek;mahdi abdelmalek
1538;Mahdi Arous;mahdi arous
2048;Mahdi Ben Ahmed;mahdi ben ahmed
3531;Mahdi Ben Ameur;mahdi ben ameur
1212;Mahdi Ben khmis;mahdi ben khmis
2684;Mahdi Benabdallah;mahdi benabdallah
3727;Mahdi Chiha;mahdi chiha
3919;mahdi ftouh;mahdi ftouh
1520;Mahdi Gargouri;mahdi gargouri
163;Mahdi Ghribi;mahdi ghribi
151;Mahdi Houli;mahdi houli
4049;mahdi jmal;mahdi jmal
3190;Mahdi Khalsi Malek Essouaied;mahdi khalsi malek essouaied
1896;Mahdi Kharrat;mahdi kharrat
2664;Mahdi Lazreg;mahdi lazreg
1818;Mahdi Mhiri;mahdi mhiri
3057;Mahdi Oueslati;mahdi oueslati
3054;Mahdi Said;mahdi said
3425;Mahdi Souki;mahdi souki
2364;Mahdi Taghouti;mahdi taghouti
1273;Mahdi Truki;mahdi truki
3458;Maher Amara;maher amara
4022;Maher Ben Gaied;maher ben gaied
2451;Maher Ben Najm;maher ben najm
3575;Maher Boughdiri;maher boughdiri
399;Maher Chakroun;maher chakroun
1679;Maher Chekir;maher chekir
804;Maher Cheour;maher cheour
2932;Maher Fekih;maher fekih
143;Maher Heni;maher heni
2345;Maher Khelifi;maher khelifi
1232;Maher Marwani;maher marwani
1461;Maher Naouali;maher naouali
1276;Maher Tlili;maher tlili
1062;Maher Zaanouni;maher zaanouni
1291;Maher Zahar;maher zahar
1558;Mahfoudh Aouichri;mahfoudh aouichri
2341;Mahjoubi Wael;mahjoubi wael
178;Mahmoud Aboulrob;mahmoud aboulrob
973;Mahmoud Aljan;mahmoud aljan
668;Mahmoud Ayari;mahmoud ayari
1992;Mahmoud Challouf;mahmoud challouf
3771;Mahmoud Chatti;mahmoud chatti
3655;Mahmoud DAAMI;mahmoud daami
1503;Mahmoud Hachicha;mahmoud hachicha
463;Mahmoud Hammami;mahmoud hammami
1944;Mahmoud Hattab;mahmoud hattab
710;Mahmoud Jebri;mahmoud jebri
978;Mahmoud Siala;mahmoud siala
3982;Mahmoud Trabelsi;mahmoud trabelsi
2737;MahmoudSoufien Bsili;mahmoudsoufien bsili
2779;Mahran Abid;mahran abid
3195;Mahran Farhat;mahran farhat
3339;Maissa Maatoug;maissa maatoug
3023;Majdi Ahmed;majdi ahmed
1287;Majdi Ben Farhat;majdi ben farhat
1957;Majdi Ben Maallem;majdi ben maallem
2924;Majdi Dhahri;majdi dhahri
2780;Majdi Jaber;majdi jaber
2243;Majdi Saidi;majdi saidi
1306;Majdi Sidaoui;majdi sidaoui
546;Majdouline Mansour;majdouline mansour
2735;Majed DammakSaber;majed dammaksaber
4032;Majed ELBOUR;majed elbour
547;Majed Jabri;majed jabri
2726;Makram TorjemenSouissi;makram torjemensouissi
2442;Makrem Aoun;makrem aoun
2948;Makrem Chakchouk;makrem chakchouk
422;Makrem Dhifalli;makrem dhifalli
3774;Makrem Ellouze;makrem ellouze
27;Makrem Erguez;makrem erguez
411;Makrem Gharbi;makrem gharbi
235;Makrem Hermassi;makrem hermassi
2874;Makrem Jebali;makrem jebali
3255;Malak Belkacem;malak belkacem
2275;Malak Boukthir;malak boukthir
447;Malek Aloulou;malek aloulou
1496;Malek Amiri;malek amiri
3391;Malek Baklouti;malek baklouti
2491;Malek Baouindi;malek baouindi
3110;Malek Belhaj;malek belhaj
2749;Malek Ben Fredj;malek ben fredj
3856;Malek Ben Haj Amor;malek ben haj amor
3578;Malek Ben hassine;malek ben hassine
2088;Malek Ben Mbarek;malek ben mbarek
3690;Malek Ben yaghlane;malek ben yaghlane
1100;Malek Ben Yedder;malek ben yedder
1109;Malek Chaabane;malek chaabane
1214;Malek Dey Daly;malek dey daly
2923;Malek Dhahri;malek dhahri
1610;Malek Fendri;malek fendri
1298;Malek Hamouda;malek hamouda
673;Malek hamza;malek hamza
3005;Malek Khadhraoui;malek khadhraoui
2086;Malek Lamine;malek lamine
1182;Malek Maazoun;malek maazoun
3551;Malek Mansour;malek mansour
864;Malek Othmane;malek othmane
1279;Malek Redissi;malek redissi
908;Malek Zlitni;malek zlitni
1766;Malek Zribi;malek zribi
2696;Malik Ayachi;malik ayachi
407;Malik Nouira;malik nouira
3199;Mamadou Diouf;mamadou diouf
3957;Manar Daghsni;manar daghsni
3745;Manel Affi;manel affi
3040;Manel Ben Ali;manel ben ali
3192;Manel Ben hassine;manel ben hassine
3783;Manel CHAABANE;manel chaabane
1452;Manel Elleuchi;manel elleuchi
3139;Manel Ennahedh;manel ennahedh
3702;Manel Kallel;manel kallel
3342;Manel Lakhal;manel lakhal
2772;Manel Mallek;manel mallek
3837;Manel Saadaoui;manel saadaoui
2259;Manel Souai;manel souai
1643;Manel Yaakoubi;manel yaakoubi
253;Mannai Karim;mannai karim
1706;Mannana Dbibi;mannana dbibi
2234;Mansour Haroun;mansour haroun
651;Mansour Mechmech;mansour mechmech
2233;Mansour Noucair;mansour noucair
2166;Mansoura Jilani;mansoura jilani
3549;Mansouri Mohamed Ali;mansouri mohamed ali
2846;Maram Arfaoui;maram arfaoui
3954;maram guenouati;maram guenouati
3491;Maram Touati;maram touati
2367;Marcel Deturche;marcel deturche
3451;Marcel Wuethrich;marcel wuethrich
1236;Marcus Studio;marcus studio
3738;Maria Amaidi;maria amaidi
966;Mariam Labidi;mariam labidi
748;Mariam Ouanes;mariam ouanes
3522;Marie Baudlot;marie baudlot
2311;Mariem Allouche;mariem allouche
3941;Mariem Babay Rouis;mariem babay rouis
4013;Mariem Ben Hmad;mariem ben hmad
1956;Mariem Ben Maallem;mariem ben maallem
3368;Mariem Dhaouadi;mariem dhaouadi
2104;Mariem Hamzaoui;mariem hamzaoui
3224;Mariem Kamoun;mariem kamoun
1981;Mariem Limam;mariem limam
3272;Mariem Mnasri;mariem mnasri
312;Mariem Ouanes;mariem ouanes
1460;Mariem Turki;mariem turki
3990;Marion Sardou;marion sardou
25;Marius Andra;marius andra
473;Markrem Gharbi;markrem gharbi
1737;Markus Breitweg;markus breitweg
1282;Maroua Ben Ali;maroua ben ali
2716;Maroua Ben Charrada;maroua ben charrada
1771;Maroua Boubaker;maroua boubaker
2830;Maroua Ellouze;maroua ellouze
2009;Maroua Torkhani;maroua torkhani
988;Marouan Ariane;marouan ariane
3673;Marouan OMEZZINE;marouan omezzine
242;Marouane El Behi;marouane el behi
3239;Marouane Khadhraoui;marouane khadhraoui
3305;Marouane Salhi;marouane salhi
2898;Marouen Akermi;marouen akermi
689;Marouen Hadhri;marouen hadhri
1816;Marouen Jlassi;marouen jlassi
3905;Marouene Belkhiria;marouene belkhiria
3465;Marouene Draoui;marouene draoui
2359;Marouene Ratel;marouene ratel
3398;Mars 2020;mars 2020
1719;Marwa Abid;marwa abid
2949;Marwa Abrougui;marwa abrougui
3689;Marwa ANNEBI;marwa annebi
3184;Marwa Baccouche;marwa baccouche
3610;marwa essid;marwa essid
1153;Marwa Ferchichi;marwa ferchichi
992;Marwa Hannachi;marwa hannachi
373;Marwa Khmissi;marwa khmissi
987;Marwa Mejri;marwa mejri
4044;Marwa MEKNI;marwa mekni
3096;Marwa Mekni Toujani;marwa mekni toujani
3834;Marwa Metsahel;marwa metsahel
3138;Marwa Mhedhebi;marwa mhedhebi
1004;Marwa Moula;marwa moula
3914;Marwa Moussi;marwa moussi
667;Marwa Sboui;marwa sboui
2714;Marwa SettiMohamed Aziz;marwa settimohamed aziz
1810;Marwa Souki;marwa souki
191;Marwan Abidi;marwan abidi
1157;Marwane Arsslene Zribi;marwane arsslene zribi
73;Marwen Amamou;marwen amamou
115;Marwen Badri;marwen badri
1499;Marwen Ben Mzoughia;marwen ben mzoughia
2227;Marwen El Bari;marwen el bari
1330;Marwen Ferchichi;marwen ferchichi
578;Marwen Khemiss;marwen khemiss
1268;Marwen Khouaja;marwen khouaja
2958;Marwen Mahmoud;marwen mahmoud
1741;Marwen Mokdad;marwen mokdad
3855;Marwen Saad;marwen saad
1517;Marwen Sallem;marwen sallem
228;Marwen Sami;marwen sami
3916;Marwen Zitouni;marwen zitouni
1946;Marwene Khouaja;marwene khouaja
2118;Marwene Selmi;marwene selmi
3532;Maryem Chakroun;maryem chakroun
3176;Marzouki Mohamed Amine;marzouki mohamed amine
2561;Mathias Wrzoncki;mathias wrzoncki
3696;Matthias Würtenberger;matthias wurtenberger
2630;May Mallouli;may mallouli
2481;May Tounsi;may tounsi
3869;Maya Ben Tanfous;maya ben tanfous
1380;Maya Boureghda;maya boureghda
635;Maya Mathari;maya mathari
365;Maya Touati;maya touati
1197;Mayassa Fehaiem;mayassa fehaiem
2267;Maycène Mejri;maycene mejri
1804;Mayssa Ben kahla;mayssa ben kahla
1185;Mayssa Karchoud;mayssa karchoud
3821;Mayssa Moussa;mayssa moussa
1811;Mayssa Souki;mayssa souki
3032;Mayssem Ben Ammar;mayssem ben ammar
3808;mazen slama;mazen slama
3717;Mbarki Kabil;mbarki kabil
2530;Mechri Siwar;mechri siwar
2665;Mechria Mohamed Aziz;mechria mohamed aziz
119;Med Abdel Aziz Battikh;med abdel aziz battikh
1951;Med Amine Brinis;med amine brinis
950;Med Amine Jebabli;med amine jebabli
3587;Med Amine Ladib;med amine ladib
4080;Med Ben aoun;med ben aoun
2904;Med khalil Bousnina;med khalil bousnina
1919;Med Khalil Terzi;med khalil terzi
757;Med Salah Mbarek;med salah mbarek
4105;Mefteh Wajdi;mefteh wajdi
3507;Mehdi Abdi;mehdi abdi
1082;Mehdi Achour;mehdi achour
1003;Mehdi Ben Abdallah;mehdi ben abdallah
1486;Mehdi Ben Abi Zid;mehdi ben abi zid
3067;Mehdi Ben Hamouda;mehdi ben hamouda
2252;Mehdi Ben Hassine;mehdi ben hassine
2391;Mehdi Ben Hmida;mehdi ben hmida
432;Mehdi Bhouri;mehdi bhouri
438;Mehdi Boudhraa;mehdi boudhraa
3431;Mehdi Chelbi;mehdi chelbi
3286;Mehdi Chelly;mehdi chelly
527;Mehdi Dellagi;mehdi dellagi
492;Mehdi Doghri;mehdi doghri
3641;Mehdi Essalah;mehdi essalah
279;Mehdi Gabsi;mehdi gabsi
3600;Mehdi Hammami;mehdi hammami
1344;Mehdi Hamrouni;mehdi hamrouni
4096;Mehdi KHECHINE;mehdi khechine
3540;Mehdi KHELIL;mehdi khelil
1544;Mehdi Maadi;mehdi maadi
1416;Mehdi Maalawi;mehdi maalawi
124;Mehdi Mabrouk;mehdi mabrouk
71;Mehdi Mazlout;mehdi mazlout
215;Mehdi Merai;mehdi merai
995;Mehdi Mhamdi;mehdi mhamdi
2431;Mehdi Mouelhi;mehdi mouelhi
1686;Mehdi Romdhane;mehdi romdhane
292;Mehdi Taghouti;mehdi taghouti
2790;Mehdi Trabelsi;mehdi trabelsi
942;Mehdi Triki;mehdi triki
223;Mehdi Zaabar;mehdi zaabar
3651;Mehdi ZAYET;mehdi zayet
529;Mehdi Zorgati;mehdi zorgati
2409;Mehdy Belkhiria;mehdy belkhiria
277;Mehemed Bougsea;mehemed bougsea
1413;Meher Hedhli;meher hedhli
366;Meher Khelifi;meher khelifi
1925;Meher Somrani;meher somrani
822;Mehrez Boulares;mehrez boulares
4037;MEHRI Adem;mehri adem
2889;Mejda Khaled;mejda khaled
2182;Mejdi Bouaﬁf;mejdi bouafif
3737;Mejdi Dhokar;mejdi dhokar
2759;Mejdi Gaddouch;mejdi gaddouch
776;Mejdi Mbarek;mejdi mbarek
3345;Mejri Wajdi;mejri wajdi
1751;Mekki Bahri;mekki bahri
2518;Melek Chakchouk;melek chakchouk
922;Melek Gharbi;melek gharbi
2065;Melek Mehrez;melek mehrez
2981;Menjli Aymen;menjli aymen
3609;Menyar Debbebi;menyar debbebi
2192;Meriam Aidi;meriam aidi
3202;Meriam Ben doudou;meriam ben doudou
2169;Meriam Maaloul;meriam maaloul
309;Meriem Amamou;meriem amamou
1589;Meriem Bel Haj Mohamed;meriem bel haj mohamed
2106;Meriem Dkhil;meriem dkhil
375;Meriem ElMay;meriem elmay
4052;Mériem Jaïdane;meriem jaidane
2599;Meriem Trabelsi;meriem trabelsi
2462;Meriem Zouali;meriem zouali
3248;Meryam Boughzala;meryam boughzala
3107;Meryam Brahim;meryam brahim
1787;Messaoud Cherif;messaoud cherif
1424;Mestiri Faouzi;mestiri faouzi
1572;Mestiri Habib;mestiri habib
3824;Mezni Hiba;mezni hiba
2892;Mezri Karoui;mezri karoui
3828;Mhadhbi Shady;mhadhbi shady
2692;Mhamed Ali Ben;mhamed ali ben
3097;Mhamed Ali Ben Mahmoud;mhamed ali ben mahmoud
2931;Mhamed Moncer;mhamed moncer
3125;Mhamed Raboudi;mhamed raboudi
721;Mhammed Bellaj;mhammed bellaj
3749;Mhimdi Mouhib;mhimdi mouhib
2896;Mikko Laaksonen;mikko laaksonen
2527;Miled Mohamed;miled mohamed
1814;Millar Thoms John;millar thoms john
3252;Minyar Meksi;minyar meksi
2347;Miriam Abdeljaouad;miriam abdeljaouad
1431;Moalla Habib;moalla habib
2291;Moatassem Belleh Guesmi;moatassem belleh guesmi
3883;Moataz Hammami;moataz hammami
1968;Moataz Jemni;moataz jemni
4100;Moatez Chraiet;moatez chraiet
3075;Moemen Amaira;moemen amaira
805;Moetaz Torkhani;moetaz torkhani
448;Moez Affes;moez affes
508;Moez Aousji;moez aousji
1045;Moez Beddi;moez beddi
3817;Moez BEN GHARBIA;moez ben gharbia
3111;Moez Ben Hajhmida;moez ben hajhmida
328;Moez Ben Mbarka;moez ben mbarka
3177;Moez Ben Mosbah;moez ben mosbah
3486;Moez Bhar;moez bhar
720;Moez Bouhlel;moez bouhlel
2909;Moez Debara;moez debara
2925;Moez Dhahri;moez dhahri
1077;Moez Farhat;moez farhat
469;Moez Hammami;moez hammami
2327;Moez Jemaa;moez jemaa
1438;Moez Kazdaghli;moez kazdaghli
1921;Moez Lidinellah Waddey;moez lidinellah waddey
3407;Moez Ouali;moez ouali
1433;Moez Taïeb;moez taieb
3699;Moez Zouari;moez zouari
3118;Mohamad Koubar;mohamad koubar
709;Mohamad Mouihbi;mohamad mouihbi
1922;Mohamad Obeid;mohamad obeid
1734;Mohamed Abdelkefi;mohamed abdelkefi
3123;Mohamed Abderrahim Khouaja;mohamed abderrahim khouaja
1748;Mohamed Abichou;mohamed abichou
3758;Mohamed Abidi;mohamed abidi
52;Mohamed Abul Heija;mohamed abul heija
2278;Mohamed Achraf Jomaa;mohamed achraf jomaa
2403;Mohamed Achraf Mrabet;mohamed achraf mrabet
415;Mohamed Achref Ben Sghaier;mohamed achref ben sghaier
410;Mohamed Achref Gabsi;mohamed achref gabsi
2035;Mohamed Adel Tarki;mohamed adel tarki
613;Mohamed Ahmed Mhenni;mohamed ahmed mhenni
2099;Mohamed Aimen Jouini;mohamed aimen jouini
4079;Mohamed Aissa MAAMER;mohamed aissa maamer
703;Mohamed Akermi;mohamed akermi
3785;Mohamed Akremi;mohamed akremi
226;Mohamed Ala eddine Ben Trad;mohamed ala eddine ben trad
3226;Mohamed Alaaeddine Ben Hamza;mohamed alaaeddine ben hamza
3114;Mohamed Alaoui;mohamed alaoui
1548;Mohamed Alaya Bouabda;mohamed alaya bouabda
1578;Mohamed Ali Abid;mohamed ali abid
76;Mohamed Ali Afif;mohamed ali afif
1156;Mohamed Ali Aguel;mohamed ali aguel
571;Mohamed Ali Belajouza;mohamed ali belajouza
2986;Mohamed Ali Ben Abdallah;mohamed ali ben abdallah
2942;Mohamed Ali Ben Chaabane;mohamed ali ben chaabane
2121;Mohamed Ali Ben Slimen;mohamed ali ben slimen
2249;Mohamed Ali Blaiti;mohamed ali blaiti
1990;Mohamed Ali Bouchaala;mohamed ali bouchaala
1359;Mohamed Ali Brini;mohamed ali brini
2867;Mohamed Ali Chemli;mohamed ali chemli
3725;mohamed ali Derbel;mohamed ali derbel
16;Mohamed Ali Elloumi;mohamed ali elloumi
723;Mohamed Ali Ellouze;mohamed ali ellouze
2150;Mohamed Ali Fathallah;mohamed ali fathallah
2547;Mohamed Ali Fitouhi;mohamed ali fitouhi
3626;Mohamed Ali Gamha;mohamed ali gamha
256;Mohamed Ali Hammami;mohamed ali hammami
2500;Mohamed Ali Hergli;mohamed ali hergli
3271;Mohamed Ali Hmida;mohamed ali hmida
2575;Mohamed Ali Jebali;mohamed ali jebali
3324;Mohamed ali Jelidi;mohamed ali jelidi
900;Mohamed Ali Kammoun;mohamed ali kammoun
2055;Mohamed Ali Karoui;mohamed ali karoui
698;Mohamed Ali Kharraf;mohamed ali kharraf
3700;MOHAMED ALI KHEMAKHEM;mohamed ali khemakhem
3069;Mohamed Ali Maazoun;mohamed ali maazoun
3962;Mohamed ali Mankai;mohamed ali mankai
404;Mohamed Ali Midani;mohamed ali midani
857;Mohamed Ali Rekik;mohamed ali rekik
457;Mohamed Ali Salmi;mohamed ali salmi
916;Mohamed Ali Taoues;mohamed ali taoues
837;Mohamed Ali Tarhouni;mohamed ali tarhouni
713;Mohamed Ali Torjmen;mohamed ali torjmen
1809;Mohamed Ali Toumi;mohamed ali toumi
2550;Mohamed Ali Zaier;mohamed ali zaier
2528;Mohamed ali Zorgui;mohamed ali zorgui
699;Mohamed Aloui;mohamed aloui
3859;Mohamed Ameur BEN ABDESSALEM;mohamed ameur ben abdessalem
1986;Mohamed Amin Kallel;mohamed amin kallel
2805;Mohamed Amine Abdenadher;mohamed amine abdenadher
1948;Mohamed Amine Amdouni;mohamed amine amdouni
157;Mohamed Amine Baatout;mohamed amine baatout
1115;Mohamed Amine Battikh;mohamed amine battikh
1680;Mohamed Amine Bellili;mohamed amine bellili
3390;Mohamed Amine Ben Farhat;mohamed amine ben farhat
3427;Mohamed Amine Ben Samir;mohamed amine ben samir
899;Mohamed Amine Ben Sassi;mohamed amine ben sassi
1259;Mohamed Amine Bensalem;mohamed amine bensalem
1110;Mohamed Amine Berguiga;mohamed amine berguiga
274;Mohamed Amine Bourkhis;mohamed amine bourkhis
1983;Mohamed Amine Boussarsar;mohamed amine boussarsar
1248;Mohamed Amine Chalbi;mohamed amine chalbi
3053;Mohamed Amine Dridi;mohamed amine dridi
3094;Mohamed Amine El Ouederni;mohamed amine el ouederni
2768;Mohamed Amine Ghazouani;mohamed amine ghazouani
168;Mohamed Amine Ghorbel;mohamed amine ghorbel
182;Mohamed Amine Grichi;mohamed amine grichi
456;Mohamed Amine Guettat;mohamed amine guettat
629;Mohamed Amine Hamdi;mohamed amine hamdi
4048;Mohamed Amine Harbaoui;mohamed amine harbaoui
282;Mohamed Amine Hlaili;mohamed amine hlaili
189;Mohamed Amine Hlali;mohamed amine hlali
946;Mohamed Amine Ibrahim;mohamed amine ibrahim
1275;Mohamed Amine Jarraya;mohamed amine jarraya
1225;Mohamed Amine Jebali;mohamed amine jebali
454;Mohamed Amine Jendoubi;mohamed amine jendoubi
2044;Mohamed Amine Kefi;mohamed amine kefi
2829;Mohamed Amine Khemiri;mohamed amine khemiri
1628;Mohamed Amine Landolsi;mohamed amine landolsi
2407;Mohamed Amine Mamlouk;mohamed amine mamlouk
1853;Mohamed Amine Messaoudi;mohamed amine messaoudi
3974;Mohamed Amine Mhadhbi;mohamed amine mhadhbi
1515;Mohamed Amine Mhiri;mohamed amine mhiri
3329;Mohamed Amine Mrad;mohamed amine mrad
1564;Mohamed Amine Mzoughi;mohamed amine mzoughi
2511;Mohamed Amine Naimi;mohamed amine naimi
1201;Mohamed Amine Omrani;mohamed amine omrani
3325;Mohamed Amine Ouchari;mohamed amine ouchari
385;Mohamed Amine Ouichka;mohamed amine ouichka
248;Mohamed Amine Ouni;mohamed amine ouni
4005;mohamed amine saadaoui;mohamed amine saadaoui
1078;Mohamed Amine Youssef;mohamed amine youssef
3955;mohamed amine ziedi;mohamed amine ziedi
2081;Mohamed Amine Ziraoui;mohamed amine ziraoui
3989;Mohamed Amir Boufaden;mohamed amir boufaden
1041;Mohamed Amroussi;mohamed amroussi
335;Mohamed Anane;mohamed anane
2612;Mohamed Anis Ben Ghalia;mohamed anis ben ghalia
1821;Mohamed Anouar Brini;mohamed anouar brini
3672;Mohamed Anouar Gadhoum;mohamed anouar gadhoum
3490;Mohamed Aouini;mohamed aouini
3511;Mohamed Arbi Baklouti;mohamed arbi baklouti
3298;Mohamed Ayachi;mohamed ayachi
3820;Mohamed AYADI;mohamed ayadi
2717;Mohamed Aymen;mohamed aymen
3219;Mohamed Aymen Ben Abdallah;mohamed aymen ben abdallah
194;Mohamed Aymen Ben Elhaj Mabrouk;mohamed aymen ben elhaj mabrouk
3999;mohamed aymen hassen;mohamed aymen hassen
555;Mohamed Aymen Jomaa;mohamed aymen jomaa
2828;Mohamed Aymen Mechergui;mohamed aymen mechergui
421;Mohamed Aymen Saadani;mohamed aymen saadani
4077;Mohamed Aziz Ayadi;mohamed aziz ayadi
963;Mohamed Aziz Belaweid;mohamed aziz belaweid
278;Mohamed Aziz Belhadj Jrad;mohamed aziz belhadj jrad
2720;Mohamed Aziz Ben Akremi;mohamed aziz ben akremi
2103;Mohamed Aziz Ben Mahmoud;mohamed aziz ben mahmoud
3565;Mohamed Aziz Ben Said;mohamed aziz ben said
1671;Mohamed Aziz Boufaied;mohamed aziz boufaied
2157;Mohamed Aziz Brinis;mohamed aziz brinis
397;Mohamed Aziz Chahed;mohamed aziz chahed
2663;Mohamed Aziz Chibani;mohamed aziz chibani
3237;Mohamed Aziz Fekih Ali;mohamed aziz fekih ali
1848;Mohamed Aziz Ghorbel;mohamed aziz ghorbel
736;Mohamed Aziz Hannachi;mohamed aziz hannachi
3995;Mohamed aziz Hlaoua;mohamed aziz hlaoua
2092;Mohamed Aziz Lahkimi;mohamed aziz lahkimi
2622;Mohamed Aziz Landolssi;mohamed aziz landolssi
2888;Mohamed Aziz Laourine;mohamed aziz laourine
3156;Mohamed Aziz Saouabi;mohamed aziz saouabi
849;Mohamed Baazaoui;mohamed baazaoui
3430;Mohamed Baccouche;mohamed baccouche
1898;Mohamed Badreddine Kharrat;mohamed badreddine kharrat
3521;Mohamed BADRI;mohamed badri
3911;Mohamed Baha Eddine Baghdadi;mohamed baha eddine baghdadi
1105;Mohamed Bahri;mohamed bahri
1414;Mohamed Barki;mohamed barki
2026;Mohamed Bassem Mazghouni;mohamed bassem mazghouni
3661;Mohamed Bayar SADRI BEN AHMED;mohamed bayar sadri ben ahmed
1092;Mohamed Bayouli;mohamed bayouli
313;Mohamed Bechir Chniti;mohamed bechir chniti
3595;Mohamed Béchir Lansari;mohamed bechir lansari
34;Mohamed Belghith;mohamed belghith
1146;Mohamed Ben Ahmed;mohamed ben ahmed
524;Mohamed Ben Arfa;mohamed ben arfa
99;Mohamed Ben Hadj Aissa;mohamed ben hadj aissa
414;Mohamed Ben Hmida;mohamed ben hmida
3981;Mohamed Ben Jazia;mohamed ben jazia
360;Mohamed Ben Laroussi Limame;mohamed ben laroussi limame
361;Mohamed Ben Mahmoud;mohamed ben mahmoud
3748;mohamed ben mrad;mohamed ben mrad
2552;Mohamed Ben Romdhan;mohamed ben romdhan
2650;Mohamed Ben Romdhane;mohamed ben romdhane
2100;Mohamed Ben Youssef;mohamed ben youssef
2260;Mohamed Benyaiche;mohamed benyaiche
2383;Mohamed Berber;mohamed berber
471;Mohamed Bessa;mohamed bessa
1522;Mohamed Bilel Fitouri;mohamed bilel fitouri
1534;Mohamed bilel Kedidi;mohamed bilel kedidi
3385;Mohamed Bouazza;mohamed bouazza
1760;Mohamed Boudabbous;mohamed boudabbous
4109;Mohamed BOUHAMED;mohamed bouhamed
2346;Mohamed Bouhaouala;mohamed bouhaouala
1820;Mohamed Bouhlel;mohamed bouhlel
130;Mohamed Boujelbane;mohamed boujelbane
166;Mohamed Boumiza;mohamed boumiza
2703;Mohamed Boussaidi;mohamed boussaidi
569;Mohamed Chaabane;mohamed chaabane
1639;Mohamed Charrada;mohamed charrada
1844;Mohamed Chatti;mohamed chatti
238;Mohamed Chebbi;mohamed chebbi
1745;Mohamed Cherif;mohamed cherif
3524;mohamed cherif oussayef;mohamed cherif oussayef
948;Mohamed Choucheni;mohamed choucheni
3728;Mohamed Chtiba;mohamed chtiba
4075;mohamed dahmani;mohamed dahmani
1754;Mohamed Damak;mohamed damak
913;Mohamed Debbabi;mohamed debbabi
3784;Mohamed Dhaou;mohamed dhaou
297;Mohamed Dhaouafi;mohamed dhaouafi
2423;Mohamed Dhia Ben Fraj;mohamed dhia ben fraj
3679;Mohamed Dhia Fredj;mohamed dhia fredj
3561;Mohamed Dhouib;mohamed dhouib
2816;Mohamed Dinari;mohamed dinari
1289;Mohamed Dridi;mohamed dridi
2978;Mohamed El Arbi Bessalah;mohamed el arbi bessalah
2443;Mohamed El Haj Abdallah;mohamed el haj abdallah
848;Mohamed El kamel;mohamed el kamel
759;Mohamed Elaid Karaouli;mohamed elaid karaouli
2947;Mohamed Elleuch;mohamed elleuch
3712;Mohamed Elyas Bazazi;mohamed elyas bazazi
3464;Mohamed Elyes Ben Haj Kbair;mohamed elyes ben haj kbair
1281;Mohamed Essid;mohamed essid
2466;Mohamed Fadhel Saada;mohamed fadhel saada
1181;Mohamed Fares Ghodhbani;mohamed fares ghodhbani
283;Mohamed Fares Oueslati;mohamed fares oueslati
251;Mohamed Farouk Ben Achour;mohamed farouk ben achour
612;Mohamed Farouk Mhenni;mohamed farouk mhenni
1213;Mohamed Fekih-Romdhane;mohamed fekih-romdhane
3948;Mohamed Firas Gabsi;mohamed firas gabsi
4034;mohamed gassoumi;mohamed gassoumi
2920;Mohamed Ghassen Fhimi;mohamed ghassen fhimi
1456;Mohamed Ghayadhi;mohamed ghayadhi
1141;Mohamed Ghazi Baccouche;mohamed ghazi baccouche
882;Mohamed Ghazouani;mohamed ghazouani
86;Mohamed Ghmadh;mohamed ghmadh
2681;Mohamed Ghodbane;mohamed ghodbane
4021;mohamed ghorbel;mohamed ghorbel
320;Mohamed Guediche;mohamed guediche
1234;Mohamed Guenbri;mohamed guenbri
637;Mohamed Guinoubi;mohamed guinoubi
3951;Mohamed habib Grami;mohamed habib grami
1352;Mohamed Habib Sghaier;mohamed habib sghaier
3903;Mohamed Hachemi BEN HAJ ALI;mohamed hachemi ben haj ali
3705;Mohamed Hachicha;mohamed hachicha
1505;Mohamed Haj Abdallah;mohamed haj abdallah
3178;Mohamed Hajjem;mohamed hajjem
3516;Mohamed Hajri;mohamed hajri
1749;Mohamed Hamdi;mohamed hamdi
1113;Mohamed Hamlaoui;mohamed hamlaoui
3863;Mohamed Haroun Ouanes;mohamed haroun ouanes
1612;Mohamed Hassan Aziz Gafsi;mohamed hassan aziz gafsi
224;Mohamed Hatem Haddad;mohamed hatem haddad
2719;Mohamed Hbib Ben Akremi;mohamed hbib ben akremi
3028;Mohamed Hechmi Louzir;mohamed hechmi louzir
630;Mohamed Hedi Achour;mohamed hedi achour
507;Mohamed Hedi Ben Hamed;mohamed hedi ben hamed
2246;Mohamed Hedi Jebali;mohamed hedi jebali
4025;Mohamed Hedi Jebara;mohamed hedi jebara
2177;Mohamed Hedi Jridi;mohamed hedi jridi
3693;Mohamed hedi MAGHREBI;mohamed hedi maghrebi
2041;Mohamed Houcem Eddine Ibn Essghaier;mohamed houcem eddine ibn essghaier
4046;mohamed Idriss Tamni;mohamed idriss tamni
3980;Mohamed Ilyas Abdelkefi;mohamed ilyas abdelkefi
2434;Mohamed Islem Ben Ali;mohamed islem ben ali
1274;Mohamed Ismail Mesbeh;mohamed ismail mesbeh
236;Mohamed Itheb Ben Abbes;mohamed itheb ben abbes
233;Mohamed Jaidane;mohamed jaidane
1845;Mohamed Jaouadi;mohamed jaouadi
1347;Mohamed Jawher Hamed;mohamed jawher hamed
956;Mohamed Jbalia;mohamed jbalia
2812;Mohamed Jemiai;mohamed jemiai
1217;Mohamed Kadi;mohamed kadi
3937;Mohamed KADRI;mohamed kadri
3631;Mohamed Kais Ben Rhouma;mohamed kais ben rhouma
515;Mohamed Kallel;mohamed kallel
1801;Mohamed Kamel Abderrahim;mohamed kamel abderrahim
3841;Mohamed Kamergi;mohamed kamergi
3963;Mohamed Karim KECHALFI;mohamed karim kechalfi
266;Mohamed Karim Sakrani;mohamed karim sakrani
2838;Mohamed Kchaou;mohamed kchaou
3478;Mohamed khalil Aniba;mohamed khalil aniba
4027;mohamed khalil Askri;mohamed khalil askri
2160;Mohamed Khalil Ben Chebil;mohamed khalil ben chebil
3426;Mohamed Khalil Ben Mohamed;mohamed khalil ben mohamed
2405;Mohamed Khalil Hosni;mohamed khalil hosni
2861;Mohamed Khalil Khaldi;mohamed khalil khaldi
2648;Mohamed Khalil Kouki;mohamed khalil kouki
1012;Mohamed Khalil Liouane;mohamed khalil liouane
1672;Mohamed Khalil Mattar;mohamed khalil mattar
357;Mohamed Khalloufi;mohamed khalloufi
1260;Mohamed Kharrat;mohamed kharrat
1950;Mohamed Khebir;mohamed khebir
2089;Mohamed Khedher;mohamed khedher
2344;Mohamed Khelifi;mohamed khelifi
775;Mohamed Khelil;mohamed khelil
1714;Mohamed Koubaa;mohamed koubaa
2245;Mohamed Kristou;mohamed kristou
2436;Mohamed Laouini;mohamed laouini
3284;Mohamed Latiri;mohamed latiri
1218;Mohamed Limame;mohamed limame
4060;MOHAMED LOTFI DEROUICHE;mohamed lotfi derouiche
2739;Mohamed Lotfi Sassi;mohamed lotfi sassi
1606;Mohamed Louati;mohamed louati
758;Mohamed Maalej;mohamed maalej
1440;Mohamed Maatoug;mohamed maatoug
732;Mohamed Mabrouk;mohamed mabrouk
1033;Mohamed Makni;mohamed makni
2459;Mohamed Malek;mohamed malek
1660;Mohamed Medhaffar;mohamed medhaffar
4059;MOHAMED MEHDI BACCOUCHE;mohamed mehdi baccouche
1789;Mohamed Mehdi Belhout;mohamed mehdi belhout
2400;Mohamed Mehdi Ben Mlouka;mohamed mehdi ben mlouka
3257;Mohamed Mehdi Nouira;mohamed mehdi nouira
3389;Mohamed Mehrzi;mohamed mehrzi
239;Mohamed Mekki Maalej;mohamed mekki maalej
2354;Mohamed Melki;mohamed melki
2174;Mohamed Mellouki;mohamed mellouki
90;Mohamed Methnani;mohamed methnani
295;Mohamed Mnif;mohamed mnif
2030;Mohamed Moatez Jendoubi;mohamed moatez jendoubi
2028;Mohamed Moez Touil;mohamed moez touil
2139;Mohamed Moez Touil Touil;mohamed moez touil touil
2334;Mohamed mohamed;mohamed mohamed
3629;Mohamed Mouhib Meddeb;mohamed mouhib meddeb
2586;Mohamed Mounir Mejri;mohamed mounir mejri
611;Mohamed Mzid;mohamed mzid
1457;Mohamed Nabil Essefaihi;mohamed nabil essefaihi
158;Mohamed Nadhir Belkhir;mohamed nadhir belkhir
2564;Mohamed Nahouchi;mohamed nahouchi
2635;Mohamed Najar;mohamed najar
2116;Mohamed Naoues;mohamed naoues
2642;Mohamed Nassim Chouchene;mohamed nassim chouchene
1396;Mohamed Nathan Fenina;mohamed nathan fenina
752;Mohamed Nawes;mohamed nawes
2927;Mohamed Nefaa Dghim;mohamed nefaa dghim
3772;Mohamed Neji KALBOUSSI;mohamed neji kalboussi
2036;Mohamed Nejib Bejar;mohamed nejib bejar
801;Mohamed Nejib Youssef;mohamed nejib youssef
203;Mohamed Nidham;mohamed nidham
33;Mohamed Nour Ben Yahia;mohamed nour ben yahia
2683;Mohamed Omar Chaari;mohamed omar chaari
1001;Mohamed Omrane Mzabi;mohamed omrane mzabi
2721;Mohamed Oualid Guellouz;mohamed oualid guellouz
3780;Mohamed Ouni;mohamed ouni
1939;Mohamed Oussama Ben Yahia;mohamed oussama ben yahia
708;Mohamed Raafet Limam;mohamed raafet limam
2853;Mohamed Rached Jomni;mohamed rached jomni
3330;Mohamed Rached Nabouli;mohamed rached nabouli
2723;Mohamed Rafik Hwimli;mohamed rafik hwimli
3074;Mohamed Rahmouni;mohamed rahmouni
3140;Mohamed Rajhi;mohamed rajhi
3488;Mohamed Rami Zairi;mohamed rami zairi
2023;Mohamed Ramzi Ben Youssef;mohamed ramzi ben youssef
3302;Mohamed Ramzi Hamza;mohamed ramzi hamza
2579;Mohamed Rayen Dakhlaoui;mohamed rayen dakhlaoui
2306;Mohamed Regaieg;mohamed regaieg
3706;Mohamed Regaya;mohamed regaya
1477;Mohamed Riadh Hamama;mohamed riadh hamama
3730;Mohamed Riahi;mohamed riahi
3050;Mohamed Ridha Mami;mohamed ridha mami
3254;Mohamed Rouini;mohamed rouini
1830;Mohamed Saadi;mohamed saadi
3182;Mohamed Sabri Belgaroui;mohamed sabri belgaroui
1654;Mohamed Sadek Sassi;mohamed sadek sassi
498;Mohamed Sahlaoui;mohamed sahlaoui
711;Mohamed Saïd El Behi;mohamed said el behi
450;Mohamed Said Elbehi;mohamed said elbehi
1651;Mohamed Saidi;mohamed saidi
4078;Mohamed Salah Ayari;mohamed salah ayari
981;Mohamed Salah Elbach;mohamed salah elbach
662;Mohamed Salah Karouia;mohamed salah karouia
3085;Mohamed Salah Maaref;mohamed salah maaref
1035;Mohamed Salah Mbarek;mohamed salah mbarek
1278;Mohamed salah Nachi;mohamed salah nachi
2161;Mohamed Salah Ouelhazi;mohamed salah ouelhazi
3802;Mohamed Salah Tammar;mohamed salah tammar
2236;Mohamed Salem;mohamed salem
714;Mohamed Salem Bchir;mohamed salem bchir
1933;Mohamed Salem Menssi;mohamed salem menssi
70;Mohamed Salouati;mohamed salouati
349;Mohamed Sami Adouani;mohamed sami adouani
164;Mohamed Sami Rahoui;mohamed sami rahoui
511;Mohamed Seifeddine Bouarada;mohamed seifeddine bouarada
774;Mohamed Seifedinne Bouarada;mohamed seifedinne bouarada
665;Mohamed Selim Bessi;mohamed selim bessi
65;Mohamed Selim Hadrich;mohamed selim hadrich
970;Mohamed Sghaier;mohamed sghaier
3247;Mohamed Skander Ben Himene;mohamed skander ben himene
2868;Mohamed Skander Soltane;mohamed skander soltane
1368;Mohamed Slim Mansouri;mohamed slim mansouri
1111;Mohamed Slimeni;mohamed slimeni
1938;Mohamed Souidi;mohamed souidi
291;Mohamed Taghouti;mohamed taghouti
1005;Mohamed Taha Ben Mhenni;mohamed taha ben mhenni
1317;Mohamed Taha Jemmali;mohamed taha jemmali
3519;Mohamed Taha Sta;mohamed taha sta
144;Mohamed Taher;mohamed taher
2631;Mohamed Taibah;mohamed taibah
2813;Mohamed Taieb Jemiai;mohamed taieb jemiai
3445;Mohamed Tanfous;mohamed tanfous
3586;Mohamed Tayeb Mokni;mohamed tayeb mokni
2185;Mohamed Temimi;mohamed temimi
3376;Mohamed ThamlaOui;mohamed thamlaoui
1103;Mohamed Tlich;mohamed tlich
846;Mohamed Torkhani;mohamed torkhani
3851;Mohamed Touati;mohamed touati
2401;Mohamed Touhami Rhaima;mohamed touhami rhaima
3757;Mohamed touijer;mohamed touijer
2377;Mohamed Toumi;mohamed toumi
3734;Mohamed Trabelsi;mohamed trabelsi
1677;Mohamed Triki;mohamed triki
2006;Mohamed Turki;mohamed turki
3754;Mohamed Wael Daly;mohamed wael daly
1831;Mohamed Wael Sghaier;mohamed wael sghaier
1781;Mohamed Wajdi Khelil;mohamed wajdi khelil
489;Mohamed Wajih Allani;mohamed wajih allani
2050;Mohamed Wassim Abidi;mohamed wassim abidi
634;Mohamed Wassim Benzarti;mohamed wassim benzarti
3048;Mohamed Wassim Hamrouni;mohamed wassim hamrouni
807;Mohamed Wissem Landolsi;mohamed wissem landolsi
3287;Mohamed Yacine Missaoui;mohamed yacine missaoui
3484;Mohamed Yakoubi;mohamed yakoubi
3089;Mohamed Yassine Boumedien;mohamed yassine boumedien
2935;Mohamed Yassine Brahem;mohamed yassine brahem
3568;Mohamed Yassine Derbel;mohamed yassine derbel
1701;Mohamed yassine Karaouli;mohamed yassine karaouli
2807;Mohamed Yassine Letaief;mohamed yassine letaief
1283;Mohamed Yassine Soussi;mohamed yassine soussi
3392;Mohamed Yassine Yahia;mohamed yassine yahia
3648;Mohamed Yessine KSIBI;mohamed yessine ksibi
1147;Mohamed Youssef Chahed;mohamed youssef chahed
3534;mohamed youssef sghaier;mohamed youssef sghaier
347;Mohamed Zammel;mohamed zammel
1556;Mohamed Zegdene;mohamed zegdene
2781;Mohamed Zekri;mohamed zekri
3026;Mohamed Zied Madini;mohamed zied madini
2001;Mohamed Zied Razzegui;mohamed zied razzegui
2903;Mohamed Zlizi;mohamed zlizi
606;Mohamed Zouhaier Zammel;mohamed zouhaier zammel
1923;Mohamed-Hedi Jridi;mohamed-hedi jridi
2147;Mohamed-Hedi Mellekh;mohamed-hedi mellekh
3671;Mohammed Amine Dridi;mohammed amine dridi
576;Mohammed Ben Hammed;mohammed ben hammed
3547;Moheb Awichewi;moheb awichewi
2669;Mohieddine Drissi;mohieddine drissi
2385;Mohmmed Sayed Hamdi;mohmmed sayed hamdi
1118;Mohsen Ayari;mohsen ayari
3288;Mohsen Bouzid;mohsen bouzid
3553;Mohsen Fennira;mohsen fennira
3189;Mohsen Khalsi;mohsen khalsi
826;Mohsen Laabidi;mohsen laabidi
645;Mohsen Machhout;mohsen machhout
2775;Mohtadi Ben Fraj;mohtadi ben fraj
2506;Mojtabah Mehri;mojtabah mehri
62;Mokhles Masmoudi;mokhles masmoudi
1743;Mokhtar Ben Amor;mokhtar ben amor
1265;Mokhtar Hafien;mokhtar hafien
3857;Mokhtar HARRABI;mokhtar harrabi
1819;Mokhtar Hichri;mokhtar hichri
557;Molka Ayadi;molka ayadi
1475;Molka Khemir;molka khemir
3715;Momtez AYADI;momtez ayadi
1462;Mona Khaled;mona khaled
1171;Monaam Ayachi;monaam ayachi
1859;Moncef Ben Rabia;moncef ben rabia
830;Moncef Ben Rajeb;moncef ben rajeb
616;Moncef Ben Rejeb;moncef ben rejeb
3171;Mondher Ayadi;mondher ayadi
731;Mondher Hakim;mondher hakim
2060;Mondher Htira;mondher htira
3373;Mondher Makni;mondher makni
3814;Mongi Dali;mongi dali
844;Mongi Kaddoussi;mongi kaddoussi
1476;Monia Boujbel;monia boujbel
2760;Monia Grtimene;monia grtimene
1563;Monji Haddad;monji haddad
1145;Monji Jemli;monji jemli
3877;Montacer Benromdhane;montacer benromdhane
1529;Montasar Zaroui;montasar zaroui
1427;Montassar Bach Ouerdiane;montassar bach ouerdiane
2427;Montassar Chakroun;montassar chakroun
1634;Montassar Dhiaf;montassar dhiaf
595;Montassar Elkamel;montassar elkamel
150;Montassar Gharsa;montassar gharsa
391;Montassar Gharssa;montassar gharssa
3739;Montassar Jandoubi;montassar jandoubi
2929;Montassar Moussa;montassar moussa
3912;Montassar TOUATI;montassar touati
2572;Montassar Zorgani;montassar zorgani
2667;Montasser Khamassi;montasser khamassi
906;Mootaz Billeh Chaabani;mootaz billeh chaabani
2814;Mootaz Hammami;mootaz hammami
1970;Moovin 360;moovin 360
3163;Morsi Feki;morsi feki
4036;Mortadha El mehri;mortadha el mehri
2504;Mortadha Mehri;mortadha mehri
2095;Mortadha Ouadday;mortadha ouadday
3161;Mosaab Bousbih;mosaab bousbih
1319;Mosbehi Mohamed Montassar;mosbehi mohamed montassar
43;Moslem Ben Dhaou;moslem ben dhaou
1101;Motaz Marzouki;motaz marzouki
3826;Motez Mhadhbi;motez mhadhbi
2558;Mottaki Hajouni;mottaki hajouni
2715;Mouadh Hsoumi;mouadh hsoumi
2239;Mouayed Errahmene Sahnoun;mouayed errahmene sahnoun
367;Moufid Ben Hmida;moufid ben hmida
3360;Mouhamed Ala;mouhamed ala
4121;Mouhamed Ben salah;mouhamed ben salah
2976;Mouhamed Louay Tebourski;mouhamed louay tebourski
2744;Mouhamed Nourdine;mouhamed nourdine
4115;Mouhamed Wassim Mbarek;mouhamed wassim mbarek
3570;Mouhaned Ben Abdelhafidh;mouhaned ben abdelhafidh
3614;Mouhanned Rahali;mouhanned rahali
2960;Mouheb Eddine Saadaoui;mouheb eddine saadaoui
2687;Mouheb Mehdoui;mouheb mehdoui
3533;Mouhib Hermi;mouhib hermi
3064;Mouhib Touaiti;mouhib touaiti
2900;Mouna Abid;mouna abid
2843;Mouna Boussetta;mouna boussetta
2750;Mouna Karoui;mouna karoui
424;Mounir Bezzarga;mounir bezzarga
897;Mounir Bouassida;mounir bouassida
4016;Mounir Brik;mounir brik
850;Mounir Ghlaiel;mounir ghlaiel
4108;Mounir Riahi;mounir riahi
1332;Mounir secrafi;mounir secrafi
1510;Mounir Trabelsi;mounir trabelsi
3512;Mounira Zouaghi;mounira zouaghi
2478;Mouqawel Ikbel Sassi;mouqawel ikbel sassi
3685;Mourad Benyounes;mourad benyounes
967;Mourad Blaich;mourad blaich
45;Mourad Bouabdallah;mourad bouabdallah
1443;Mourad Boubaker;mourad boubaker
1122;Mourad Chaabane;mourad chaabane
1454;Mourad Chafiaa;mourad chafiaa
615;Mourad Elfelah;mourad elfelah
436;Mourad Hammami;mourad hammami
664;Mourad Karouia;mourad karouia
446;Mourad Masmoudi;mourad masmoudi
929;Mourad Mathari;mourad mathari
2429;Mourad Mezghani;mourad mezghani
2863;Mourad Mezghenni;mourad mezghenni
409;Mourad Othmane;mourad othmane
2440;Mourad Sahloul;mourad sahloul
3346;Mourad Zid;mourad zid
1139;Moussa Tajouri;moussa tajouri
2954;Moutaa Madani;moutaa madani
3152;Mrabet Omar;mrabet omar
2980;Mraihi Ilies;mraihi ilies
2705;MultiVerse Ai;multiverse ai
2274;Mustafa Almawsoof;mustafa almawsoof
1592;Mustapha Bouarrouj;mustapha bouarrouj
1960;Mustapha Gharbi;mustapha gharbi
1926;Mustapha Lejri;mustapha lejri
1442;Mustapha Messaoudi;mustapha messaoudi
2950;Mustapha Nasraoui;mustapha nasraoui
1403;Myriam Belgacem;myriam belgacem
3268;Myriam Mouakhar;myriam mouakhar
1501;Myryam Toukabri;myryam toukabri
217;Nabegh Bechir Hatira;nabegh bechir hatira
2325;Nabil Amara;nabil amara
2452;Nabil Ben Najem;nabil ben najem
2660;Nabil Ben Nasrallah;nabil ben nasrallah
3913;Nabil Boukhdhir;nabil boukhdhir
1652;Nabil Braham;nabil braham
746;Nabil Brahem;nabil brahem
796;Nabil Fatmi;nabil fatmi
284;Nabil Gazdar;nabil gazdar
1509;Nabil Kechaou;nabil kechaou
3091;Nabil Khedhri;nabil khedhri
3437;Nabil Majoul;nabil majoul
40;Nacef Bouzguenda;nacef bouzguenda
3968;Naceur ELLOUZE;naceur ellouze
1841;Nacir Bouazizi;nacir bouazizi
3513;nada bougoffa;nada bougoffa
2363;Nada Chatti;nada chatti
1513;Nada Dkhil;nada dkhil
2376;Nada Ghanem;nada ghanem
3720;Nada Mejri;nada mejri
1410;Nader Ben Cheikh Brahim;nader ben cheikh brahim
4053;Nader Mechergui;nader mechergui
3542;Nader SAIDI;nader saidi
4091;Nadhem Chroudi;nadhem chroudi
2453;Nadhem Lihiouiel;nadhem lihiouiel
66;Nadhir Abidi;nadhir abidi
2634;Nadhir Chebbi;nadhir chebbi
766;Nadhir Douma;nadhir douma
3211;Nadhir Khayati;nadhir khayati
1186;Nadhmi Amara;nadhmi amara
1163;Nadhmi Jourchi;nadhmi jourchi
244;Nadia Bouslimi Guetari;nadia bouslimi guetari
1397;Nadia El Jed;nadia el jed
1021;Nadia Redissi;nadia redissi
1711;Nadia Sghaier;nadia sghaier
342;Nadim Kharraz;nadim kharraz
3813;Nadine Askri;nadine askri
3501;Nadine Kochbati;nadine kochbati
381;Nadjib Mammeri;nadjib mammeri
3159;Nadra Achour;nadra achour
1395;Nahdi Ali;nahdi ali
1162;Nahla Elmi;nahla elmi
88;Naiim Lamloumi;naiim lamloumi
3956;Naim Ezzdini;naim ezzdini
641;Naima Moula;naima moula
2529;Naja Benali;naja benali
783;Najeh Bedhief;najeh bedhief
2783;Najem Ddine;najem ddine
2941;Najet Ayadi;najet ayadi
795;Naji Bou Habib;naji bou habib
2420;Najia Dhiab;najia dhiab
964;Najla Ghrairi;najla ghrairi
1931;Najla Hamza;najla hamza
1221;Najla Kacem;najla kacem
2063;Najmeddine Bouzir;najmeddine bouzir
7;Najmeddine Nouri;najmeddine nouri
3201;Najoua El hachimi;najoua el hachimi
3024;Najoua Kassaoui;najoua kassaoui
3472;Nama Hamdi;nama hamdi
3264;Naoufel Amri;naoufel amri
2285;Naoufel Ben Moussa;naoufel ben moussa
376;Naoufel Elarayedh;naoufel elarayedh
3212;Naoufel Khayati;naoufel khayati
2181;Naoufel Nabli;naoufel nabli
1687;Narjes Seffen;narjes seffen
570;Narjess Ben Slimane;narjess ben slimane
1164;Narjess Derouiche;narjess derouiche
241;Nasreddine Cherih;nasreddine cherih
2076;Nasreddine Hamdi;nasreddine hamdi
354;Nasreddine Riahi;nasreddine riahi
372;Nasreddine Somaali;nasreddine somaali
2646;Nasreddine Soualhia;nasreddine soualhia
3636;Nasri;nasri
3675;Nasri Ala;nasri ala
2155;Nassim Bensassi;nassim bensassi
2226;Nassira Barhoumi;nassira barhoumi
2214;Nawel Brahmi;nawel brahmi
2926;Nawel Dghim;nawel dghim
4011;Nawres Askri;nawres askri
2208;Nawres Mechri;nawres mechri
2995;Nazih Dhifaoui;nazih dhifaoui
949;Naziha Ouanes;naziha ouanes
2338;Nebil Aydi;nebil aydi
3909;Nebil Othman;nebil othman
21;Nebras Jemel;nebras jemel
868;Neceur Kaleche;neceur kaleche
2304;Neder Hamidi;neder hamidi
674;Nedhir Jemmali;nedhir jemmali
314;Nedra Neffeti;nedra neffeti
1803;Nedya kanzari;nedya kanzari
2255;Nefaa Abdessalem;nefaa abdessalem
148;Neil Boussofara;neil boussofara
1094;Neila Alya Benzina;neila alya benzina
1104;Neila Benzina;neila benzina
1168;Neila Hafsia;neila hafsia
1688;Neirouz Seffen;neirouz seffen
1557;Nejah Ben Nasrallah;nejah ben nasrallah
3016;Nejah Cherif;nejah cherif
4024;Neji Khouja;neji khouja
1585;Nejmeddinne Sakly;nejmeddinne sakly
941;Nemine Marzouki;nemine marzouki
2043;Nermine Abid;nermine abid
733;Nermine Marzouki;nermine marzouki
4054;Neska Elhaouij;neska elhaouij
727;Nesria Lehiani;nesria lehiani
4103;Nesrine Ben Ali;nesrine ben ali
3117;Nesrine Bouaziz;nesrine bouaziz
636;Nesrine Chemkhi;nesrine chemkhi
499;Nesrine Tekitek;nesrine tekitek
1017;Nesrine Welhezi;nesrine welhezi
3362;Nezih Dammak;nezih dammak
1735;Nicolas Planchenault;nicolas planchenault
3145;Nicole Romano;nicole romano
64;Nidhal Abidi;nidhal abidi
983;Nidhal Akrout;nidhal akrout
3495;Nidhal Amara;nidhal amara
666;Nidhal Ayari;nidhal ayari
740;Nidhal Ben Amor;nidhal ben amor
917;Nidhal Jammali;nidhal jammali
3196;Nidhal Louhichi;nidhal louhichi
3612;Nidhal Rahali;nidhal rahali
500;Nidhal Tekitek;nidhal tekitek
3854;Nieze Ben Mansour;nieze ben mansour
2386;Nihel Beji;nihel beji
1290;Nissaf Sleymi;nissaf sleymi
322;Nivine Mussi;nivine mussi
2446;Nizar Affi;nizar affi
2321;Nizar Ayadi;nizar ayadi
2371;Nizar Ayari;nizar ayari
3873;nizar besbes;nizar besbes
128;Nizar Bouguila;nizar bouguila
4;Nizar Ghram;nizar ghram
2102;Nizar Guizani;nizar guizani
1451;Nizar Hamdi;nizar hamdi
1632;Nizar Jeridi;nizar jeridi
4088;Nizar JLASSI;nizar jlassi
2172;Nizar Romdhane;nizar romdhane
1500;Nizar Said;nizar said
1580;Nizar Welhazi;nizar welhazi
1019;Nizar Welhezi;nizar welhezi
2216;Noamen Hassen;noamen hassen
232;Noomane Lahimer;noomane lahimer
1999;Noomen Tounsi;noomen tounsi
1761;Norchen Mezni;norchen mezni
3647;Norene Sakouhi;norene sakouhi
1579;Nouha Abroug;nouha abroug
3800;nouha braham;nouha braham
1681;Nouha Kourda;nouha kourda
3387;Nouha Slimane;nouha slimane
307;Nour Abbous;nour abbous
325;Nour Alaya;nour alaya
821;Nour Ben yahia;nour ben yahia
2556;Nour El Houda benina;nour el houda benina
712;Nour El Houda Benzarti;nour el houda benzarti
3017;Nour El Houda Cherif;nour el houda cherif
839;Nour El Houda Kaouach;nour el houda kaouach
2668;Nour El Houda Shili;nour el houda shili
1976;Nour Elimene Essid;nour elimene essid
3449;Nour Ghalia Abassi;nour ghalia abassi
3924;Nour Jdey;nour jdey
1583;Nour Kraiem;nour kraiem
2154;Nour Ladhari;nour ladhari
3442;Nour Rafiâa Kallel;nour rafiaa kallel
3422;Nour Saied;nour saied
2463;Nour Salah;nour salah
120;Nour Tekaya;nour tekaya
2940;Noura Ayadi;noura ayadi
2970;Noura Kotti;noura kotti
2297;Noura Nasri;noura nasri
1533;Noureddine Ben Tahar;noureddine ben tahar
3945;Noureddine DBOUBA;noureddine dbouba
346;Noureddine Loukil;noureddine loukil
3602;Noureddine Rezgui;noureddine rezgui
621;Noureddine Tayebi;noureddine tayebi
231;Nourhane Amara;nourhane amara
2470;Nourhene Mhennaoui;nourhene mhennaoui
260;Nouri Houssem Eddine;nouri houssem eddine
3397;Novembre 2019;novembre 2019
1195;Obeyd Melliti;obeyd melliti
2077;Oceanus Houneida Majdoub;oceanus houneida majdoub
2368;Olfa Abid;olfa abid
3165;Olfa Bilel;olfa bilel
433;Olfa Bousselmi;olfa bousselmi
3778;Olfa Jrad;olfa jrad
271;Olfa Kilani ep Feki;olfa kilani ep feki
398;Olfa Kilani Feki;olfa kilani feki
3992;Olivier Apicella;olivier apicella
2811;Olivier Patole;olivier patole
3503;Omar Belguith;omar belguith
183;Omar Bouattay;omar bouattay
84;Omar chahata;omar chahata
879;Omar El Oudi;omar el oudi
3597;Omar GASSAB;omar gassab
4062;Omar Haffoudhi;omar haffoudhi
3582;Omar ISMAIL;omar ismail
1449;Omar Kennou;omar kennou
1202;Omar Khalfet;omar khalfet
1994;Omar Khemakhem;omar khemakhem
2133;Omar Louzir;omar louzir
3497;Omar Masmoudi;omar masmoudi
2332;Omar Mellouli;omar mellouli
3543;Omar Riahi;omar riahi
453;Omar Trabelsi;omar trabelsi
2164;Omar Triki;omar triki
553;Omar Zouari;omar zouari
2588;Omrane Trabelssi;omrane trabelssi
2708;OneGlobb Younes Saidani;oneglobb younes saidani
800;Ons Ayari;ons ayari
1602;Ons Bouali;ons bouali
4018;Ons brik;ons brik
1189;Ons El Gaied;ons el gaied
2859;Ons Hammouda;ons hammouda
1723;Ons Hamza;ons hamza
2020;Ons Kchaou;ons kchaou
3231;Ons Njeh;ons njeh
3788;Ons Toujani;ons toujani
3191;Ossama Hidri;ossama hidri
2158;Othmane Barnis;othmane barnis
3622;othmani moufida;othmani moufida
2369;Otopex Khaled Omri;otopex khaled omri
1246;Ottavio Lucifero;ottavio lucifero
3225;Ouael Ben Amara;ouael ben amara
2837;Oualid Kilani;oualid kilani
523;Oualid Sebai;oualid sebai
484;Ouanes Taha Boumiza;ouanes taha boumiza
3895;oueslati Aya;oueslati aya
3640;oueslati salim;oueslati salim
1973;Ouissem Lahouar;ouissem lahouar
4015;Ouled Yahya Mohamed;ouled yahya mohamed
1641;Oumaima Dadssi;oumaima dadssi
1042;Oumar Rejeb;oumar rejeb
1720;Oumaya Mejri;oumaya mejri
3777;Oumayma Allouch;oumayma allouch
4069;Oumayma AMRI;oumayma amri
3020;Oumayma Boughdiri;oumayma boughdiri
3494;Oumayma Jouini;oumayma jouini
2597;Ouns Taj;ouns taj
3670;Oussama Abdallah;oussama abdallah
3759;Oussama Aissaoui;oussama aissaoui
3668;oussama bagga;oussama bagga
2310;Oussama Bahri;oussama bahri
1097;Oussama Bel Hadj Ali;oussama bel hadj ali
4085;Oussama Ben achour;oussama ben achour
1653;Oussama Ben mariem;oussama ben mariem
3707;Oussama Ben Salem;oussama ben salem
2415;Oussama Ben Wafi;oussama ben wafi
2609;Oussama Ben Wahiba;oussama ben wahiba
686;Oussama Ben Zineb;oussama ben zineb
3333;Oussama Chelly;oussama chelly
3929;Oussama Cherni;oussama cherni
1871;Oussama Dhahri;oussama dhahri
825;Oussama El Ghoul;oussama el ghoul
2983;Oussama Elayeb;oussama elayeb
3168;Oussama Errifi;oussama errifi
3961;Oussama ferjani;oussama ferjani
331;Oussama Gmati;oussama gmati
1239;Oussama Hlaoui;oussama hlaoui
2782;Oussama Houcine;oussama houcine
760;Oussama Karaouli;oussama karaouli
1367;Oussama Lessis;oussama lessis
745;Oussama mariem;oussama mariem
3095;Oussama Meknassi;oussama meknassi
2689;Oussama Noumi;oussama noumi
237;Oussama Ouda;oussama ouda
48;Oussama Romdhane;oussama romdhane
2455;Oussama Souaf;oussama souaf
3958;Oussama Yaakoubi;oussama yaakoubi
1645;Oussama Yacoubi;oussama yacoubi
3838;Oussema Ben Barka;oussema ben barka
2197;Oussema Bennour;oussema bennour
2148;Oussema Charbib;oussema charbib
1624;Oussema Chemingui;oussema chemingui
3025;Oussema Gharsalli;oussema gharsalli
1018;Oussema Khlifi;oussema khlifi
135;Oussema Ksontini;oussema ksontini
113;Oussema Marai;oussema marai
445;Oussema Noureddine Metoui;oussema noureddine metoui
2865;Oussema Rhif;oussema rhif
679;Oussema Samet;oussema samet
1314;Oussema Yacoubi;oussema yacoubi
1894;Pagnagda Frederic Soubeiga;pagnagda frederic soubeiga
3113;Papa Birame Sene;papa birame sene
2474;Parkey Mehdi Romdhane;parkey mehdi romdhane
2722;Pascaline Mussot;pascaline mussot
3529;Paul Fafard;paul fafard
275;Perrine Mihelic;perrine mihelic
1;Philippe Bidaud;philippe bidaud
3523;Pierre LE ROY;pierre le roy
2709;Pierre Maxime;pierre maxime
1089;Pierre Rinaldi;pierre rinaldi
2221;Power solu�on Ahmed Baccouch;power solu�on ahmed baccouch
3923;Prithveesh Nallamilli;prithveesh nallamilli
2419;Probe.tn Mohamed Kristou;probe.tn mohamed kristou
2753;Protei New;protei new
1353;Provectus Dhia Jemli;provectus dhia jemli
3492;Rabâa Jnifi;rabaa jnifi
1663;Rabiaa Abdaoui;rabiaa abdaoui
579;Rabie Radhouan;rabie radhouan
2206;Rabie Razgallah;rabie razgallah
126;Rabie Saidi;rabie saidi
3132;Rabii Ben Tili;rabii ben tili
321;Rabii Jhinaoui;rabii jhinaoui
654;Racem Smaouo;racem smaouo
2350;Racha Chwiref;racha chwiref
977;Rached Ben Hmadou;rached ben hmadou
1637;Rached Dridi;rached dridi
2866;Rached Fares;rached fares
3940;Rached Khalil;rached khalil
3434;Rachid Benhida;rachid benhida
287;Rachid Kharroubi Essaied;rachid kharroubi essaied
3336;Rachida Harabi;rachida harabi
2675;Rachwan Tarraf;rachwan tarraf
152;Radhi Houli;radhi houli
387;Radhi Khaled Bouloussa;radhi khaled bouloussa
3198;Radhia Bensaed;radhia bensaed
869;Radhouane Farhat;radhouane farhat
1744;Radhouane Kouki;radhouane kouki
815;Radhouane Slimani;radhouane slimani
3261;Radhouen Assakra;radhouen assakra
3731;Radhouen Boughanmi;radhouen boughanmi
1977;Radhouene Bousnina;radhouene bousnina
2953;Raed Debbabi;raed debbabi
2878;Raed Jridi;raed jridi
3926;Raed Seddik;raed seddik
4072;Raef Ben Jeddou;raef ben jeddou
2512;Raef RezguI;raef rezgui
2370;Raf Telcos;raf telcos
692;Rafik Al Falah;rafik al falah
1446;Rafik Aouem;rafik aouem
3317;Rafik Gharbi;rafik gharbi
1691;Rafik Jaballah;rafik jaballah
3701;Rafik Rekhis;rafik rekhis
3403;Rahma Abida;rahma abida
3258;Rahma Ayari;rahma ayari
2027;Rahma Ben Abid;rahma ben abid
3203;Rahma Bendoudou;rahma bendoudou
2905;Rahma Bousnina;rahma bousnina
2194;Rahma Harzi;rahma harzi
2167;Rahma Mabrouk;rahma mabrouk
3722;Rahma zbidi;rahma zbidi
3944;RAHMOUNI Yassine;rahmouni yassine
1662;Raja Dhief;raja dhief
3461;Rakia Jaziri;rakia jaziri
1620;Rami Ben Mhenni;rami ben mhenni
1148;Rami Brahem;rami brahem
2373;Rami Chermiti;rami chermiti
3006;Rami Dridi;rami dridi
2473;Rami El Golli;rami el golli
2096;Rami Elgolli;rami elgolli
3153;Rami Hedfi;rami hedfi
2059;Rami Htira;rami htira
700;Rami Jegham;rami jegham
1879;Rami Khouja;rami khouja
2526;Rami Ksouri;rami ksouri
3892;Rami LAJMI;rami lajmi
4050;Rami Mazouzi;rami mazouzi
1011;Rami Mestiri;rami mestiri
1210;Rami Rouini;rami rouini
3789;Rami Slimene;rami slimene
1850;Rami Touati;rami touati
3149;Ramla Baccar;ramla baccar
3573;ramla el ayeb ep jlassi;ramla el ayeb ep jlassi
19;Ramla Jarrar;ramla jarrar
2494;Ramzi Arous;ramzi arous
1264;Ramzi Bouzaiene;ramzi bouzaiene
1985;Ramzi Chahin;ramzi chahin
609;Ramzi Frad;ramzi frad
2277;Ramzi Hachicha;ramzi hachicha
2945;Ramzi Halouani;ramzi halouani
627;Ramzi Hamrouni;ramzi hamrouni
1321;Ramzi Hmani;ramzi hmani
1244;Ramzi Houidi;ramzi houidi
2412;Ramzi Laâmouri;ramzi laamouri
1917;Ramzi Larbi;ramzi larbi
1716;Ramzi Maalej;ramzi maalej
12;Ramzi Mrad;ramzi mrad
3463;Ramzi Nasr;ramzi nasr
3818;Ramzi Tounsi;ramzi tounsi
2546;Randa Sellami;randa sellami
2472;Randev Younes Regaieg;randev younes regaieg
2300;Rani Ben Mahmoud;rani ben mahmoud
3243;Rania Amamou;rania amamou
1425;Rania Ben hassine;rania ben hassine
2988;Rania Chouchane;rania chouchane
990;Rania Fakhfakh;rania fakhfakh
2146;Rania Fathallah;rania fathallah
3072;Rania Kammoun;rania kammoun
408;Rania Khelil;rania khelil
2186;Rania Makhlouf;rania makhlouf
3260;Rania Mani;rania mani
3049;Rania Matoussi;rania matoussi
2468;Rania Souei;rania souei
1063;Rania Werda;rania werda
2002;Rania Zarg El Ayoun;rania zarg el ayoun
2701;Ranim Zouari;ranim zouari
2990;Ranyme Trabelsy;ranyme trabelsy
961;Raouf Ben Aissa;raouf ben aissa
2022;Raouf Messai;raouf messai
2295;Raouf Riahi;raouf riahi
2862;Raouia Khedher;raouia khedher
1037;Raouia Magroun;raouia magroun
4113;Raouya Kriaa;raouya kriaa
1267;Rasha Chwiref;rasha chwiref
1088;Rassil Rhouma;rassil rhouma
1597;Rateb Jabbar;rateb jabbar
1765;Rawand Skoury;rawand skoury
3775;Rayan Goucha;rayan goucha
3997;Rayane Ben abdelhalid;rayane ben abdelhalid
1646;Rayen Ben Nasr;rayen ben nasr
2800;Rayen Ben saad;rayen ben saad
2326;Rayen Bouajaja;rayen bouajaja
3290;Rayen Bouzid;rayen bouzid
1631;Rayen Cherni;rayen cherni
3950;Rayen Inoubli;rayen inoubli
2616;Rayen Miaoui;rayen miaoui
2653;Rayen Nahdi;rayen nahdi
2509;Rayen Naimi;rayen naimi
4020;Rayen Souissi;rayen souissi
3733;rayen trabelsi;rayen trabelsi
2557;Rayhane Hedri;rayhane hedri
3331;Rebeh Dabbaghui;rebeh dabbaghui
1027;REC-INov Jamila Khlif;rec-inov jamila khlif
2402;Rehayma Maher;rehayma maher
2292;Rejeb Chaalia;rejeb chaalia
1132;Rene Sehi;rene sehi
1158;Rhym Ben Ghazi;rhym ben ghazi
1980;Riadh Adouani;riadh adouani
2688;Riadh Baroudi;riadh baroudi
2600;Riadh Ben Meftah;riadh ben meftah
1604;Riadh Ben Salem;riadh ben salem
2492;Riadh Bouassida;riadh bouassida
717;Riadh Brinis;riadh brinis
1459;Riadh Dkhil;riadh dkhil
358;Riadh Ellouze;riadh ellouze
2299;Riadh Felhi;riadh felhi
2136;Riadh Jomaa;riadh jomaa
2876;Riadh Zaidi;riadh zaidi
1865;Ridha Bouasker;ridha bouasker
3386;Ridha Chammam;ridha chammam
659;Ridha Rouatbi;ridha rouatbi
3047;Rihab Bejaoui;rihab bejaoui
589;Rihab Ghodbane;rihab ghodbane
2256;Rihab Hmida;rihab hmida
3045;Rihab Lajmi;rihab lajmi
3483;Rihab Yakoubi;rihab yakoubi
2488;Rihem Ghzaiel;rihem ghzaiel
2955;Rihem Madani;rihem madani
1469;Rim Attia;rim attia
3208;Rim Ben mansour;rim ben mansour
153;Rim Besbes;rim besbes
884;Rim Bourguiba;rim bourguiba
395;Rim Elfahem;rim elfahem
1245;Rim Harabi;rim harabi
3277;Rim Kassous;rim kassous
200;Riyem Saidi;riyem saidi
1941;Rkiwa Tijani;rkiwa tijani
2537;Rmili Akrem;rmili akrem
78;Rochdi Zaghden;rochdi zaghden
29;Rodolphe Villaes;rodolphe villaes
1914;Romain Lamaison;romain lamaison
23;Rostom Bouazizi;rostom bouazizi
3862;Roua Bargaoui;roua bargaoui
3836;Roua Boubakri;roua boubakri
3601;Roua Boussetta;roua boussetta
3885;Rouine Firas;rouine firas
3453;Rouissi Khaled;rouissi khaled
945;Rudolph Cerqueira;rudolph cerqueira
3506;Ryadh BOUSLAMA;ryadh bouslama
2710;Rym Ayari Walid Ayari;rym ayari walid ayari
2718;Rym Bendhief Akremi;rym bendhief akremi
1880;Rym Ghribi;rym ghribi
1890;Rym Oueslati;rym oueslati
4089;Rym Sghaier;rym sghaier
2743;Saadallah Aymen;saadallah aymen
2288;Saadaoui Ghassen;saadaoui ghassen
3984;Saadi Ismail;saadi ismail
2219;Saadi Mohamed;saadi mohamed
2638;Saaidi Abdel Aziz;saaidi abdel aziz
2543;Saber Bahri;saber bahri
482;Saber Bellaj;saber bellaj
939;Saber Ben Ahmed;saber ben ahmed
3787;Saber BEN AMMAR;saber ben ammar
1445;Saber Ben Khaled;saber ben khaled
1710;Saber Elabidi;saber elabidi
3615;saber ghanmi;saber ghanmi
336;Saber Gharsellaoui;saber gharsellaoui
2058;Saber Jelassi;saber jelassi
2819;Saber Sahraoui;saber sahraoui
1050;Sabra Gargouri;sabra gargouri
1899;Sabri Abassi;sabri abassi
1292;Sabri Barbaria;sabri barbaria
2694;Sabri Ben Marzouk;sabri ben marzouk
1667;Sabri Bouzouita;sabri bouzouita
1574;Sabri Cheriha;sabri cheriha
932;Sabri Mhimdi;sabri mhimdi
2019;Sabri Mzoughi;sabri mzoughi
2428;Sabri Mzoughizoughi;sabri mzoughizoughi
3030;Sabri Oui;sabri oui
2144;Sabri Sahli;sabri sahli
1975;Sabrine Aidi;sabrine aidi
1636;Sabrine Beldi;sabrine beldi
1703;Sabrine Chennaoui;sabrine chennaoui
3545;Sabrine Golli;sabrine golli
3544;Sabrine Hammami;sabrine hammami
3969;Sabrine Hamrouni;sabrine hamrouni
451;Sabrine Ibrahim;sabrine ibrahim
2485;Sabrine Labidi;sabrine labidi
3645;SABRINE MARZOUGUI;sabrine marzougui
2559;Sabryn Hamrouni;sabryn hamrouni
1222;Sabryn Hamrouny;sabryn hamrouny
3337;Saddam Harabi;saddam harabi
1772;Sadok Derouich;sadok derouich
3013;Sadok Feki;sadok feki
3887;Sadok Khemiri;sadok khemiri
2881;Sadok Kzadri;sadok kzadri
798;Sadok Maamar;sadok maamar
3773;Sadry El Materi;sadry el materi
439;Saeed Zarrouk;saeed zarrouk
273;Safa Ben Khedher;safa ben khedher
2824;Safa Ben Romdhane;safa ben romdhane
2416;Safa Ben WafI;safa ben wafi
3652;Safa Bouabdallah;safa bouabdallah
343;Safa Bouhajar;safa bouhajar
3455;Safa Bouhjar;safa bouhjar
587;Safa Othmani;safa othmani
2308;Safa Rekik;safa rekik
2639;Safa Soltani;safa soltani
1379;Safi Eddine Negra;safi eddine negra
2357;Safouene Ratel;safouene ratel
267;Safwen Bouali;safwen bouali
1773;Safwen Derouiche;safwen derouiche
1596;Sahar Ben Mabrouk;sahar ben mabrouk
133;Sahar Ben Rached;sahar ben rached
2541;Sahar Cheikh;sahar cheikh
697;Sahbi Agerbi;sahbi agerbi
648;Sahbi Agrebi;sahbi agrebi
940;Sahbi Ben Fredj;sahbi ben fredj
2673;Sahbi Ben hmida;sahbi ben hmida
2112;Sahbi Ben Lamine;sahbi ben lamine
1550;Sahbi Helali;sahbi helali
548;Sahbi Mansour;sahbi mansour
2025;Sahli Houssem;sahli houssem
2143;Sahli Nader;sahli nader
1386;Sahli Sonia;sahli sonia
705;Saïd Ben Jlili;said ben jlili
3377;Said Kouki;said kouki
1389;Said Mseddi;said mseddi
2394;Saida Akermi;saida akermi
3036;Saied Eddine Borghol;saied eddine borghol
3158;Saif Chtourou;saif chtourou
2777;Saif Eddine BorgholKamel Ben;saif eddine borgholkamel ben
593;Saif Eddine Kouti;saif eddine kouti
2666;Saif Eddine Naffati;saif eddine naffati
816;Saif eddine Souilmi;saif eddine souilmi
3966;saif ouhaibi;saif ouhaibi
2152;Saif touzi;saif touzi
3767;Saifallah Labidi;saifallah labidi
1007;Saifeddine Ben Mhenni;saifeddine ben mhenni
1489;Saifeddine Berhouma;saifeddine berhouma
3658;Saifeddine Bessaidi;saifeddine bessaidi
3487;Saifeddine Bouaouina;saifeddine bouaouina
694;Saifeddine Jabbes;saifeddine jabbes
4055;Saifeddine Mgasseb;saifeddine mgasseb
3669;Saiff Eddine Ben Boudguiga;saiff eddine ben boudguiga
1942;Saima Znaidi;saima znaidi
2410;Salah Ayed;salah ayed
2643;Salah Bannour;salah bannour
2938;Salah Dabbech;salah dabbech
728;Salah El Amami;salah el amami
3194;Salah Sammari;salah sammari
3793;Salaheddine Ogontayo;salaheddine ogontayo
1555;Salem Abdessalem;salem abdessalem
1877;Salem Hamidi;salem hamidi
363;Salem Khalifa;salem khalifa
3353;Salem Mabrouki;salem mabrouki
3628;Salem Moussa Adouni;salem moussa adouni
1429;Salem Oun;salem oun
2049;Salim Benaoun;salim benaoun
3709;salim dagdoug;salim dagdoug
495;Salma Amor;salma amor
928;Salma Aouini;salma aouini
1694;Salma Ben Brahim;salma ben brahim
3904;Salma BEN HADJ ALI;salma ben hadj ali
537;Salma Ben Hamida;salma ben hamida
3380;Salma Berhouma;salma berhouma
1885;Salma Bessalah;salma bessalah
3142;Salma Bouabdellaoui;salma bouabdellaoui
3536;salma chaieb;salma chaieb
262;Salma Moalla;salma moalla
2549;Salma Sayah ep Mallek;salma sayah ep mallek
2671;Salmen Ajili;salmen ajili
2007;Saloua Sadok;saloua sadok
2173;Salsabil Mansouri;salsabil mansouri
431;Salsabil Thabti;salsabil thabti
37;Salwa Armani;salwa armani
2933;Samar Ouni;samar ouni
136;Samed Jalouali;samed jalouali
2212;Sameh Ben Hmida;sameh ben hmida
3479;Sameh Sellami;sameh sellami
1633;Sameh Taktak;sameh taktak
1384;Samer Ouerfelli;samer ouerfelli
3068;Sami Amri;sami amri
3155;Sami Amri Najoua Kassaoui;sami amri najoua kassaoui
3801;sami arfaoui;sami arfaoui
1927;Sami Bellalah;sami bellalah
466;Sami Ben Chaalia;sami ben chaalia
1193;Sami Bouden;sami bouden
3093;Sami Bouzekri;sami bouzekri
749;Sami Chammakhi;sami chammakhi
243;Sami Guetari;sami guetari
2523;Sami Hamdi;sami hamdi
803;Sami Hamila;sami hamila
2598;Sami Jilani;sami jilani
3267;Sami Kallel;sami kallel
3121;Sami Kammoun;sami kammoun
2251;Sami Karzout;sami karzout
2021;Sami Kchaou;sami kchaou
794;Sami Khouaja;sami khouaja
994;Sami Landoulsi;sami landoulsi
3416;Sami Maalej;sami maalej
2894;Sami Marouani;sami marouani
2109;Sami Mokaddem;sami mokaddem
2605;Sami Montacer;sami montacer
4068;Sami sghaier;sami sghaier
3076;Sami Slama;sami slama
162;Sami Tabbane;sami tabbane
3535;Sami Tfifha;sami tfifha
952;Samia Cherif;samia cherif
3906;Samia Khadija Belkhiria;samia khadija belkhiria
944;Samia Mbarek;samia mbarek
2647;Samia Noureddine;samia noureddine
1655;Samiha Hamdi;samiha hamdi
3744;Samir AKACHI;samir akachi
644;Samir Belaid;samir belaid
1731;Samir Benzineb;samir benzineb
1280;Samir Zabi;samir zabi
1547;Samy Ben Chaalia;samy ben chaalia
1196;Samy Jaidène;samy jaidene
1650;Samy Mzali;samy mzali
1514;Sana Abid;sana abid
2661;Sana Balti;sana balti
3241;Sana Ben Rahma;sana ben rahma
3419;Sana Boubaker;sana boubaker
2946;Sana Elleuch;sana elleuch
290;Sana Hafsa;sana hafsa
2833;Sana Hamdi;sana hamdi
2918;Sana Ksouri;sana ksouri
2397;Sana Makhloufi;sana makhloufi
1198;Sana Saadani;sana saadani
3227;Sana Sammari;sana sammari
2302;Sanda Doghmen;sanda doghmen
729;Saoussen Ayari;saoussen ayari
1790;Saptun Solution Mahmoud Siala;saptun solution mahmoud siala
1208;Sara Bennour;sara bennour
3042;Sara El Fray;sara el fray
542;Sarah Arbi;sarah arbi
1434;Sarah Ben Slimene;sarah ben slimene
3035;Sarah Ksibi;sarah ksibi
1155;Sarah Lamine;sarah lamine
921;Sarah mellouli;sarah mellouli
1423;Sarah-Tatiana Bouzguenda;sarah-tatiana bouzguenda
1328;Sarra Bahrini;sarra bahrini
791;Sarra Ben Helal;sarra ben helal
2430;Sarra Ben Romdhane;sarra ben romdhane
1908;Sarra Boufayed;sarra boufayed
2516;Sarra Goddi;sarra goddi
425;Sarra Kalfet;sarra kalfet
245;Sarra Khemakhem;sarra khemakhem
1339;Sarra Mannai;sarra mannai
3174;Sarra Soussia;sarra soussia
999;Sassi Siwar;sassi siwar
3112;Sassy Diop;sassy diop
719;Sawsan Bellaj;sawsan bellaj
1447;Sawsen Dhifallah;sawsen dhifallah
2417;Sawssen Atoui;sawssen atoui
93;Sawssen Bellaj;sawssen bellaj
1978;Sayf Eddine Brahmi;sayf eddine brahmi
1870;Sayma Besbes;sayma besbes
1356;School Pack;school pack
772;School Upgrader;school upgrader
2802;Seddik Houimli;seddik houimli
1430;Seif Dormek;seif dormek
1854;Seif Islem Messaoudi;seif islem messaoudi
2399;Seif Nemri;seif nemri
3845;Seif SASSI;seif sassi
461;Seif Souilem;seif souilem
1603;Seifallah Ben Ismail;seifallah ben ismail
3027;Seifeddin Jenifen;seifeddin jenifen
2636;Seifeddine Adouani;seifeddine adouani
2138;Seifeddine Aissa;seifeddine aissa
3318;Seifeddine Bahroun;seifeddine bahroun
180;Seifeddine Ben Achour;seifeddine ben achour
97;Seifeddine Ben Hamouda;seifeddine ben hamouda
3898;Seifeddine Bzainia;seifeddine bzainia
1757;Seifeddine Hamdi;seifeddine hamdi
1929;Seifeddine Majdoub;seifeddine majdoub
1169;Seifeddine Memmiche;seifeddine memmiche
3843;Seifeddine Souissi;seifeddine souissi
2033;Seifedine Guizeni;seifedine guizeni
2286;Selim Ben Mansour;selim ben mansour
763;Selim Ben Mrad;selim ben mrad
1609;Selim Ben Salem;selim ben salem
1605;Selim Benaoun;selim benaoun
4095;Selim Gatti;selim gatti
30;Selim Kanzari;selim kanzari
3181;Selim Mhedhbi;selim mhedhbi
1993;Selim Mohamed Gharbi;selim mohamed gharbi
893;Selim Mraidi;selim mraidi
386;Selim Snoussi;selim snoussi
881;Selim Tekaya;selim tekaya
892;Selim Themouni;selim themouni
3504;Selima Elloumi;selima elloumi
2731;SellaoutiIssam Moalla;sellaoutiissam moalla
2593;Sellya.net Rihem Ghzaiel;sellya.net rihem ghzaiel
918;Selsebil Ben El Haj Sghaier;selsebil ben el haj sghaier
1468;Semah lachheb;semah lachheb
1351;Senda Akili;senda akili
3355;Senda Khemiri;senda khemiri
1154;Severin Judicael Mombembo;severin judicael mombembo
67;Seyf Hamdaoui;seyf hamdaoui
3410;Seyfeddine Salem;seyfeddine salem
205;Sfar Gandoura;sfar gandoura
2796;Sfaxi Ameur;sfaxi ameur
3599;sfaxi firas;sfaxi firas
2220;Sghaier Mohamed Wael;sghaier mohamed wael
3666;Shady Hamrouni;shady hamrouni
3674;Shaher Abbas;shaher abbas
3081;Shayma Kaabi;shayma kaabi
1886;Sihem Bessalah;sihem bessalah
1013;Sinda Bououn;sinda bououn
2054;Sirine Guediche;sirine guediche
485;Sirine Kallel;sirine kallel
1584;Sirine Kraiem;sirine kraiem
2425;Siryne Elouede;siryne elouede
2335;Siwar Ben Abdelwahed;siwar ben abdelwahed
2566;Siwar Ben Nejma;siwar ben nejma
462;Siwar Boufares;siwar boufares
3978;Siwar Fourati;siwar fourati
2384;Siwar Gharbi;siwar gharbi
4087;Siwar Hafian;siwar hafian
2388;Siwar Houssaî;siwar houssai
1966;Siwar Khadhraoui;siwar khadhraoui
2207;Siwar Mechri;siwar mechri
3964;Skander Amamou;skander amamou
229;Skander Amor;skander amor
240;Skander Ben Sassi;skander ben sassi
2168;Skander Benzarti;skander benzarti
1051;Skander Chouka;skander chouka
1076;Skander daas;skander daas
3879;Skander EL FEKIH;skander el fekih
326;Skander Gafsi;skander gafsi
3781;Skander Guarbaa;skander guarbaa
2222;Skander Hadj Mabrouk;skander hadj mabrouk
1892;Skander Hadj Romdhan;skander hadj romdhan
3214;Skander Harzi;skander harzi
675;Skander Kacem;skander kacem
3414;Skander Kallel;skander kallel
1882;Skander Khaled Fourati;skander khaled fourati
3684;Skander Ouni;skander ouni
1566;Skander Saidi;skander saidi
2078;Skander Zoghlami;skander zoghlami
3931;Slaheddine Dardouri;slaheddine dardouri
2352;Slim Abdejalil;slim abdejalil
2418;Slim Abdejlil;slim abdejlil
1887;Slim Abdeljelil;slim abdeljelil
2873;Slim Abeidi;slim abeidi
3769;Slim Almia;slim almia
216;Slim Amamou;slim amamou
1625;Slim Benkadhi;slim benkadhi
3340;Slim Bhiri;slim bhiri
3623;SLIM BOUFADEN;slim boufaden
1670;Slim Dhahri;slim dhahri
1839;Slim El Benna;slim el benna
2670;Slim Griri;slim griri
3798;slim kamoun;slim kamoun
787;Slim M'seddi;slim m'seddi
1272;Slim Mahrsi;slim mahrsi
2315;Slim Makhlouf;slim makhlouf
2393;Slim Nabli;slim nabli
1889;Slim Oueslati;slim oueslati
663;Slim Ouichtati;slim ouichtati
3714;slim zghal;slim zghal
3584;Slimen ARNAOUT;slimen arnaout
1599;Smart Detection;smart detection
2372;Smart for Green:Farm and;smart for green:farm and
1170;Smart Racing Hub Oussema Dhaouadi;smart racing hub oussema dhaouadi
930;Smelsy.com Med slim Bouaziz;smelsy.com med slim bouaziz
4051;Sofiane MABROUK;sofiane mabrouk
3266;Sofiane Trabelsi;sofiane trabelsi
1726;Sofien Chaabouni;sofien chaabouni
2979;Sofien Guesmi;sofien guesmi
3090;Sofien Jerfel;sofien jerfel
1965;Sofien Saadaoui;sofien saadaoui
2130;Sofiene Ben Hamida;sofiene ben hamida
2000;Sofiene Ben Hmida;sofiene ben hmida
4067;Sofiene Ben romdhane;sofiene ben romdhane
1638;Sofiene Bouslimi;sofiene bouslimi
185;Sofiene Chaieb;sofiene chaieb
2765;Sofiene Gharbi;sofiene gharbi
8;Sofiene Ghorbel;sofiene ghorbel
5;Sofiene Ghram;sofiene ghram
597;Sofiene Hadhri;sofiene hadhri
1549;Sofiene Haouas;sofiene haouas
102;Sofiene Horrigue;sofiene horrigue
1409;Sofiene Msadek;sofiene msadek
1038;Sofiene Rouis;sofiene rouis
2840;Sofiene Salem;sofiene salem
1293;Sofienne Mallek;sofienne mallek
3051;Sofyan Chekir;sofyan chekir
4045;Sohaib MEDINI;sohaib medini
379;Sonda Ammar Bouhamed;sonda ammar bouhamed
2702;Sonda Charfi;sonda charfi
2626;Sondes Massoudi;sondes massoudi
591;Sondess Khedhiri;sondess khedhiri
2563;Sondess Lazrak;sondess lazrak
2902;Sonia Abid;sonia abid
3959;Sonia Amamou;sonia amamou
1098;Sonia Hafaiedh;sonia hafaiedh
2184;Sonia Issaad;sonia issaad
577;Sonia Laribi;sonia laribi
3564;Sonia Najjar;sonia najjar
513;Sonia Othman;sonia othman
123;Sophie Alexandra Aiachi;sophie alexandra aiachi
1136;Sophiene Jebabli;sophiene jebabli
1219;Soua Salah;soua salah
2917;Souad Annabi;souad annabi
2122;Souad Belghith;souad belghith
1616;Souad Dziri;souad dziri
3899;Souaf Houssemdine;souaf houssemdine
1029;Souamay Tlili;souamay tlili
3889;souda faycal;souda faycal
1763;Soufi Majdeddine;soufi majdeddine
127;Soufien Ben Hamza;soufien ben hamza
2074;Sougui Abderraouf Achouch;sougui abderraouf achouch
3402;Souha Bejaoui;souha bejaoui
1658;Souha Mander;souha mander
1635;Souha Soussi;souha soussi
957;Souhaib Rejeb;souhaib rejeb
1487;Souhail Berhouma;souhail berhouma
4099;Souhail Daoued;souhail daoued
1176;Souhail Msakni;souhail msakni
2755;Souhail Saihi;souhail saihi
3688;Souhail SBOUI;souhail sboui
2835;Souheil Bouzouita;souheil bouzouita
2784;Souheil Elhoucine;souheil elhoucine
293;Souheil Guessoum;souheil guessoum
2287;Souheil Sassi;souheil sassi
2856;Souheil Skouri;souheil skouri
3797;Souhir Manai;souhir manai
2457;Soulaimane Guedria;soulaimane guedria
3039;Soulayma Dhiab;soulayma dhiab
214;Souleima Ben Temim;souleima ben temim
3164;Souleyma Khadhraoui;souleyma khadhraoui
785;Soumaya Atoui;soumaya atoui
726;Soumaya Ben Abdallah;soumaya ben abdallah
1824;Soumaya Dammak;soumaya dammak
670;Soumaya Dridi;soumaya dridi
4003;Soumaya Sebai;soumaya sebai
1972;Staffiny Zied Brahem;staffiny zied brahem
3146;Stefan Habringer;stefan habringer
3432;Stephane Rocchi;stephane rocchi
2589;Success Study;success study
3014;Sylvain Dienst;sylvain dienst
1090;Sylvain Forte;sylvain forte
2771;Syrine Abidi;syrine abidi
1530;Syrine Boudriga;syrine boudriga
147;Syrine Chaalala;syrine chaalala
1375;Syrine Elaydi;syrine elaydi
1200;Syrine Guettat;syrine guettat
1349;Syrine Rhoùma;syrine rhouma
1851;Taha Ben Abdelmalek;taha ben abdelmalek
3420;Taha Ben Mrad;taha ben mrad
1840;Taha Bennasr;taha bennasr
400;Taha Cabani;taha cabani
3596;Taha Dahech;taha dahech
734;Taha Grach;taha grach
3572;Taha Jlassi;taha jlassi
2433;Taha Karoui;taha karoui
416;Taha Khaled;taha khaled
1607;Taha Knani;taha knani
3736;Taha Triki;taha triki
31;Tahar Azizi;tahar azizi
3943;Tahar Rahmouni;tahar rahmouni
3548;Taher Damak;taher damak
812;Taher Ghrissi;taher ghrissi
1125;Taher Mestiri;taher mestiri
2480;Taher Siala;taher siala
3710;taieb ben ali;taieb ben ali
1057;Taieb Kerkeny;taieb kerkeny
1480;Taieb Nemissi;taieb nemissi
4008;Tajer Karim;tajer karim
96;Takieddine Ben Messaoud;takieddine ben messaoud
1250;Takoua Gharbi;takoua gharbi
2365;Takwa Ben Abdessalem;takwa ben abdessalem
272;Takwa Mrabet;takwa mrabet
1617;Talel Chaouch;talel chaouch
847;Talel Mouaada;talel mouaada
1243;Tamer Shawer;tamer shawer
2175;Taoufik Belkhodja;taoufik belkhodja
89;Tarak Nachnouchi;tarak nachnouchi
3910;tarek bani;tarek bani
2538;Tarek Ben Ali;tarek ben ali
3585;Tarek Ben Salah;tarek ben salah
898;Tarek Ben Sassi;tarek ben sassi
300;Tarek Chehidi;tarek chehidi
1084;Tarek Gasmi;tarek gasmi
1601;Tarek Keskes;tarek keskes
3850;Tarek Khemiri;tarek khemiri
1702;Tarek Loukil;tarek loukil
1524;Tarek Marzouk;tarek marzouk
437;Tarek Nakbi;tarek nakbi
704;Tarek Saidi;tarek saidi
443;Tarek Talbi;tarek talbi
1799;Tarek Trabelsi;tarek trabelsi
3071;Tarek Zouari;tarek zouari
1120;Tawfik Ben Hamadi;tawfik ben hamadi
872;Tawfik Twil;tawfik twil
3282;Taycir Chouk;taycir chouk
1230;Tayeb Beb Ayed;tayeb beb ayed
4112;Tayssir Ben Nehia;tayssir ben nehia
2864;TechLead Informatique;techlead informatique
1159;Teja Kallel;teja kallel
2773;Tekaya Oussama;tekaya oussama
2844;Tesnim Jaziri;tesnim jaziri
2886;Tesnime Khemiri;tesnime khemiri
2127;Tezeghedenti Asma;tezeghedenti asma
1750;Thabet Esmail;thabet esmail
3695;Thaer Tafesh;thaer tafesh
3126;Thamer Dridi;thamer dridi
2963;The infinite  Mezri Karoui;the infinite mezri karoui
3466;Thouraya Ftouh Walker;thouraya ftouh walker
2339;Thouraya Rajah;thouraya rajah
3888;Tijani Aziz Feki;tijani aziz feki
3251;Tijani Boujdaria;tijani boujdaria
3620;TIJANI RKIWA;tijani rkiwa
1364;TiKtak Pro Zied Bouhejba;tiktak pro zied bouhejba
137;Timothée Piette;timothee piette
3406;Tommy Gendreau;tommy gendreau
829;Tommy Piedbois;tommy piedbois
2798;Touati Selsebil;touati selsebil
1083;Touhami Midani;touhami midani
3735;Trabelsi Iyed;trabelsi iyed
3591;trabelsi nasredine;trabelsi nasredine
934;Travaris Berkay Alkisel;travaris berkay alkisel
3796;Triki Omar;triki omar
2075;Tunibionics Farah Jenhani;tunibionics farah jenhani
2218;Ukka Ukka;ukka ukka
1358;Vizmerald Bassem Seddik;vizmerald bassem seddik
3280;Wael Abid;wael abid
639;Wael Aouididi;wael aouididi
2269;Wael Belaid;wael belaid
1494;Wael Ben Echikh;wael ben echikh
3382;Wael Ben Yahia;wael ben yahia
3562;wael chambah;wael chambah
2471;Wael Chaouch;wael chaouch
377;Wael Dhouib;wael dhouib
2004;Wael El Amri;wael el amri
2149;Wael Fathallah;wael fathallah
3815;Wael Gamaoun;wael gamaoun
1301;Wael Gargouri;wael gargouri
3357;Wael Hadji;wael hadji
1360;Wael Hassen;wael hassen
3719;Wael Hichri;wael hichri
661;Wael Kanzari;wael kanzari
2387;Wael Lakhrach;wael lakhrach
2548;Wael Mlak;wael mlak
640;Wael Moula;wael moula
4026;wael nouira;wael nouira
3979;wael sellami;wael sellami
3319;Wael yahiaoui;wael yahiaoui
4023;Wael zahra;wael zahra
2176;Waf Waf House Ridha Bouasker;waf waf house ridha bouasker
4065;Wafa Aouine;wafa aouine
1729;Wafa Attia;wafa attia
888;Wafa Gabsi;wafa gabsi
1774;Wafa Ghrir;wafa ghrir
4017;Wafa Helali;wafa helali
3233;Wafa Makni;wafa makni
3874;Wafa Neifar;wafa neifar
2633;Wafa Smaoui;wafa smaoui
896;Wafi Bouassida;wafi bouassida
3062;Wahib Zerrim;wahib zerrim
167;Wahid Mnasri;wahid mnasri
2392;Wajdi Bouaziz;wajdi bouaziz
2751;Wajdi Buaziz;wajdi buaziz
891;Wajdi Darmoul;wajdi darmoul
4019;Wajdi Hajji;wajdi hajji
927;Wajdi Moalla;wajdi moalla
958;Wajdi Tayachi;wajdi tayachi
1618;Wajih Abdelhedi;wajih abdelhedi
572;Wajih Abidi;wajih abidi
3341;Wajih El Hadj Youssef;wajih el hadj youssef
624;Wajih Hajji;wajih hajji
2395;Wajih Messaoudi;wajih messaoudi
4041;Wakassi Badra;wakassi badra
165;Wala Kasmi;wala kasmi
4009;Wala Naghmouchi;wala naghmouchi
2296;Walaeddine Riahi;walaeddine riahi
428;Walid Ammar;walid ammar
833;Walid Baltagi;walid baltagi
94;Walid Balti;walid balti
3413;Walid Bayoudhi;walid bayoudhi
1545;Walid Ben Ali;walid ben ali
656;Walid Ben Djemaa;walid ben djemaa
909;Walid bousnina;walid bousnina
1675;Walid Bouzouita;walid bouzouita
947;Walid Chaabene;walid chaabene
9;Walid Chamekh;walid chamekh
79;Walid Dieff Allah;walid dieff allah
610;Walid Driss;walid driss
2623;Walid Guellouz;walid guellouz
1834;Walid Hached;walid hached
4118;Walid Jemaa;walid jemaa
3253;Walid Jlassi;walid jlassi
1984;Walid Kaabachi;walid kaabachi
3004;Walid Kacem;walid kacem
3443;Walid Kallel;walid kallel
1194;Walid Karray;walid karray
2725;Walid Khenissi;walid khenissi
1991;Walid Khodja;walid khodja
1412;Walid Ksouri;walid ksouri
323;Walid Labidi;walid labidi
808;Walid Landolsi;walid landolsi
687;Walid M'sallem;walid m'sallem
3729;Walid Makhlouf;walid makhlouf
1437;Walid Mansia;walid mansia
1903;Walid Mchiri;walid mchiri
2091;Walid Meddeb;walid meddeb
53;Walid Meskine;walid meskine
155;Walid Messaoudia;walid messaoudia
3751;Walid Mezghani;walid mezghani
403;Walid Mnif;walid mnif
187;Walid Mzoughi;walid mzoughi
779;Walid Negra;walid negra
1794;Walid Nouni;walid nouni
1904;Walid Oussai;walid oussai
1715;Walid Saad;walid saad
1284;Walid Saadaoui;walid saadaoui
72;Walid Saghari;walid saghari
754;Walid Slama;walid slama
2693;Walid Tanazefti;walid tanazefti
1309;Walid Zaghdoud;walid zaghdoud
2084;Walid Zeddini;walid zeddini
1241;Wassaloo Mustapha Guellaty;wassaloo mustapha guellaty
1152;Wassef Ben Ounis;wassef ben ounis
2224;Wassim Abdel Malek;wassim abdel malek
2769;Wassim Affes;wassim affes
3475;Wassim Aloui;wassim aloui
2303;Wassim Amri;wassim amri
2240;Wassim Ayari;wassim ayari
827;Wassim Ben Hmida;wassim ben hmida
1020;Wassim Ghozlani;wassim ghozlani
1721;Wassim Hannachi;wassim hannachi
2644;Wassim Kammoun;wassim kammoun
762;Wassim Karaouli;wassim karaouli
3401;Wassim Limam;wassim limam
3033;Wassim Mjahed;wassim mjahed
3577;Wassim Sliti;wassim sliti
3558;wassim znaidi;wassim znaidi
3471;Wathek Bellah Jaballah;wathek bellah jaballah
1338;Wathek BenFradj;wathek benfradj
968;Wided Hakiri;wided hakiri
3102;Wiem Almahjoubi;wiem almahjoubi
2969;Wiem Ben Mahmoud;wiem ben mahmoud
1629;Wiem Ben Othmen;wiem ben othmen
3381;Wiem Ben Yahia;wiem ben yahia
3276;Wiem Klaa;wiem klaa
2266;Wiem Tlili;wiem tlili
2170;Wifak Ghaddab;wifak ghaddab
2366;Wifek Ben Romdhane;wifek ben romdhane
1242;WimbeyondAnalytica Neila Benzina;wimbeyondanalytica neila benzina
2072;Wise Vision Rawand Skoury;wise vision rawand skoury
2193;Wissal Dhuib;wissal dhuib
2351;Wissal Douissa;wissal douissa
1613;Wissal Farjallah;wissal farjallah
3938;Wissal Rouabeh;wissal rouabeh
1398;Wissam Siblini;wissam siblini
3986;Wissem Abdelhak;wissem abdelhak
1127;Wissem Ata;wissem ata
3985;wissem barouni;wissem barouni
1988;Wissem Ben Ali;wissem ben ali
1052;Wissem Ben Ameur;wissem ben ameur
319;Wissem hakiri;wissem hakiri
2183;Wissem Jerbi;wissem jerbi
2662;Wissem Mazgou;wissem mazgou
1974;Womia Anas Dogui;womia anas dogui
2825;Wouroud Zemzem;wouroud zemzem
497;Wrida Ben Yaghouta;wrida ben yaghouta
3976;Wrida BEN YAGOUTA;wrida ben yagouta
2913;Xscan Oussama Ben Wahiba;xscan oussama ben wahiba
3474;Yacine Aridhi;yacine aridhi
3866;yacine boukattaya;yacine boukattaya
2355;Yacine Maaroufi;yacine maaroufi
2799;Yadh Khalfallah;yadh khalfallah
3908;Yahia Ben Cheikh;yahia ben cheikh
3665;Yahia Boussaid;yahia boussaid
286;Yahia Mgarrech;yahia mgarrech
17;Yahya Bouhlel;yahya bouhlel
3704;Yahya Samet;yahya samet
831;Yahyaoui Faouzi;yahyaoui faouzi
895;Yamina Rachdi;yamina rachdi
3104;Yaniss Aïche;yaniss aiche
2085;Yasmina Zarrouk;yasmina zarrouk
1573;Yasmine Ansari;yasmine ansari
460;Yasmine Ben Ameur;yasmine ben ameur
2195;Yasmine Ben Saad;yasmine ben saad
3029;Yasmine Boudhina;yasmine boudhina
2141;Yasmine Bziouech;yasmine bziouech
753;Yasmine Ferchichi;yasmine ferchichi
1674;Yasmine Kerkeny;yasmine kerkeny
1000;Yasmine Selmi;yasmine selmi
1769;Yasmine Terres;yasmine terres
1172;Yasser Belguesmi;yasser belguesmi
3;Yasser Bououd;yasser bououd
2758;Yasser Joudi;yasser joudi
817;Yasser Souilmi;yasser souilmi
3953;yassin gmati;yassin gmati
3508;yassin Guirat;yassin guirat
678;Yassine Abbes;yassine abbes
1053;Yassine Abid;yassine abid
632;Yassine Achour;yassine achour
3691;Yassine Ahmed;yassine ahmed
982;Yassine Ajili;yassine ajili
3369;Yassine Ajroud;yassine ajroud
3480;Yassine Aniba;yassine aniba
2135;Yassine Awadni;yassine awadni
4102;Yassine BELHEDI;yassine belhedi
2655;Yassine Ben Ali;yassine ben ali
3687;Yassine BEN GHANEM;yassine ben ghanem
2342;Yassine Ben Ghorbal;yassine ben ghorbal
3246;Yassine Ben Himene;yassine ben himene
131;Yassine Ben Menadi;yassine ben menadi
2268;Yassine Boubaker;yassine boubaker
1191;Yassine Bouchoucha;yassine bouchoucha
1096;Yassine Boumaiza;yassine boumaiza
464;Yassine Boutabba;yassine boutabba
2991;Yassine Chaabane;yassine chaabane
3278;Yassine Chaker;yassine chaker
3760;Yassine Cherif;yassine cherif
112;Yassine Dimassi;yassine dimassi
582;Yassine Hamdaoui;yassine hamdaoui
1932;Yassine Jdey;yassine jdey
1485;Yassine Jebir;yassine jebir
696;Yassine Jemal;yassine jemal
761;Yassine Karaouli;yassine karaouli
1565;Yassine Kardoun;yassine kardoun
2992;Yassine Kasraoui;yassine kasraoui
510;Yassine Khlass;yassine khlass
3606;yassine labiedh;yassine labiedh
3500;Yassine Mamlouk;yassine mamlouk
1884;Yassine Mohammed Bouassida;yassine mohammed bouassida
3942;Yassine RAHMOUNI;yassine rahmouni
3217;Yassine Rezgui;yassine rezgui
2551;Yassine Rhouma;yassine rhouma
3977;Yassine Sellami;yassine sellami
742;Yassine Timoumi;yassine timoumi
1378;Yassine Zrelli;yassine zrelli
556;Yassine Zrigue;yassine zrigue
2533;Yassmine Dahmene;yassmine dahmene
3058;Yassmine Gritli;yassmine gritli
3162;Yathreb Saidani;yathreb saidani
1183;Yatim Omar;yatim omar
2999;Yazid Abela;yazid abela
1385;Yazid Ouerfelli;yazid ouerfelli
197;Yazid Rahoui;yazid rahoui
3281;Yecin Dridi;yecin dridi
3321;Yesmin Maalej;yesmin maalej
856;Yesmine Ben Ameur;yesmine ben ameur
3087;Yesser Ajili;yesser ajili
937;Yessin Boutabba;yessin boutabba
2847;Yessin Khlìf;yessin khlif
4040;Yessine Ben amor;yessine ben amor
1553;Yessine Bouriga;yessine bouriga
2810;Yi Shi;yi shi
1622;Yosr Belghith;yosr belghith
2901;Yosr Ghozzi;yosr ghozzi
2972;Yosr Halleb;yosr halleb
793;Yosr Jazzar;yosr jazzar
631;Yosr Naija;yosr naija
2117;Yosr Salhi;yosr salhi
3022;Yosra Ahmed;yosra ahmed
1536;Yosra Arous;yosra arous
2191;Yosra Aydi;yosra aydi
3021;Yosra Benbrahem;yosra benbrahem
3098;Yosra Ouertani;yosra ouertani
2202;Yosra Tahri;yosra tahri
3946;Yosra Youssef;yosra youssef
3172;Yosri Ayadi;yosri ayadi
3839;Yosri Ayed;yosri ayed
2628;Yosri Belhadj;yosri belhadj
1463;Yosri Ben Salah;yosri ben salah
2691;Yosri Jlassi;yosri jlassi
1959;Yosri Kossontini;yosri kossontini
1436;Younes Mabrouk;younes mabrouk
2307;Younes Regaieg;younes regaieg
2358;Younes Saidani;younes saidani
2340;Younsi Alaeddine;younsi alaeddine
1305;Yousri Filali;yousri filali
2318;Yousri Hajri;yousri hajri
3925;Youssef Abdeljaoued;youssef abdeljaoued
3768;Youssef Almia;youssef almia
3607;youssef arrari;youssef arrari
3408;Youssef Askri;youssef askri
4033;Youssef Baklouti;youssef baklouti
607;Youssef Barketi;youssef barketi
1962;Youssef Ben Abdallah;youssef ben abdallah
1401;Youssef Boufaied;youssef boufaied
1126;Youssef Boumahdef;youssef boumahdef
3557;YOUSSEF BOUSSAADA;youssef boussaada
3698;Youssef Boutaleb;youssef boutaleb
695;Youssef Chatti;youssef chatti
270;Youssef Cherif;youssef cherif
3454;Youssef Degachi;youssef degachi
2695;Youssef Denguir;youssef denguir
116;Youssef El Behi;youssef el behi
979;Youssef Ennasri;youssef ennasri
911;Youssef Fakhfakh;youssef fakhfakh
683;Youssef Gaaliche;youssef gaaliche
1285;Youssef Hammami;youssef hammami
2884;Youssef Kzadri;youssef kzadri
2320;Youssef Meddeb;youssef meddeb
3949;Youssef Mejri;youssef mejri
160;Youssef Meksi;youssef meksi
531;Youssef Omrani;youssef omrani
1825;Youssef Ouenniche;youssef ouenniche
516;Youssef Said;youssef said
962;Youssef Zied Elhechmi;youssef zied elhechmi
875;Yousser Boulifa;yousser boulifa
1669;Yousser Sabbagh;yousser sabbagh
1866;Yusbely Nacary Jimenez Guerra;yusbely nacary jimenez guerra
1484;Yussr Chaouach;yussr chaouach
3200;Yves Laprise;yves laprise
3187;Zahra Ideba;zahra ideba
1381;Zahra Jenane;zahra jenane
193;Zaineb Rezgui;zaineb rezgui
169;Zakaria Hatira;zakaria hatira
480;Zakaria Karim Mekni;zakaria karim mekni
2880;Zakaria Magouri;zakaria magouri
2362;Zarami Manel Zarami;zarami manel zarami
2532;Zardi Samar;zardi samar
252;Zaroui Montasar;zaroui montasar
890;Zayneb Ghodhbani;zayneb ghodhbani
2756;Zeidoun Meksi;zeidoun meksi
2890;Zeineb Ben Abdallah;zeineb ben abdallah
567;Zeineb Ben Salah;zeineb ben salah
2613;Zeineb Blaiech;zeineb blaiech
520;Zeineb Bouassida;zeineb bouassida
134;Zeineb Chabchoub;zeineb chabchoub
2467;Zeineb Hadj Ali;zeineb hadj ali
3060;Zeynab Gritli;zeynab gritli
2678;Ziad Kadhi;ziad kadhi
285;Zied Abbes;zied abbes
912;Zied Agrebi Orabi;zied agrebi orabi
1733;Zied Allouch;zied allouch
2230;Zied Ayedi;zied ayedi
925;Zied Ben Amar;zied ben amar
3186;Zied Ben Mansour;zied ben mansour
1930;Zied Ben Slimen;zied ben slimen
3625;zied boufaden;zied boufaden
1203;Zied Bouhejba;zied bouhejba
1121;Zied Boukhris;zied boukhris
3154;Zied Bradai;zied bradai
1727;Zied Brahim;zied brahim
504;Zied Chaabane;zied chaabane
1064;Zied Dahmani;zied dahmani
671;Zied Gharsallah;zied gharsallah
2279;Zied Hachicha;zied hachicha
2032;Zied Hamouda;zied hamouda
3996;zied harzallah;zied harzallah
2201;Zied Hriz;zied hriz
1798;Zied Jallouli;zied jallouli
1527;Zied Jayari;zied jayari
1205;Zied Jbali;zied jbali
3361;Zied Jemal;zied jemal
41;Zied Loukil;zied loukil
1343;Zied Manai;zied manai
146;Zied Ouled Ali;zied ouled ali
741;Zied Rouissi;zied rouissi
566;Zied Said;zied said
4007;Zied Selmi;zied selmi
1297;Zied Zmantar;zied zmantar
841;Zina Douar;zina douar
2677;Zina Gachaoui;zina gachaoui
1209;Zina Kobbi;zina kobbi
1833;Zineb Zouari;zineb zouari
2531;Ziwziw Family Friend;ziwziw family friend
2305;Zohra Aloui-Zarrouk;zohra aloui-zarrouk
3920;ZOHRA KECHIDA;zohra kechida
1562;Zohra Neffati;zohra neffati
3812;Zoubaier Bouajaja;zoubaier bouajaja
1220;Zoubeida Chaouch;zoubeida chaouch
1233;Zoubeir Zarrouk;zoubeir zarrouk
4101;Zouhaiera Abdaoui;zouhaiera abdaoui
933;Zribi Hinda;zribi hinda
