startup_id,founder_id,session,societe,fondateur
C0001,F0001,03/2019,Datavora,Hadi Zaher
C0001,F0002,03/2019,Datavora,Oussama Messaoud
C0002,F0003,03/2019,Enova Robotics,Anis Sahbani
C0002,F0004,03/2019,Enova Robotics,Philippe Bidaud
C0002,F0005,03/2019,Enova Robotics,Christophe Grand
C0003,F0006,03/2019,Ezzayra Solutions,Yasser Bououd
C0004,F0007,03/2019,Polysmart,Ahmed Cheikhrouhou
C0004,F0008,03/2019,Polysmart,Haroun Bouchrit
C0005,F0009,03/2019,Be Wireless Solutions,Karim Kharrat
C0005,F0010,03/2019,Be Wireless Solutions,Nizar Ghram
C0005,F0011,03/2019,Be Wireless Solutions,Sofiene Ghram
C0006,F0012,03/2019,Medilsys,Anis Ghorbel
C0006,F0013,03/2019,Medilsys,Najmeddine Nouri
C0006,F0014,03/2019,Medilsys,Sofiene Ghorbel
C0007,F0015,03/2019,Roamsmart,Walid Chamekh
C0007,F0016,03/2019,Roamsmart,Mehdi Triki
C0008,F0017,03/2019,Vitalight Lab,Khaoula Ben Slimane
C0008,F0018,03/2019,Vitalight Lab,Ilyes Gouja
C0009,F0019,03/2019,Dabchy,Ghazi Ketata
C0009,F0020,03/2019,Dabchy,Ameni Mansouri
C0009,F0021,03/2019,Dabchy,Oussama Mahjoub
C0010,F0022,03/2019,Next Gen Corp,Moez Lachned
C0010,F0023,03/2019,Next Gen Corp,Ahmed Nabli
C0011,F0024,03/2019,Nostatik Media,Khaled Frad
C0011,F0025,03/2019,Nostatik Media,Ramzi Mrad
C0012,F0026,03/2019,Paypos Tunisie,Khatib Chakchouk
C0013,F0027,03/2019,Foua Shop,Karim Skik
C0014,F0028,03/2019,Mitigan,Omar El Matri
C0014,F0029,03/2019,Mitigan,Ahmed Farhat
C0014,F0030,03/2019,Mitigan,Kais Laouiti
C0014,F0031,03/2019,Mitigan,Elyes Jouini
C0014,F0032,03/2019,Mitigan,Hemdene Ben Othmane
C0014,F0033,03/2019,Mitigan,Mohamed Ali Elloumi
C0015,F0034,04/2019,GoMyCode,Yahya Bouhlel
C0015,F0035,04/2019,GoMyCode,Amine Bouhlel
C0016,F0036,04/2019,Mass SA,Ramla Jarrar
C0016,F0037,04/2019,Mass SA,Firas Jabloun
C0017,F0038,04/2019,STE Kaoun,Nebras Jemel
C0017,F0039,04/2019,STE Kaoun,Anis Kallel
C0017,F0040,04/2019,STE Kaoun,Rostom Bouazizi
C0018,F0041,04/2019,Apprentus Tunisie,Gaetan Deremince
C0018,F0042,04/2019,Apprentus Tunisie,Marius Andra
C0019,F0043,04/2019,Bus Software,Amor Sahnoun
C0019,F0044,04/2019,Bus Software,Makrem Erguez
C0020,F0045,04/2019,ilboursa.com,Ismail Ben Sassi
C0020,F0046,04/2019,ilboursa.com,Rodolphe Villaes
C0021,F0047,04/2019,Methania Industries,Selim Kanzari
C0021,F0048,04/2019,Methania Industries,Tahar Azizi
C0022,F0049,04/2019,Wattnow,Issam Smaali
C0023,F0050,04/2019,TechAccessibility,Mohamed Nour Ben Yahia
C0024,F0051,04/2019,Taysir Solutions Tunisia,Mohamed Belghith
C0024,F0052,04/2019,Taysir Solutions Tunisia,Fakhreddine Hachfi
C0025,F0053,04/2019,UniQ Soft Technology,Bechir Yakhlef
C0026,F0054,04/2019,Armani Arabic Academy,Salwa Armani
C0027,F0055,04/2019,Dqlick,Hamdi Bouslah
C0028,F0056,04/2019,KNSD,Ali Boulila
C0029,F0057,04/2019,MedCREtech,Nacef Bouzguenda
C0030,F0058,04/2019,Novel-Ti,Zied Loukil
C0030,F0059,04/2019,Novel-Ti,Ferdaous Masmoudi
C0031,F0060,04/2019,PEAK Technologies,Moslem Ben Dhaou
C0031,F0061,04/2019,PEAK Technologies,Bilel Methnani
C0032,F0062,04/2019,Smart and Clean,Mourad Bouabdallah
C0033,F0063,04/2019,Tadeco IT,Aymen Talbi
C0034,F0064,04/2019,TechAbility,Dorra Kammoun
C0034,F0065,04/2019,TechAbility,Oussama Romdhane
C0035,F0066,04/2019,Expensya (Pepino Tech),Karim Jouini
C0035,F0067,04/2019,Expensya (Pepino Tech),Jihed Othmani
C0036,F0068,04/2019,Smart Mobility,Mokhles Masmoudi
C0037,F0069,04/2019,Educanet,Anis Ben Arbia
C0038,F0070,04/2019,Study.tn,Nidhal Abidi
C0038,F0071,04/2019,Study.tn,Mohamed Selim Hadrich
C0038,F0072,04/2019,Study.tn,Nadhir Abidi
C0038,F0073,04/2019,Study.tn,Seyf Hamdaoui
C0039,F0074,04/2019,Tunisie Matériel Roulant,Amel Besbes
C0039,F0075,04/2019,Tunisie Matériel Roulant,Kais Aribi
C0040,F0076,04/2019,Embedded Solutions and Advanced Technology,Mohamed Salouati
C0041,F0077,04/2019,Inotek engineering,Mehdi Mazlout
C0041,F0078,04/2019,Inotek engineering,Walid Saghari
C0042,F0079,04/2019,Paymee,Marwen Amamou
C0043,F0080,04/2019,Healthcare Anywhere,Imed Abed
C0043,F0081,04/2019,Healthcare Anywhere,Fadoua Ouerdiane
C0044,F0082,04/2019,TunRooms,Mohamed Ali Afif
C0045,F0083,04/2019,Galactech,Houssem Maiza
C0046,F0084,04/2019,Domodar,Rochdi Zaghden
C0046,F0085,04/2019,Domodar,Walid Dieff Allah
C0047,F0086,04/2019,Vynd,Adam Chebbi
C0047,F0087,04/2019,Vynd,Khalil Ben Hamouda
C0048,F0088,04/2019,Empire communication,Hani Hamrouni
C0048,F0089,04/2019,Empire communication,Davide David
C0049,F0090,04/2019,3D Forge,Ferid Kamel
C0049,F0091,04/2019,3D Forge,Mohamed Abul Heija
C0050,F0092,04/2019,Africa Flying and Engineering,Walid Meskine
C0051,F0093,04/2019,Ticket Communication TICOM,Aida Rafrafi
C0052,F0094,04/2019,TeTa concept,Achraf Jamli
C0053,F0095,04/2019,WeMake,Abdelmajid Mathlouthi
C0053,F0096,04/2019,WeMake,Karim Yahyaoui
C0054,F0097,04/2019,Micro Device Tunisia,Hamdi Ben Amor
C0055,F0098,04/2019,Kiwi Softwares,Ali Bouslama
C0056,F0099,04/2019,Tunisie Co,Khaled Aouij
C0057,F0100,04/2019,Best Way,Ahmed Ben Hamida
C0058,F0101,04/2019,ComEngineering,Omar Chahata
C0058,F0102,04/2019,ComEngineering,Ahmed Rouetbi
C0059,F0103,04/2019,Testafid+,Mohamed Ghmadh
C0060,F0104,04/2019,Afrique Charbon,Abdelaziz Bahri
C0061,F0105,04/2019,Ironhoster,Naiim Lamloumi
C0062,F0106,04/2019,Boostiny,Tarak Nachnouchi
C0063,F0107,04/2019,Forevermo (Paravoisin),Mohamed Methnani
C0064,F0108,04/2019,Supply Air,Aymen Tleilia
C0064,F0109,04/2019,Supply Air,Hatem Lefi
C0065,F0110,04/2019,Sawsan Bellaj Training & Consulting,Sawssen Bellaj
C0066,F0111,04/2019,Casual Bet,Walid Balti
C0066,F0112,04/2019,Casual Bet,Abderahmen Mahmoudi
C0067,F0113,05/2019,TakiAcademy,Takieddine Ben Messaoud
C0068,F0114,05/2019,Deli Solutions,Sami Tounsi
C0068,F0115,05/2019,Deli Solutions,Zied Ouerdani
C0069,F0116,05/2019,NewGen,Seifeddine Ben Hamouda
C0070,F0117,05/2019,InstaDeep,Zohra Slim
C0070,F0118,05/2019,InstaDeep,Karim Beguir
C0071,F0119,05/2019,Lifeye,Ahmed Ben Achballah
C0071,F0120,05/2019,Lifeye,Bassem Boujelben
C0071,F0121,05/2019,Lifeye,Zied Chabchoub
C0071,F0122,05/2019,Lifeye,Tarek Blaiech
C0071,F0123,05/2019,Lifeye,Mohamed Kallel
C0071,F0124,05/2019,Lifeye,Achraf Chabbouh
C0071,F0125,05/2019,Lifeye,Ahmed Ben Said
C0071,F0126,05/2019,Lifeye,Rateb Jabbar
C0072,F0127,05/2019,Echo,Amine Laaroussi
C0073,F0128,05/2019,Seemba Gaming,Slim Ben Nasrsallah
C0073,F0129,05/2019,Seemba Gaming,Jacer Omri
C0073,F0130,05/2019,Seemba Gaming,Mohamed Ben Hadj Aissa
C0073,F0131,05/2019,Seemba Gaming,Jihed Bibani
C0073,F0132,05/2019,Seemba Gaming,Ben Messaoud TakiEddine
C0074,F0133,05/2019,WeCode Land,Wala Kasmi
C0074,F0134,05/2019,WeCode Land,Mohamed Ali Boumiza
C0075,F0135,05/2019,Smart Med SA,Issam Bellaj
C0075,F0136,05/2019,Smart Med SA,Aymen Turki
C0075,F0137,05/2019,Smart Med SA,Emna Jellouli
C0076,F0138,05/2019,Société STBI,Sofiene Horrigue
C0077,F0139,05/2019,Actifs Précieux Apex S.A,Hajer Derouiche
C0077,F0140,05/2019,Actifs Précieux Apex S.A,Hedi Derouiche
C0078,F0141,05/2019,Neopolis Development,Achraf Khelil
C0078,F0142,05/2019,Neopolis Development,Jacques-Yves Foucou
C0079,F0143,05/2019,9arini.tn (édité par Digital World SARL),Kais Assali
C0079,F0144,05/2019,9arini.tn (édité par Digital World SARL),Anis Wahabi
C0080,F0145,05/2019,Fouta Tunisia,Beldi Zied
C0081,F0146,05/2019,Swiver,Hichem Radoine
C0081,F0147,05/2019,Swiver,Azzam Souelmia
C0082,F0148,05/2019,profils.tn,Anis Maghar
C0082,F0149,05/2019,profils.tn,Imen Maghar
C0083,F0150,05/2019,Go Up Stand Up (Goupsup),Hazem Guent
C0083,F0151,05/2019,Go Up Stand Up (Goupsup),Yassine Dimassi
C0084,F0152,05/2019,TransFacile,Oussema Marai
C0084,F0153,05/2019,TransFacile,Ghada Chelly
C0085,F0154,05/2019,Asklepios,Marwen Badri
C0085,F0155,05/2019,Asklepios,Youssef El Behi
C0086,F0156,05/2019,Bookingtodo,Aziz Annabi
C0087,F0157,05/2019,Industry X.0,Bilel Labidi
C0087,F0158,05/2019,Industry X.0,Med Abdel Aziz Battikh
C0088,F0159,05/2019,Bon'Heure,Nour Tekaya
C0088,F0160,05/2019,Bon'Heure,Iskander Gafsi
C0089,F0161,05/2019,Be bouncy,Ayoub Ben younes
C0089,F0162,05/2019,Be bouncy,Sophie Alexandra Aiachi
C0090,F0163,05/2019,Domotec,Hichem Moalla
C0090,F0164,05/2019,Domotec,Yahia Moalla
C0091,F0165,05/2019,Vim It,Imen Issaoui
C0092,F0166,05/2019,Indigo Business Solutions,Mohamed Aloulou
C0093,F0167,05/2019,Professional System,Hichem Ben Hammouda
C0094,F0168,05/2019,Beego,Mohamed Amine Sammari
C0095,F0169,05/2019,B'rain,Rami Boudaya
C0096,F0170,05/2019,"Développement d'applications comptables, gestion, finance",Mehdi Mabrouk
C0097,F0171,06/2019,DEEPERA,Faouzi Moussa
C0097,F0172,06/2019,DEEPERA,Mustapha Boughzou
C0098,F0173,06/2019,FABSKILL,Sofiane Mabrouk
C0098,F0174,06/2019,FABSKILL,Bechir Afifi
C0098,F0175,06/2019,FABSKILL,Mohamed Ben Sfar
C0099,F0176,06/2019,MajestEYE,Jihed Hannachi
C0099,F0177,06/2019,MajestEYE,Rabie Saidi
C0099,F0178,06/2019,MajestEYE,Soufien Ben Hamza
C0100,F0179,06/2019,HERUNDO,Nizar Bouguila
C0100,F0180,06/2019,HERUNDO,Bessem Jallouli
C0100,F0181,06/2019,HERUNDO,Mohamed Boujelban
C0101,F0182,06/2019,BioIntrants Technologie,Yassine Ben Menadi
C0101,F0183,06/2019,BioIntrants Technologie,Chedli Ben Menadi
C0102,F0184,06/2019,JUNIOR NETWORK,Sahar Ben Rached
C0102,F0185,06/2019,JUNIOR NETWORK,Zeineb Chabchoub
C0102,F0186,06/2019,JUNIOR NETWORK,Oussema Ksontini
C0103,F0187,06/2019,Siteflow Factory,Samed Jalouali
C0103,F0188,06/2019,Siteflow Factory,Timothée Piette
C0103,F0189,06/2019,Siteflow Factory,Etienne Barrault
C0103,F0190,06/2019,Siteflow Factory,Louis Hauvette
C0104,F0191,06/2019,Insight+,Adel Jenni
C0104,F0192,06/2019,Insight+,Imed Kouki
C0105,F0193,06/2019,DATAERA,Hedi Zouari
C0105,F0194,06/2019,DATAERA,Maher Heni
C0106,F0195,06/2019,SF Technologies,Mohamed Taher Hammami
C0107,F0196,06/2019,CREATIVE CULINARY,Aziz Ben Chedli
C0108,F0197,06/2019,SAFOZI SARL,Zied Ouled Ali
C0109,F0198,06/2019,NEXTPROTEIN TUNISIA,Mohamed Gastli
C0109,F0199,06/2019,NEXTPROTEIN TUNISIA,Syrine Chaalala
C0110,F0200,06/2019,SENIATNA,Neil Boussofara
C0111,F0201,06/2019,VME Internationale,Foued Ben Babis
C0111,F0202,06/2019,VME Internationale,Montassar Gharsa
C0112,F0203,06/2019,Zoor,Mahdi Houli
C0112,F0204,06/2019,Zoor,Radhi Houli
C0113,F0205,06/2019,Natalista,Rim Besbes
C0114,F0206,06/2019,Videsys,Abdelaziz Ktari
C0114,F0207,06/2019,Videsys,Walid Messaoudia
C0115,F0208,06/2019,AYSHEK,Amine Dimassi
C0115,F0209,06/2019,AYSHEK,Mohamed Amine Baatout
C0116,F0210,06/2019,Kidsbook,Mohamed Nadhir Belkhir
C0116,F0211,06/2019,Kidsbook,Hafedh Dziri
C0117,F0212,06/2019,Hezni Maak,Youssef Meksi
C0118,F0213,06/2019,Pool & Fish Farm Smart Water Management,Afef Bohli
C0118,F0214,06/2019,Pool & Fish Farm Smart Water Management,Sami Tabbane
C0119,F0215,06/2019,Massart Engineering,Mahdi Ghribi
C0120,F0216,06/2019,MyCity,Mohamed Sami Rahoui
C0121,F0133,06/2019,Tisopia,Wala Kasmi
C0121,F0217,06/2019,Tisopia,Mohamed Boumiza
C0122,F0218,06/2019,TUNMOB SA (DIGIT-U),Houssine Midouni
C0123,F0219,06/2019,SMAAO Tunisie,Amjed Ben Salah
C0124,F0220,06/2019,Iris technologies,Khaled Bouchoucha
C0125,F0221,06/2019,Agri Land,Saifeddine Kacem
C0125,F0222,06/2019,Agri Land,AyetAllah Hlaiem
C0126,F0223,06/2019,Doctor Sina,Laaroussi Ben Younes
C0127,F0224,06/2019,Aevny,Nacir Bouazizi
C0127,F0225,06/2019,Aevny,Ahmed Ben Marzoug
C0128,F0226,06/2019,IYADATI,Cheker Jarray
C0129,F0227,07/2019,TransIN / SmartIN,Wahid Mnasri
C0130,F0228,07/2019,Catrim,Mohamed Amine Ghorbel
C0130,F0229,07/2019,Catrim,Becem Ben Mustapha
C0131,F0230,07/2019,eDonec,Nader Zouari
C0131,F0231,07/2019,eDonec,Zakaria Hatira
C0132,F0232,07/2019,Avempace,Haythem Boughzala
C0132,F0233,07/2019,Avempace,Abdelhamid Kerkeni
C0133,F0234,07/2019,NIWEES,Abdallah Najah
C0134,F0235,07/2019,Arsela,Ines Hafi
C0134,F0236,07/2019,Arsela,Achref Ben Ouannes
C0134,F0237,07/2019,Arsela,Ahmed Ben Zineb
C0135,F0238,07/2019,Coaching Foot,Ahmed Adala
C0135,F0239,07/2019,Coaching Foot,Kheireddine Fradj
C0135,F0240,07/2019,Coaching Foot,Hussein Jenayah
C0136,F0241,07/2019,AROM R SARL,Ellyes Chakroun
C0137,F0242,07/2019,Rahba.tn,Mahmoud Aboulrob
C0138,F0243,07/2019,DeVolution studio,Hidayet Ayadi
C0138,F0244,07/2019,DeVolution studio,Seifeddine Ben Achour
C0138,F0245,07/2019,DeVolution studio,Oualid Khayatti
C0138,F0246,07/2019,DeVolution studio,Oussema Maatouk
C0139,F0247,07/2019,ASEPTIKA LAB,Selima Zaouali
C0139,F0248,07/2019,ASEPTIKA LAB,Aziz Zaouali
C0140,F0249,07/2019,Faavly,Mohamed Amine Grichi
C0141,F0250,07/2019,Universa Blockchain,Omar Bouattay
C0141,F0251,07/2019,Universa Blockchain,Alexandre Borodich
C0142,F0252,07/2019,Surfin - powered by Incept,Sofiene Chaieb
C0143,F0253,07/2019,TuniBoat,Ahmed Ayadi
C0144,F0254,07/2019,Winshot,Walid Mzoughi
C0144,F0255,07/2019,Winshot,Hela Gabsi
C0144,F0256,07/2019,Winshot,Alaa Mokrani
C0145,F0257,07/2019,Technologia Academy,Mohamed Amine Hlali
C0146,F0258,07/2019,Minima.ai,Houssem eddine Mrad
C0147,F0259,07/2019,Réseau social medical : Saheelha,Marwan Abidi
C0148,F0260,07/2019,Advanced functionalities for smart home/company WiFi,Lotfi Aguerbaoui
C0149,F0261,07/2019,Zainpulse,Zaineb Rezgui
C0150,F0262,07/2019,Sala7li,Mohamed Aymen Ben Elhaj Mabrouk
C0150,F0263,07/2019,Sala7li,Ines Dhaouadi
C0151,F0264,07/2019,Appinov,Haykel Mrad
C0151,F0265,07/2019,Appinov,Yazid Rahoui
C0151,F0266,07/2019,Appinov,Heni Sabbeh
C0152,F0267,07/2019,AES,Amine Souilhi
C0153,F0268,07/2019,STE VIF PRO,Mohamed Mouldi Ayed
C0153,F0269,07/2019,STE VIF PRO,Sabri Lachaal
C0154,F0270,07/2019,Kademia,Mohamed Ali Jomaa
C0155,F0271,07/2019,Glamour By Riyem,Riyem Saidi
C0156,F0272,07/2019,Greendyzer,Faycal Sessi
C0156,F0273,07/2019,Greendyzer,Bassem Abdelhak
C0156,F0274,07/2019,Greendyzer,Mohamed Nidham Sfar Gandoura
C0157,F0275,07/2019,VR Crystalized,Ahmed Khalil Abdelkhalek
C0157,F0276,07/2019,VR Crystalized,Boulbaba Zitouni
C0158,F0277,08/2019,EVOCRAFT,Ali Belhaj Zahi
C0158,F0278,08/2019,EVOCRAFT,Haythem Dabbabi
C0158,F0279,08/2019,EVOCRAFT,Imen Hajji
C0159,F0280,08/2019,Smart Farm,Bechir Ben Brika
C0159,F0281,08/2019,Smart Farm,Hamza Khechine
C0160,F0282,08/2019,HealUp,Issam Ezzeddine
C0160,F0283,08/2019,HealUp,Imed Ezzeddine
C0160,F0284,08/2019,HealUp,Badi Bouteraa
C0161,F0285,08/2019,MOOVOBRAIN,Khaoula Ben Ahmed
C0161,F0286,08/2019,MOOVOBRAIN,Syrine Ayari
C0161,F0287,08/2019,MOOVOBRAIN,Ghofrane Ayari
C0161,F0288,08/2019,MOOVOBRAIN,Souleima Ben Temim
C0162,F0289,08/2019,Dataperformers,Mehdi Merai
C0163,F0290,08/2019,Appro.tn (L6),Slim Amamou
C0163,F0291,08/2019,Appro.tn (L6),Nabegh Bechir Hatira
C0163,F0292,08/2019,Appro.tn (L6),Hassen Marzouki
C0164,F0293,08/2019,FoundPad,Mehdi Nakouri
C0164,F0294,08/2019,FoundPad,Hazem Mhiri
C0165,F0295,08/2019,KAPTY SARL,Amine Allah Manai
C0165,F0296,08/2019,KAPTY SARL,Khaled Dridi
C0166,F0297,08/2019,OTO TRAVEL,Elyes Elloumi
C0166,F0298,08/2019,OTO TRAVEL,Ali ABid
C0167,F0299,08/2019,IDEAL CONCEPTION,Mehdi Zaabar
C0168,F0300,08/2019,iCompass,Ahmed Nouisser
C0168,F0301,08/2019,iCompass,Mohamed Hatem Haddad
C0169,F0302,08/2019,eDream Commerce,Kacem Ghozzi
C0169,F0303,08/2019,eDream Commerce,Nebyl Ben Attia
C0170,F0304,08/2019,Vsober,Syrine Boudriga
C0170,F0305,08/2019,Vsober,Mohamed Ala eddine Ben Trad
C0171,F0306,08/2019,Société institution des modes alternatifs de règlement des litiges,Kaouther Selmi
C0171,F0307,08/2019,Société institution des modes alternatifs de règlement des litiges,Khalil Ben Salah
C0172,F0308,08/2019,Historio,Youssef Boufaied
C0172,F0309,08/2019,Historio,Mustapha Gharbi
C0172,F0310,08/2019,Historio,Marwen Sami
C0172,F0311,08/2019,Historio,Skander Amor
C0173,F0312,08/2019,NACHD-IT,Ahmed Ben Hssouna
C0173,F0313,08/2019,NACHD-IT,Nourhane Amara
C0174,F0314,08/2019,Evey Technologies,Noomane Lahimer
C0174,F0315,08/2019,Evey Technologies,Maher Hanafi
C0175,F0316,08/2019,SCIENCIA,Latifa El Ghezal
C0175,F0317,08/2019,SCIENCIA,Mohamed Jaidane
C0176,F0318,08/2019,Zatex,Mohamed Mekki Maalej
C0177,F0319,08/2019,Eat & Fit,Skander Ben Sassi
C0178,F0320,08/2019,WanToTrip,Chahrazed Remadi
C0178,F0321,08/2019,WanToTrip,Makrem Hermassi
C0179,F0322,08/2019,X-P-R,Mohamed Aziz CHAHED
C0179,F0323,08/2019,X-P-R,Mohamed Itheb Ben Abbes
C0179,F0324,08/2019,X-P-R,Oussama Ouda
C0179,F0325,08/2019,X-P-R,Mohamed Chebbi
C0180,F0326,08/2019,Plateforme de Formation E-learning,Nasreddine Cherih
C0180,F0327,08/2019,Plateforme de Formation E-learning,Marouane El Behi
C0181,F0328,08/2019,Oleomar Start-up Projet,Sami Guetari
C0181,F0329,08/2019,Oleomar Start-up Projet,Nadia Bouslimi Guetari
C0182,F0330,08/2019,UTIK,Makrem Dhifalli
C0182,F0331,08/2019,UTIK,Aymen Gatri
C0182,F0332,08/2019,UTIK,Mounir Bezzarga
C0183,F0333,08/2019,Smart Brand Web,Wajdi El Fehem
C0184,F0334,08/2019,MAIZ FARM,Hassen Maiz
C0185,F0335,08/2019,MAGNITECHS,Khaled Ben Ali
C0185,F0336,08/2019,MAGNITECHS,Fatma Ghizaoui
C0185,F0337,08/2019,MAGNITECHS,Mohamed Ben Hadj Hmida
C0185,F0338,08/2019,MAGNITECHS,Wajih Gafsi
C0185,F0339,08/2019,MAGNITECHS,Mariem Gannouni
C0186,F0340,09/2019,iWassel,Yasmine Dahloul
C0186,F0341,09/2019,iWassel,Sarra Khemakhem
C0186,F0342,09/2019,iWassel,Firas Rhaiem
C0187,F0343,09/2019,Farm Trust,Anis Mezghani
C0187,F0344,09/2019,Farm Trust,Wassim Khiari
C0188,F0345,09/2019,TrustiT,Mohamed Amine Ouni
C0189,F0125,09/2019,fixiha.tn,Ahmed Ben Said
C0190,F0346,09/2019,Société DOM Services,Khaled Dhifallah Ennefii
C0191,F0347,09/2019,The Landlord,Mohamed Farouk Ben Achour
C0192,F0348,09/2019,BeNeutron,Zaroui Montasar Mannai Karim
C0193,F0342,09/2019,Epilert,Firas Rhaiem
C0193,F0349,09/2019,Epilert,Haroun Moula
C0193,F0350,09/2019,Epilert,Amine Riahi
C0194,F0351,09/2019,Black Dune Studio,Mohamed Ali Hammami Hamad
C0194,F0352,09/2019,Black Dune Studio,Mohamed Hamad Abden El Mra
C0194,F0353,09/2019,Black Dune Studio,Ahmed EL KADHI
C0194,F0354,09/2019,Black Dune Studio,Mohamed BOUABIDI
C0194,F0355,09/2019,Black Dune Studio,Ayoub KHAMESSI
C0195,F0356,09/2019,Idara Tn,Jelassi Mohamed Amine
C0195,F0357,09/2019,Idara Tn,Baklouti Bassem
C0195,F0358,09/2019,Idara Tn,Ben Salah Slim
C0195,F0359,09/2019,Idara Tn,Nouri Houssem Eddine
C0196,F0360,09/2019,Teskerti.tn,Karim Jelliti
C0197,F0361,09/2019,GETPAY,Slim MOalla
C0197,F0362,09/2019,GETPAY,Salma Moalla
C0197,F0363,09/2019,GETPAY,Fares Bouguecha
C0198,F0254,09/2019,Go Field,Walid Mzoughi
C0198,F0255,09/2019,Go Field,Hela Gabsi
C0198,F0256,09/2019,Go Field,Alaa Mokrani
,F0364,09/2019,WanToTrip,Chehrazade Remadi
,F0321,09/2019,WanToTrip,Makrem Hermassi
,F0365,09/2019,Technologia Academy,Mohamed Amine Hlaili
C0199,F0366,09/2019,Kamioun,Fares Belghith
C0199,F0367,09/2019,Kamioun,Abdelrahman Ghariani
C0200,F0368,09/2019,Tuni'AR,Abdelhamid Boukhari
C0200,F0369,09/2019,Tuni'AR,Kalfat Sarra
C0200,F0370,09/2019,Tuni'AR,Mohamed Karim Sakrani
C0201,F0371,09/2019,Athena-IO,Safwen Bouali
C0201,F0372,09/2019,Athena-IO,Cherif Redissi
C0201,F0373,09/2019,Athena-IO,Amine Troudi
C0202,F0374,09/2019,ZOLFA,Adel Jeridi
C0203,F0375,09/2019,GoFields,Youssef Cherif
C0204,F0376,09/2019,Kyto-Prod,Olfa Kilani ep Feki
C0204,F0377,09/2019,Kyto-Prod,Takwa Mrabet
C0204,F0378,09/2019,Kyto-Prod,Safa Ben Khedher
C0204,F0379,09/2019,Kyto-Prod,Mohamed Amine Bourkhis
C0205,F0380,09/2019,SBA Workforce,Perrine Mihelic
C0206,F0381,09/2019,Think-it,Joscha Raue
C0206,F0382,09/2019,Think-it,Mehemed Bougsea
C0207,F0383,09/2019,Servis.tn,Mohamed Aziz Belhadj
C0207,F0384,09/2019,Servis.tn,Jrad Nada Boukhalfa
C0208,F0385,09/2019,HOOLOOS,Mohamed Bhibah
C0208,F0386,09/2019,HOOLOOS,Mehdi Gabsi
C0209,F0387,09/2019,Best-Tech,Mohamed Amine Boubakri
C0210,F0388,09/2019,Digistart,Walid Bousnina
C0210,F0389,09/2019,Digistart,Aymen Hammemi
C0210,F0390,09/2019,Digistart,Chamseddine Bezzaouia
C0211,F0391,10/2019,Fivepoints,Wassim Jouini
C0211,F0392,10/2019,Fivepoints,Mohamed Fares Oueslati
C0212,F0311,10/2019,Datavision,Skander Amor
C0212,F0393,10/2019,Datavision,Borhen Jlidi
C0213,F0394,10/2019,RESRV,Ahmed Taktak
C0213,F0395,10/2019,RESRV,Nabil Gazdar
C0214,F0396,10/2019,NEPTUNE MOSAIC,Zied Abbes
C0215,F0397,10/2019,Taderok,Ahmed Dhieb
C0215,F0398,10/2019,Taderok,Anoir Dhieb
C0216,F0399,10/2019,Intigrow,Bassem Bouguerra
C0216,F0400,10/2019,Intigrow,Nebil Jridet
C0217,F0401,10/2019,Artify,Yahia Mgarrech
C0218,F0402,10/2019,TIRA ROBOTS,Wassim ben Hmida
C0218,F0403,10/2019,TIRA ROBOTS,Azza Attia
C0219,F0404,10/2019,HISTORIAR,Houda Bakir
C0219,F0405,10/2019,HISTORIAR,Jihed Makni
C0220,F0406,10/2019,Couscous Connection,Edriss Kharroubi Essaied
C0220,F0407,10/2019,Couscous Connection,Rachid Kharroubi Essaied
C0221,F0408,10/2019,Neoshop,Donia Fayach
C0221,F0409,10/2019,Neoshop,Ahmed Nsiri
C0222,F0410,10/2019,Swanina,Sana Hafsa
C0223,F0411,10/2019,SMART LOGGER,Mohamed Taghouti
C0223,F0412,10/2019,SMART LOGGER,Mehdi Taghouti
C0224,F0413,10/2019,ProvenMed,Souheil Guessoum
C0224,F0414,10/2019,ProvenMed,Amine Staali
C0224,F0415,10/2019,ProvenMed,Ahmed Boughaleb
C0225,F0416,10/2019,Lightency,Jaafar Saied
C0225,F0417,10/2019,Lightency,Mohamed Mnif
C0225,F0418,10/2019,Lightency,Boubaker Selmi
C0226,F0419,10/2019,CURE,Mohamed Dhaouafi
C0227,F0420,10/2019,REBOOTKAMP,Lotfi Darragi
C0227,F0421,10/2019,REBOOTKAMP,Hugh Bosely
C0227,F0422,10/2019,REBOOTKAMP,Tarek Chehidi
C0227,F0423,10/2019,REBOOTKAMP,Aymen Ben Hassine
C0227,F0157,10/2019,REBOOTKAMP,Bilel Labidi
C0228,F0424,10/2019,Tledger,Hichem Ben Fadhl
C0228,F0425,10/2019,Tledger,Amine Ben Abderrahman
,F0426,10/2019,Sala7li,Mohamed Aymen Ben Hadj Mabrouk
,F0263,10/2019,Sala7li,Ines Dhaouadi
,F0253,10/2019,TuniBoat,Ahmed Ayadi
C0229,F0427,10/2019,BeBouncy,Ayoub Ben Younes
C0229,F0162,10/2019,BeBouncy,Sophie Alexandra Aiachi
C0229,F0428,10/2019,BeBouncy,Assad Ben Mrad
C0230,F0212,10/2019,CreatiView,Youssef Meksi
C0230,F0429,10/2019,CreatiView,Nour Alaya
,F0159,10/2019,Bon'Heure,Nour Tekaya
,F0430,10/2019,Bon'Heure,Skander Gafsi
C0231,F0431,10/2019,Coursesgolf,Assil Talmoudi
C0232,F0432,10/2019,Rhintos Games,Ayoub Ben Thabet
C0232,F0433,10/2019,Rhintos Games,Ahmed Chlagou
C0232,F0434,10/2019,Rhintos Games,Hishem Zarrad
C0233,F0435,10/2019,WareCom,Hamza SAIDI
C0233,F0436,10/2019,WareCom,Nour Abbous
C0233,F0437,10/2019,WareCom,Ali Saidi
C0234,F0438,10/2019,Foodealz,Rim ELFAHEM
C0234,F0439,10/2019,Foodealz,Iskander EL AMRI
C0235,F0440,10/2019,IDWEY,Khouloud Kaabi
C0235,F0441,10/2019,IDWEY,Meriem Amamou
C0235,F0442,10/2019,IDWEY,Borhen Mansouri Khmaiess
C0235,F0443,10/2019,IDWEY,Ahmed
C0236,F0444,10/2019,Humansys,Amine Gara
C0236,F0445,10/2019,Humansys,Mariem Ouanes
C0237,F0446,10/2019,2ME | Machining & Manufacturing Engineering,Mohamed Bechir Chniti
C0237,F0447,10/2019,2ME | Machining & Manufacturing Engineering,Nedra Neffeti
C0238,F0448,10/2019,Prodcom,Amen Allah Missaoui
C0238,F0449,10/2019,Prodcom,Hassen Missaoui
C0239,F0450,10/2019,Plateforme de Tele-Medecine et mSante (KoalX),Asma Gaabal
C0239,F0451,10/2019,Plateforme de Tele-Medecine et mSante (KoalX),Achref Mabrouk
C0240,F0452,10/2019,Meilleure Vie Etudiants Tunisie,Wissem hakiri
C0240,F0453,10/2019,Meilleure Vie Etudiants Tunisie,Mohamed Guediche
C0241,F0454,10/2019,SPX,Rabii Jhinaoui
C0242,F0455,10/2019,Bambinosit,Nivine Mussi
C0243,F0456,10/2019,Smart-Ways,Walid Labidi
C0244,F0457,10/2019,One Shot,Khemais Ben Mustapha
C0245,F0458,10/2019,Municipalité 4.0,Amal Baccara
C0245,F0459,10/2019,Municipalité 4.0,Ala eddine Soltani
C0246,F0460,10/2019,Al madina,Saief Eddine Djibali
C0247,F0461,11/2019,Orbitech (SeekMake),Adel Ayari
C0248,F0462,11/2019,NG Technologies,Moez Ben Mbarka
C0249,F0463,11/2019,VAKAY,Adam Jabeur
C0250,F0464,11/2019,EDUC'ART,Henda Sahnoun
C0251,F0465,11/2019,AZÄ,Oussama Gmati
C0252,F0466,11/2019,Anavid,Ahmed Chaari
C0253,F0467,11/2019,DrillSERV,Ahmed Aouiti
C0254,F0468,11/2019,SOLIXY,Haythem Khalifa
C0255,F0469,11/2019,SAMM TEST & AUTOMATION,Mohamed Anane
C0256,F0470,11/2019,Baity tn Decoriz SARL,Saber Gharsellaoui
C0257,F0471,11/2019,PROSUMERS,Haythem Zouari
C0258,F0472,11/2019,7keema,Amr Bakr
C0259,F0473,11/2019,Salaire.tn,Fédi Belkacem
C0260,F0474,11/2019,VDOC,Aymen Saadani
C0261,F0475,11/2019,Lamma,Hamza Guesmi
C0262,F0476,11/2019,INNOFAB,Nadim Kharraz
C0263,F0477,11/2019,NovaTEK Solution,Safa Bouhajar
C0264,F0478,11/2019,Miral Things,Anouer Kebir
C0265,F0479,11/2019,Shadoc (société Sirat Edition spin off de Sirat),Amel Torkhani
C0266,F0480,11/2019,Exacctly,Noureddine Loukil
C0267,F0481,11/2019,Domoticaza,Mohamed Zammel
C0268,F0027,11/2019,Supermarché Founa,Karim Skik
C0269,F0482,11/2019,B4 PRINT,Mohamed Sami Adouani
C0270,F0483,11/2019,BS partage,Boutheina Hamdi
C0271,F0484,11/2019,Oxygen Design,Anas Ben Amar
C0272,F0485,11/2019,OneCom,Firas Yahyaoui
C0273,F0486,11/2019,Motion Ads,Faouzi Zorgati
C0274,F0487,11/2019,Kot BJ,Walid Haouari
C0275,F0488,11/2019,Ifortic,Nizar Jeridi
C0276,F0489,11/2019,NO CUT,Ahmed Ben Boubaker
C0277,F0490,11/2019,eDallel,Mehdi Braiek
C0278,F0491,11/2019,School Upgrader,Khalil Zineb
C0279,F0492,11/2019,PENTAPIX,Khaled Khelifi
C0280,F0493,11/2019,Fonderz,Nidhal Meghirbi
C0281,F0494,11/2019,HS Gaming,Hamdi Ben Ammar
,F0319,11/2019,Eat & Fit,Skander Ben Sassi
,F0258,11/2019,Minima.ai,Houssem eddine Mrad
C0282,F0148,11/2019,PROFILTHEQUE,Anis Maghar
C0282,F0149,11/2019,PROFILTHEQUE,Imen Maghar
,F0432,11/2019,Rhintos Games,Ayoub Ben Thabet
,F0433,11/2019,Rhintos Games,Ahmed Chlagou
,F0434,11/2019,Rhintos Games,Hishem Zarrad
C0283,F0150,11/2019,GO UP STAND UP,Hazem Guent
C0283,F0151,11/2019,GO UP STAND UP,Yassine Dimassi
,F0371,11/2019,Athena-IO,Safwen Bouali
,F0372,11/2019,Athena-IO,Cherif Redissi
,F0373,11/2019,Athena-IO,Amine Troudi
C0284,F0495,12/2019,CYNOIA,Skander Essid
C0284,F0496,12/2019,CYNOIA,Ayoub Rebeh
C0284,F0497,12/2019,CYNOIA,Nasreddine Riahi
C0285,F0498,12/2019,Société Jhimi Pour Les Elévateurs Légers,Houcine Jhimi
C0285,F0499,12/2019,Société Jhimi Pour Les Elévateurs Légers,Ali Jhimi
C0286,F0500,12/2019,Grabingo,Mohamed Khalloufi
C0287,F0501,12/2019,Logis Technologies,Riadh Ellouze
C0288,F0502,12/2019,K2LIS,Tarek Kammoun
C0288,F0503,12/2019,K2LIS,Farouk Kamoun
C0288,F0504,12/2019,K2LIS,Mohamed Ben Laroussi Limame
C0289,F0505,12/2019,STRIKE MOTOTRS,Mohamed Ben Mahmoud
C0290,F0506,12/2019,KHEER,Chaker Lafi
C0290,F0468,12/2019,KHEER,Haythem Khalifa
C0290,F0507,12/2019,KHEER,Salem Khalifa
C0290,F0508,12/2019,KHEER,Bechir Yahya
C0291,F0509,12/2019,Tap4glam,Maya Touati
C0292,F0510,12/2019,Ahmini,Meher Khelifi
C0293,F0511,12/2019,Chantier,Moufid Ben Hmida
C0293,F0512,12/2019,Chantier,Shady Achouri
C0294,F0513,12/2019,Club privilèges / BIGDeal,Issam Essefi
C0294,F0514,12/2019,Club privilèges / BIGDeal,Imededdine Essefi
C0294,F0515,12/2019,Club privilèges / BIGDeal,Iheb Beji
C0295,F0516,12/2019,Iowaves,Amine Rahmouni
,F0517,12/2019,Beego,Amine Sammary
C0296,F0518,12/2019,AfiaTech,Leith Glissa
C0297,F0519,12/2019,MICE,Nasreddine Somaali
C0297,F0520,12/2019,MICE,Marwa Khmissi
C0298,F0521,12/2019,Fasteas,Kais Ben Ayed
C0298,F0522,12/2019,Fasteas,Meriem ElMay
C0299,F0523,12/2019,New Wave for communication & solutions,Naoufel Elarayedh
C0299,F0524,12/2019,New Wave for communication & solutions,Wael Dhouib
C0300,F0525,12/2019,ALMOURAFEK,Imen Khanfir Kallel
C0300,F0526,12/2019,ALMOURAFEK,Sonda Ammar Bouhamed
C0301,F0527,12/2019,Bouita,Amir Matallaoui
C0301,F0528,12/2019,Bouita,Nadjib Mammeri
C0302,F0529,12/2019,Raheeq,Hamza Nechi
C0303,F0530,12/2019,Pepolls,Jihed Rahmouni
C0303,F0531,12/2019,Pepolls,Jihen Rahmouni
C0303,F0250,12/2019,Pepolls,Omar Bouattay
C0304,F0532,12/2019,AUDACITY,Mohamed Amine Ouichka
C0305,F0533,12/2019,SOCIETE ARDARY PARTNERS TUNISIA,Selim Snoussi
C0305,F0534,12/2019,SOCIETE ARDARY PARTNERS TUNISIA,Radhi Khaled Bouloussa
C0306,F0535,12/2019,PROSERVY,Ahmed Dridi
,F0109,12/2019,Supply Air,Hatem Lefi
,F0108,12/2019,Supply Air,Aymen Tleilia
C0307,F0536,12/2019,ALFA PRINT,Abdelkarim Feddal
C0308,F0537,12/2019,Tun E-shop,Achref Riahi
C0309,F0538,12/2019,GPS-Infos,Mohamed Amine Boubakeri
C0310,F0539,12/2019,Dyarna,Slim Ben Salah
C0310,F0540,12/2019,Dyarna,Ekram Mzoughi
C0311,F0541,12/2019,OFFBEAT MEDIA,Tejeddine Mta'allah
C0312,F0542,12/2019,OXN,Chamseddine Amaimia
C0312,F0543,12/2019,OXN,Syrine Zitouni
C0312,F0544,12/2019,OXN,Selim Lakhdhar
C0313,F0545,12/2019,StarTAW,Dhafer Ben Amor
C0313,F0546,12/2019,StarTAW,Fares Ben Amor
C0313,F0547,12/2019,StarTAW,Nidhal Ben Amor
C0314,F0260,12/2019,Advanced Functionalities For Smart Home - Kwiklink Technologies,Lotfi Aguerbaoui
C0315,F0152,12/2019,Transfacile - Techno GM,Oussema Marai
C0315,F0153,12/2019,Transfacile - Techno GM,Ghada Chelly
,F0156,12/2019,Bookingtodo,Aziz Annabi
,F0201,12/2019,VME Internationale,Foued Ben Babis
,F0548,12/2019,VME Internationale,Montassar Gharssa
C0316,F0366,12/2019,Kamioun - Kriga Technologies,Fares Belghith
C0316,F0549,12/2019,Kamioun - Kriga Technologies,Abdelrahmen Ghariani
,F0550,12/2019,WareCom,Hamza Said
,F0436,12/2019,WareCom,Nour Abbous
,F0437,12/2019,WareCom,Ali Saidi
,F0551,12/2019,Foodealz,Rim Elfahem
,F0552,12/2019,Foodealz,Iskander ELameri
,F0553,12/2019,X-P-R,Mohamed Aziz Chahed
,F0323,12/2019,X-P-R,Mohamed Itheb Ben Abbes
,F0324,12/2019,X-P-R,Oussama Ouda
,F0325,12/2019,X-P-R,Mohamed Chebbi
,F0205,12/2019,Natalista,Rim Besbes
,F0554,12/2019,Kyto-Prod,Olfa Kilani Feki
C0317,F0555,01/2020,Optimalogistic,Maher Chakroun
C0318,F0556,01/2020,Next Gen Solution / UnFrauded,Taha Cabani
C0319,F0557,01/2020,Digital2Value,Foued Manaa
C0320,F0558,01/2020,Junior Robotics Lab,Sami Turki
C0321,F0559,01/2020,STE ESKY PROFESSIONAL SERVICES LIMITED,Kais Khadhraoui
C0322,F0560,01/2020,Sentinel Data,Walid Mnif
C0323,F0561,01/2020,DCX,Mohamed Ali Midani
C0324,F0562,01/2020,KALYS,Sonia Hachicha
C0325,F0563,01/2020,Paygrant,Khalil Manai
C0326,F0564,01/2020,AbrarCom Analytics,Houssem Nouri
C0327,F0565,01/2020,Prefabulous,Malik Nouira
C0328,F0566,01/2020,Societe Tunisian Online Teachers,Rania Khelil
C0329,F0567,01/2020,SQOIN,Bacem Bergaoui
C0330,F0568,01/2020,GLOLIX TUNISIA,Mourad Othmane
C0331,F0569,01/2020,La relation client à l'ère du digital,Mohamed Achref Gabsi
C0332,F0570,01/2020,Support de coupe a couvercle automatique,Makrem Gharbi
C0333,F0571,01/2020,IJA SOLUTION,Hatem Drira
C0334,F0572,01/2020,QUERMES,Karim Sellami
C0335,F0573,01/2020,Doqtoor,Mohamed Ben Hmida
C0336,F0574,01/2020,Sun Tracker,Mohamed Achref Ben Sghaier
C0337,F0575,01/2020,DaryDar,Taha Khaled
C0338,F0576,01/2020,Zcare,Haythem Zouaoui
C0339,F0577,01/2020,Examido,Hajer ELhedi
C0340,F0578,01/2020,Consulti,Alaeddine Jalel
C0341,F0579,01/2020,DRYSEK,Amjed Teraa
C0342,F0580,01/2020,CRATOSUSA,Omar Ouertani
,F0581,01/2020,Doctor Sina,Laroussi Ben Younes
C0343,F0582,01/2020,Baccouche Orthopedic Center,Salah Meziou
C0344,F0583,01/2020,Zemnistore,Amira Ben Mim
C0345,F0584,01/2020,Tunisian Cloud,Bassem Lamouchi
C0346,F0585,01/2020,SKYTEK,Walid Zniti
C0347,F0586,01/2020,DSS COMPANY,Manel Snoussi
C0348,F0587,01/2020,AddInn Tunisie,Aymen Znaidi
C0349,F0588,01/2020,FUZBUS,Zied Houfi
C0350,F0589,01/2020,Easy Touch Solutions (ETS),Meher Attiaoui
C0351,F0590,01/2020,Chèques Instantanés,Anis Khayat
C0352,F0591,01/2020,Papelstore,Mohamed Ayadi
C0353,F0592,01/2020,Carbon2Heat,Jeau-Paul Grossenbacher
,F0593,01/2020,VDOC,Mohamed Aymen Saadani
,F0328,01/2020,Oleomar Start-up Projet,Sami Guetari
,F0329,01/2020,Oleomar Start-up Projet,Nadia Bouslimi Guetari
C0354,F0330,01/2020,Universal Technology of infinite keys,Makrem Dhifalli
C0354,F0331,01/2020,Universal Technology of infinite keys,Aymen Gatri
C0354,F0332,01/2020,Universal Technology of infinite keys,Mounir Bezzarga
,F0368,01/2020,Tuni'AR,Abdelhamid Boukhari
,F0594,01/2020,Tuni'AR,Sarra Kalfet
,F0370,01/2020,Tuni'AR,Mohamed Karim Sakrani
C0355,F0595,02/2020,Katomi,Hedi Michau
C0355,F0596,02/2020,Katomi,Firas Mezghani
C0356,F0597,02/2020,Société Saghroun.com,Ayet Elmouna Chemli
C0357,F0598,02/2020,BSmart SARL,Walid Ammar
C0357,F0599,02/2020,BSmart SARL,Ahmed Fessi
C0358,F0600,02/2020,Youth Hub,Achref Mattar
C0358,F0601,02/2020,Youth Hub,Salsabil Thabti
C0359,F0602,02/2020,WaterSpirit,Mehdi Bhouri
C0359,F0603,02/2020,WaterSpirit,Olfa Bousselmi
C0359,F0604,02/2020,WaterSpirit,Chaima Belhajamor
C0359,F0605,02/2020,WaterSpirit,Amir Ben Hajhassine
C0360,F0606,02/2020,RENTAL RIDE,Mourad Hammami
C0361,F0607,02/2020,OXAHOST,Tarek Nakbi
C0362,F0608,02/2020,QualiFour,Mohamed Kaddech
C0362,F0609,02/2020,QualiFour,Mehdi Boudhraa
C0363,F0610,02/2020,Edutest,Saeed Zarrouk
C0363,F0611,02/2020,Edutest,Imen Yahyaoui
C0364,F0612,02/2020,Xtendplex,Ahmed Cheriha
C0364,F0613,02/2020,Xtendplex,Ahmed Ben Hamouda
C0365,F0614,02/2020,Kyufi,Tarek Talbi
C0366,F0615,02/2020,Sportopia,Houssem Sellami
C0366,F0616,02/2020,Sportopia,Oussema Noureddine Metoui
C0367,F0617,02/2020,Accent,Mourad Masmoudi
C0367,F0618,02/2020,Accent,Malek Aloulou
C0367,F0619,02/2020,Accent,Moez Affes
C0368,F0620,02/2020,Allô Réparateur,Aymen Bouchoucha
C0368,F0621,02/2020,Allô Réparateur,Mohamed Said Elbehi
C0369,F0622,02/2020,Class Quiz,Sabrine Ibrahim
C0369,F0623,02/2020,Class Quiz,Achref Dawahi
C0369,F0624,02/2020,Class Quiz,Omar Trabelsi
C0370,F0625,02/2020,autoecoleplus,Mohamed Amine Jendoubi
C0370,F0626,02/2020,autoecoleplus,Ahmed Nemlaghi
C0371,F0627,02/2020,SECURAS,Mohamed Amine Guettat
C0372,F0628,02/2020,Kaco.,Mohamed Ali Salmi
C0372,F0629,02/2020,Kaco.,Hela Agrebi
C0372,F0630,02/2020,Kaco.,Anas Zouabi
C0373,F0631,02/2020,Smart House Tunisia,Achref Chouchene
C0373,F0632,02/2020,Smart House Tunisia,Yasmine Ben Ameur
C0373,F0633,02/2020,Smart House Tunisia,Seif Souilem
C0373,F0634,02/2020,Smart House Tunisia,Siwar Boufares
C0374,F0635,02/2020,Co-Solar,Mahmoud Hammami
C0374,F0636,02/2020,Co-Solar,Yassine Boutabba
C0375,F0637,02/2020,Tynass,Karim Hermi
C0375,F0638,02/2020,Tynass,Sami Ben Chaalia
C0375,F0639,02/2020,Tynass,Khalil Ben Ali
C0376,F0640,02/2020,Rent a tutor,Abdeljalil Ghattas
C0377,F0641,02/2020,Quantylix Risk & Data,Moez Hammami
C0377,F0642,02/2020,Quantylix Risk & Data,Hamza Amiri
C0377,F0643,02/2020,Quantylix Risk & Data,Mohamed Bessa
C0378,F0644,02/2020,Heptatronics,Issam Trabelsi
C0379,F0645,02/2020,freeoui,Amine Ennouri
C0379,F0646,02/2020,freeoui,Moez Beddi
C0380,F0647,02/2020,Eklectic,Anis Abidi
C0381,F0648,02/2020,Société Tunipages,Hafidha Grissa
C0381,F0649,02/2020,Société Tunipages,Raouf Fathallah
C0382,F0650,02/2020,FormaClick,Olfa Benchaabane
C0382,F0651,02/2020,FormaClick,Chedia Benchaabane
C0383,F0652,02/2020,Marhbebik.com,Sabri Fehri
C0384,F0653,02/2020,RASCALTOU !,Raouf Medimagh
C0384,F0654,02/2020,RASCALTOU !,Karim Medimagh
C0384,F0655,02/2020,RASCALTOU !,Haifa Elkamel
C0385,F0656,02/2020,Tunisia Biotech,Oualid Sebai
C0386,F0657,02/2020,Coinsence,Karim Chabrak
C0387,F0658,02/2020,Support de coupe à couvercle automatique,Markrem Gharbi
,F0440,02/2020,IDWEY,Khouloud Kaabi
,F0441,02/2020,IDWEY,Meriem Amamou
,F0442,02/2020,IDWEY,Borhen Mansouri Khmaiess
,F0443,02/2020,IDWEY,Ahmed
C0388,F0477,02/2020,NovaTEK Solutions,Safa Bouhajar
C0388,F0659,02/2020,NovaTEK Solutions,Karim Boughanmi
C0388,F0660,02/2020,NovaTEK Solutions,Ilyes Karma
C0389,F0661,02/2020,Shadoc,Amal Torkhani
C0389,F0662,02/2020,Shadoc,Amal Selami
C0389,F0663,02/2020,Shadoc,Zakaria Karim Mekni
,F0476,02/2020,INNOFAB,Nadim Kharraz
,F0572,02/2020,QUERMES,Karim Sellami
,F0664,02/2020,QUERMES,Faiz Baccour
,F0578,02/2020,Consulti,Alaeddine Jalel
C0390,F0375,02/2020,Gofields (Sportfields),Youssef Cherif
C0386,F0657,02/2020,Coinsence,Karim Chabrak
C0391,F0665,03/2020,I POMM,Aymen Karoui
C0391,F0666,03/2020,I POMM,Saber Bellaj
C0391,F0667,03/2020,I POMM,Iyed Benhassen
C0392,F0668,03/2020,NATULYN,Ouanes Taha Boumiza
C0392,F0669,03/2020,NATULYN,Sirine Kallel
C0393,F0670,03/2020,She Shares,Kaouther Mouelhi
C0393,F0671,03/2020,She Shares,Hamza Arfaoui
C0394,F0672,03/2020,Auto-plus,Amine Mliki
C0395,F0673,03/2020,Makroudh Kairouan à Domicile,Mohamed Wajih Allani
C0396,F0674,03/2020,DigiConstat,Jaafar Nasri
C0396,F0675,03/2020,DigiConstat,Anis Nasraoui
C0397,F0676,03/2020,Save Your Wardrobe,Mehdi Doghri
C0397,F0677,03/2020,Save Your Wardrobe,Hasna Kourda
C0398,F0678,03/2020,Go Online Africa,Emna Makni
C0398,F0679,03/2020,Go Online Africa,Salma Amor
C0399,F0680,03/2020,3S : Software and Security Solutions,Abdelbari Ben Yagouta
C0399,F0681,03/2020,3S : Software and Security Solutions,Wrida Ben Yaghouta
C0400,F0682,03/2020,GATE INDUSTRIELLE,Mohamed Sahlaoui
C0401,F0683,03/2020,Rayhane,Nesrine Tekitek
C0401,F0684,03/2020,Rayhane,Nidhal Tekitek
C0402,F0099,03/2020,Tunisie Co / Resa Privee,Khaled Aouij
C0402,F0685,03/2020,Tunisie Co / Resa Privee,Abir Fares
C0403,F0686,03/2020,TOLEDO,Lotfi Ben Mosbah
C0403,F0687,03/2020,TOLEDO,Aziz Ben Mosbah
C0403,F0688,03/2020,TOLEDO,Zied Chaabane
C0403,F0689,03/2020,TOLEDO,Haifa Fodha
C0404,F0690,03/2020,CHMISA,Bechir Taboubi
C0405,F0691,03/2020,KLAY,Mohamed Hedi Ben Hamed
C0405,F0692,03/2020,KLAY,Moez Aousji
C0406,F0693,03/2020,FACTOORYA,Amine Rekhiss
C0406,F0694,03/2020,FACTOORYA,Yassine Khlass
C0406,F0695,03/2020,FACTOORYA,Mohamed Seifeddine Bouarada
C0407,F0696,03/2020,KWIN.,Houssem Sahli
C0407,F0697,03/2020,KWIN.,Sonia Othman
C0408,F0698,03/2020,Finispia,Alaa Guidara
C0408,F0123,03/2020,Finispia,Mohamed Kallel
C0409,F0699,03/2020,Travaris,Youssef Said Berklay Alkisel
C0409,F0700,03/2020,Travaris,Ahmed Abdarrahman
C0410,F0701,03/2020,Barbecha,Ines Soyah
C0410,F0702,03/2020,Barbecha,Zeineb Bouassida
C0410,F0703,03/2020,Barbecha,Chiheb Karoui
C0411,F0704,03/2020,Dentic,Hakim Yahyaoui
C0412,F0656,03/2020,Tunisiabiotech,Oualid Sebai
C0413,F0705,03/2020,Welyne,Mohamed Ben Arfa
C0414,F0706,03/2020,Univers VR,Aymen Hammami
C0414,F0707,03/2020,Univers VR,Abir Ben Achour
C0415,F0708,03/2020,ebniecolo,Mehdi Dellagi
C0415,F0709,03/2020,ebniecolo,Dorra Ismail
C0415,F0710,03/2020,ebniecolo,Mehdi Zorgati
C0416,F0711,03/2020,MY DEV CONSULTING DU CAP BON,Becem Jebali
C0416,F0712,03/2020,MY DEV CONSULTING DU CAP BON,Youssef Omrani
C0417,F0713,03/2020,CITIUS,Riadh Felhi
C0417,F0714,03/2020,CITIUS,Emna Hamdi
C0418,F0715,03/2020,All o khadmet,Amine Hammi
C0419,F0716,03/2020,Analyse numérique des donnes (AMCI),Abdelhamid Ben Rabah
C0420,F0717,03/2020,The BoxOffice,Seifeddine Trabelsi
C0420,F0718,03/2020,The BoxOffice,Meriem Lejmi
C0421,F0719,03/2020,Khadamni,Selim Thmouni
C0421,F0720,03/2020,Khadamni,Selim Mraidi
C0421,F0721,03/2020,Khadamni,Atef Sedraoui
C0421,F0722,03/2020,Khadamni,Molka Kouraychi
C0422,F0723,03/2020,Soldy,Manel Salhi
C0422,F0724,03/2020,Soldy,Mokhles Souissi
C0422,F0725,03/2020,Soldy,Manel Alayet
C0423,F0726,03/2020,COSTUN,Ahmed Melki
C0423,F0727,03/2020,COSTUN,Houssem Ben Ghozzi
C0423,F0728,03/2020,COSTUN,Hamdi Marrouchi
C0424,F0729,03/2020,Start Smart Studio,Yassine Ben Mansour
C0425,F0730,03/2020,Compass IT,Hadhemi Ragoubi
C0425,F0731,03/2020,Compass IT,Foudhaili Ragoubi
C0426,F0732,03/2020,Campus Numérique des métiers,Fethi Zoghlami
,F0733,03/2020,ZOLFA,Adel Jridi
C0427,F0569,03/2020,Go My Biz,Mohamed Achref Gabsi
C0427,F0734,03/2020,Go My Biz,Mehdi Touati
C0427,F0735,03/2020,Go My Biz,Yassine Touati
C0427,F0736,03/2020,Go My Biz,Sofiane Jait
C0428,F0628,03/2020,Kayco.,Mohamed Ali Salmi
C0428,F0629,03/2020,Kayco.,Hela Agrebi
C0428,F0630,03/2020,Kayco.,Anas Zouabi
,F0519,03/2020,MICE,Nasreddine Somaali
,F0737,03/2020,MICE,Marwa Khnissi
C0429,F0738,04/2020,Viventis,Mehdi Bouzouita
C0429,F0739,04/2020,Viventis,Hamed Baltagi
C0429,F0740,04/2020,Viventis,Chema Zoghlami
C0429,F0741,04/2020,Viventis,Hela Kamoun
C0429,F0742,04/2020,Viventis,Firas Hammami
,F0743,04/2020,Zatex,Mohamed Maalej
,F0744,04/2020,Zatex,Faten Maalej
,F0745,04/2020,Zatex,Houssem Amara
C0430,F0746,04/2020,Insurise,Hamdi Boujneh
C0430,F0747,04/2020,Insurise,Hedi Harzallah
C0431,F0748,04/2020,LORE AND HEART,Salma Ben Hamida
C0431,F0749,04/2020,LORE AND HEART,Cyrine Ben Hamida
C0432,F0750,04/2020,SLAMA DATTES,Abdelkader Slama
C0433,F0751,04/2020,Arion,Ahmed Gharbi
C0434,F0752,04/2020,BipEvents,Karim Harmouni
C0434,F0753,04/2020,BipEvents,Sarah Arbi
C0434,F0754,04/2020,BipEvents,Amen Ben Mlouka
C0435,F0755,04/2020,Lysi,Aziza Inoubli
C0435,F0756,04/2020,Lysi,Ali Bouslimi
C0436,F0757,04/2020,wireless services,Majdouline Mansour
C0436,F0758,04/2020,wireless services,Majed Jabri
C0436,F0759,04/2020,wireless services,Sahbi Mansour
C0437,F0760,04/2020,Ernest,Fayçal Derouiche
C0438,F0761,04/2020,Ahkili,Lamia Chouk
C0438,F0762,04/2020,Ahkili,Ghaith Souissi
C0439,F0763,04/2020,Carwell,Hakim Njim
C0439,F0764,04/2020,Carwell,Omar Zouari
C0439,F0765,04/2020,Carwell,Hakim Loukil
C0440,F0061,04/2020,MAZED,Bilel Methnani
C0440,F0766,04/2020,MAZED,Mohamed Aymen Jomaa
C0440,F0767,04/2020,MAZED,Yassine Zrigue
C0441,F0768,04/2020,Khalta,Molka Ayadi
C0441,F0769,04/2020,Khalta,Imen Farah
C0442,F0770,04/2020,Split,Ezzedine Cherif
C0442,F0771,04/2020,Split,Alaeddine Jrad
C0442,F0772,04/2020,Split,Adam Abdelmoula
C0443,F0773,04/2020,Food4Future,Insaf Ayari
,F0382,04/2020,Think-it,Mehemed Bougsea
,F0774,04/2020,Think-it,Josha Raue
C0444,F0775,04/2020,RoboCare,Imen Hbiri
C0444,F0776,04/2020,RoboCare,Abdelaziz Kallel
C0445,F0777,04/2020,FI THNITI,Zied Said
C0445,F0778,04/2020,FI THNITI,Zeineb Ben Salah
C0445,F0779,04/2020,FI THNITI,Bilel Said
C0445,F0780,04/2020,FI THNITI,Mohamed Chaabane
C0446,F0781,04/2020,Tchou-Tchou Your school bus tracking App,Narjess Ben Slimane
C0446,F0782,04/2020,Tchou-Tchou Your school bus tracking App,Mohamed Ali Belajouza
C0446,F0567,04/2020,Tchou-Tchou Your school bus tracking App,Bacem Bergaoui
C0447,F0783,04/2020,FlowsMaster,Jamel Gasri
C0447,F0784,04/2020,FlowsMaster,Nesrine Ben Guirat
C0447,F0785,04/2020,FlowsMaster,Wajih Abidi
C0447,F0786,04/2020,FlowsMaster,Khaled Ben Younes
C0447,F0787,04/2020,FlowsMaster,Ahmed Mnasri
C0448,F0788,04/2020,akarat.tn,Ali Benzaied
C0449,F0789,04/2020,SMEK'S,Mohammed Ben Hammed
C0449,F0790,04/2020,SMEK'S,Sonia Laribi
C0450,F0791,04/2020,Khobzti,Marwen Khemiss
C0451,F0792,04/2020,SOFTIFI,Rabie Radhouan
C0451,F0793,04/2020,SOFTIFI,Idriss Ben Ali
C0451,F0794,04/2020,SOFTIFI,Adel Ben Merteh
C0452,F0795,04/2020,NeuroData,Yassine Hamdaoui
C0452,F0796,04/2020,NeuroData,Ahmed Abassi
C0453,F0797,04/2020,Ghazela Technology Academy,Anis Hachani
C0454,F0798,04/2020,FYMI,Habib Ben Debba
C0455,F0799,04/2020,Traitement des données structurées,Hamdi Karray
C0456,F0800,04/2020,The BIM Square,Safa Othmani
C0457,F0801,04/2020,Azedda,Anis Hasnaoui
C0457,F0802,04/2020,Azedda,Rihab Ghodbane
C0458,F0803,04/2020,Quicktext,Kheireddine Fredj
C0458,F0804,04/2020,Quicktext,Daniel Doppler
,F0732,04/2020,Campus Numérique des métiers,Fethi Zoghlami
C0459,F0805,04/2020,CheezWall,Aymen Aouadi
C0459,F0806,04/2020,CheezWall,Sondess Khedhiri
C0460,F0807,04/2020,Winrents,Houssem Fatnassi
C0460,F0808,04/2020,Winrents,Saif Eddine Kouti
C0460,F0809,04/2020,Winrents,Alaeddine Jedda
C0461,F0810,04/2020,Next,Montassar Elkamel
C0462,F0811,04/2020,Wondding,Khouloud Masmoudi
C0463,F0812,04/2020,Information anticipative,Sofiene Hadhri
C0464,F0813,04/2020,Explore Tunisia,Aymen Montacer
C0465,F0814,04/2020,AIDI : Académie Internationale pour le développement et l'innovation,Imen Selmi
C0466,F0815,04/2020,DRACOSS,Amen Allah Souli
C0466,F0816,04/2020,DRACOSS,Amira Mahdi
C0466,F0817,04/2020,DRACOSS,Amal Bououd
C0467,F0431,04/2020,Course Golf,Assil Talmoudi
,F0818,04/2020,Domoticaza,Mohamed Zouhaier Zammel
,F0819,04/2020,Domoticaza,Youssef Barketi
,F0478,04/2020,Miral Things,Anouer Kebir
,F0820,04/2020,Miral Things,Abdelrahman Ferchichi
C0468,F0024,04/2020,Symmetryk / No Statik Media,Khaled Frad
C0468,F0821,04/2020,Symmetryk / No Statik Media,Ramzi Frad
C0469,F0822,05/2020,Digitus Technologies,Walid Driss
C0470,F0823,05/2020,STARK,Mohamed Mzid
C0471,F0824,05/2020,NATDYES,Mohamed Farouk Mhenni
C0471,F0825,05/2020,NATDYES,Mohamed Ahmed Mhenni
C0471,F0826,05/2020,NATDYES,Amira Mhenni
C0472,F0827,05/2020,Carpet Plus,Mourad Elfelah
C0472,F0828,05/2020,Carpet Plus,Moncef Ben Rejeb
C0472,F0829,05/2020,Carpet Plus,Amani Abid
C0473,F0830,05/2020,Hand & Crafts,Asma Bayouli
C0473,F0831,05/2020,Hand & Crafts,Ameni Ben Hmida
C0474,F0832,05/2020,YASSIR,Haythem Cherif
C0474,F0833,05/2020,YASSIR,Noureddine Tayebi
C0475,F0834,05/2020,Wakahaw,Kais Ben Amar
C0475,F0835,05/2020,Wakahaw,Haythem Benna
C0475,F0836,05/2020,Wakahaw,Wajih Hajji
C0476,F0837,05/2020,Amiral,Amine Ben Abdallah
C0477,F0838,05/2020,Sprindt,Habib Wenish
C0477,F0839,05/2020,Sprindt,Ramzi Hamrouni
C0477,F0840,05/2020,Sprindt,Hedi Akrout
C0478,F0841,05/2020,Global World Transformer,Mohamed Amine Hamdi
C0479,F0842,05/2020,iSporit,Mohamed Hedi Achour
C0479,F0843,05/2020,iSporit,Yosr Naija
C0479,F0844,05/2020,iSporit,Yassine Achour
C0479,F0845,05/2020,iSporit,Karim Zehani
C0479,F0846,05/2020,iSporit,Mohamed Wassim Benzarti
C0480,F0847,05/2020,Evolutik,Maya Mathari
C0480,F0848,05/2020,Evolutik,Mourad Mathari
C0481,F0849,05/2020,El Food Lab,Nesrine Chemkhi
C0481,F0850,05/2020,El Food Lab,Mohamed Guinoubi
C0482,F0851,05/2020,Fouita,Abdelhay Najjar
C0483,F0852,05/2020,GrowApp,Wael Aouididi
C0484,F0853,05/2020,We-Settle,Wael Moula
C0484,F0854,05/2020,We-Settle,Naima Moula
C0485,F0855,05/2020,Conception et vente d'un système de télégestion d'énergie électrique,Sabri Mhimdi
C0485,F0856,05/2020,Conception et vente d'un système de télégestion d'énergie électrique,Henda Zribi
C0486,F0857,05/2020,IOT Medical Technology,Jamel Hattay
C0486,F0858,05/2020,IOT Medical Technology,Samir Belaid
C0486,F0859,05/2020,IOT Medical Technology,Mohsen Machhout
C0487,F0360,05/2020,Omniup Tunisie,Karim Jelliti
C0487,F0513,05/2020,Omniup Tunisie,Issam Essefi
C0487,F0860,05/2020,Omniup Tunisie,Ali Sakka
C0488,F0861,05/2020,LE PORTAIL DES LANGUES,Sahbi Agrebi
C0489,F0862,05/2020,Société Polyouate,Arslene Rouatbi
C0489,F0863,05/2020,Société Polyouate,Ridha Rouatbi
C0490,F0864,05/2020,GARK,Haythem Besghaier
C0490,F0865,05/2020,GARK,Khaled Guedria
C0491,F0866,05/2020,GASPYCH,Mansour Mechmech
C0491,F0867,05/2020,GASPYCH,Hend Kefi
C0492,F0868,05/2020,EMNA HUSSEIN,Emna Hussein
C0493,F0869,05/2020,Doctorka,Racem Smaouo
C0493,F0870,05/2020,Doctorka,Aymen Ben Amor
C0493,F0871,05/2020,Doctorka,Walid Ben Djemaa
C0494,F0872,05/2020,Renini,Abdelaziz Ben Chaabane
C0495,F0873,05/2020,Société Datasphera,Noureddine Louki
C0495,F0874,05/2020,Société Datasphera,Achref Kechaou
C0496,F0875,05/2020,Innov'Edition,Fedi Belkacem
C0496,F0876,05/2020,Innov'Edition,Cyrine Bouaziz
C0497,F0877,05/2020,Smek's Invest,Mohamed Ben Hammed
C0497,F0790,05/2020,Smek's Invest,Sonia Laribi
C0498,F0475,05/2020,Lamma City App,Hamza Guesmi
C0498,F0878,05/2020,Lamma City App,Reda Mansouri
C0499,F0642,05/2020,Quantilyx R&D,Hamza Amiri
C0499,F0641,05/2020,Quantilyx R&D,Moez Hammami
C0499,F0643,05/2020,Quantilyx R&D,Mohamed Bessa
,F0879,05/2020,TechAbility,Dorra Kamoun
,F0065,05/2020,TechAbility,Oussama Romdhane
C0500,F0880,06/2020,FBS COMPANY,Fatma Ben Soltane
C0501,F0881,06/2020,ADIOM,Wael Kanzari
C0502,F0882,06/2020,Odacel,Mohamed Salah Karouia
C0502,F0883,06/2020,Odacel,Abdeljalil Karouia
C0502,F0884,06/2020,Odacel,Slim Ouichtati
C0502,F0885,06/2020,Odacel,Mourad Karouia
C0502,F0886,06/2020,Odacel,Mohamed Selim Bessi
C0503,F0887,06/2020,Firnas Engineering,Nidhal Ayari
C0503,F0888,06/2020,Firnas Engineering,Marwa Sboui
C0503,F0889,06/2020,Firnas Engineering,Mahmoud Ayari
C0504,F0890,06/2020,CLEDISS,Ahmed Salah
C0504,F0891,06/2020,CLEDISS,Soumaya Dridi
C0505,F0892,06/2020,Lemarché.tn,Zied Gharsallah
C0506,F0893,06/2020,Société NSIJA,Hassine Labaied
C0506,F0894,06/2020,Société NSIJA,Malek Hamza
C0506,F0895,06/2020,Société NSIJA,Nedhir Jemmali
C0507,F0896,06/2020,La Ferme Urbaine,Skander Kacem
C0508,F0897,06/2020,Eventizer,Jamoussi Ahmed
C0508,F0898,06/2020,Eventizer,Jihed Bouguerra
C0508,F0899,06/2020,Eventizer,Yassine Abbes
C0508,F0900,06/2020,Eventizer,Oussema Samet
C0509,F0901,06/2020,Kyteb,Haithem Kchaou
C0509,F0902,06/2020,Kyteb,Chehir Dhawedi
C0510,F0903,06/2020,Pura solutions,Jaweher Chatbri
C0510,F0904,06/2020,Pura solutions,Youssef Gaaliche
C0510,F0905,06/2020,Pura solutions,Ahmed Mrabet
,F0906,06/2020,School Upgrader,Khalil Ben Zineb
,F0907,06/2020,School Upgrader,Oussama Ben Zineb
C0511,F0908,06/2020,StreetCarHub,Walid M'sallem
C0511,F0909,06/2020,StreetCarHub,Ghazi Mensi
C0512,F0910,06/2020,Machrou3i Fi Bledi,Marouen Hadhri
C0512,F0911,06/2020,Machrou3i Fi Bledi,Khelifa Hadhri
C0513,F0912,06/2020,Docodify Technologies,Mohamed Ali Kharraf
C0514,F0913,06/2020,iMMOTECH,Cyrine Ben Ayed
C0514,F0914,06/2020,iMMOTECH,Mohamed Raafet Limam
C0515,F0915,06/2020,Tela,Chaima Chaouachi
C0516,F0916,06/2020,Web2Advisor,Imed Zhir
C0517,F0917,06/2020,Limaalem,Rafik Al Falah
C0518,F0918,06/2020,TDR,Ahdi Hidri
C0518,F0919,06/2020,TDR,Saifeddine Jabbes
C0518,F0920,06/2020,TDR,Youssef Chatti
C0519,F0921,06/2020,Plateforme de recouvrement intelligente: recouv.tn,Yassine Jemal
C0520,F0922,06/2020,Connect Talents,Sahbi Agerbi
C0521,F0923,06/2020,SwalApp,Mohamed Aloui
C0521,F0924,06/2020,SwalApp,Rami Jegham
C0521,F0925,06/2020,SwalApp,Aziz Kamarti
C0522,F0926,06/2020,Azaward,Akermi Abdekhalek
C0522,F0927,06/2020,Azaward,Mohamed Akermi
C0522,F0928,06/2020,Azaward,Tarek Saidi
C0523,F0929,06/2020,branper,Saïd Ben Jlili
C0523,F0930,06/2020,branper,Hamza Ben Jannet
C0524,F0931,06/2020,Carthachain,Mohamad Mouihbi
C0524,F0932,06/2020,Carthachain,Mahmoud Jebri
C0525,F0527,06/2020,ORANGURU TECHDESIGN,Amir Matallaoui
C0525,F0528,06/2020,ORANGURU TECHDESIGN,Nadjib Mammeri
C0526,F0573,06/2020,M eSANTE PLUS,Mohamed Ben Hmida
C0526,F0933,06/2020,M eSANTE PLUS,Ahmed Abida
C0527,F0620,06/2020,INERTIA,Aymen Bouchoucha
C0527,F0934,06/2020,INERTIA,Mohamed Saïd El Behi
C0528,F0571,06/2020,IJA-SOLUTIONS,Hatem Drira
C0529,F0935,07/2020,Bouquiniste.tn,Youssef Bayouli
C0529,F0936,07/2020,Bouquiniste.tn,Rayen Manaa
C0530,F0937,07/2020,Klink,Sherazade Amous
C0530,F0938,07/2020,Klink,Sendy Zardi
C0530,F0939,07/2020,Klink,Hichem Zidi
C0530,F0940,07/2020,Klink,Zied Hagu
C0531,F0941,07/2020,CrocoCoder,Abderrahmen Masmoudi
C0531,F0942,07/2020,CrocoCoder,Zied Feki
C0532,F0943,07/2020,floraison natural beauty,Khawla Chedly
C0533,F0098,07/2020,Kiwi Stock Light,Ali Bouslama
C0534,F0944,07/2020,Access Aligner,Hind Ben Salem
C0534,F0945,07/2020,Access Aligner,Wassim Toukaibri
C0534,F0946,07/2020,Access Aligner,Sofiane Gritli
C0535,F0947,07/2020,ROBOGRAF,Ismail Benmiled
C0536,F0948,07/2020,فرید حول العالم,Mohamed Amine Belkhahla
C0536,F0949,07/2020,فرید حول العالم,Mohamed Nahbi
C0536,F0950,07/2020,فرید حول العالم,Mouadh Mkadmi
C0537,F0951,07/2020,DATASCAI,Mohamed Karim Bouziz
C0538,F0952,07/2020,Amonak,Jean Philippe Kokora
C0538,F0953,07/2020,Amonak,Joseph Adai
C0539,F0954,07/2020,IotBlocks,Ghnichi Mohamed
C0539,F0955,07/2020,IotBlocks,Oussama Triki
C0540,F0956,07/2020,ell and beyond Tunisie,Aymen Ellouze
C0541,F0090,07/2020,Meditech,Ferid Kamel
C0542,F0957,07/2020,BioAgrilhelpers (BAH),Syrine Baghdadi
C0542,F0958,07/2020,BioAgrilhelpers (BAH),Yosr Baghdadi
C0542,F0959,07/2020,BioAgrilhelpers (BAH),Mayssa Ghazel
C0543,F0960,07/2020,Wanawaa,Mohamed Ali Haddad
C0543,F0961,07/2020,Wanawaa,Mohamed Amine Gharbi
C0543,F0962,07/2020,Wanawaa,Sami Essid
C0544,F0963,07/2020,Le Comet,Tarek Mnaffakh
C0545,F0964,07/2020,10nar,Moncef Brick
C0546,F0965,07/2020,Home's Aroma,Raed Oueslati
C0546,F0966,07/2020,Home's Aroma,Khalil Oueslati
C0546,F0967,07/2020,Home's Aroma,Mouadh Tammah
C0547,F0968,07/2020,GuestnHouse,Mohamed Khedher
C0547,F0969,07/2020,GuestnHouse,Nadia Ben Hafiedh
C0547,F0970,07/2020,GuestnHouse,Taher Karmandi
C0548,F0971,07/2020,ACES,Mohamed Riadh Aissaoui
C0548,F0972,07/2020,ACES,Jihene Aissaoui
C0548,F0973,07/2020,ACES,Nesrine Aissaoui
C0549,F0974,07/2020,Ecomptable.tn,Amir Khadhri
C0549,F0975,07/2020,Ecomptable.tn,Ammar El Ferjani
C0549,F0976,07/2020,Ecomptable.tn,Ahmed Darbi
C0550,F0977,07/2020,Home School Tunisia,Abdelaziz Beldy
C0550,F0978,07/2020,Home School Tunisia,Alessandro Baccini
C0550,F0979,07/2020,Home School Tunisia,Kevin East
C0551,F0980,07/2020,Wiki Academy,Ons Ben Ounis
C0551,F0981,07/2020,Wiki Academy,Wassen Ben Ounis
C0552,F0982,07/2020,1wayFM,Ramzi Cherif
C0552,F0983,07/2020,1wayFM,Hamadi Maroufi
C0552,F0984,07/2020,1wayFM,Slim Ben Tarek
C0553,F0985,07/2020,Maniaro,Iheb Mansour
C0553,F0986,07/2020,Maniaro,Sonia Jebira
C0553,F0987,07/2020,Maniaro,Ramzi Nsibi
C0554,F0988,07/2020,Rankstop,Mohamed Ramzi Ben Youssef
C0554,F0989,07/2020,Rankstop,Zoubier Ben Salah
C0554,F0990,07/2020,Rankstop,Halima Tounsi
C0555,F0991,07/2020,Oryx Guide,Mohamed Abbes Dziri
C0555,F0992,07/2020,Oryx Guide,Zakaria Hattouni
C0555,F0993,07/2020,Oryx Guide,Chahbi Oussama
C0555,F0994,07/2020,Oryx Guide,Fares Dziri
C0555,F0995,07/2020,Oryx Guide,Nader Zouaoui
C0556,F0996,07/2020,BuildUp,Hamdi Belgacem
C0557,F0762,07/2020,Better Mood,Ghaith Souissi
C0557,F0997,07/2020,Better Mood,Mariem Mastouri
C0557,F0998,07/2020,Better Mood,Mohamed Chadli Ayachi
C0558,F0999,07/2020,Tastybox,Marwa Dhifallah
C0558,F1000,07/2020,Tastybox,Najet Brik
C0558,F1001,07/2020,Tastybox,Nidhal Chabchoubi
C0559,F1002,07/2020,UniBoard,Mejdi M'tir
C0559,F0154,07/2020,UniBoard,Marwen Badri
C0559,F0155,07/2020,UniBoard,Youssef El Behi
C0560,F1003,07/2020,Synapse,Mohamed Amine Boussarsar
C0560,F1004,07/2020,Synapse,Walid Kaabachi
C0561,F1005,07/2020,TIDY,Nabil Chaabane
C0561,F1006,07/2020,TIDY,Mohamed Nabi El Arbi
C0561,F1007,07/2020,TIDY,Bilel Ben Jmeaa
C0562,F1008,07/2020,ÖMyCamp,Mehdy Chebbah
C0562,F1009,07/2020,ÖMyCamp,Nadya Elouari
C0562,F1010,07/2020,ÖMyCamp,Selim Doukali
C0562,F1011,07/2020,ÖMyCamp,Mohamed Ali Atig
C0563,F1012,07/2020,econsulting,Imededdine Snoussi
C0536,F1013,07/2020,فرید حول العالم,Wissem Labbadi
C0536,F1014,07/2020,فرید حول العالم,Aymen Gabsni
C0564,F1015,07/2020,Artisup,Seif Eddine Saâdaoui
C0564,F1016,07/2020,Artisup,Mohamed Khlifi El Abed
C0564,F1017,07/2020,Artisup,Tarek Guermazi
C0565,F1018,07/2020,Expenditure,Iheb Akrimi
C0566,F1019,07/2020,APP4MOB BUSINESS SOLUTIONS,Khalil Ben Romdhane
C0567,F1020,07/2020,TAMWIL.TN,Nihed Ben Youssef
C0567,F1021,07/2020,TAMWIL.TN,Elmed Bensaoudi
C0567,F1022,07/2020,TAMWIL.TN,Ichrak Ben Youssef
,F1023,07/2020,ALMOURAFEK,Imène Khanfir Kallel
,F0526,07/2020,ALMOURAFEK,Sonda Ammar Bouhamed
,F0627,07/2020,SECURAS,Mohamed Amine Guettat
,F1024,07/2020,Examido,Hajer El Hedi
,F1025,07/2020,TOLEDO,Lotfi Benmosbah
,F1026,07/2020,TOLEDO,Aziz Benmosbah
,F0688,07/2020,TOLEDO,Zied Chaabane
,F0689,07/2020,TOLEDO,Haifa Fodha
,F0698,07/2020,Finispia,Alaa Guidara
,F0123,07/2020,Finispia,Mohamed Kallel
,F1027,07/2020,Amiral,Amin Ben Abdallah
,F0853,07/2020,We-Settle,Wael Moula
,F0854,07/2020,We-Settle,Naima Moula
,F0690,07/2020,CHMISA,Bechir Taboubi
C0568,F1028,07/2020,Street Car Hub,Walid M'Sallem
C0568,F0909,07/2020,Street Car Hub,Ghazi Mensi
,F0462,07/2020,NG Technologies,Moez Ben Mbarka
,F1029,07/2020,NG Technologies,Khadija Ferjani
C0569,F0197,07/2020,Safozi,Zied Ouled Ali
C0570,F1030,08/2020,Addresti,Nour El Houda Benzarti
C0570,F1031,08/2020,Addresti,Mohamed Ali Torjmen
C0570,F1032,08/2020,Addresti,Mohamed Salem Bchir
C0570,F1033,08/2020,Addresti,Hichem Elloumi
C0570,F1034,08/2020,Addresti,Fatma Mokadmi
C0571,F1035,08/2020,DEDALE SOLUTIONS,Riadh Brinis
C0571,F1036,08/2020,DEDALE SOLUTIONS,Khalil Masmoudi
C0571,F1037,08/2020,DEDALE SOLUTIONS,Sawsan Bellaj
C0572,F1038,08/2020,Etakwin,Moez Bouhlel
C0572,F1039,08/2020,Etakwin,Mhammed Bellaj
C0572,F1040,08/2020,Etakwin,Bassem Ben Jmeaa
C0573,F1041,08/2020,Autoshop.tn/ETL Technology,Mohamed Ali Ellouze
C0573,F1042,08/2020,Autoshop.tn/ETL Technology,Achraf Guidara
C0573,F1043,08/2020,Autoshop.tn/ETL Technology,Hatem Abidi
C0574,F1044,08/2020,DIDA MIND,Soumaya Ben Abdallah
C0575,F1045,08/2020,GST,Nesria Lehiani
C0576,F1046,08/2020,Improve Software TN ai diagnosis vision,Salah El Amami
C0576,F1047,08/2020,Improve Software TN ai diagnosis vision,Saoussen Ayari
C0576,F1048,08/2020,Improve Software TN ai diagnosis vision,Anouar Nechi
C0577,F1049,08/2020,GENI,Mohamed Ali TBESSI
C0578,F1050,08/2020,HAKIM TECHNOLOGIES,Mondher Hakim
C0578,F1051,08/2020,HAKIM TECHNOLOGIES,Mohamed Mabrouk
C0578,F1052,08/2020,HAKIM TECHNOLOGIES,Nermine Marzouki
C0579,F1053,08/2020,D-WEE,Taha Grach
C0579,F1054,08/2020,D-WEE,Bassem Mlayah
C0579,F1055,08/2020,D-WEE,Mohamed Aziz Hannachi
C0580,F1056,08/2020,HOMEJEK,Anis Mzoughi
C0580,F1057,08/2020,HOMEJEK,Fares Amor
C0581,F0545,08/2020,MTCE,Dhafer Ben Amor
C0581,F0547,08/2020,MTCE,Nidhal Ben Amor
C0581,F1058,08/2020,MTCE,Zied Rouissi
C0582,F1059,08/2020,Angel Protector/ AMZi Smart Solutions,Yassine Timoumi
C0582,F1060,08/2020,Angel Protector/ AMZi Smart Solutions,Johannes Jones
C0582,F1061,08/2020,Angel Protector/ AMZi Smart Solutions,Jihed Jaouabi
C0583,F1062,08/2020,Lanterns,Oussama mariem
C0583,F1063,08/2020,Lanterns,Nabil Brahem
C0583,F0444,08/2020,Lanterns,Amine Gara
C0584,F1064,08/2020,Analytix,Mariam Ouanes
C0584,F1065,08/2020,Analytix,Sami Chammakhi
C0585,F1066,08/2020,M&C,Aymen Mechria
C0586,F0088,08/2020,Makerfy,Hani Hamrouni
C0586,F1067,08/2020,Makerfy,Davide Di Majo
C0586,F1068,08/2020,Makerfy,Mohamed Nawes
C0587,F1069,08/2020,Lead Youth,Yasmine Ferchichi
C0587,F1070,08/2020,Lead Youth,Walid Slama
C0588,F0253,08/2020,Points Cadeaux,Ahmed Ayadi
C0588,F0145,08/2020,Points Cadeaux,Beldi Zied
C0589,F1071,08/2020,mintounes,Ghizlaine Beldi
C0589,F1072,08/2020,mintounes,Anis Harzallah
C0589,F1073,08/2020,mintounes,Med Salah Mbarek
C0590,F0743,08/2020,TAWA,Mohamed Maalej
C0590,F1074,08/2020,TAWA,Mohamed Elaid Karaouli
C0590,F1075,08/2020,TAWA,Oussama Karaouli
C0591,F1076,08/2020,Drone filaire,Yassine Karaouli
C0591,F1077,08/2020,Drone filaire,Wassim Karaouli
C0592,F1078,08/2020,Full Health,Selim Ben Mrad
C0592,F1079,08/2020,Full Health,Ghaleb Ben Ali
C0592,F1080,08/2020,Full Health,Imen Baklouti
C0593,F1081,08/2020,WeRebase,Nadhir Douma
C0593,F1082,08/2020,WeRebase,Karim Daghari
C0594,F1083,08/2020,Afia Tech,Afia Tech Laith Glissa
C0594,F0691,08/2020,Afia Tech,Mohamed Hedi Ben Hamed
C0595,F1084,08/2020,SPORTOLOGY,KLAY
C0595,F0692,08/2020,SPORTOLOGY,Moez Aousji
C0595,F0622,08/2020,SPORTOLOGY,Sabrine Ibrahim
C0596,F1085,08/2020,Société Classquiz,Class Quiz Achref Dawahi
C0596,F0624,08/2020,Société Classquiz,Omar Trabelsi
C0596,F0901,08/2020,Société Classquiz,Haithem Kchaou
C0597,F1086,08/2020,Nebulabs,Kyteb
C0597,F0902,08/2020,Nebulabs,Chehir Dhawedi
C0598,F1087,08/2020,Scaphandry,Rent a tutor Abdeljalil Ghattas
C0599,F1088,08/2020,Digital GROWUP APPLICATIONS « DGA »,GrowApp Wael Aouididi
C0600,F1089,08/2020,Ste Hope Healthcare Solutions,Le Comet  Tarek Mnaffakh
C0600,F0842,08/2020,Ste Hope Healthcare Solutions,Mohamed Hedi Achour
C0600,F0843,08/2020,Ste Hope Healthcare Solutions,Yosr Naija
C0601,F1090,08/2020,THEMAZEGROUP,iSporit Yassine Achour
C0601,F0845,08/2020,THEMAZEGROUP,Karim Zehani
C0601,F0846,08/2020,THEMAZEGROUP,Mohamed Wassim Benzarti
C0601,F0906,08/2020,THEMAZEGROUP,Khalil Ben Zineb
,F1091,08/2020,School Upgrader,School Upgrader
,F0907,08/2020,School Upgrader,Oussama Ben Zineb
,F1092,08/2020,School Upgrader,Amine Rekhis
C0602,F1093,08/2020,STE Industrial FACTOORYA Tech,FACTOORYA Yassine Khlass
C0602,F1094,08/2020,STE Industrial FACTOORYA Tech,Mohamed Seifedinne Bouarada
C0603,F1095,09/2020,WeMove,Mohamed Khelil
C0603,F1096,09/2020,WeMove,Mejdi Mbarek
C0603,F1097,09/2020,WeMove,Ghanmi Ayhem
C0604,F1097,09/2020,HackUp,Ghanmi Ayhem
C0604,F1098,09/2020,HackUp,Mohamed Aziz Najjar
C0605,F1099,09/2020,wammya,Ahmed Lachheb Lahlaoui
C0605,F1100,09/2020,wammya,Walid Negra
C0606,F1101,09/2020,Orthlane,Ali Karray
C0606,F1102,09/2020,Orthlane,Ali Safsafi
C0607,F1103,09/2020,ETNAFES,Ichrak Aouissaoui
C0607,F1104,09/2020,ETNAFES,Najeh Bedhief
C0608,F1105,09/2020,Idaraty.tn,Ahmed Zoghlami
C0609,F1106,09/2020,Healthy & Bnin,Soumaya Atoui
C0609,F1107,09/2020,Healthy & Bnin,Farah M'seddi
C0610,F1108,09/2020,Services voitures épaves (SVE),Slim M'seddi
C0610,F1109,09/2020,Services voitures épaves (SVE),Jalel Satouri
C0611,F0060,09/2020,Autorent,Moslem Ben Dhaou
C0611,F1110,09/2020,Autorent,Achref Hayouni
C0612,F1111,09/2020,Cubed,Hassen Mezghani
C0612,F1112,09/2020,Cubed,Sarra Ben Helal
C0613,F1113,09/2020,Smelsy.com,Med slim BOUAZIZ
C0614,F1114,09/2020,iCan-C,Ali Ajili
C0614,F1115,09/2020,iCan-C,Yosr Jazzar
C0614,F1116,09/2020,iCan-C,Sami Khouaja
C0615,F1117,09/2020,MTTN,Naji Bou Habib
C0615,F1118,09/2020,MTTN,Nabil Fatmi
C0616,F1119,09/2020,Bladiz king Chemicals Solutions,Ameur Baccoucha
C0616,F1120,09/2020,Bladiz king Chemicals Solutions,Sadok Maamar
C0616,F1121,09/2020,Bladiz king Chemicals Solutions,Hassen Mchaalia
C0616,F1122,09/2020,Bladiz king Chemicals Solutions,Ons Ayari
C0616,F1123,09/2020,Bladiz king Chemicals Solutions,Mohamed Nejib Youssef
C0616,F1124,09/2020,Bladiz king Chemicals Solutions,Jalel Dahas
C0617,F1125,09/2020,MEDICAL SERVICES & SOLUTIONS INTER,souhir Zaoui
C0617,F1126,09/2020,MEDICAL SERVICES & SOLUTIONS INTER,Sami Hamila
C0617,F1127,09/2020,MEDICAL SERVICES & SOLUTIONS INTER,Maher Cheour
C0618,F1128,09/2020,Doctourna,Moetaz Torkhani
C0619,F1129,09/2020,Aladdin,Hichème Kaboudi
C0619,F1130,09/2020,Aladdin,Mohamed Wissem Landolsi
C0620,F1131,09/2020,Portail de technologies industrielles et innovations,Walid Landolsi
C0620,F1132,09/2020,Portail de technologies industrielles et innovations,Imen Gaida
C0620,F1133,09/2020,Portail de technologies industrielles et innovations,Heni Mechichi
C0621,F1134,09/2020,New Life,Abderrahmen Ben Gdara
C0622,F1135,09/2020,Sampapp,Taher Ghrissi
C0623,F1136,09/2020,SAFEOPS,Hakim Chemam
C0624,F1137,09/2020,Dinaro,Khalil Jelassi
C0624,F1138,09/2020,Dinaro,Radhouane Slimani
C0624,F1139,09/2020,Dinaro,Saif eddine Souilmi
C0625,F1140,09/2020,Farmvie,Yasser Souilmi
C0625,F1141,09/2020,Farmvie,Hamza Beji
C0626,F1142,11/2020,Groupado,Selim Tekaya
C0626,F1143,11/2020,Groupado,Mohamed Ghazouani
C0626,F1144,11/2020,Groupado,Achraf Aouadi
C0627,F1145,11/2020,WildyNess,Rim Bourguiba
C0627,F1146,11/2020,WildyNess,Hamza Gassem
C0628,F1147,11/2020,AVOPRO,Hatem Hamdi
C0628,F1148,11/2020,AVOPRO,Abdel Karim Ben Abdel Malek
C0628,F1149,11/2020,AVOPRO,Wafa Gabsi
C0629,F1149,11/2020,ARCHIVART,Wafa Gabsi
C0629,F1150,11/2020,ARCHIVART,Mohamed Khalil Liouane
C0630,F1151,11/2020,Tinest,Khouloud Bouazizi
C0630,F1152,11/2020,Tinest,Zayneb Ghodhbani
C0631,F1153,11/2020,Elco Solutions,Wajdi Darmoul
,F0795,11/2020,NeuroData,Yassine Hamdaoui
,F1154,11/2020,NeuroData,Selim Themouni
C0632,F0720,11/2020,Khadamny,Selim Mraidi
C0632,F0721,11/2020,Khadamny,Atef Sedraoui
C0633,F1155,11/2020,WONDER WORK,Yamina Rachdi
C0633,F1156,11/2020,WONDER WORK,Wafi Bouassida
C0634,F1157,11/2020,Tashfeen,Mounir Bouassida
C0634,F1158,11/2020,Tashfeen,Tarek Ben Sassi
C0635,F1159,11/2020,Autoprix.tn,Mohamed Amine Ben Sassi
C0636,F1160,11/2020,Société Souk El-Ghorba,Mohamed Ali Kammoun
C0637,F1161,11/2020,Smart City,Ali Boukhachem
C0637,F1162,11/2020,Smart City,Bechir Gtari
C0638,F1163,11/2020,Civitas,Firas Gaffari
C0638,F1164,11/2020,Civitas,Houssem Akrout
C0638,F1165,11/2020,Civitas,Bilel Knaissi
C0639,F1166,11/2020,Celebrioo,Mootaz Billeh Chaabani
C0640,F1167,11/2020,elprojet,Akram Mrad
C0640,F1168,11/2020,elprojet,Malek Zlitni
C0641,F1169,11/2020,ﻲﺑﯾﺟد  - Jeeby,Walid bousnina
C0641,F0390,11/2020,ﻲﺑﯾﺟد  - Jeeby,Chamseddine Bezzaouia
C0641,F1170,11/2020,ﻲﺑﯾﺟد  - Jeeby,Youssef Fakhfakh
C0642,F1171,11/2020,ClickBus,Zied Agrebi Orabi
C0642,F1172,11/2020,ClickBus,Mohamed Debbabi
C0643,F1173,11/2020,Xchange,Ismail Talbi
C0644,F1174,11/2020,Alfikr,Brahim Jrah
C0644,F1175,11/2020,Alfikr,Mohamed Ali Taoues
C0645,F1176,11/2020,UpKurs,Nidhal Jammali
C0645,F1177,11/2020,UpKurs,Selsebil Ben El Haj Sghaier
C0645,F1178,11/2020,UpKurs,Gadus Niyonzima
C0646,F1179,11/2020,WOTE,Joshua King Isezerano
C0646,F1180,11/2020,WOTE,Sarah mellouli
C0646,F1181,11/2020,WOTE,Melek Gharbi
C0647,F1182,11/2020,Ba9chich,Bilel Ouersighni
C0647,F1183,11/2020,Ba9chich,Ibtihel Haddedi
C0648,F1183,11/2020,Machmoom,Ibtihel Haddedi
C0648,F1184,11/2020,Machmoom,Skander Haddedi
C0649,F1185,11/2020,Hanoutify,Tarek Berrehouma
C0649,F1186,11/2020,Hanoutify,Mohamed Ben Rhouma
C0650,F1187,11/2020,LoDeep,Zied Ben Amar
C0650,F1188,11/2020,LoDeep,hanene Moalla
C0651,F1189,11/2020,REC-INov سﻧوﺗ en ligne,Jamila Khlif
C0651,F1190,11/2020,REC-INov سﻧوﺗ en ligne,Wajdi Moalla
C0651,F1191,11/2020,REC-INov سﻧوﺗ en ligne,Salma Aouini
C0652,F1192,11/2020,Société Evolutik,Evolutik
C0652,F0848,11/2020,Société Evolutik,Mourad Mathari
C0652,F1055,11/2020,Société Evolutik,Mohamed Aziz Hannachi
,F1193,11/2020,HOMEJEK,HOMEJEK
,F1056,11/2020,HOMEJEK,Anis Mzoughi
C0653,F1194,11/2020,STE SMELSY,Smelsy.com Med slim Bouaziz
C0654,F1195,11/2020,STE Fouita,Fouita Abdelhay Najjar
C0654,F0897,11/2020,STE Fouita,Jamoussi Ahmed
C0654,F0898,11/2020,STE Fouita,Jihed Bouguerra
C0655,F1196,11/2020,Eventizer Platforms,Eventizer
C0655,F0899,11/2020,Eventizer Platforms,Yassine Abbes
C0655,F0900,11/2020,Eventizer Platforms,Oussema Samet
C0655,F1197,11/2020,Eventizer Platforms,conception et vente d'un
C0655,F0855,11/2020,Eventizer Platforms,Sabri Mhimdi
C0656,F1198,11/2020,4InA Technologie,système de télégestion
C0656,F1199,11/2020,4InA Technologie,Zribi Hinda
C0656,F1200,11/2020,4InA Technologie,d'énergie électrique
C0656,F1201,11/2020,4InA Technologie,Youssef Said
,F1202,11/2020,Travaris,Travaris Berkay Alkisel
,F1203,11/2020,Travaris,Ahmad Abd Arrahman
,F0849,11/2020,Travaris,Nesrine Chemkhi
C0657,F1204,11/2020,El Food Lab Traiteur Cuisine Revisitée,El Food Lab
C0657,F0850,11/2020,El Food Lab Traiteur Cuisine Revisitée,Mohamed Guinoubi
C0658,F0635,11/2020,STE TUNISIENNE CO-SOLAR DES INNOVATIONS,Mahmoud Hammami
C0658,F1205,11/2020,STE TUNISIENNE CO-SOLAR DES INNOVATIONS,Co-Solar
C0659,F1206,11/2020,TECHNOLOGIQUES SOLAIRES,Yessin Boutabba
C0659,F1107,11/2020,TECHNOLOGIQUES SOLAIRES,Farah M'seddi
C0660,F1207,11/2020,Services Voitures Epaves,Services voitures épaves Slim M'seddi
C0660,F1208,11/2020,Services Voitures Epaves,Jalel SATOURI
C0660,F1209,11/2020,Services Voitures Epaves,Mohamed Torkhani
C0660,F1210,11/2020,Services Voitures Epaves,Talel Mouaada
C0661,F1211,11/2020,Fantastic Mall,Fantastic Mall Mohamed El kamel
C0661,F1212,11/2020,Fantastic Mall,Saber Ben Ahmed
C0661,F1213,11/2020,Fantastic Mall,Sahbi Ben Fredj
C0661,F1051,11/2020,Fantastic Mall,Mohamed Mabrouk
C0661,F1214,11/2020,Fantastic Mall,Nemine Marzouki
C0662,F1215,11/2020,STE D-WEE,D-WEE Taha Grach
C0662,F1054,11/2020,STE D-WEE,Bassem Mlayah
C0663,F1216,12/2020,Telum,Nour Ehore Ghoseh Amal
C0664,F1217,12/2020,Ma Formation Privilee,Helmi Mash
C0665,F1218,12/2020,AirGraph,GHAYTH Bouygatta Lafalfa Rash Edouard Guilhot Daniel Balleger
C0666,F1219,12/2020,LG P,Ahmed Miffes
C0667,F1220,12/2020,WAMIA,Abdereazak Ahlou Al Cherif Amri Kekasae
C0668,F1221,12/2020,moudda.com,Meeki Musselderb Karman Rokkane
C0669,F1222,12/2020,wiTrade,Mierten Nebi Zainib Nebi Taha Haitie
C0670,F1223,12/2020,SOAR,Aymen Tabi Nour Bourataize
C0671,F1224,12/2020,Datagram,Mohamed Ali Ben Aleya
C0672,F1225,12/2020,IBIS Technologies,Khaled Bouchousha
,F1226,12/2020,PROSERVY,Ahmed Didi Wassim Ioani Mohamed Diyan Koutini
C0673,F1227,12/2020,Cagronte Fid,Omar Bacar Cager Bouchousha
C0674,F1228,12/2020,Smarth,Ramzi Zefani
C0675,F1229,12/2020,NetShake,Raith Bensi Abdalah Bakke
C0676,F1230,12/2020,Go Staff,Mohamed Hanoun Ouannes Wassim Khalfa
C0677,F1231,12/2020,Kn_Traffic,Mohamed Salah Zaggar
C0678,F1232,12/2020,Bridge ITops,Wald Saad
C0679,F1233,12/2020,WARM,Marwa Ben Aissa
C0680,F1234,12/2020,LEEVVA Communication,Wissem Bougulla Loc Lafhiq
C0681,F1235,12/2020,BasketID,Karmir Jabali Maker Chukai Wael Kaiso
C0682,F1236,12/2020,Key Software,Khaled Saddani
C0683,F1237,12/2020,BAIT,Ahmed Trad
C0684,F1238,12/2020,The Mission,Fatin Maslei Sandari Elbawi
C0685,F1239,12/2020,instead,Karmir Ben Abdalaziz Arwa Bel Hiji Taha Beri Amal Guzman
C0686,F1240,12/2020,MICRO DEVICE TUNISA,Hamdil Ben Amor
C0687,F1241,12/2020,Droopex,Ahmed Allesch Waet Allesch
C0688,F1242,12/2020,OnePack,Sarra Fehail Firas Dheouad Malik Ahmed
C0689,F0624,12/2020,Omaris Wood,Omar Trabelsi
C0690,F1243,12/2020,OMNIUP,Karim Jelliti Issam Essefi Ali Sakka
C0691,F1244,12/2020,إبراهيم الدين - VirtuA Agency,Siem Ouled Hsin
C0692,F1245,12/2020,EVO ENERGIZE,Maher Amara Safa Bouhajar
C0693,F1246,12/2020,Pabitel.tn,Syrine Zgueb
C0694,F1247,12/2020,Jood Lab,Mohamed Belghith Younes Ben Mabrouk
C0695,F1248,12/2020,World Wide Security,Mohamed Aziz Elmabrouk
C0696,F1249,12/2020,Mat7irech,Mohamed Harbaoui
C0697,F1250,12/2020,Flow,Omar Guizani Maher Bouzid
C0698,F1251,01/2021,Menutium,Salem Mosbah
C0698,F1252,01/2021,Menutium,Amine Mlika
C0699,F1253,01/2021,Mymall.tn,Inès Béjar
,F0913,01/2021,iMMOTECH,Cyrine Ben Ayed
,F1254,01/2021,iMMOTECH,Andolsi Jihed
,F1255,01/2021,iMMOTECH,Yassine Jalloul
C0700,F1256,01/2021,XQuant Software,Chea Srun
C0701,F1257,01/2021,Medquick,Ahmed Turki
C0701,F1258,01/2021,Medquick,Mustapha Turki
C0702,F0576,01/2021,7 healthcare,Haythem Zouaoui
C0702,F1259,01/2021,7 healthcare,Mohamed Riadh Bhar
C0702,F1260,01/2021,7 healthcare,Khadija Mahjoub
C0703,F1261,01/2021,Cognira Tunisia,Hatem Sellami
C0703,F1262,01/2021,Cognira Tunisia,Makrem Zannouni
C0703,F1263,01/2021,Cognira Tunisia,Kais Jrad
C0704,F1264,01/2021,Linkedfishers/Hookedup,Ayed Guembri
C0704,F1265,01/2021,Linkedfishers/Hookedup,Abdessattar Tajouri
C0704,F1266,01/2021,Linkedfishers/Hookedup,Nawfel Ben Moussa
C0705,F1267,01/2021,SeaBot,Kelboussi Rami
C0705,F1268,01/2021,SeaBot,Marwen Bousmina
C0706,F1269,01/2021,Ms. Marion,Insaf Hamdi
C0706,F1270,01/2021,Ms. Marion,Selma Belkhodja
C0707,F1271,01/2021,WKE par FLEXITEK,Fondateur non lisible dans l’OCR
C0708,F1272,01/2021,e-Scola,Sami Mlaiki
C0708,F1273,01/2021,e-Scola,David Simb
C0709,F1274,01/2021,Tinith IBPM Automation Booster,Ouassim Bouzid
C0709,F1275,01/2021,Tinith IBPM Automation Booster,Ramzi Abidi
C0710,F1276,01/2021,Pulpetech,Wafa Abbes
C0710,F1277,01/2021,Pulpetech,Oussama Jrad
C0711,F1278,01/2021,MineClap,Taha Yassine Chahed
C0711,F1279,01/2021,MineClap,Hamed Khalil Maaref
C0711,F1280,01/2021,MineClap,Slim Maaref
C0712,F1281,01/2021,FinBudd.com,Ons Bouali
C0713,F1282,01/2021,YAGRI,Yasser Belguesmi
C0713,F1283,01/2021,YAGRI,Bouallagui Dorsaf
,F1284,01/2021,7keema,Sahar Awad
,F1285,01/2021,7keema,Tamer Shawer
,F0472,01/2021,7keema,Amr Bakr
C0714,F1286,01/2021,Arabclassroom,Chokri Samaali
C0715,F1287,01/2021,Smart Racing Hub,Oussema Dhaouadi
C0716,F1288,01/2021,société Lave'rit,Hedi Hrigua
C0716,F1289,01/2021,société Lave'rit,Oussama Hlaoui
C0717,F1290,01/2021,Arty,Inès Gharbi
C0717,F1291,01/2021,Arty,Anouer Kalel
C0717,F1292,01/2021,Arty,Mohamed Ali Said
C0718,F1293,01/2021,PLUS WEB Solutions,Amina Triki
C0719,F1294,01/2021,AREAS (Agro Responsible Ecologic African Services),Zahra Shiri
C0719,F1295,01/2021,AREAS (Agro Responsible Ecologic African Services),Hassen Ouerghemmi
C0720,F1296,01/2021,EZ-TOOL,Mehdi Tatar
C0720,F1297,01/2021,EZ-TOOL,Khalil Chelly
C0721,F1298,01/2021,e-dengri,Maroua Ben Charrada
C0721,F1299,01/2021,e-dengri,Belhaj Ines
C0722,F1300,01/2021,JEY,Seifeddine Miladi
C0722,F1301,01/2021,JEY,Slim Sghir
C0723,F1302,01/2021,SMARTravel,Houcem Hajji
C0723,F1303,01/2021,SMARTravel,Wajdi Bechaouech
C0724,F1304,01/2021,HiMyCoach.com,Rassil Rnouma
C0724,F1305,01/2021,HiMyCoach.com,Enkhsanaa Achour
C0725,F1306,01/2021,Itialus Fidexia North Africa,Sami Ben Salem
C0725,F1307,01/2021,Itialus Fidexia North Africa,Wafa Cherid
C0726,F1308,01/2021,zeromate,Samir Chafai
C0727,F1309,01/2021,Koodys / Thor System,Mohamed Salah Nachi
C0727,F1310,01/2021,Koodys / Thor System,Malek Redissi
C0728,F1311,01/2021,Chill&Lit,Fares Kotti
C0729,F1312,01/2021,Overlapping UVs,Youssef Mejri
C0729,F1313,01/2021,Overlapping UVs,Makrem Cherni
C0730,F1314,01/2021,ABC Dev,Sdiri Mahdi
C0730,F1315,01/2021,ABC Dev,Manel Ouerhani
C0731,F1316,01/2021,BOXSTOP,Ghada Jandoubi
C0731,F1317,01/2021,BOXSTOP,Lauret Hanout
C0732,F1046,02/2021,Expert Team Tunisie,Salah El Amami
C0733,F1318,02/2021,Medikadvisor,Haithem Ben Jemia Zied Ouled Ali
C0734,F1319,02/2021,UNIK CHIK,Samia Mbarek
C0735,F1320,02/2021,LUNAR EPS,Ahmad Hentati Mahdi Ghribi
C0736,F1321,02/2021,AOS INTERNATIONAL,Rudolph Cerqueira
C0737,F1322,02/2021,FelCloud,Mohamed Amine Ibrahim
C0738,F1323,02/2021,Ste Magicube Industrie,Walid Chaabene
C0739,F1324,02/2021,Bepeep Health,Ahmed Choucheni Mohamed Choucheni
C0740,F1325,02/2021,WARENA,Naziha Ouanes Mohamed Boumiza Med Amine Jebabli
C0741,F1326,02/2021,LA FIBRE ARTISANALE,Khaled Ben Brahim Samia Cherif
C0742,F1327,02/2021,Handmade Tunisia,Khaoula Habouria
C0743,F1328,02/2021,"Kartago Dattes Snacks, Ingredients and Extracts",Fares Horchani
C0744,F1329,02/2021,BYEISSA,Ahmed Elmi Mohamed Jbalia Souhaib Rejeb Wajdi Tayachi
C0745,F1330,02/2021,VISTASY,Ahmed Badaoui Ibtissem Kadri
C0746,F1331,02/2021,HOPE HORIZON,Raouf Ben Aissa Youssef Zied Elhechmi Mohamed Aziz Belaweid Mohamed Wassim Benzarti Najla Ghrairi
C0747,F1332,02/2021,Picstore,Abdellatif Najjar Mariam Labidi Mourad Blaich
,F1333,02/2021,Meilleure Vie Etudiants Tunisie,Wissem Hakiri Mohamed Guediche Wided Hakiri
C0748,F1334,02/2021,Fisco,Ismail Abdellaoui Mohamed Sghaier Alaa Souid Farouk Skhiri
C0749,F1335,02/2021,Bridges S.A,Mahmoud Aljan
C0750,F1336,02/2021,Soon Marine,Aziz Thraya Chokri Ben Sassi
C0751,F1337,02/2021,BAKO MOTORS,Boubaker Siala Rached Ben Hmadou Mahmoud Siala
C0752,F1338,02/2021,affipro,Youssef Ennasri
C0753,F1339,02/2021,Lait Espoir,Hayfa Khalfaoui
C0754,F1340,02/2021,Byessa.com,Mohamed Slim Mansouri Asma Saidi
C0755,F1341,02/2021,WaterSec,Ahmed Slim Bouakez Khoubeib Tlili Zoubeir Zarrouk Mohamed Guenbri
C0756,F1342,02/2021,Gelivro,Ramzi Houidi Rim Harabi
C0757,F1343,02/2021,Konnect,Amin Ben Abderrahman
C0758,F1344,02/2021,Vetsbook.net,Salaheddine Ogontayo Hammouda Houcem Marouane Skandaji
C0759,F1345,02/2021,GARANTY,Mustapha Messaoudi Hamza Messaoudi
C0760,F1346,02/2021,WMS,Mohamed Naoues Yosr Salhi
C0761,F1347,02/2021,Coursify,Kalthoum Frigui Mohamed Soussi
C0762,F1348,02/2021,Customing,Salah Riahi
C0763,F1349,02/2021,Petit sook,Dorra Haddad zarraa Ebtissem Sahtout Sirine Berguiga
C0764,F1350,02/2021,OCTARYN,Idriss Fessi
C0765,F1351,02/2021,Carhabty.tn,Anis Boufahja Slim Rouissi
C0766,F1352,02/2021,Green Travel Solutions ( Zmorda ),Wael Arfaoui Sirine Ayadi Montassar Kammakh
C0767,F1353,02/2021,Jobelle,Belkis Bouali
C0768,F1354,02/2021,Amazigh,Rania Makhlouf Firas Chetouane
C0769,F1355,02/2021,Futura energy Tn,Anis Kmali Rawdha Bessaoud
C0770,F1356,02/2021,Ricality,Mohamed Wajih Bejaoui Mohamed Alaa Hamdi Mohamed Jihed Hmida Mohamed khalil Fitouri
C0771,F1357,02/2021,Hello Dati,Nizar Hamdi Adnene Aroua
C0772,F1358,02/2021,IB Space,Ghada Sayeh Cherif Foued Cherif
,F1359,02/2021,iCan-C,Ali Ajili Yosr Jazzar
C0773,F1360,02/2021,بﺎﺗﻛ ﺔﻠﺣر _Book Journey,Houssem Baaka Aya Achour Bilal Nsib
C0774,F1361,02/2021,Dev2Dev,Mohamed Debbabi Ismail Talbi
C0775,F0060,02/2021,Autorent Software,Moslem Ben Dhaou
C0776,F1106,02/2021,Healthy And Bnin Food,Soumaya Atoui
C0749,F1335,02/2021,Bridges S.A,Mahmoud Aljan
C0777,F1362,03/2021,Autoecoleplus.tn,Mohamed Amine Jendoubi Ahmed Nemlaghi Mohamed Badii Jendoubi
C0778,F1363,03/2021,Fripeji.tn,Ahmed Ouertani Abdelkader Sellami Ahmed Ferjani Mohamed Salah Elbach
C0779,F1364,03/2021,CarHuB-TI,Yassine Ajili Nidhal Akrout
C0780,F1365,03/2021,MicroAcess,Aymen Zouaoui Kais Zouaoui Imen Ben Nsir Marwa Mejri
C0781,F1366,03/2021,IMPACT NUTRITION,Marouan Ariane Houda Saied
C0782,F1367,03/2021,Vife,Rania Fakhfakh Emna Souid Marwa Hannachi
C0783,F1368,03/2021,Shipzzer,Alexandre Cour Sami Landoulsi
C0784,F1369,03/2021,Freelancy,Mehdi Mhamdi Karim Zribi
C0785,F1370,03/2021,Controlmed,Faten Hamdi
C0786,F1371,03/2021,Moline,Alia Belkhodja
C0787,F1372,03/2021,Kids protect,Sassi Siwar Yasmine Selmi
C0788,F1373,03/2021,Drest.tn,Mohamed Omrane Mzabi Malek Mzabi
C0789,F1374,03/2021,Deepth,Hamdi Mustapha Bouchra Bel Haj Abdallah
C0790,F1375,03/2021,ILEY'COM-مﻛﯾﻟإ,Mehdi Ben Abdallah Marwa Moula
C0791,F1376,03/2021,Vitah,Mohamed Taha Ben Mhenni Iheb Sahloul Saifeddine Ben Mhenni
C0792,F1377,03/2021,Skilled,Khalil Zammeli Hosn el Oujoud Tebourski
C0793,F1378,03/2021,Skills21,Hajer Kharrat Rami Mestiri Mohamed Khalil Liouane
C0794,F1379,03/2021,Deliv's,Sinda Bououn
C0795,F1380,03/2021,Bionics,Ayachi Monaam Ikhlas Ayachi
C0796,F1381,03/2021,Suprem,Khaireddine Mejri
C0797,F1382,03/2021,Win now,Nesrine Welhezi Oussema Khlifi Nizar Welhezi
C0798,F1383,03/2021,Art Culture Studio,Wassim Ghozlani Nadia Redissi Amine Landoulsi Arbi Dridi
C0799,F1384,03/2021,Flexipik,Amine Kéfi Beya Ben Saad
C0800,F1385,03/2021,Oxacloud,Hatem Abdennadher Aida Ben Hamouda
C0801,F1386,03/2021,OLFA cosmetics,Olfa Dhouibi
C0802,F1387,03/2021,FIDNESS,Ahmed Najjar Yosr El Mabrouk Adel Mrabet Mohamed Soloman Oshan
C0803,F1388,03/2021,Storyet,Riadh Jlassi Omar Ben Abdessamy
C0804,F1389,03/2021,TANIT VISION MONITORING,Belhassen Ben Chaabane
C0805,F1390,03/2021,CHIHEB RAIS,Chiheb Rais Ferdaws Abdelekbir Rania Ikbal Ouriemi
C0806,F1391,03/2021,Heni OUNI,Heni Ouni Mohamed Wajih Tagourty Badri Ahmed Teissir Abboud Taha Dahech Mahdi Chtioui
C0807,F1392,03/2021,Cashyi,Moslem Cherif
C0808,F1393,03/2021,Africana Help Export,Majed Ben Belgacem
C0809,F1394,03/2021,Foorsa,Dorsaf Tabbassi Rania Allagui
C0810,F0688,03/2021,Fintech Tunisia,Zied Chaabane
C0811,F1395,03/2021,Montage et intégration d'un système photovoltaïque smart Sun Tracker,Mohamed Achref Bensghaier
C0812,F1396,03/2021,YOLAA,Jihene Aouachri Amine Methnani
C0813,F1011,03/2021,Smart Switch Systems,Mohamed Ali Atig
C0814,F1397,03/2021,E-bin,Ahlem Medini Jawher Mdini Maha Mdini
C0815,F1019,03/2021,PASTECH,Khalil Ben Romdhane
C0816,F1398,03/2021,Golyc Group,Amine Maalaoui
,F1136,03/2021,SAFEOPS,Hakim Chemam
C0817,F1338,03/2021,OVVA SYSTEMS,Youssef Ennasri
C0818,F1399,03/2021,Creometry,Mounir Ghlaiel Aymen El Amri
C0819,F1400,03/2021,REC-INov,Hanene Moalla Jamila Khlif Wajdi Moalla
,F1401,03/2021,ETNAFES,Ali Safsafi Ichrak Aouissaoui Najeh Bedhief
C0820,F1402,03/2021,CIVITAS DIGITAL,Bechir Gtari Firas Gaffari Houssem Akrout
C0821,F1403,03/2021,BKMC corp,Bilel Knaissi Mootaz Billeh Chaabani
C0822,F1404,03/2021,NetShareK Technology,Riadh Brinsi Abdallah Bakir
C0823,F1405,03/2021,ZeTaByte Software Solutions,Ramzi Zelfani
C0824,F1406,03/2021,EZ-Pass,Youssef Fakhfakh Zied Agrebi Orabi
C0825,F1233,03/2021,The Digital Furniture Company,Marwa Ben Aissa
C0826,F1343,03/2021,Konnect Networks,Amin Ben Abderrahman
C0827,F1101,03/2021,Orhtlane Tunisie,Ali Karray
C0828,F1407,03/2021,TUNISPACE,Farouk Oueslati Dorsaf Touil
,F1408,03/2021,Next Gen Corp,Moez Lachneb Ahmed Nabli Souamay Tlili Faten Manai Abd El Aziz Trabelsi
C0829,F0614,03/2021,Orient Tea,Tarek Talbi
C0830,F1409,04/2021,My Enlightened Mind,Oussama Ben Mahmoud Adem Abidi
C0831,F1410,04/2021,DEEP FLOWS,Mohamed Makni Farah Makni Wissem Allouchi
C0832,F1411,04/2021,Autoween,Mouheb Kraiem Maha Benmohamed
C0833,F1412,04/2021,TAWA Digital Talents,Mohamed Salah Mbarek
C0834,F1413,04/2021,ZIGOFILTRE,Youssef Bouzariata Mohemed Rameh Amine Shiri
C0835,F1414,04/2021,Taxiora / Smarteo,Walid Saadaoui Khaled Benlatrach Raouia Magroun
C0836,F1415,04/2021,Tunisie Aquaponie,Sofiene Rouis
C0837,F1416,04/2021,Ste Tildah,Bouraoui Ben Ammar
C0838,F1417,04/2021,Takwinland,Brahim jaouad Mohamed Amroussi Oumar Rejeb
C0839,F1418,04/2021,ODIX,Anis Zehani Anissa Zehani
,F1419,04/2021,freeoui,Moez Beddi Ilyes Masmoudi Amine Ennouri
C0840,F1420,04/2021,Nkawroo,Kais Malki
C0841,F1421,04/2021,medtrip,Achraf Msakni Sabra Gargouri
,F1422,04/2021,branper,Saïd Ben Jlili Hamza ben jannet
C0842,F1423,04/2021,Rednaks,Skander Chouka
C0843,F1424,04/2021,Be Smart Travel,Wissem Ben Ameur Yassine Abid Driss Nadhem Firas Makni Dorra Barkallah Taieb Kerkeny Khedhiri Salah
C0844,F1425,04/2021,Reevalo,Bacem Rezgui
C0845,F1426,04/2021,elbusines.com,Hela Jelassi Anis Borchani
C0846,F1427,04/2021,capxvalue,Maher Zaanouni
C0847,F1428,04/2021,Rania WERDA,Rania Werda
C0848,F1429,04/2021,Takwira,Zied Dahmani Amen Allah Dahmani
C0849,F1430,04/2021,flexiolar,Hamdi kardough Chayma Ben salem Farrah Marwa
,F1431,04/2021,Analytix,Mariam Ouanes Ahmed Becha Ines El Ayeb Amine Gara
C0850,F1432,04/2021,Vizmerald,Bassem Seddik
C0851,F1433,04/2021,Birou Suite,Alaa Chaibi Imen Boumiza
C0852,F1434,04/2021,Décotis,Meher Hedhli Mohamed Barki
C0853,F1435,04/2021,MediTek,Adel Hamdi
C0854,F1436,04/2021,MCOM,Khaled Mediouni Mohamed Haythem Goddi
C0855,F1437,04/2021,isondF,Firas Yousfi Abdessalem Bazine Mehdi Maalawi
C0856,F1438,04/2021,Wassaloo,Abdeljelil Lazaar Mustapha Guellaty Mohamed Zouhaier Zammel
C0857,F1439,04/2021,TAWSILA,Hajer Romdhani Hafedh Ben Abdelhafidh
C0858,F1440,04/2021,Paprika Solutions,Ibrahim Jlassi Mohamed Belouaer Houssem Chaabani
C0859,F1441,04/2021,Kindeal,Mohamed Ali Shili Moez Hammami
C0860,F1442,04/2021,School Pack,Firas Dhaouadi Maalej Ahmed
C0861,F1443,04/2021,DataSense,Charef Ahmed Anas Charfi
C0862,F1444,04/2021,Marcus Studio,Azzez Moatez Hamza Gassab
C0863,F1445,04/2021,DIGITIN,Aymen Bergaoui
C0864,F1446,04/2021,EVADAM,Souhail Msakni Sami Sghaier Ahmed Liouene
C0865,F1447,04/2021,DIMAZINA,Hajer Sahnoun Faten Sahnoun
C0866,F1448,04/2021,KICK LIGHT,Mohamed Amir Lahmar
C0867,F1449,04/2021,NextAV,Hichem Mokni Foued Elkamel
C0868,F1450,04/2021,PROTABAR,Walid Trabelsi
C0869,F1451,04/2021,MY-OYA,Sarra Khemakhem Oumayma Kéfi
C0870,F1452,04/2021,"""A7yini"" / CBM-EE",Afef Letaief Aziz Hafsa
C0871,F1453,04/2021,ABONO\FINEX,Kais Euchi
C0872,F1454,04/2021,UNIVERSAL MARKETING,Aymen Gahbiche Nourine Bouguella
C0873,F1455,04/2021,STERECO,Ala Eddine Maatoug
C0874,F1456,04/2021,Wimbee,Neila Benzina
C0875,F1457,04/2021,"la ferme bio-écologique pédagogique ""Rissala Kids Farm""",Imen Mefteh Ilef Oumari
C0876,F1458,04/2021,Looklyoum,Wafa Makni Imed Elabed
C0877,F1459,04/2021,Check Check,Bechir Bouazizi
C0878,F1460,04/2021,Bee Eyes Tunisia,Mohamed Hadiji Aymen Tounsi Mohamed Kabadou
C0879,F1461,04/2021,VirStand,Mohamed Ali Zaier Mohamed Ben Romdhane
C0880,F1462,04/2021,MiamMiam,Rim Ben Mansour
C0881,F1463,04/2021,3DSky,Montassar Faidi
C0882,F1464,04/2021,drone intelligent,Golli Youssef
C0883,F1465,04/2021,EatHome Resto,Nahla Saidani Moez Hmidi
C0884,F1466,04/2021,Alpha Mall,Amri Abderrahmen Ines Miled Gharsalli Wael Kachouri Hind Malek Najahi
C0885,F1467,04/2021,Direct DK,Maher Essalah
C0886,F1468,04/2021,BananaBlue,Wessim Elkefi Marwene Bouhawel
C0887,F1469,04/2021,Lexperto,Malek Oueslati Dorsaf Bel Hadj Mohamed
C0888,F1470,04/2021,creances.tn,Maher Chafii
C0889,F1471,04/2021,twansa.tn,Rani Ben Mahmoud Safa Rzig
C0890,F1472,04/2021,EDL,Wala Bouzouita Mohamed Bouzouita Elyes Belhaj
C0891,F1473,04/2021,Darenup,Mortadha Mehri Jesser Ben Mefteh
C0892,F1474,04/2021,Sonia Ben Rejeb,Sonia Ben Rejeb Mohamed Aziz Ben haj ali Oussama Mhimdi Wessim Khiari Nessrine Ben Hadj Youssef
C0893,F1475,04/2021,Digi-Hire,Maroua Ben Khaled Mariem Mahjouba Saidani Asma Ben Ghali
C0894,F1476,04/2021,SmartShop,Ahmed Fakhri Hamrouni Mohamed Yessine Soufi Hanen Amraoui
C0895,F1477,04/2021,HIPPOCRATES,Dhafer Ben Amor Rym Bedoui
C0896,F1478,04/2021,CBOT,Linda Riahi Bassems Lamouchi Hedi Manai
C0897,F1479,04/2021,SwitchAutomobile,Wajih tarsim Ahmed Fourati
C0898,F1480,04/2021,ija ndhayfek,Nassim Naimi
C0899,F1481,04/2021,General Computing Solutions Company,Lokmen Rojbeni Hajer Rojbeni
C0900,F1482,04/2021,Particulier,Wael Boubaker
C0901,F1483,04/2021,Go switch,Marwa Setti Med Aziz Setti
C0902,F1484,04/2021,InBox,Sana Khadhraoui Adam Ben mokded Aymen Yanoubli
C0903,F1485,04/2021,Gestion Environnementale,Awes Ferchichi Fahmi Missaoui
C0904,F1486,04/2021,ReMotion,Ahmed Nabli Moez Lachneb
C0905,F1487,04/2021,AvatarBooking,Slim Ben Yedder Ridha Alouani
C0906,F1488,04/2021,Shwoppy,Ikram Aloui Karim Aloui Yosr Aloui
C0907,F1489,04/2021,Educanet Tunisia,Anis Arbia
,F1490,05/2021,WeRebase,Ghaleb Ben Ali Karim Daghari
C0908,F1491,05/2021,G.A.J,Leila Marzoug Skander daas
C0909,F1492,05/2021,GROW IT YOURSELF,Moez Farhat Mohamed Amine Youssef Ilyes Saidani
,F0868,05/2021,EMNA HUSSEIN,Emna Hussein
C0910,F1493,05/2021,almourabi e-learning,Mourad Gabsi Aya Drissi
C0911,F1494,05/2021,Soul & Planet,Fatma Midani Mehdi Achour Touhami Midani
C0912,F1495,05/2021,Lakadimia,Tarek Gasmi Karim Ettabaa
C0913,F1496,05/2021,Laevitas,Hassen Naas Amine Massaabi Rassil Rhouma
C0914,F1497,05/2021,SESAMm,Pierre Rinaldi Sylvain Forte Florian Aubry
C0915,F1498,05/2021,invented technology,Mohamed Bayouli Emna Ben Jeddi
C0916,F1499,05/2021,CAMPUSNA,Neila Alya Benzina
C0917,F1500,05/2021,DIGI-TECH,Houssein Midouni
C0918,F1501,05/2021,MediaMax,Yassine Boumaiza Oussama Bel Hadj Ali
C0919,F1502,05/2021,Reserv,Sonia Hafaiedh Anissa Hafaiedh
C0920,F1503,05/2021,Hémisphère,Aymen Aouadi Malek Ben Yedder Motaz Marzouki Khaled Mejbri
C0921,F1504,05/2021,INOVA WIRELESS,Mohamed Tlich
C0922,F1456,05/2021,WimbeyondAnalytica,Neila Benzina
C0923,F1505,05/2021,Smarketyrs,Mohamed Bahri Hayet Rais Jeremy Rochot
C0924,F1506,05/2021,SOFI,Kaies Tarres Mohamed Tarres Soumaya Tarres
C0925,F1507,05/2021,Investhune plus,Wael Hassen Ala Eddine Hassen Malek Chaabane Mohamed Amine Berguiga
C0926,F1508,05/2021,forsaty,Mohamed Slimeni
C0927,F1509,05/2021,Hubs,Khaled Chiboub Mohamed Hamlaoui
C0928,F1510,05/2021,CRABHOUSE,Karim Hammami Mohamed Amine Battikh
C0929,F1511,05/2021,Sté MASPET,Arselene Rouatbi Ridha Rouatbi
C0930,F1512,05/2021,3D real,Ahdi Hidri Youssef Chatti
C0931,F1513,05/2021,Digital group performance,Hatem Ben Brahim
C0932,F1514,05/2021,Valet Hosting,Emine Meherzi Amina Trigui
C0933,F1515,05/2021,Only recommended stays .,Maher Guetary
C0934,F1516,05/2021,beeton,Bachir Tlemsani Wannes Bjaoui Lasad Tlemsani
C0935,F1517,05/2021,Impression 3D et fabrication des imprimantes 3D,Zayd Habbachi
C0936,F1518,05/2021,LE GROUPEMENT,Nizar Guidara Amira Aydi
C0937,F1519,05/2021,PETICHOU,Dhouha Bel Hadj Yahia
C0938,F1520,05/2021,Delifood,Lassaad Ben Rejeb
,F1521,05/2021,Carthachain,Mohamad Mouihbi Mahmoud Jebri
C0939,F1522,05/2021,Speedy,Omar Trabelsi Nidhal Sahraoui Achref Dawahi
C0940,F1523,05/2021,VB SMART,Amine Fourati Kamoun Rami
C0941,F1524,05/2021,Home Décor AR,Oussema Ksontini Yosri Kossontini Mariem Ben Maallem Abdel Majid Kessentini
C0942,F1525,05/2021,FUGLAB,Belgacem Negrini
C0943,F1526,05/2021,Beauty Addict,Chaima Ben Ayed Mehdi Triki
C0944,F1527,05/2021,Due to Data,Maha Mgaieth
,F1378,05/2021,Skills21,Hajer Kharrat Rami Mestiri Mohamed Khalil Liouane
C0945,F1528,05/2021,LEEVYA Communication,Wissem Bouguila Loïc Lafhej
C0946,F1529,05/2021,MIH STORE,Ibtihel Haddedi Skander Haddedi
,F1530,05/2021,UpKurs,Mohamed Ali Taoues Nidhal Jammali Selsebil Ben El Haj Sghaier
C0947,F1376,05/2021,SAHTICARE,Mohamed Taha Ben Mhenni Iheb Sahloul Saifeddine Ben Mhenni
C0948,F1531,05/2021,WE WORK STUDIO WWS,Tarek Berrehouma Mohamed Ben Rhouma
C0949,F1532,05/2021,Société NOVEL-TI,Zied LOUKIL Ferdouas MASMOUDI
C0950,F1533,06/2021,KOOL,Mohsen Ayari
,F1534,06/2021,DRYSEK,Amjed Teraa Elyes Said
C0951,F1535,06/2021,HYDROPEN TECHNOLOGIE,Tawfik Ben Hamadi Zied Boukhris Mourad Chaabane
C0952,F1536,06/2021,Seabex Middle East and Africa,Amira Cheniour Ines Hamida Taher Mestiri
C0953,F1537,06/2021,GO TO MATCH,Youssef Boumahdef Wissem Ata Khaled Hamila
C0954,F1538,06/2021,MARKET360DEGREES,Ghassen Selmi Amen Eddine Mili Houssam Jedidi Rene Sehi Joerg Funder Guenter Althaus
C0955,F1539,06/2021,B2B Tunisia,Mohamed Bechir Chniti Nedra Neffeti
C0956,F1540,06/2021,Agritable,Hajer Siala Sophiene Jebabli
C0957,F0797,06/2021,Ghazela Technology,Anis Hachani
C0958,F1541,06/2021,GDTC,Haithem Cherni
C0959,F1542,06/2021,Kabylis,Oussama Romdhane Khalil Fakhfekh
C0960,F1543,06/2021,Dlilek,Moussa Tajouri Chourouk Attig
C0961,F1544,06/2021,robotdot,Mohamed Ghazi Baccouche Habib Gafsi
C0962,F1545,06/2021,Provectus,Kamel Jemli Dhia Jemli Monji Jemli
C0963,F1546,06/2021,AquaDeep,Mohamed Ben Ahmed Mohamed Youssef Chahed
C0964,F1547,06/2021,myCarCare,Rami Brahem Amani Bettaieb Ahmed Ben Yedder
C0965,F1548,06/2021,Cooptatio,Mohamed Ali BRINI Hayfa Ben Mohamed
C0966,F1549,06/2021,WIKI ACADEMY SA,Wassef Ben Ounis
C0967,F1550,06/2021,Mirva Intertnational Trading,Marwa Ferchichi Severin Judicael Mombembo
C0968,F1551,06/2021,Convergen,Sarah Lamine Mohamed Ali Aguel
C0969,F1552,06/2021,RED LION MATRIX,Marwane Arsslene Zribi Rhym Ben Ghazi Teja Kallel
C0970,F1553,06/2021,TEK4OFFICE,Ali Khelifi Khelifi Ibrahim
C0971,F1554,06/2021,Tunisia's Harvest,Nahla Elmi
C0972,F1555,06/2021,Escape Room Tunisia,Nadhmi Jourchi Narjess Derouiche
C0973,F1556,06/2021,Roost,Firas Raddadi Ghada Radadi Hatem Temimi
C0974,F1557,06/2021,KatYos,Yosra Arous Mahdi Arous
C0975,F1558,06/2021,JOBGATE,Angoud Houssem
C0976,F1559,06/2021,LE BISCUIT FONCTIONNEL,Neila Hafsia Seifeddine Memmiche
C0977,F1560,06/2021,DDC Tunis,Amin Dridi Hedy Jamoussi
C0978,F1561,06/2021,Inaya,Omar Ben Haj Said Mohamed Aouinet Walid Msallem
C0979,F1562,06/2021,Digital Deals,Mourad Sahloul S'himi Heni
C0980,F1563,06/2021,ALEXEER Dynamics,Mohamed Habib Chebbi
C0981,F1564,06/2021,Dolce Vita Overseas,Nour El Kamel Lilia El Kamel
C0982,F1565,06/2021,Lamikal,Anis Ben Slimane
C0983,F1566,06/2021,VirtoTrip,Zayane Mohamed Yassine
C0984,F1567,06/2021,SUCCESS STORY,Slim Zribi
C0985,F1568,06/2021,WeFix,Sabri Cheriha
C0986,F1569,06/2021,Sport Land,ADEL CHAARI
C0987,F1570,06/2021,EDU'COM,Mohamed Seddik Azzabi
C0988,F1571,06/2021,Digiflow,Ghassen Maalej Mohamed Limame Elie Zoghaib Mohamed Kadi
C0989,F1287,06/2021,SMART SPORTS,Oussema Dhaouadi
C0990,F1572,06/2021,NeoBionics,Monaam Ayachi Ikhlas Ayachi
C0991,F1573,06/2021,STE YAGRI,Yasser Belguesmi Dorsaf Bouallagui
C0992,F1440,06/2021,IH PAPRITECH,Ibrahim Jlassi Mohamed Belouaer Houssem Chaabani
C0993,F1446,06/2021,Eva Dam Technology,Souhail Msakni Sami Sghaier Ahmed Liouene
C0994,F1574,06/2021,Tunisian identity online,Karim Jebali Nader Chibani wael kassis
C0995,F1231,06/2021,STE KTN TRAFFIC,Mohamed Salah Zaggar
C0996,F1575,07/2021,Livrina,Mohamed Fares Ghodhbani
C0997,F1576,07/2021,Coart Container Creatif,Malek Maazoun Yassine Mseddi
C0998,F1577,07/2021,Hkeya w Ebra,Youssef Dridi Atef Boutara Yatim Omar Firas Ben Ghayadha
C0999,F1578,07/2021,DROBEE,Mayssa Karchoud Nadhmi Amara Aladin Khantouch Haytham Khemakhem
C1000,F1579,07/2021,Vital Tools,Yassine Bouchoucha Ali Babbou
C1001,F1580,07/2021,Ticketchainer,Sami Bouden Walid Karray Obeyd Melliti
C1002,F1581,07/2021,STE JUNIORS CV,Samy Jaidène Mayassa Fehaiem
C1003,F1582,07/2021,ELBIO,Sana Saadani Haythem Dridi Syrine Guettat
C1004,F1583,07/2021,Compaktor,Mohamed Amine Omrani Ali Mansour
C1005,F1584,07/2021,2BK Innovation,Mehdi Boudhraa Omar Khalfet
C1006,F1585,07/2021,Tiktak PRO,Zied Bouhejba
C1007,F1586,07/2021,TRUE DELTA,Henda Regaya Maher Hemissi
C1008,F1587,07/2021,Société JPARTENERS TUNISIE SUARL,Zied Jbali
C1009,F1588,07/2021,DORRY,Ellouze Fares
C1010,F1589,07/2021,RIBLUM,Hadded Malek Sara Bennour
C1011,F1590,07/2021,AREMA international,Zina Kobbi
C1012,F1591,07/2021,Pipeline Studio,Rami Rouini Amal Cherif Mahdi Ben khmis
C1013,F1592,07/2021,BORNTEQ,Mohamed Fekih-Romdhane
C1014,F1593,07/2021,Tunisia Home Staging,Malek Dey Daly Chahrazed Dey daly
C1015,F1594,07/2021,Goodif,Khawla Ben Mansour Mohamed Kadi Mohamed Limame
C1016,F1595,07/2021,ECOPOINT,Soua Salah Zoubeida Chaouch Najla Kacem
C1017,F1596,07/2021,Nat-Hub / Pikoro,Sabryn Hamrouny Khelifi Ahmed Ibrahim Sarray Mohamed Amine Jebali
C1018,F1597,07/2021,SMARTI'Z,Karim Amous
C1019,F1598,07/2021,Gold Queen,Afef Mkaoure Abir Mkawar
C1020,F1599,07/2021,GUISS,Akrem Belguith Tayeb Beb Ayed Fares Mallek Maher Marwani
C1021,F1600,07/2021,The English Lab,Rabeb Rezgui
C1022,F1601,07/2021,E-pharmacy,Zaineb Saadallah
C1023,F1602,07/2021,Levry Food,Mohamed Naim Boubtane Myriam Boubtane
C1024,F1603,07/2021,Mantouj,Bilel Amdouni Mohamed Ali Belajouza
C1025,F1604,07/2021,KOPRICE,Mohamed Taher Bouchahoua Juste Méthode Bocovo Inès Aichi
C1026,F1605,07/2021,StockPad,Mechria Rafik Tarek Hechmi
C1027,F1606,07/2021,HACHARA Novel Food,Nedra Kharbeche Sana Bourguiba
C1028,F1607,07/2021,Swavl,Yahya Touil Mathouthi Akrem
C1029,F1608,07/2021,Karhebti,Houssem Eddine Noamen Amdouni Mohamed Amine
C1030,F1609,07/2021,ELPERMIS,Mohamed Hedi Khanfir Abdennaceur Tarrouch
C1031,F1610,07/2021,Dokeni,Amine Abassi Mohamed El Abbassi Maher El Abbassi
C1032,F1611,07/2021,tnmarket,Rahma Ayadi Chokri Siala Yousra Ayadi
C1033,F1612,07/2021,IBANFIRST TN,Amira Hannachi Patrick Mollard Oualid Abderrazek
C1034,F1613,07/2021,TN Smartbot,Sofienne Mallek
C1034,F1614,07/2021,TN Smartbot,Assil Salah
C1035,F1341,07/2021,Istidama,Ahmed Slim Bouakez Khoubeib Tlili Zoubeir Zarrouk Mohamed Guenbri
C1036,F1444,07/2021,Mrcus Studio,Azzez Moatez Hamza Gassab
C1037,F1615,07/2021,STE LAVERIT H O,Hedi Hrigua Oussama Hlaoui
C1038,F1438,07/2021,Wassaloo Tunisie,Abdeljelil Lazaar Mustapha Guellaty Mohamed Zouhaier Zammel
C1039,F1456,07/2021,Wimbee Product,Neila Benzina
,F1546,07/2021,AquaDeep,Mohamed Ben Ahmed Mohamed Youssef Chahed
C1040,F1441,07/2021,KINDEAL EDUCATION,Mohamed Ali Shili Moez Hammami
C1041,F1375,07/2021,Société de Services pour les Organismes Solidaires,Mehdi Ben Abdallah Marwa Moula
C1042,F1616,07/2021,HAKEEMA Pour la Santé,Amr Bakr Sahar Awad Tamer Shawer
C1043,F1342,07/2021,Société ramzi de stock engineering et gestion de livraison,Ramzi Houidi Rim Harabi
C1044,F1547,07/2021,SAYARTICARE,Rami Brahem Amani Bettaieb Ahmed Ben Yedder
C1045,F1617,08/2021,MSS GROUP,Michela Lucifero Ottavio Lucifero
C1046,F1618,08/2021,ARTY COLLECTION,Ymen Matri
C1047,F1619,08/2021,Smart Ecowico Technology,Ilyes mhiri Achraf Zorgati Mohamed Amine Chalbi
C1048,F1620,08/2021,TŪNIQ,Iman Masmoudi
C1049,F1621,08/2021,Facstore,Takoua Gharbi Aya Jallali
C1050,F1622,08/2021,Smart Factory Revolution,Jawhar Kobbi Omar Maalej
C1051,F1623,08/2021,istishara,Atef Azizi
C1052,F1624,08/2021,Tunisia market,Ibrahim Chouikh Abdelfattah Lahbib Abdelhamid Guinoubi Ahmed Ettoumi Laila Balti
C1053,F1625,08/2021,Hayat Tech,Mohamed Amine Bensalem Mohamed Kharrat Ahmed Yassine Bensalem Habib Mestiri
C1054,F1626,08/2021,SkyRanger,Chedhli Hafien Ramzi Bouzaiene Mokhtar Hafien
C1055,F1627,08/2021,Food lab belarabi,Jihene Chouiref Rasha Chwiref
C1056,F1628,08/2021,Softbook,Marwen Khouaja Houssem Miled Hedi Miled
C1057,F1629,08/2021,Bridge Technology,Hafedh Barhoumi
C1058,F1630,08/2021,EMISERV,Slim Mahrsi Mahdi Truki Walim JRIBI
C1059,F1631,08/2021,BOOSTENO TUNISIE,Mohamed Ismail Mesbeh Mohamed Amine Jarraya Maher Tlili Khalil Cherif
C1060,F1632,08/2021,Signalétique intelligente / Thor System,Mohamed salah Nachi Malek Redissi
C1061,F1633,08/2021,Learnygo,Samir Zabi Mohamed Essid
C1062,F1634,08/2021,Herbéos,Maroua Ben Ali Mohamed Yassine Soussi
C1063,F1635,08/2021,Taxiora Pub,Walid Saadaoui Khaled Benlatrach
C1064,F1636,08/2021,The Bridge,Youssef Hammami Bassem Thabti
C1065,F1637,08/2021,Talasin,Majdi Ben Farhat
C1066,F1638,08/2021,Freeman,Khalil Hamdi Mohamed Dridi
C1067,F1639,08/2021,ECOclicko,Nissaf Sleymi
C1068,F1640,08/2021,C'mind,Maher Zahar Sabri Barbaria
,F1613,08/2021,TN Smartbot,Sofienne Mallek
,F1614,08/2021,TN Smartbot,Assil Salah
,F1641,08/2021,Birou Suite,Chaibi Alaa Boumiza Imen
,F1642,08/2021,Lait Espoir,Hayfa KHALFAOUI
C1069,F1381,08/2021,SUPREMCLOUD TECHNOLOGIES,Khaireddine Mejri
C1070,F1435,08/2021,ASQII,Adel Hamdi
C1071,F1643,08/2021,JPARTNERS TUNISIE,ZIED JBALI
,F1337,08/2021,BAKO MOTORS,Boubaker Siala Rached Ben Hmadou Mahmoud Siala
C1072,F1429,08/2021,Rebound Dev,Zied Dahmani Amen Allah Dahmani
C1073,F1644,08/2021,STE SAMM TEST & AUTOMATION,MOHAMED ANANE Sofiene Grati AMOR MEGADMINI MAHDI KAMOUN
C1074,F1645,09/2021,TADREEX,Nizar Chelly Zied Zmantar
C1075,F1646,09/2021,Urban Green,Malek Hamouda Hamed Baltagi
C1076,F1647,09/2021,Unify,Abdelhalim Zaibi Ahmed Ben Mahmoud Wael Gargouri Adam Boulila
C1077,F1648,09/2021,Smartfleet,Ilyes Belhaj
C1078,F1649,09/2021,CUIDA,Kamel Sanai Yousri Filali Majdi Sidaoui Farhat Akrout Houssem Eddine Sanai Walid Zaghdoud Amel Saif Ennasser Ameni Jebahi Asma Ben Abdallah
C1079,F1650,09/2021,CAIRUS DIGITAL BUSINESS CENTER,Basma Yacoubi Oussema Yacoubi
,F1651,09/2021,GARK,Haithem Besghaier Amine Gongi Mohamed Taha Jemmali
C1080,F1652,09/2021,Pivlo,Hamadi Ben Slimane Mosbehi Mohamed Montassar
C1081,F1653,09/2021,D-SIGNALITIQUE,Jawhara Ben Aissa
C1082,F1654,09/2021,DIGITAL DRINA,Ramzi Hmani Leila Slim
C1083,F1655,09/2021,Jibheli,Boubaker Tilouche Ibtihel Kochat Habib Jrad
C1084,F1656,09/2021,Meducol,Amine Zgarni Bassem Dahmani Sarra Bahrini
C1085,F1657,09/2021,Delivery,Habib Miladi
C1086,F1658,09/2021,Promo alert,Marwen Ferchichi Ghassen Cherif
C1087,F1659,09/2021,Mosta9bli,Mounir secrafi Elyes Chihaoui
C1088,F1660,09/2021,NETOX,Lynda Belhadj Lina Belhadj Jihene El Ouakdi
C1089,F1661,09/2021,Baazar,Fatma Abou el hija ghassen ksouri
C1090,F1662,09/2021,STAGGY,Wathek BenFradj Sarra Mannai Eya Chebili
C1091,F1663,09/2021,YARAKA PROTEIN,Bassem Louati
C1092,F1664,09/2021,Mediterranean Advanced Marine Engineering,Abdelkader Mahmoud Zied Manai
C1093,F1665,09/2021,La Beylicale,Mehdi Hamrouni Khalil Agrebi Imen Guezguez
C1094,F1666,09/2021,SOSADRESSE.COM,Mohamed Jawher Hamed Bellahssen Bellili Syrine Rhoùma
C1095,F1667,09/2021,iziclaim,Ghassen Sghaier Senda Akili Mohamed Habib Sghaier
C1096,F1668,09/2021,Kiné Plus,Rahma Dakhli Amal Mejri Boutheina Boughanmi
C1097,F1669,09/2021,SHYK,Mohamed Nathan Fenina Nadia El Jed
C1098,F1545,09/2021,Provectus Technology,Kamel Jemli Dhia Jemli Monji Jemli
,F1445,09/2021,DIGITIN,Aymen Bergaoui
C1099,F1449,09/2021,STE PERSAVIA,Hichem Mokni Foued Elkamel
C1100,F1670,09/2021,EdTrust,Fatma Abou El Hija Ahmed Maalej
C1101,F1671,09/2021,REDUP,Med Amir Lahmar
C1102,F1432,09/2021,STE Vizmerald,Bassem Seddik
,F1672,09/2021,Cooptatio,Mohamed Ali Brini Hayfa Ben Mohamed
,F1507,09/2021,Investhune plus,Wael Hassen Ala Eddine Hassen Malek Chaabane Mohamed Amine Berguiga
C1103,F1673,09/2021,Analytix YS,mariam ouanes Ahmed Becha Ines El Ayeb Amine Gara
C1104,F1379,09/2021,FIVE DELIVERY,Sinda Bououn
C1105,F1585,09/2021,WELINCO,Zied Bouhejba
,F1589,09/2021,RIBLUM,Hadded Malek Sara Bennour
,F1674,09/2021,DIMAZINA,Hajer Sahnoun
C1106,F1675,10/2021,Tajrabti,Akram Bouslama
C1107,F1676,10/2021,BaBa Ali,Hichem Chelbi
C1108,F1677,10/2021,Pwn & Patch,Rim Ben Brahim Oussama Lessis
,F1340,10/2021,Byessa.com,Mohamed Slim Mansouri Asma Saidi
C1109,F1678,10/2021,Ground Transportation Business Management Suite,Kamel Alouani Jacer Omri
C1110,F1679,10/2021,Limonade Technologies,Aymen Sakka
C1111,F1680,10/2021,Domicilier.tn,Aymen Mokadem Haykel Ben othman
C1112,F1681,10/2021,Tagamuta Valley,Syrine Elaydi Ahmed Gammoudi
,F1682,10/2021,Makerfy,Hani Hamrouni David Di Majo
C1113,F1683,10/2021,Pure Beauty Labs,Yassine Zrelli
C1114,F1684,10/2021,Ijeni,Safi Eddine Negra
C1115,F1685,10/2021,JURIDOC,kais Assali Mohamed Ali Belajouza Maya Boureghda Anis Wahabi
C1116,F1686,10/2021,Faza.tn,Zahra Jenane
C1117,F1687,10/2021,bmoov,Ghassen Chattouna
,F1688,10/2021,Chill&Lit,Fares Kotti Makrem Kotti
C1118,F1689,10/2021,Storzy (Myairstorage),Samer Ouerfelli Yazid Ouerfelli
C1119,F1690,10/2021,BIESSA AUTO,Sahli Sonia Ahmed Sahli
C1120,F1691,10/2021,Bartita,Bochra Bouchhima Said Mseddi Abbes Mseddi
C1121,F1692,10/2021,Quiz Mentor,Amelle Homrani Hayfa Hosni
C1122,F1693,10/2021,WaveOn,Houssem Ouali
C1123,F1694,10/2021,Avoconsulte,Alaa edinee Ben Mbarek Nahdi Ali
,F1669,10/2021,SHYK,Mohamed Nathan Fenina Nadia El Jed
C1124,F1695,10/2021,VOLUS,Wissam Siblini Gilbert Fakhoury
C1125,F1696,10/2021,aivataria,Anis Mzali Mohamed Ali Belajouza Youssef Boufaied
C1126,F1697,10/2021,Digipages,Anis Touibi
C1127,F1698,10/2021,INNOV'ALGUE,Myriam Belgacem
C1128,F1699,10/2021,chendir,Aymen Yahmed Khalifa Haythem Ines Yahmed Bassem Rejeb
C1129,F1700,10/2021,Litteuls,Abir Barket Sofiene Msadek
C1130,F1701,10/2021,Tawelti,Nader Ben Cheikh Brahim
C1131,F1702,10/2021,SNO,Ismai Benmiled Walid Ksouri
C1132,F1703,10/2021,CHLOROFIN,Riadh Chabchoub Abir Chabchoub
C1133,F1704,10/2021,Guya Gang,Marwa Zitouni Mahdi Houli
C1134,F1705,10/2021,i-mouzika,Amine Dimassi Sinda Daghfous
C1135,F1706,10/2021,TIKA CLUB,Mohamed Sadok Krifa Mohamed Karim Kechalfi
C1136,F1707,10/2021,Hemileco-Plast,Nour Ouertani
C1137,F1708,10/2021,Organic City,Ahmed Ben Jmeaa Hela Alaya Mouadh Dridi
C1138,F1709,10/2021,The Hub Coworking,Mohamed Ali Rekik Rafik Rekik
C1139,F1710,10/2021,D-carte,Fourat Ouerghemmi
C1140,F1711,10/2021,Wassali,Amine Kallel Firas Gargouri
C1141,F1712,10/2021,Artalk,Fatma Ezzahra Maatoug Asma Aloui Arij Jemai Mohamed Amine Jalel
C1142,F1713,10/2021,Log'In,Ahmed Riza Meriem Sendy
C1143,F1450,10/2021,PROTABAR COM,Walid Trabelsi
C1144,F1544,10/2021,ROBODOT,Mohamed Ghazi Baccouche Habib Gafsi
,F1434,10/2021,Décotis,Meher Hedhli Mohamed Barki
C1145,F1428,10/2021,Les Ateliers de Yallaa,Rania Werda
C1146,F1427,10/2021,Z-Partners,Maher Zaanouni
C1147,F1437,10/2021,Click and Win,Firas Yousfi Abdessalem Bazine Mehdi Maalawi
C1148,F1439,10/2021,WASSALNI EXPRESS,Hajer Romdhani Hafedh Ben Abdelhafidh
C1149,F1436,10/2021,DIGIZONE,Khaled Mediouni Mohamed Haythem Goddi
C1150,F1714,11/2021,BIONESSANCE,Nour Ben Ezzeddine Emel Habbej
C1151,F1715,11/2021,Festin/Vetcare,Lamine Bouzguenda Khellil Bouzguenda Sarah-Tatiana Bouzguenda Mestiri Faouzi Rania Ben hassine
C1152,F1716,11/2021,WorkPoint / X-Point,Amira Hasnaoui Montassar Bach Ouerdiane
C1153,F1717,11/2021,"""Ahyini""/ développé par la société CBM-EE (nom commercial : cbm eearning)",Afef Letaief Salem Oun Seif Dormek
C1154,F1718,11/2021,Livestore,Moalla Habib Habib Baaboura Moez Taïeb
C1155,F1719,11/2021,e-health.tn,Sarah Ben Slimene Kirmene Marzouki
C1156,F1720,11/2021,Xchange Advisor,Mohamed Belghith Younes Mabrouk
C1157,F1721,11/2021,Chosa,Walid Mansia
C1158,F1722,11/2021,InspireTech,Moez Kazdaghli Anis Trigui Mohamed Maatoug Amine Mahdhi
,F1723,11/2021,GARANTY,Mustapha Messaoudi Mourad Boubaker
C1159,F1724,11/2021,Myflix,Haythem Dridi Imen Ben Fradj Inès Bourgou Saber Ben Khaled
C1160,F1725,11/2021,Rouet,Rafik Aouem Haykel Ben Othman
C1161,F1726,11/2021,Coachini,Sawsen Dhifallah Lotfi Mzoughi
C1162,F1727,11/2021,Farkito,Omar Kennou Ali Frad Mohamed Guirat Nada Hadrich
,F1728,11/2021,Hello Dati,Nizar Hamdi
C1163,F1729,11/2021,Smart Detection,Manel Elleuchi
C1164,F1730,11/2021,LegalTech.tn,Maher CHAFII Ahmed Battikh Mourad Chafiaa
C1165,F1731,11/2021,Rezervini,Amine Slimene Mohamed Ghayadhi Mohamed Nabil Essefaihi
C1166,F1732,11/2021,Digital Health Services & Solutions,Houssem Ben Cheikh Riadh Dkhil Mariem Turki Maher Naouali Mona Khaled
C1167,F1733,11/2021,yosri ben salah,Yosri Ben Salah Ben Nasr Rayen Bydon Austin Nyimbiri Dridi Chafik Kais Chihaoui
C1168,F1734,11/2021,Vardoc,Raafat Hamdi Amine Selmi
C1169,F1735,11/2021,Halonursery,Amira Dabbous
C1170,F1736,11/2021,IGREEN,khaled Bachtobji Semah lachheb
C1171,F1737,11/2021,SOLFA,Rim Attia Cabinet d'orthoprie Ahres
C1172,F1738,11/2021,PICTUS CO,Mohamed Mosbehi
C1173,F1739,11/2021,TAMMANI,Rim Debbich Elyes Chakroun
C1174,F1740,11/2021,BOXSTAGE,Mehdi Ghandri Moez El Methni Sami Zoghlami
C1175,F1741,11/2021,Biocare Health,Sabri Rabhi
C1176,F1742,11/2021,Zriba SPA Thermoludism & Wellness,Ali Labiadh
C1177,F1743,11/2021,Falta cycling,Lassad Lounis Emna Bellagha
C1178,F1744,11/2021,MC SCALE UP,Cheima Ayachi
C1179,F1745,11/2021,Thbet behi,Mohamed mehdi Gharbi
C1180,F1746,11/2021,New Derby,Hamdi Ammari
C1181,F1747,11/2021,Funڨi,Soumaya Boudagga
C1182,F1748,11/2021,FranchiseLab,Mohamed Amin Kallel Aymen Feriani Hamdi Coura Akrem Rmili
C1183,F1749,11/2021,ebniecolo.tn,Dorra Ismail épouse Dellagi
C1184,F1750,11/2021,Elastic-Solutions,Abdelmonam Kouka Ayed Akrout
C1185,F1751,11/2021,EASYSHIP,Wael Zariat Mohamed Amine Torkhani
C1186,F1752,11/2021,RAJJA3 FLOUSSEK,Riadh HILI Chaima Khalfaoui
,F1697,11/2021,Digipages,Anis Touibi
,F1651,11/2021,GARK,Haithem Besghaier Amine Gongi Mohamed Taha Jemmali
C1187,F1753,11/2021,DORRY BIO,Fares Ellouze
C1188,F1508,11/2021,S S S INNOVATION,Mohamed Slimeni
,F1754,11/2021,flexiolar,Hamdi Kardough Ben Salem Chayma Farrah Marwa
C1189,F1504,11/2021,Luceor Labs,Mohamed Tlich
C1190,F1623,11/2021,Proway CONNECT,Atef Azizi
,F1690,11/2021,BIESSA AUTO,Sahli Sonia Ahmed Sahli
C1191,F1755,12/2021,Business Computer Services,Tarek Debara Aissa Boulila Issam Ghdiri
C1192,F1756,12/2021,Koofin.co,Abdellaziz Boujbel Molka Khemir Monia Boujbel
C1193,F1757,12/2021,LoxBox Services,Mohamed Riadh Hamama Helmi Selmi Henda Hamama
C1194,F1758,12/2021,ALGAEPOOL,Taieb Nemissi Dominique Delobel
,F1759,12/2021,Shwoppy,Ikram Aloui Karim Aloui Yussr Chaouach
C1195,F1760,12/2021,TUNISIE ENCHERE,Yassine Jebir
C1196,F1761,12/2021,Koors,Mehdi Ben Abi Zid
C1197,F1762,12/2021,Shotime,Souhail Berhouma Eya Kochta Saifeddine Berhouma
C1198,F1763,12/2021,allcarta,Khalil Jebeniani Ahmed Omar Miladi
C1199,F1764,12/2021,Care-Up,Adam Marzouki Emna Graja
C1200,F1765,12/2021,lexi,Wael Ben Echikh chadli Ouhichi
C1201,F1766,12/2021,On hand Apps,Foued Amiri Malek Amiri
C1202,F1767,12/2021,ZID.tn,Iheb Souilem
,F1768,12/2021,DRACOSS,Amen Allah Souli Amal Bououd
C1203,F1769,12/2021,mramma.tn,Akram Bsila Marwen Ben Mzoughia Nizar Said
C1204,F1770,12/2021,Data For Brands,Myryam Toukabri Idris Bachali losada Abir Chérif
C1205,F1771,12/2021,Karni,Afef Belhadj Mahmoud Hachicha Mohamed Amine Boussarsar
,F1772,12/2021,FIDNESS,Ahmed Najjar
C1206,F1773,12/2021,arsek dripbox,Mohamed Haj Abdallah Kais Oueslati
C1207,F1774,12/2021,Génération de l'hydrogène vert et son application aux stockage et conversion d'énergie,Bilel Gassara Kais Jamoussi Nabil Kechaou Mounir Trabelsi Fatma Mellouli
C1208,F1775,12/2021,Skanit,Abdelkarim Rahal Nada Dkhil
C1209,F1776,12/2021,Secret Sucré Kids,Sana Abid Mohamed Amine Mhiri
C1210,F1777,12/2021,Revampr,Firas Ben Abid Marwen Sallem Adnen Saadaoui Adnen Somai
C1211,F1778,12/2021,E-Fair,Mahdi Gargouri Hana Fersi
C1212,F1779,12/2021,LeTakeAway,Mohamed Bilel Fitouri
C1213,F1780,12/2021,Arkan,Hassen Marzouk Tarek Marzouk
C1214,F1781,12/2021,AIFOG,Bassem Hadjkacem Hanen Hadjkacem
C1215,F1782,12/2021,Evidens,Zied Jayari
C1216,F1783,12/2021,Baddal,Fares Zouari Ibtihel Fekih
C1217,F1784,12/2021,Smart cube store,Taher Ben Hammamia Seif Eddine Charada
C1218,F1785,12/2021,GreenEdge,Sahbi Mallouli
C1219,F1786,12/2021,Polygone-learning,Adel Hamdi Amel Hamdi Ahmed Massaoud Dhia Daly Imen Bouzidi Hiba Bakaka
,F1787,12/2021,فرید حول العالم,Rafik Jaballah
C1220,F1788,12/2021,Pixii motors,Anis Fekih Wafa Dhifi Med Aymen Chebbi
C1221,F1789,12/2021,julapi,Mohamed Mokrani Soufeya Ben Ezzdine
C1222,F1790,12/2021,Innovant Screen Flex,Bilal Nsib Aymen Fezai
,F1791,12/2021,Arty,Bilal Nsib Mohamed Amine Maiz Aymen Fezai
C1198,F1763,12/2021,allcarta,Khalil Jebeniani Ahmed Omar Miladi
,F1728,12/2021,Hello Dati,Nizar Hamdi
C1223,F1543,12/2021,Dlilek Network,Moussa Tajouri Chourouk Attig
,F1727,12/2021,Farkito,Omar Kennou Ali Frad Mohamed Guirat Nada Hadrich
C1224,F1691,12/2021,KIDZOOLINK,Bochra Bouchhima Said Mseddi Abbes Mseddi
,F1732,12/2021,Digital Health Services & Solutions,Houssem Ben Cheikh Riadh Dkhil Mariem Turki Maher Naouali Mona Khaled
C1225,F1443,12/2021,DEV and DATAOPS,Charef Ahmed Anas Charfi
C1226,F1792,12/2021,STE NIWEES TUNISIA,Abdallah NAJAH Hamza MEHRI Sofienne LASSOUED Boubaker KHALFAT Nour BOUYEDDA Mahassen MAHFOUDH Mohamed NAJAH
C1227,F1793,12/2021,"Embedded Solutions and Adcanced Technology ""E.S.A.T""",Mohamed SELLAOUTI
,F1794,12/2021,Datavision,Skander Amor Borhen Jlidi
,F1795,12/2021,wireless services,Majdouline Mansour Majed Jabri Sahbi Mansour
,F1796,12/2021,WareCom,Hamza SAIDI Nour ABBOUS Ali SAIDI
C1228,F1797,12/2021,We Code,Montasar Zaroui Mannai Karim
,F1798,12/2021,Vsober,Mohamed ala eddine Ben trad Syrine Boudriga
C1229,F1799,01/2022,RAIS / SMART QUALITY GATE,Asma Reghimi
C1230,F1800,01/2022,Kinko,Bilel Barouni Noureddine Ben Tahar Mohamed bilel Kedidi Atef Turki
,F1801,01/2022,KatYos,Yosra Arous Leila Bennasr Mahdi Arous
C1231,F1802,01/2022,Lavocato,Khelifi Ali Khelifi Ibrahim
C1232,F1803,01/2022,ArtForNess,Ines baccouche Aziz Baccouche
C1233,F1804,01/2022,GoPayzi,Marouan Omezzine Houssem Charfi Khalil Zahouani
C1234,F1805,01/2022,Above Creation,Ahmad Melki Houssem Othmeni
C1235,F1806,01/2022,Tomobile Store,Hamdi Ammar Fakhreddine Menzli
C1236,F1807,01/2022,Ostool,Ahmed Adnene Aissi Khameis El Hichri Mehdi Maadi Walid Ben Ali
C1237,F1808,01/2022,Karriery,Halim Boussada Samy Ben Chaalia
C1238,F1809,01/2022,PolyPath HealthTech Company,Karim Kachouri Salem Abdessalem Mohamed Zegdene Nejah Ben Nasrallah
C1239,F1810,01/2022,Iysaal,kawther Mouelhi Mahfoudh Aouichri Haddad Rafik
C1240,F1811,01/2022,Survey Fibre & Civil,Hichem Boussetta Jamel Hassine Zohra Neffati Monji Haddad
C1241,F1812,01/2022,Tryppy,Mohamed Amine Mzoughi Yassine Kardoun Skander Saidi Guesmi Marwen
,F1813,01/2022,Deepth,Hamdi Mustapha Bouchra Abdallah
C1242,F1814,01/2022,maginater,Madani Moutaa Bilel Bilelbasly
,F1815,01/2022,Hayat Tech,Mohamed Amine Bensalem Mohamed Kharrat Ahmed Yassine Bensalem Mestiri Habib
C1243,F1816,01/2022,ZNet-IT,Yassin Guirat
C1244,F1817,01/2022,Sté Carcoliva,Hassen Krid Ibrahim Hachicha Khalil Zouari Moez Krid Bassem Ayadi Soufiane Saddoud
,F1520,01/2022,Delifood,Lassaad Ben Rejeb
C1245,F1818,01/2022,Birdhouce,Ramzi Chahin
C1246,F1819,01/2022,H2S,Amin Haddad
C1247,F1820,01/2022,Pharmadis,Fares Zarrouk Hatem Zarrouk
,F1821,01/2022,Hémisphère,Aouadi Aymen Malek Ben Yeder Firas Ben Hamida
C1248,F1822,01/2022,Rewav,Adnene Ayed Hatem Ksouri
C1249,F1823,01/2022,IPOLY STUDIO,Seifeddine El Ayeb El Ayeb Houssem Eddine
C1250,F1824,01/2022,LOCA BNB,Bassem Almarzouki
C1251,F1825,01/2022,Dawyny,Ridha Mahjoub
C1252,F1826,01/2022,AgroGrowth,Sami Arfaoui Mohamed Takieddine Chabchoub Arij Ben Abid Omri takwa
C1253,F1827,01/2022,Fluffy Food,Fedia Ayari Fida Ailaoui
C1254,F1828,01/2022,Skillias,Ahmed Ayadi Yosr Ksontini Ahmed Sebai Nedra Khelil Khemaies Ahmed
C1255,F1829,01/2022,DJubatusR,Houssem El Abed Ali Bayoudh
C1256,F1830,01/2022,Evoo,Mohamed Gorrab
C1257,F1831,01/2022,Agazone,Boussaidi Mohamed
C1258,F1832,01/2022,ActivXtract,Sonia El Fekih Faouzi Zaghbib Amine Zaghbib
C1259,F1833,01/2022,CORADASH,Sameh Souissi Nour Elimene Essid Radhouene Bousnina Marah Bouzaida
C1260,F1669,01/2022,Shyk Voyage,Mohamed Nathan Fenina Nadia El Jed
C1261,F1834,01/2022,STE DINEOMED SOLUTIONS,Kamel Sanai Yousri Filali Majdi Sidaoui Farhat Akrout Houssem eddine Sanai Walid Zaghdoud Amel saif ennasser Ameni Jebahi Asma Ben Abdallah
C1262,F1586,01/2022,AI REC,Henda Regaya Maher Hemissi
C1263,F1652,01/2022,Pivlo Technologies,Hamadi Ben Slimane Mosbehi Mohamed Montassar
,F1815,01/2022,Hayat Tech,Mohamed Amine Bensalem Mohamed Kharrat Ahmed Yassine Bensalem Mestiri Habib
C1264,F1647,01/2022,SOCIETE CREATOR HUNTER,Abdelhalim Zaibi Ahmed Ben Mahmoud Wael Gargouri Adam Boulila
C1265,F1835,01/2022,Géo Solutions Technologie,Nesria LEHIANI
C1266,F1836,01/2022,Expensya Tunisie,Karim Jouini Jihed Othmani
,F0145,01/2022,Fouta Tunisia,Beldi Zied
,F1837,01/2022,BYEISSA,Ahmed ELMI Mohamed Jbalia Souhaib Rejeb Wajdi Tayachi
,F0915,02/2022,Tela,Chaima Chaouachi
,F1772,02/2022,FIDNESS,Ahmed Najjar
C1267,F1838,02/2022,Nqollek Haja,Yasmine Ansari
,F1568,02/2022,WeFix,Sabri Cheriha
C1268,F1839,02/2022,Trivaw,Houssem Eddine Ben Smida Awatef Rebhi
C1269,F1840,02/2022,Kumulus,Iheb Triki Mohamed Ali Abid Nouha Abroug
,F1841,02/2022,Win now,Nesrine Welhezi Nizar Welhazi
C1270,F1842,02/2022,Kiddo,Ahmed Jemaa Ines Rahrah
C1271,F1843,02/2022,Qr Menu,Nour Kraiem Sirine Kraiem
C1272,F1844,02/2022,Foodoo.tn,Sonia Othman Houssem Sahli
C1273,F1845,02/2022,Clic to know,Zied Teber Nejmeddinne Sakly Houssem Chkioua
C1274,F1846,02/2022,NEFEL EDUCATION,Amira Guermazi Abdeljelil Lazaar Bashar Kamel Lazaar
C1275,F1847,02/2022,VIRIBUS CENTER,Houssem Sliti Ahmed Laamouchi
C1276,F1848,02/2022,SAFE STUDENT,Meriem Bel Haj Mohamed Hajer Mzoughi Eya Bel Haj Mohamed
C1277,F1849,02/2022,Tunifund,Mustapha Bouarrouj Kathleen White
C1278,F1850,02/2022,Stile.ai,Mohamed Kallel Achraf Chabbouh Amel Aloulou Sahar Ben Mabrouk Rateb Jabbar Ahmed Ben Said
C1279,F1851,02/2022,Digix,Amir Trigui
C1270,F1842,02/2022,Kiddo,Ahmed Jemaa Ines Rahrah
C1280,F1726,02/2022,STE COACHINI,Sawsen Dhifallah Lotfi Mzoughi
C1281,F1852,02/2022,SECRET SUCRE KIDS,Sana Abid Mohamed amine Mhiri
C1282,F1729,02/2022,WEDTECT,Manel Elleuchi
,F1770,02/2022,Data For Brands,Myryam Toukabri Idris Bachali losada Abir Chérif
C1283,F1853,03/2022,DeepVolt,Karem Chatti Tarek Keskes
C1284,F1281,03/2022,FINBUDD,Ons Bouali
C1285,F1854,03/2022,smic,Seifallah Ben Ismail Riadh Ben Salem Selim Benaoun
,F1855,03/2022,Meducol,Amine Zgarni Sarra Bahrini Bassem Dahmani
C1286,F1856,03/2022,LOGIMES,Mohamed Louati Taha Knani Abdeljalil Trabelsi
C1287,F1857,03/2022,Water4all,Selim Ben Salem Malek Fendri Aziz Ben Nejma Mohamed Hassan Aziz Gafsi
C1288,F1858,03/2022,CRAWN,Wissal Farjallah Lotfi Ben Romdhane Lotfi Ammar Souad Dziri
C1289,F1859,03/2022,SMARTOOLS,Talel Chaouch Wajih Abdelhedi Badii Gharbi
C1290,F1860,03/2022,ecn.tn,Rami Ben Mhenni Kais Kharroubi Yosr Belghith
C1291,F1861,03/2022,StyleLinker,Hamza Mansour Oussema Chemingui
C1292,F1862,03/2022,Atlas Security Tunisia,Slim Benkadhi
C1293,F1863,03/2022,Pineapple Studio & Shop,Dhouha Mechergui
C1294,F1864,03/2022,Start Line Skills,Haythem Ben Yahia
C1295,F1865,03/2022,Chatbot.tn,Mohamed Amine Landolsi Wiem Ben Othmen
C1296,F1866,03/2022,Relead,Hadhami Rjiba Rayen Cherni
C1297,F1867,03/2022,TUILABS,Nizar Jeridi Sameh Taktak
C1298,F1868,03/2022,Marinus,Montassar Dhiaf Souha Soussi
C1299,F1869,03/2022,Tunisie Bartering,Sabrine Beldi Rached Dridi
C1300,F1870,03/2022,Trigo,Sofiene Bouslimi Mohamed Charrada
C1301,F1871,03/2022,كرﺎﺟ / Jarek,Aicha Debaieb Oumaima Dadssi
C1302,F1872,03/2022,Meetart,Khaled Bouzayene Manel Yaakoubi Imen Yaakoubi
C1303,F1811,03/2022,Digital Fiber Solutions,Hichem Boussetta Jamel Hassine Zohra Neffati Monji Haddad
,F1873,03/2022,Avoconsulte,Alaa Edinee Ben Mbarek Nahdi Ali
,F1692,03/2022,Quiz Mentor,Amelle Homrani Hayfa Hosni
C1304,F1624,03/2022,Terminal22,Ibrahim Chouikh Abdelfattah Lahbib Abdelhamid Guinoubi Ahmed Ettoumi Laila Balti
,F1735,03/2022,Halonursery,Amira Dabbous
C1305,F1648,03/2022,Proxifleet,Ilyes Belhaj
C1306,F1874,03/2022,CAIRUS BUSINESS GROUP,Basma Yacoubi Oussama Yacoubi
C1307,F1775,03/2022,SKANIT DIGITAL SOLUTIONS,Abdelkarim Rahal Nada Dkhil
C1308,F1875,03/2022,Rythminno,Yosri Ben Salah Rayen Ben Nasr Bydon Austin Nyimbri Chafik Dridi Kais Chihaoui
C1309,F1876,04/2022,bqube,Mohamed Abed Bechiri Samy Mzali Mohamed Saidi
,F1877,04/2022,Lanterns,Jihed Jaouabi Nabil Braham Oussama Ben mariem
C1310,F1878,04/2022,SPOFUN,Mohamed Sadek Sassi Samiha Hamdi Farouk Laribi
C1311,F1879,04/2022,WAY CARE,Aymen Touhent Souha Mander Jamel Eddine Ben Aissa
C1312,F1880,04/2022,Finansya Ecosystem,Achref Sayadi
C1313,F1881,04/2022,VAL BIO DECHETS COMPOSITE,Mohamed Medhaffar Ghabri Siwar Raja Dhief Rabiaa Abdaoui Chefia Nasr
C1314,F1882,04/2022,INSTAWARE,Adnene Labidi Abir Labidi Sabri Bouzouita
C1315,F1883,04/2022,Digihunt,Ahmed Ismail Azzabi Wahiba Ben Fredj
C1316,F1884,04/2022,Digital work solutions,Amani Bouaziz Yousser Sabbagh Slim Dhahri
C1317,F1885,04/2022,INNOROV,Mohamed Aziz Boufaied Mohamed Khalil Mattar Khalil Selmane Yasmine Kerkeny
C1318,F1886,04/2022,Saptun l'ERP du futur,Mahmoud Siala
C1319,F0918,04/2022,Basket of art,Ahdi Hidri
C1320,F1887,04/2022,AB AUDIT,Walid Bouzouita
C1321,F1888,04/2022,Flouse,Hatem Chanoufi
C1322,F1889,04/2022,CG-Box,Abdelhedi Montassar Mohamed Triki
,F1890,04/2022,Taxiora Pub,Walid Saadaoui Khaled Ben Latrach
C1323,F1891,04/2022,Kasero,Maher Chekir Mohamed Amine Bellili Nouha Kourda
C1324,F1892,04/2022,Oostoora,Nour Tekaya Iskander Gafsi
C1325,F1893,04/2022,E-commerce Tunsia beauty,Hichem Boughdiri Bilel Ltifi Hamdi Adnan
C1326,F1894,04/2022,All Tounsi,Iliess Ajmi
C1327,F1895,04/2022,Parkey,Mehdi Romdhane Narjes Seffen Neirouz Seffen
C1328,F1896,04/2022,GOtrial,Ayoub Zemni
C1329,F1734,04/2022,VARWARE,Raafat Hamdi Amine Selmi
C1330,F1897,04/2022,Legaltech,Maher Chafii Ahmed Battikh Mourad Chafiaa
,F1693,04/2022,WaveOn,Houssem Ouali
,F1808,04/2022,Karriery,Halim Boussada Samy Ben Chaalia
,F1898,04/2022,InstaDeep,Zohra Slim Karim Beguir
C1331,F1899,05/2022,Palmotek,Mohamed Cherifi Rafik Jaballah
C1332,F1900,05/2022,AUZY,Abid Khouloud Ahmed Sahab Salma Ben Brahim Amine Belkacem
,F1901,05/2022,Baddal,Fares Zouari Firas Gazzah
C1333,F1902,05/2022,FINWEDGE MEA,Chaouki Charfeddine Delphine Monti
C1334,F1903,05/2022,Soledu,Abdelaziz Sifaoui Moahmmed Abu Sharekh
C1335,F1904,05/2022,Beenomi,Haifa Tlaila Ahmed Sassi Mohamed yassine Karaouli Tarek Loukil
C1336,F1905,05/2022,MONSAPO,Sabrine Chennaoui Aziza Ibn Hadj Hassine Amir Fourati
C1337,F1906,05/2022,Irbe7,Mannana Dbibi Anis Habibi Aymen Bouhlel
C1338,F1907,05/2022,EquiBooster,Farouk Bouzouita Saber Elabidi Nadia Sghaier
C1339,F1908,05/2022,Auto Sans Risque,Ali Koubaa Feryel Mechri Mohamed Koubaa
,F1909,05/2022,Bridge ITops,Walid Saad
C1340,F1910,05/2022,Fluoink Nanotechnologies,Ramzi Maalej Fakher Chabchoub Hanen Douiri Marwa Abid
C1341,F1911,05/2022,Bakourat,Oumaya Mejri Wassim Hannachi Asma Tezeghedenti
C1342,F1912,05/2022,Njano,Ons Hamza Houssem Aoudi Mayssa Mrabet
C1343,F1913,05/2022,womia,Ouissem Lahouar Anas Dogui Sabrine Aidi
C1344,F1914,05/2022,Vectors,Melek Jebnoun Sofien Chaabouni
C1345,F1915,05/2022,Staffiny,Zied Brahim
C1346,F1916,05/2022,Olivier Zone,Bilel Grindi Wafa Attia Anis Selmani Samir Benzineb
C1347,F0477,05/2022,LEDISON,Safa Bouhajar
C1348,F1917,05/2022,rdv B,Ghassen Ben Jmeaa Zied Allouch Mohamed Abdelkefi
C1349,F1918,05/2022,Le Lemon Tour,Nicolas Planchenault Célia Corneil Markus Breitweg
C1350,F1919,05/2022,minwin,Ines Borni Mohamed Choucheni Alaa Boukhchina
C1351,F1920,05/2022,TUNISIA BAITS,Ahmed Malek Marwen Mokdad
C1352,F1921,05/2022,Hayvan World,Ahmed Mahouachi Mokhtar Ben Amor Radhouane Kouki Mohamed Cherif
C1353,F1922,05/2022,Développement d'un biomédicament anti-obésité,Jannet Kamoun Ahmed Aloulou
C1354,F1923,05/2022,SimExperience,Mohamed Abichou
C1355,F1924,05/2022,We Talk Food,Jihen Chouiref Racha Chouiref
C1356,F1925,05/2022,Verdeline,Mohsen Mahdaoui
C1357,F1926,05/2022,DR.WELL,Walid Bayoudhi Mouna Chtourou Houda Msalmi
C1358,F1927,05/2022,KARIA,Kamel Nafsi Walid Sola
C1359,F1928,05/2022,ABC FORMATION,Sondes Amara Mohamed Mehdi Farhat
C1360,F1929,05/2022,Kardily,Badis Boujnah
C1361,F1930,05/2022,LearnySlide,Omar Dahmani Moez Kallel Sarra Bourehla Ferchichi Roua Manell Kamoun Olfa Ben Henda
C1362,F1931,05/2022,BOXI,Hamdi Hassine Mohamed Habib Hassine
C1363,F1932,05/2022,Digital Deals Group,Mourad Sahloul
C1364,F1933,05/2022,B2fine,Makrem Boughdiri Ramzi Hermassi
C1365,F1934,05/2022,Adeekt,Hafedh Abid Seif Ben Chaabene
C1366,F1935,05/2022,KTEB,Ferah Iyed Mohammed Fraj
C1367,F1936,05/2022,Carthago3D,Yahya Koudhai
C1368,F1937,05/2022,New Life Babies,Heni Mechichi Abderrahmen Ben Gdara
C1369,F1938,05/2022,Hawkar,Khadija Jallouli
C1370,F1939,05/2022,Rooly s,Montassar Ferjani Faten Mestikou
C1371,F1777,05/2022,REVAMPR INTELLIGENCE,Firas Ben Abid Marwen Sallem Adnen Saadaoui Adnen Somai
C1372,F1940,05/2022,IYSSAL AMENA,Kaouther Mouelhi Mahfoudh Aouichri Rafik Haddad
C1373,F1843,05/2022,Sophia software solutions,Nour Kraiem Sirine Kraiem
C1374,F1769,05/2022,STE MRAMMA TN,Akram Bsila Marwen Ben Mzoughia Nizar Said
C1375,F1731,05/2022,3M GLOBAL OPERATIONS ASSOCIATES,Amine Slimene Mohamed Ghayadhi Mohamed Nabil Essefaihi
,F1941,05/2022,Enova Robotics,Anis Sahbani Philippe Bidaud Christophe Grand
C1376,F1759,05/2022,Sté WEBCOMING,Ikram Aloui Karim Aloui Yussr Chaouach
C1377,F1942,06/2022,Cytekia,Moez Touil Mohamed Hamdi
C1378,F1943,06/2022,ERWINI,Thabet Esmail Mekki Bahri Ahmed Sghir
C1379,F1944,06/2022,DIGMACO,Anis Ben Arbia Abir Ben Arbia
C1380,F1377,06/2022,Lisssen,Khalil Zammeli Hosn el Oujoud Tebourski
C1381,F1945,06/2022,Comporoll,Ghalia Damak Mohamed Damak
C1382,F1946,06/2022,Abneam,Haythem Hamdi Amine Hamdi Seifeddine Hamdi Abdelbasset Ben Hnia
C1383,F1947,06/2022,Bakoo,Azza Dsouli
C1384,F1948,06/2022,LASERSEVEN,Mohamed Boudabbous
C1385,F1949,06/2022,E-Tafakna,Norchen Mezni
C1386,F1950,06/2022,khallasli,Chakchouk Khatib Houssem Sandli
C1387,F1951,06/2022,BIGDATIS,Ahlem Bouchahda Amine Fahem
C1388,F1952,06/2022,WiseVision,Soufi Majdeddine Bassem Mathlouthi Rawand Skoury Malek Zribi Kenza Boukhris
,F1640,06/2022,C'mind,Maher Zahar Sabri Barbaria
C1389,F1953,06/2022,CargoWeen,Aberraouf Terres Yasmine Terres Dhia El Hak Merai
C1390,F1954,06/2022,Docinov,Maroua Boubaker Sadok Derouich Safwen Derouiche
C1391,F1955,06/2022,HUBS TRAVEL,Hatem Ben Brahim Wafa Ghrir
C1392,F1956,06/2022,Sougui,Hamza Jabnouni Abderraouf Achouch Alaeddine Abidi
C1393,F1957,06/2022,TuniBionics,Dhia Elhak Guedri Farah Jenhani Hamdi Nasreddin
C1394,F1958,06/2022,IrriApp,Mohamed Mekki Maalej Mohamed Wajdi Khelil Jihed Becher
C1395,F1959,06/2022,IGIDER,Faten Meziou Ahmed Chabchoub Moataz Jemni Koussay Bouchaala
C1396,F1960,06/2022,DEFOULI,Wiem Barhoumi Asma Barhoumi Khalil Neffati
C1397,F1961,06/2022,hormiga,Messaoud Cherif Foued Tlahig
C1398,F1962,06/2022,MAHLENI,Mohamed Mehdi Belhout
C1399,F1963,06/2022,chachia,Najla Challouf Dhamir Hammi Adel Boulares Seif Edinne Ferchichi
C1400,F0713,06/2022,Ingenious labs,Riadh Felhi
C1401,F1964,06/2022,WeaveLines,Faten Matmati
C1402,F1965,06/2022,STE EDEN ENGINEERING,Wassim Amri
C1403,F1966,06/2022,Ostedhy,Yassine Boubaker Sami Benrhim
C1404,F1967,06/2022,tawalancer,Fakhrezzamen Zayani Moez Ben Amor
C1405,F1968,06/2022,weerise,Najjari Mohamed Hanen Anjari Adel Elenjari
C1406,F1969,06/2022,gifty.tn,Haythem Banney Chief executive officer Jihed Chemlali
C1407,F1970,06/2022,DigiQuorum,Nawel Brahmi
C1408,F1971,06/2022,Zhezi,Maha Moussi Chiheb Moussi
C1409,F1972,06/2022,eHealthBridge,Mouna Ben Djebara Maher Abouda
C1410,F1973,06/2022,WANIS,Slim Kchaou
C1411,F1974,06/2022,Bjomla,Ilyes Kadri Iskander Dakkem
C1412,F1975,06/2022,Courskamp,Marwa Zouaoui Ali Tebourski
C1413,F1976,06/2022,Gros.tn,Islem Smaoui Habib Miladi Omar Bouzid
C1414,F1977,06/2022,Skill ZONE,Amira Bacha Oussama Elayeb
C1415,F1888,06/2022,Khelel.tn,Hatem Chanoufi
C1416,F1859,06/2022,Collaborative smartools,Talel Chaouch Wajih Abdelhedi Badii Gharbi
C1417,F1886,06/2022,Saptun Solution,Mahmoud Siala
,F1978,06/2022,Génération de l'hydrogène vert et son application aux stockage et conversion d'énergie,Bilel Gassra Kais Jamoussi Nabil Kechaou Mounir Trabelsi Fatma Mellouli
,F1778,06/2022,E-Fair,Mahdi Gargouri Hana Fersi
,F1979,06/2022,Vitalight Lab,Ilyes Gouja Khaoula Ben Slimane
C1418,F1370,06/2022,CONTROL-MED,Faten Hamdi
C1419,F1980,07/2022,Pet Pals,Ahmed Selmi Iyed Ben Hadj Dahmen
C1420,F1981,07/2022,Contratou,Walid Nouni Kais Ferchiou Omar Ferchiou
C1421,F1982,07/2022,Vintage Bae Studio,Khouloud Torkhani
C1422,F1983,07/2022,Swieq,Khaireddine Fredj Zied Jallouli Tarek Trabelsi
C1423,F1984,07/2022,INTERMISSA VENOM,Fedia Zribi Mohamed Kamel Abderrahim
C1424,F1985,07/2022,TripAware,Anouar Kanzari Nedya kanzari Mayssa Ben kahla Jlassi Wael Aymen Sellaouti Dalel Kanzari Abdelmonem Tlili Mohamed Ali Toumi
C1425,F1986,07/2022,SMARTY,Marwa Souki Mayssa Souki
,F1697,07/2022,Digipages,Anis Touibi
C1426,F1987,07/2022,Shopy Science,Gael Personnaz Gaelle Personnaz
C1427,F1988,07/2022,VENARI SECURITY TUN...,Millar Thoms John
C1428,F1989,07/2022,Tabaani,Hamza Moussi
C1429,F1990,07/2022,O2W,Marouen Jlassi Khaled Jelassi Mahdi Mhiri Mokhtar Hichri
C1430,F1991,07/2022,Energy expert team c...,Mohamed Bouhlel Mohamed Anouar Brini Ali Mekni
C1431,F1992,07/2022,International Highwa...,Fatma Ben Amar Soumaya Dammak Youssef Ouenniche
C1432,F1993,07/2022,eDATA,Kamel Chahed Fakhri Jemail
C1433,F1994,07/2022,Pozitron,Fedia El Ayeb Fahmi Ayeb Mohamed Saadi Mohamed Wael Sghaier
C1434,F1995,07/2022,IZAGRI,Imen Zouari Zineb Zouari
C1435,F1996,07/2022,TAOO,Walid Hached
C1436,F1997,07/2022,AquaNergy,Ilyes Ben Hassine Hejra Melanie Trabelsi
C1437,F1998,07/2022,Power solution,Eskander Alaya Ahmed Baccouch Chaima Grira
C1438,F1999,07/2022,FinConnect Financial...,Slim El Benna Taha Bennasr
C1439,F0224,07/2022,Taw Taw Delivery,Nacir Bouazizi
C1440,F2000,07/2022,Nero,Jihen Guerchi Ahmed Ferchichi
C1441,F2001,07/2022,Projet BoGo,Mohamed Chatti Mohamed Jaouadi
C1442,F2002,07/2022,Projet de production...,Freddy Boscat
C1443,F2003,07/2022,AERO CCF,Nesrine Ben Askri
C1444,F2004,07/2022,ireveal,Cyrine Rezgui Hamz Ayech Hamdi Jomaa
C1445,F2005,07/2022,DENGRY619,Meher Zekri Ahmed Alyaoui
C1446,F2006,07/2022,3annn,Haythem Khouildi Firas Alkhouildi
C1447,F2007,07/2022,PUBAG,Tarak Mnif
C1448,F2008,07/2022,KADRA NOVA BIOTECOIN,Walid Zeddini Yasmina Zarrouk
,F2009,07/2022,فرید حول العالم,Ayoub Landolsi Mouhamed Aziz Lazreg
C1449,F2010,07/2022,Get UP,Hadda Zammazi
C1450,F2011,07/2022,Never Lost,Omar Baccar Sofiene Mokhbi Hiba Baccar
C1451,F2012,07/2022,SD Innovation,Farah Tounsi Alaa Suissi May Tounsi Leila Ben Abdallah Ghazwa Hammouda
C1452,F2013,07/2022,Golden Hour,Walid Annabi
C1453,F2014,07/2022,Tnker,Achref Gamoudi Mohamed Amine Aouini
C1454,F2015,07/2022,Pas Comme Eux Entert...,Ahmed Bahaeddine Abdelwahed Ghofrane Amdouni
C1455,F2016,07/2022,Atlas Mobility Platf...,Fradj Zayen
C1456,F2017,07/2022,Valideeny,Aymen Wazzeni Mohamed Aziz Louifi Souhir Bchini Nadia Trabelsi
C1457,F1779,07/2022,BMS TECHNOLOGY,Mohamed Bilel Fitouri
,F2018,07/2022,maginater,Madani Moutaa Bilel Basly
C1458,F1809,07/2022,POLYPATH HEALTH COMPANY,Karim Kachouri Salem Abdessalem Mohamed Zegdene Nejah Ben Nasrallah
C1459,F2019,07/2022,Tryppy Light,Mohamed Amine Mzoughi Yassine Kardoun Skander Saidi Marwen Guesmi
,F2020,07/2022,NEPTUNE MOSAIC,NEPTUNE MOSAIC
C1460,F2021,08/2022,SmarDac,Mehdi Ben Abdallah Jawhar Ben Abdallah Ghassen Alibi
C1461,F2022,08/2022,Miam!,Mohamed Aziz Ghorbel Chedly Soltana
C1462,F2023,08/2022,HEROI,Rami Touati Taha Ben Abdelmalek
C1463,F2024,08/2022,Slidzo,Fedi Ben Nejma
C1464,F2025,08/2022,The Vastlight Platform,Mohamed Amine Messaoudi Seif Islem Messaoudi Abdel Baset Mrabet
C1465,F2026,08/2022,Rivezli.tn,Jawher Thabet Fakher Bourray Ghaith Thabet Moncef Ben Rabia
C1466,F2027,08/2022,Elevage des abeilles pour la collecte de leurs venins pour des fins cosmétiques et thérapeutiques,Chedly Ellijimi
C1467,F2028,08/2022,Moovin360,Dheker Hamami Bilel Chebbi
C1468,F2029,08/2022,Waf Waf House,Cyrine Atallah Emilio Illc La Peruta Ridha Bouasker Yusbely Nacary Jimenez Guerra Hassine Atallah
C1469,F2030,08/2022,Thnity,Anouar Abdelkoudous Bouassida Amina Garbouj Sayma Besbes
C1470,F2031,08/2022,CapsaFood,Oussama Dhahri Amine Chortani Hadil Fouli
C1471,F2032,08/2022,cell pulse,Halima Mahjoubi Jihed Jridi Kaouther Zenati Salem Hamidi Elhem Cheour
C1472,F2033,08/2022,Innovega,Rami Khouja Rym Ghribi Amira Ben Abdeljelil
C1473,F2034,08/2022,Tabachir Games,Skander Khaled Fourati Aymen Ayadi Yassine Mohammed Bouassida
C1474,F2035,08/2022,Caminova,Salma Bessalah Sihem Bessalah
C1475,F0156,08/2022,Meeda la table connectée destinée à votre usage intérieur et extérieur.,Aziz Annabi
C1476,F2036,08/2022,WiseBoard,Slim Abdeljelil Ali Ayari Slim Oueslati Rym Oueslati
,F2037,08/2022,D-carte,Fourat Ouerghemmi Skander Hadj Romdhan Ala Ben Hassen
C1477,F2038,08/2022,Mraabila,Pagnagda Frederic Soubeiga Alia Sabah
C1478,F2039,08/2022,Boosty/Almoshtari,Mahdi Kharrat Fedia ayari Mohamed Amine Bensalem Mohamed Badreddine Kharrat
C1479,F2040,08/2022,Axifraud,Sabri Abassi Abdesslem Bhouri khila Badis Souissi
C1480,F2041,08/2022,Hadooc,Borni Dhifi Walid Mchiri Walid Oussai
C1481,F2042,08/2022,MSS CONSULTING,Karim Gharbi
C1482,F2043,08/2022,Pure Juice,Nebyl Ben Attia Mehdi Cheikh Nadia Cheikh Mohamed Ali Cheikh
C1483,F2044,08/2022,DocShipper,Charley Hochet Nicolas Rahmé Pierre Rahme
,F2045,08/2022,BOXSTAGE,Mehdi Ghandri Moez EL Methni Sami Zoghlami
C1484,F2046,08/2022,Matmour,Hajer Briki
C1485,F2047,08/2022,Meal_is_ Deal,Amine Mkaouar Rihab Boukhris
C1486,F2048,08/2022,Edutech,Foued Daboussi Sahar Sfar
C1487,F2049,08/2022,Popeye's,Siwar Maalej
C1488,F2050,08/2022,SANAATY-T,Taoufik Ksiksi
C1489,F2051,08/2022,Go Switch Home,Marwa Setti Abdelahmid KAOUECH Melki May Mohamed Aziz Setti
C1490,F2052,08/2022,Dream for fun,Helmi Abed
C1491,F2053,08/2022,Muziget,Rami Sliti
C1464,F2054,08/2022,The Vastlight Platform,Seif Islem Messaoudi
C1492,F2055,08/2022,A.M.I.S.,Amel Ben Ammar Elgaaïed Moez Elgaaïed
C1493,F2056,08/2022,AQDHILI,Mohamed Alaya Bouabda Sofiene Haouas Sahbi Helali Ahmed Jlassi Hamza Nouir Yessine Bouriga
C1494,F1999,08/2022,Finconnect Financial Solutions,Slim El Benna Taha Bennasr
C1495,F1861,08/2022,LINKERS IT,Hamza Mansour Oussema Chemingui
,F1882,08/2022,INSTAWARE,Adnene Labidi Abir Labidi Sabri Bouzouita
C1496,F2057,08/2022,CLICK TO KNOW,Najmeddine Sakly Houssem Chkioua
C1497,F1912,08/2022,NJANOO,Ons Hamza Houssem Aoudi Mayssa Mrabet
,F2058,08/2022,SCIENCIA,Latifa Elghezal Ahmed Ben Ali Mohamed Jaidane
,F0026,08/2022,Paypos Tunisie,Khatib Chakchouk
C1498,F2059,09/2022,AROTEQ,Saber Abeda Issam Abeda
C1499,F2060,09/2022,Super Senses,Sarra Boufayed Aymen Abid Boukadida
C1500,F2061,09/2022,Teligencia.io,Hamza Ben Ammar Aymen Gatri
C1501,F2062,09/2022,Pedalo,Amany Hamdany Adnen Ben Hadj
C1502,F2063,09/2022,DSAP (Data System Analysis Platform),Hugues Blin Elyes Maherzi
C1503,F2064,09/2022,Lissene-نﺎﺳﻟ,Hachem Charfi
C1504,F2065,09/2022,QUANTA TN,Romain Lamaison Guillaume THIBAUX
C1505,F2066,09/2022,Screenflex,Aymen Fezai Bilel Nsibi
,F2067,09/2022,aivataria,Anis Mzali Youssef Boufaied Mohamed Ali Belajouza
C1506,F2068,09/2022,El Fallega,Ramzi Larbi Khouloud Abid Med Khalil Terzi Ali Gaigi
C1507,F2069,09/2022,dyno,Moez Lidinellah Waddey Mohamad Obeid Mohamed-Hedi Jridi
C1508,F2070,09/2022,Storycraft,Ali Mehrez Meher Somrani Mustapha Lejri
C1509,F2071,09/2022,Oceanus,Sami Bellalah Houneida Majdoub Seifeddine Majdoub
C1510,F2072,09/2022,Kayotica,Zied Ben Slimen Najla Hamza Yassine Jdey Mohamed Salem Menssi Amine Angliz
C1511,F2073,09/2022,Bitaqa.tn,Amine Miladi
C1512,F2074,09/2022,CHLORIS Flowers,Ines Chouchi Eya Khamassi
C1513,F2075,09/2022,Sefer,Mohamed Souidi Mohamed Oussama Ben Yahia
C1514,F2076,09/2022,AZRO EVENTS,Afef Bouazizi Rkiwa Tijani
C1515,F2077,09/2022,DABy Go,Saima Znaidi Cyrine Znaidi Mahmoud Hattab
C1516,F2078,09/2022,DATUM,Fatma Zahra Hichri Marwene Khouaja
C1517,F2079,09/2022,karhebti / sociéte :CHIRON,Houssem Eddine Noamen Mohamed Amine Amdouni
C1518,F2080,09/2022,ABBK Physicsworks,Ammar Kouki Mohamed Khebir
C1519,F2081,09/2022,Viore digital,Med Amine Brinis Ghofrane Brinis Azza Channoufi Hamza Nechi
C1520,F2082,09/2022,Sellkit,Ali Abdallah Ala Touati
C1521,F2083,09/2022,Home Decor AR,Mariem Ben Maallem Majdi Ben Maallem Firas Bouzou Yosri Kossontini
C1522,F2084,09/2022,Noir Ou Blanc,Mustapha Gharbi Alaa Edinee Ben Mbarek
C1523,F2085,09/2022,Opus,Adel Askri Youssef Ben Abdallah Atef Askri
C1524,F2086,09/2022,PINUS,Fahd Guedoiri Sofien Saadaoui Siwar Khadhraoui
C1525,F2087,09/2022,HealthyGO,Hayfa Oueslati
C1526,F2088,09/2022,Flyss,Linda Abdelghaffar Adam Ben Mokded Oumayma Obay Malek Hattab
C1527,F2089,09/2022,STEMA-Do,Arbia Hosni
C1528,F2090,09/2022,taxi commande,Majdi Chakchouk Makrem Chakchouk
C1529,F2091,09/2022,DentistUP,Loua Slama Oussama Souaf
C1530,F2092,09/2022,Tijara Lab,Houssem Dammak Mahmoud Ketata
C1531,F2093,09/2022,Caduceus Company,Wael Mahjoubi
C1532,F2094,09/2022,Cabello,Ilhem Mrabet
C1533,F2095,09/2022,Easy Bank,Mohamed Khelifi Maher Khelifi
C1534,F2096,09/2022,Poc Store,Tarek Ben Ali Balkis Aifa Akrem Rmili Achref Rmili Nour Mekki
C1535,F2097,09/2022,SOCIETE INFOSQUARE TUNISIE,Nizar Ellouze
C1536,F2098,09/2022,Si-Gounda,Mohamed Borhen Mokni
,F1884,09/2022,Digital work solutions,Amani Bouaziz Yousser Sabbagh Slim Dhahri
,F1881,09/2022,VAL BIO DECHETS COMPOSITE,Mohamed Medhaffar Ghabri Siwar Raja Dhief Rabiaa Abdaoui Chefia Nasr
C1537,F1858,09/2022,STE Vivia Clinical Network,Wissal Farjallah Lotfi Ben Romdhane Lotfi Ammar Souad Dziri
C1538,F1959,09/2022,Offensylab,Faten Meziou Ahmed Chabchoub Moataz Jemni Koussay Bouchaala
C1539,F2028,09/2022,moovin 360,Dheker Hamami Bilel Chebbi
,F1955,09/2022,HUBS TRAVEL,Hatem Ben Brahim Wafa Ghrir
,F1953,09/2022,CargoWeen,Aberraouf Terres Yasmine Terres Dhia El Hak Merai
C1540,F2099,09/2022,Mini Jobi,Zied Brahem
,F1913,09/2022,womia,Ouissem Lahouar Anas Dogui Sabrine Aidi
,F2100,10/2022,CORADASH,Sameh Souissi Marah Bouzaida Nour Elimene Essid Radhouene Bousnina
C1541,F2101,10/2022,KWIK,Sayf Eddine Brahmi
C1542,F2102,10/2022,Brandee,Arthur Callarec Riadh Adouani
C1543,F2103,10/2022,Quenzi,Mariem Limam
,F2104,10/2022,Karni,Afef Belhadj Mohamed Amine Boussarsar Mahmoud Hachicha Walid Kaabachi
C1544,F1818,10/2022,STE Birdhouce,Ramzi Chahin
,F2105,10/2022,FranchiseLab,Mohamed Amin Kallel Aymen Feriani Wissem Ben Ali Amine Hariz
C1545,F2106,10/2022,Queney Tunisie,Mohamed Ali Bouchaala Walid Khodja Mahmoud Challouf
C1546,F2107,10/2022,Watto,Selim Mohamed Gharbi Omar Khemakhem
C1547,F2108,10/2022,ContyFind,Aymen Sarraj Maan Mrabet Hassen Tahri
C1548,F2109,10/2022,DIGITAL CITY INNOVATION,Hassouna Ben Jemaa Noomen Tounsi
C1549,F2110,10/2022,KARMA,Sofiene Ben Hmida Mohamed Zied Razzegui Rania Zarg El Ayoun Khaled Taher
C1550,F2111,10/2022,X-Mall,Wael El Amri Helmi Bouraoui Cherif
C1551,F2112,10/2022,MRC SURVEY,Mohamed Turki Skander Hadj Mabrouk
C1552,F2113,10/2022,"Color and Natural Extracts ""C-Nexts""",Saloua Sadok
C1553,F2114,10/2022,Coloc'Qui,Chaima Torkhani Maroua Torkhani
C1554,F2115,10/2022,First Master Class,Kais Khenine
C1555,F2116,10/2022,chilift,Lilia Bouricha Hichem Bouricha
C1556,F2117,10/2022,BIOTOPE / SmartEcolo,Mohamed salah NACHI Kais Jrad Khaled Kekli Kamel Belhadj
,F1455,10/2022,STERECO,Ala Eddine Maatoug
C1557,F2118,10/2022,EUROMAGHREB BUSINESS CENTER,Anis Msahli Asma Chaabi
C1558,F2119,10/2022,SK Tech,Karim Jelliti Sabri Mzoughi
C1559,F2120,10/2022,YILDIZ BUSINESS TRAVEL,Ons Kchaou Sami Kchaou
C1560,F2121,10/2022,Open Mind Academy,Raouf Messai
,F0988,10/2022,Rankstop,Mohamed Ramzi Ben Youssef
C1561,F2122,10/2022,Dailymaps,Amine Ben Ammar Mehdi Essid Yassine Lassoued
C1562,F2123,10/2022,Ia4Med,Nabil Besbes Maher Sakka
C1563,F2124,10/2022,Ukla,Mohamed Achraf Mrabet Ahmed Gouiaa Mohamed Khalil Hosni
C1564,F2125,10/2022,NovEV,Hamza Alsalihi Abdelbari Ben Yagouta
C1565,F2126,10/2022,Prime Profs,Mehdi Ben hassine Khaled Ben Hassine
C1566,F1515,10/2022,DRESTEK ( Destination Revenue Strategy Technologies),Maher Guetary
C1567,F2127,10/2022,Rendez-vous RDV,Salem Zgar
C1568,F2128,10/2022,Digex,Mohamed Jedidi Haythem Achour
C1569,F2129,10/2022,Upmarket,Kais Abid Mohamed Yermani
C1570,F2130,10/2022,KANTARA,Kais Ben Ammar Jihed Baccouche Mohamed Kharrat Fourat Beji
C1571,F2131,10/2022,ﺔﺑرﺟﺗﻟا شﯾﻋ / Ich Tajerba,Seif Eddine Ferjani Oussema Gharbi Amel Lagha Wafa Bourguiba
C1572,F2132,10/2022,Shipper Network,Racem Chakroun Becem Zahgden
C1573,F2133,10/2022,AMIGO,Oussama Alibi
,F1885,10/2022,INNOROV,Mohamed Aziz Boufaied Mohamed Khalil Mattar Khalil Selmane Yasmine Kerkeny
C1574,F1914,10/2022,Vectors Software,Melek Jebnoun Sofien Chaabouni
C1575,F2134,10/2022,Wise Board,Slim Abdejelil Ali Ayari Slim Oueslati Rym Oueslati
,F1883,10/2022,Digihunt,Ahmed Ismail Azzabi Wahiba Ben Fredj
,F1910,10/2022,Fluoink Nanotechnologies,Ramzi Maalej Fakher Chabchoub Hanen Douiri Marwa Abid
C1576,F0156,10/2022,Meeda Inc,Aziz Annabi
,F0068,10/2022,Smart Mobility,Mokhles Masmoudi
,F2135,11/2022,VB SMART,Rami Kammun Amine Fourati
C1577,F2136,11/2022,Foodoo Nutrition,Sahli Houssem Sonia Othman
,F1866,11/2022,Relead,Hadhami Rjiba Rayen Cherni
C1578,F2137,11/2022,AMAL XR,Kais Siala Mahdi Kharrat Mohamed Bassem Mazghouni Mohamed Kharrat Mohamed Belghith
,F1780,11/2022,Arkan,Hassen Marzouk Tarek Marzouk
C1579,F2138,11/2022,Shape,Rahma Ben Abid
C1580,F2139,11/2022,Elokencia,Mohamed Moez Touil Houcem Ben Lasfar
C1581,F2140,11/2022,Mon Ingénieur Express,Mohamed Moatez Jendoubi Frederic Delahaigue
C1582,F2141,11/2022,Rendez vous,Zied Hamouda
C1583,F2142,11/2022,DeepAI,Seifedine Guizeni Jihène Ben Slimene
C1584,F2143,11/2022,YARI,Mohamed Adel Tarki Mohamed Nejib Bejar
,F2144,11/2022,iziclaim,Ghassen Sghaier Mohamed Sghaier Senda Akili
C1585,F2145,11/2022,FeedIn,Amal khémira
C1586,F2146,11/2022,Firma Solutions,Hamza Mehdaoui Haythem Ilehi Ghazi Tlalet
C1587,F2147,11/2022,Planet Dev,Achref Chouchene Mohamed Houcem Eddine Ibn Essghaier Khouloud Essghaier Nermine Abid
,F2148,11/2022,Flexipik,Mohamed Amine Kefi Beya Ben Saâd
C1588,F2149,11/2022,OTOSPEX,Karim Ben Saber Houssam Rihane
C1589,F2150,11/2022,ID grouping&connect,Ftouma Bannour Mahdi Ben Ahmed
C1590,F2151,11/2022,PRO'FIT,Salim Benaoun Mohamed Wassim Abidi Hela Msaddek
C1591,F2152,11/2022,Dentallx,Ayoub Maatallaoui Hanane El Kaoui Sirine Guediche
C1592,F2153,11/2022,EPI GreenVision,Mohamed Ali Karoui
C1593,F2154,11/2022,Plateformance,Francois Dejeager Anis Dabbebi Saber Jelassi
C1594,F2155,11/2022,FTM,Rami Htira Mondher Htira
C1595,F2156,11/2022,MIZZA,Hamza Naoui Aya Kelthoumi
C1596,F2157,11/2022,Stardust.tn,Najmeddine Bouzir Emna Bahri
C1597,F2158,11/2022,Smart Factory,Melek Mehrez Firas Mehrez
C1598,F2159,11/2022,tracetech,Hamdi Amine Elkhaldi Ferid Rahmani Adel Loussaief
C1599,F2160,11/2022,ANZAR,Aziz Hlaoua
C1600,F0249,11/2022,wecoloc,Mohamed Amine Grichi
C1601,F2161,11/2022,Livmo,Oussema Marai Sami Naifar
C1602,F2162,11/2022,Paymoi,Wassim Challouf
C1603,F2163,11/2022,Education à l'entrepreneuriat pour les adolescents,Najla Ben Haj Maouia Dhia Tajouri Sahar Tajouri
C1604,F2164,11/2022,Nēo,Elyes Darghouth Nabil Majoul Ahmed Choucheni
C1605,F2165,11/2022,Lendi,Karim Ben Khaled Hichem Fantar
C1606,F2037,11/2022,D-carte solutions,Fourat Ouerghemmi Skander Hadj Romdhan Ala Ben Hassen
C1607,F2073,11/2022,Ste BITAQA TN,Amine Miladi
C1608,F1952,11/2022,Wisevision Artificial Intelligence Technologies,Soufi Majdeddine Bassem Mathlouthi Rawand Skoury Malek Zribi Kenza Boukhris
C1609,F1909,11/2022,ITOps Bridge,Walid Saad
C1610,F1956,11/2022,SOUGUI E-SHOP,Hamza Jabnouni Abderraouf Achouch Alaeddine Abidi
C1611,F2107,11/2022,Denarius Payment Services,Selim Mohamed Gharbi Omar Khemakhem
C1612,F2166,11/2022,Deltabionic,Dhia Elhak Guedri Farah Jenhani Nasreddine Hamdi
C1613,F2071,11/2022,STE OCEANUSTART,Sami Bellalah Houneida Majdoub Seifeddine Majdoub
C1614,F2167,12/2022,Dyxis,Skander Zoghlami
C1615,F2168,12/2022,Petsigo,Dhia Zitouni Hafedh Dridi
C1616,F1922,12/2022,LIPONOV,Jannet Kamoun Ahmed Aloulou
C1617,F2169,12/2022,Asterkid,Mohamed Amine Ziraoui Amel Barbou
C1618,F2170,12/2022,KADRA NOVA - KN نﺋﺎﻛ,Khalifa Zeddini Walid Zeddini Yasmina Zarrouk
C1619,F2171,12/2022,Jemolio,Malek Lamine Karim Soussi Malek Ben Mbarek
C1620,F2172,12/2022,Yoteqi,Mohamed Khedher Jalel Ben Romdhane
C1621,F2173,12/2022,Taskflow,Walid Meddeb Mohamed Aziz Lahkimi
C1622,F2174,12/2022,Papi'Pets,Emna Bellagha Achref Ksontini Chahrazed Remadi Mortadha Ouadday
C1623,F2175,12/2022,SunAir Fountain® : Générateur d’eau de boisson atmosphérique par le solaire,Rami Elgolli Luc Metivier
C1624,F2176,12/2022,Tennex Tunisie,Chahine Hamila
C1625,F2177,12/2022,WeMiam HappyTeams,Mohamed Aimen Jouini
C1626,F2178,12/2022,Cava.tn,Mohamed Ben Youssef
C1627,F2179,12/2022,FastCharging,Hamza Guizani Nizar Guizani
C1628,F2180,12/2022,SamRise,Mohamed Aziz Ben Mahmoud Mariem Hamzaoui Imed hanana Meriem Dkhil Feriel Ben Hassine Arbi Soussi
C1629,F2181,12/2022,OREADZ,Sami Mokaddem Atef Attia Aymen Draoui
C1630,F2182,12/2022,Laboratoire HYGIE,Sahbi Ben Lamine
C1631,F2183,12/2022,Culinary,Dhouha Kouki Asma Chebbi Elyes Somai
,F1346,12/2022,WMS,Mohamed Naoues Yosr Salhi
C1632,F2184,12/2022,Fabriquer les produits électroniques,Marwene Selmi
C1633,F2185,12/2022,Aram Clinic,Aymen Boujbel
C1634,F2186,12/2022,AsOne4Health,Abdelhalim Rafrafi
C1635,F2187,12/2022,Canadin,Aymen Jhidri Wassim Abdel Malek Mohamed Ali Ben Slimen Souad Belghith Dhiaeddinne Rahali
C1636,F2188,12/2022,Achref Bejaoui,Achref Bejaoui Ilyes Elgaied
C1637,F2189,12/2022,TGL - The German Lab,Adnen Ben Chagra Mohamed Elyess Kharroubi
C1638,F2190,12/2022,MTM SOLUTIONS,Marwa Agrebi Aymen Kassis
C1639,F2191,12/2022,Siraj'Tech,Majd Ghdiri Siwar Lachiheb Youssef Gorcia Houssem Cheffi
C1640,F2192,12/2022,Chfamma Ftour,Jihed Jed
C1641,F2193,12/2022,Marsix,Mohamed Amine Moussa
C1642,F2194,12/2022,TerraÏne,Zeineb Zardoumi
C1643,F2195,12/2022,Baktrain Solutions,Oumaya Mejri Hannachi Wassim Tezeghedenti Asma
,F1996,12/2022,TAOO,Walid Hached
C1644,F0224,12/2022,Taw Taw Group,Nacir Bouazizi
C1645,F1908,12/2022,DOTS TECHNOLOGY,Ali Koubaa Feryel Mechri Mohamed Koubaa
,F1907,12/2022,EquiBooster,Farouk Bouzouita Saber Elabidi Nadia Sghaier
C1646,F2196,12/2022,Karma solution,Sofiene Ben Hamida Mohamed Zied Razzegui Rania Zarg El Ayoun Khaled Taher
C1647,F1993,12/2022,EDATA WAREHOUSE,Kamel Chahed Fakhri Jemail
,F1951,12/2022,BIGDATIS,Ahlem Bouchahda Amine Fahem
C1648,F2197,12/2022,Feed In Green,Amal Khémira
,F2198,01/2023,Bambinosit,Nivine Mussa Essid Haithem
C1649,F2199,01/2023,Dooda,Mhamed Ali Abassi Omar Louzir Aziz Kaouech
C1650,F2200,01/2023,Crop's Talk,Rabeb Fersi Samir Chebil Chahine Fersi Yassine Awadni Riadh Jomaa
,F2201,01/2023,Pixii motors,Anis Fekih koutheir cherni Wafa Dhifi
,F2202,01/2023,Hawkar,Khadija Jallouli Seifeddine Aissa
C1651,F2203,01/2023,IASOTWIN,Mohamed Moez Touil Touil Mohamed Hamdi Linda Touil Yasmine Bziouech Houcem Eddine Ben Lasfar
C1652,F2204,01/2023,Smart For Green: Farm and Forest Fire Protection,Sahli Nader Sabri Sahli Karim Fathallah Rania Fathallah Mohamed-Hedi Mellekh Oussema Charbib Wael Fathallah Mohamed Ali Fathallah
C1653,F2205,01/2023,DigiMove,Iheb Lourimi Saif touzi Haoua Guezguez Nour Ladhari Nassim Bensassi Hfaiedh Bedoui
C1654,F2206,01/2023,Boky,Mohamed Aziz Brinis Othmane Barnis
C1655,F2207,01/2023,Train Your Mind,Ghofrane Ben Mabrouk Mohamed Khalil Ben Chebil Mohamed Salah Ouelhazi
C1656,F2208,01/2023,Mouqawel,Ikbel Sassi
C1657,F2209,01/2023,Link Park,Emna Skhiri Omar Triki
C1658,F2210,01/2023,URBAN DANCE,Ala Zrafi Mansoura Jilani
C1659,F2211,01/2023,Hbibty Market,Rahma Mabrouk Baha Wiem Agrebi EP Johnson Skander Benzarti Meriam Maaloul
C1660,F2212,01/2023,BusinessChat,Wifak Ghaddab Hayet El Ayeb
C1661,F2213,01/2023,YASLINE ENGINEERING,Nizar Romdhane Salsabil Mansouri
C1662,F2214,01/2023,LIGHTRESA,Mohamed Mellouki
C1663,F2215,01/2023,KLAP,Taoufik Belkhodja
C1664,F2216,01/2023,AGROVAL PLUS,Ataa Barkaoui Alaa Barkaoui
C1665,F2217,01/2023,Watar cover,Dhaker Boughattas Zied Chouikh
C1666,F2218,01/2023,Le dépanneur,Sabrine Rais Bouzgarrou Mahmoud Kortas
C1667,F2219,01/2023,COLISPO,Sana Hamdi Lasaad Geusmi Nasreddine Hnana Amor Skah
C1668,F2220,01/2023,Modèle SHE,Ahmed Chouikh Sara Ben Aissa Menel Azouz
C1669,F2221,01/2023,clik2read/MIP Livrel,Ahmed Sami Meksi Nebil Briki Ahmed Sami Meksi Meriem Zouari
C1670,F2222,01/2023,fulfillmentbridge,Ferjani Fethi Kais Khadraoui
C1671,F2223,01/2023,Machind Fitness,Marwen Boukattaya
,F1640,01/2023,C'mind,Maher Zahar Sabri Barbaria
C1672,F1995,01/2023,IZ AGRI,Imen Zouari Zineb Zouari
,F2144,01/2023,iziclaim,Ghassen Sghaier Mohamed Sghaier Senda Akili
,F2029,01/2023,Waf Waf House,Cyrine Atallah Emilio Illc La Peruta Ridha Bouasker Yusbely Nacary Jimenez Guerra Hassine Atallah
C1673,F2224,01/2023,Dyno & Motiva Systems,Moez Lidinellah Waddey Mohamad Obeid Mohamed Hedi Jridi
,F2109,01/2023,DIGITAL CITY INNOVATION,Hassouna Ben Jemaa Noomen Tounsi
C1674,F2030,01/2023,Thnity Maas,Anouar Abdelkoudous Bouassida Amina Garbouj Sayma Besbes
C1675,F2173,01/2023,OPKODERLABS,Walid Meddeb Mohamed Aziz Lahkimi
C1676,F2143,01/2023,YARI PROJECT,Mohamed Adel Tarki Mohamed Nejib Bejar
C1677,F2151,01/2023,WHEELZ,Salim Benaoun Mohamed Wassim Abidi Hela Msaddek
C1678,F2225,01/2023,XTENDPLEX S A R L,XTENDPLEX
,F2226,01/2023,Polysmart,Polysmart
C1679,F2227,02/2023,Linkivia,Khadija Aa Naoufel Nabli
C1680,F2228,02/2023,Replic-A,Mejdi Bouafif Wissem Jerbi Sonia Issaad
,F1920,02/2023,TUNISIA BAITS,Ahmed Malek Marwen Mokdad
C1681,F2229,02/2023,Tunisian Campers,Mohamed Temimi
C1682,F1354,02/2023,Tsiwrat Stock,Rania Makhlouf Firas Chetouane
C1683,F2230,02/2023,Advantry X,Adam Bouchaala Kawthar Ayedi
C1684,F2231,02/2023,KOM YA,Imene Aidi Yosra Aydi Meriam Aidi
C1685,F2232,02/2023,My Brain,Wissal Dhuib Rahma Harzi Yasmine Ben Saad
C1686,F1501,02/2023,TOF: Tyres On Fire,Yassine Boumaiza Oussama Bel Hadj Ali
C1687,F2233,02/2023,cercina.ai,Ahmed Ben Othman Oussema Bennour Dhiaeddine Gharsallah
C1688,F2234,02/2023,Grün Skincare,Foued Kilani Djazia Messous
C1689,F2235,02/2023,Xpro,Zied Hriz Yosra Tahri
C1690,F2236,02/2023,Giy.tn,Haythem Il Banney Jihed Chemlali
,F2237,02/2023,A.M.I.S.,Amel Ben Ammar Elgaïed Rabie Razgallah
C1691,F2238,02/2023,Ziwziw Family Friend ﺔﻠﺋﺎﻌﻟا ﻖﻳﺪﺻ ﻮزﻮز,Siwar Mechri Nawres Mechri Samar Zardi Yassmine Dahmene
C1692,F2239,02/2023,COADIS,Chaker Trabelsi Imen jridi
,F2240,02/2023,Parkey,Mehdi Romdhane
C1693,F2241,02/2023,Thiqab,Kaouther Hedhly
C1694,F2242,02/2023,Cerf.tn,Aicha Zahou Sameh Ben Hmida
C1695,F2243,02/2023,ITEM TUNISIA,Abdessalem Barkia
,F1970,02/2023,DigiQuorum,Nawel Brahmi
C1696,F2244,02/2023,Addval Soluons,Aymen El Kadhi Noamen Hassen
C1697,F2245,02/2023,Ukka,Jean David Rombi Ukka Ukka
,F1889,02/2023,CG-Box,Abdelhedi Montassar Mohamed Triki
C1698,F2246,02/2023,Arfis,Houssem Ben Romdhane Ahmed Bellagha
C1699,F2247,02/2023,Afar tunisie,Malek Radhouen
C1700,F2248,02/2023,Moneymakr,Imen Meah Karima Makhlouf
C1701,F2249,02/2023,NER,Imen Moncer Abderrahmen Ben Ouaghrem Houssem Ben Cheikh Maher Naouali
C1702,F2250,02/2023,NEWAY Soluons,Alaa Maaoui Amen Khlifi
,F2251,02/2023,Never Lost,Omar Baccar Hager Bouchoucha Sofiene Mokhbi
C1703,F2252,02/2023,booky,Mohamed Ali Bousboo Emna Bousboo
C1704,F2253,02/2023,Tunisie Colis,Zied Beldi Anis Harzallah Mohamed Salah Mzoughi Ahmed Bakh
C1705,F2254,02/2023,EyTecFarm,Malek Ben Mbarek Loi Msaddak Mohamed Ali Foura Imen Hbiri
C1706,F2255,02/2023,Voltat Technologies,Fedia El Ayeb Ayeb Fahmi Saadi Mohamed Sghaier Mohamed Wael
,F2035,02/2023,Caminova,Salma Bessalah Sihem Bessalah
C1707,F2031,02/2023,SOCIETE SAGUEDNI,Oussama Dhahri Amine Chortani Hadil Fouli
C1708,F2256,02/2023,BLUEPSOL,Eskander Alaya Ahmed Baccouch Chaima GRIRA
C1709,F2033,02/2023,SOCIETE INNOVEGA,Rami Khouja Rym Ghribi Amira Ben Abdeljelil
,F2112,02/2023,MRC SURVEY,Mohamed Turki Skander Hadj Mabrouk
C1710,F2187,02/2023,Workly Hub,Aymen Jhidri Wassim Abdel Malek Mohamed Ali Ben Slimen Souad Belghith Dhiaeddinne Rahali
C1711,F2027,02/2023,BEE SPRING,Chedly Ellijimi
C1712,F2257,02/2023,Avempace SARL,Avempace
C1713,F2258,03/2023,OSTELFLOW,Mehdi Tatar Amine Riahi Lilia Skhiri
C1714,F2259,03/2023,Tunarco,Nassira Barhoumi Marwen El Bari
C1715,F2260,03/2023,Gloristory,Héla Majdoub Afef Majdoub
C1716,F2261,03/2023,CIVILAB,Zied Ayedi Amine Grichi Ali Ben Mohamed
C1717,F2262,03/2023,DLSgaming,Mansour Noucair Mansour Haroun Khalil Dridi
C1718,F2263,03/2023,Detavoon,Mohamed Salem Luay Ben Ali
C1719,F2264,03/2023,Laboratoire SCI,Chokri Nader
C1720,F2265,03/2023,Contigo Booking Events,Mouayed Errahmene Sahnoun Wassim Ayari
C1721,F2266,03/2023,Innovation production Services,Mehdi Ben Abdallah Hichem Mansour Chris Bennie
C1722,F2267,03/2023,ARRIMA-AGRITECH,Majdi Saidi Khouloud Ghorraf
C1723,F2268,03/2023,Probe.tn,Mohamed Kristou Mohamed Hedi Jebali
C1724,F2269,03/2023,MIGsens,Adnane Abdelghani Khalifa Aguir
C1725,F2270,03/2023,iTrend,Mohamed Ali Blaiti
C1726,F2271,03/2023,RAF TELCOS,Fayçal Hamrouni Sami Karzout
C1727,F2272,03/2023,Digify,Mehdi Ben Hassine Khaled Ben Hassine
C1728,F2273,03/2023,Green foods traiteur vegan,Fatma Houissa Nefaa Abdessalem
C1729,F2274,03/2023,Bridella,Rihab Hmida Amel Amamou Firas Boukhriss
C1730,F2275,03/2023,Curve & Smiles,Manel Souai Mohamed Benyaiche Anas Ben Yaiche
C1731,F2276,03/2023,DEKORTIK PLUS,Foued Jaballah
C1732,F2277,03/2023,HIVE,Idris Tlili Dirar Rtima Aymen Tlili Wiem Tlili Maycène Mejri
,F2278,03/2023,Ostedhy,Yassine Boubaker
C1733,F2279,03/2023,Studenty,Sabryn Hamrouny Wael Belaid Ibrahim Sarray Manel Abdelwahed
C1734,F2280,03/2023,DourbIA,Ines Hassoumi Alia Belkaid
C1735,F2281,03/2023,CourZelo,Khaled Ben Hafaiedh
C1736,F2282,03/2023,"ASTlab (Art, Science and Technology Lab)",Nouha Ben Lahbib Najla Trabelsi
C1737,F2283,03/2023,Parkito,Haithem Souissi Fares Ben Younes Dhia eddine Ben Haddada Ahmed Souissi
C1738,F2284,03/2023,Loesa ( ةزﯾوﻟ ),Anouar Hamdaoui Marwa Selmi
C1739,F2285,03/2023,ImproBrain,Walid Smaoui Fares Jaloul Marwen Chaabouni
C1740,F2286,03/2023,Smart Maintenance & Control,Saber Lefi
C1741,F2287,03/2023,InstaLink,Oussema Boukeri
C1742,F2288,03/2023,Ai Cv Lab,Anis Harbaoui Radhouen Harbaoui Zied Rajhi
C1743,F2289,03/2023,SOK'ARI,Manel Mrad Mohamed Amine Mrad
C1744,F2290,03/2023,Doulicha,Montassar Ben Hmidene Narjess Bouslama Moataz Ben Hmidene
C1745,F2291,03/2023,Zarty,Abir Guecha Boudhina Seifeddine
C1746,F2042,03/2023,SPADES,Karim Gharbi
C1747,F2292,03/2023,Imova,Fadhel Sassi Yassine Dhane
C1748,F2293,03/2023,Digitalimmo,Haythem Chebbi Imen Masmoudi Wajdi Omrani Tarek Thabet Mariangela Paparo Hanen Ben Ammou
,F2150,03/2023,ID grouping&connect,Ftouma Bannour Mahdi Ben Ahmed
C1749,F2205,03/2023,DM NOVA,Iheb Lourimi Saif touzi Haoua Guezguez Nour Ladhari Nassim Bensassi Hfaiedh Bedoui
C1750,F2294,03/2023,ELINA DEV,Chouchene Achref Mohamed Houcem Eddine Ibn Essghaier Khouloud Essghaier Nermine Abid
C1751,F2111,03/2023,JEUCIJAN,Wael El Amri Helmi Bouraoui Cherif
,F2108,03/2023,ContyFind,Aymen Sarraj Maan Mrabet Hassen Tahri
C1752,F2295,04/2023,Bi'nergy,Mohamed Wali Helmi Ben Amara
C1753,F2296,04/2023,ONECLOUD,Helmi Ben Amara Mustafa Almawsoof
C1754,F2297,04/2023,ECOFEED Tunisie,Malak Boukthir Khoubaieb Samir
C1755,F2298,04/2023,Servini,Ramzi Hachicha Mohamed Achraf Jomaa Zied Hachicha Dhia eddine Abdelli
C1756,F2015,04/2023,Pas Comme Eux,Ahmed Bahaeddine Abdelwahed Ghofrane Amdouni
C1757,F2299,04/2023,H eco ferme,Hedi Amorri Aboud Fatma
C1758,F2300,04/2023,Xgenbox,Naoufel Ben Moussa Kais Jrad Mohamed salah Nachi Selim Ben Mansour
C1759,F2301,04/2023,The Package Center,Souheil Sassi
C1760,F2302,04/2023,Bytale Games,Saadaoui Ghassen
C1761,F2303,04/2023,Oriwood/ Entreprise Wahy artisan du bois,Farouk Wahi
C1762,F2304,04/2023,Teachica,Hichem Amami Moatassem Belleh Guesmi
C1763,F2305,04/2023,NORMA TUNISIE,Rejeb Chaalia Khaled Hadj Ali Jawad Alaoui M'hammed
C1764,F2306,04/2023,SURVIVE RESILIENCE,Raouf Riahi Walaeddine Riahi Noura Nasri
C1765,F2307,04/2023,droplocal.ai,Amine Abdennour
C1766,F0713,04/2023,souk elfalleh,Riadh Felhi
C1767,F1471,04/2023,Twansa,Rani Ben Mahmoud Safa Rzig
C1768,F2308,04/2023,Karhabti.app,Adnen Mrad Amina Chouchane Sanda Doghmen
C1769,F1965,04/2023,Kosmos technologies,Wassim Amri
C1770,F2309,04/2023,IrWise,Mohamed Mekki Maalej Marouen HAMMAMI Mohamed Dhaouafi Morsi Hamza Hedi Neifar
C1771,F2310,04/2023,Alifa,Olfa Abid Karim Gharbi
,F2311,04/2023,cell pulse,Jihed Jridi Salem Hamidi Halima Mahjoubi Elhem Cheour Neder Hamidi
C1772,F2312,04/2023,"Conception, formulation et production de dispositifs pharmaceutiques à base de principes actifs de plantes aromatiques et médicinales pour le",Zohra Aloui-Zarrouk
C1773,F2313,04/2023,traitement des altérations cutanées iRnafnecdteéves et non infectées.,Mohamed Regaieg Younes Regaieg Safa Rekik
C1774,F2314,04/2023,Beitary,Firas Jribi
C1775,F2315,04/2023,GET BIG FAST,Jean-David Rombi
C1776,F2316,04/2023,WEeFARM,Jasser Ben Saad Ayeb Rihab Rayen Ben Saad
C1777,F2317,04/2023,ShooFu,Khawla Hadriche Houcem Ameur
C1778,F2318,04/2023,halli.tn,Farouk Ben Jaafar
C1779,F2319,04/2023,Noah,Mohamed Thamlaoui Khaoula Souf Rochdi Bchini
C1780,F2320,04/2023,BME-Power,Mohamed Bouazizi Youssef Kaabechi
C1781,F2321,04/2023,ECORISE,Morci Telmoudi Safa Jridi
C1782,F2322,04/2023,trymyculture,Issam Barhoumi Hassan Khadhri
C1783,F2323,04/2023,BiBin,Firas Hakim
C1784,F2324,04/2023,Metamax,Houssem Saadi
,F2087,04/2023,HealthyGO,Hayfa Oueslati
C1785,F2325,04/2023,goodbye,Dalel Manai
C1786,F2326,04/2023,AI WITH YOU,Hayouni Rafedh Nasreddine Nasri Mohamed Fateh Hajjej
C1787,F2327,04/2023,Au delà du Bio,Hajer Terras Heithe Zaghouani
C1788,F2328,04/2023,BE beverages,Abdelhak Moussa Ahlem Zrig Mohamed Maher Elbekri
C1789,F2329,04/2023,verified authentic,Imed mabrouk Firas Mabrouk
C1790,F2330,05/2023,Acalainer,Yosr Halleb Oussama Bahri Mariem Allouche
C1791,F2331,05/2023,Live Metrics,Sarah Lamine Khalil Ben Said Karim Bouafif Kerchaoui Amine
C1792,F2332,05/2023,FALKU,Slim Makhlouf Khaled Omri Ali Amamou
C1793,F2333,05/2023,Time and Money Tracker,Yousri Hajri Ahmed Ayadi
C1794,F2334,05/2023,Deepnrise,Abdelkader Boussetta Youssef Meddeb Nizar Ayadi
C1795,F2335,05/2023,2Y2S,Chermiti Rami Chermiti
C1796,F2336,05/2023,Gigsdesk,Koussay Noomene Iyed Ghribi Nabil Amara
C1797,F2337,05/2023,Lyceena,Rayen Bouajaja Jawher Thabet Fakher Bourray
C1798,F2338,05/2023,INFINITE,Moez Jemaa
C1799,F2339,05/2023,SMOFT,Aymen Gahbiche
C1800,F1423,05/2023,Wildkard,Skander Chouka
C1801,F2340,05/2023,Ecobees,Mohamed Dhaouafi Ali Dhaouafi Ahmed Dhaouafi
C1802,F2341,05/2023,BFP,Boubaker Elaabed
C1803,F2342,05/2023,immersion3D,Omar Mellouli Amira Jihène Kalai Mohamed mohamed Siwar Ben Abdelwahed
,F2343,05/2023,Campus Numérique des métiers,Fethi Zoghlami Abeidi Slim
C1804,F2344,05/2023,Green Card,Ismail Ibala Nebil Aydi
C1805,F2345,05/2023,South Fruits,Thouraya Rajah
C1806,F2346,05/2023,Djerba Digital,Younsi Alaeddine Mahjoubi Wael Yassine Ben Ghorbal
C1807,F2347,05/2023,E-KMANDI,Baha Hajri
C1808,F2095,05/2023,EasyBank,Mohamed Khelifi Maher Khelifi
C1809,F2348,05/2023,Jhonny Bikes,Mohamed Bouhaouala Miriam Abdeljaouad
C1810,F2349,05/2023,Arzaak,Jihene Arzaak Eya Akir Racha Chwiref
C1811,F2350,05/2023,Tunisie RGPD,Wissal Douissa Rayen Cherni Slim Abdejalil
C1812,F2351,05/2023,Elevage des insectes (nutri-protéine),Abed Helmi Abed
C1813,F2352,05/2023,HelpyGo,Mohamed Melki Yacine Maaroufi Amani khalfaoui
C1814,F2353,05/2023,OneGlobb,Safouene Ratel Younes Saidani Marouene Ratel
C1815,F2354,05/2023,Multiverse AI,Aymen Yahyaoui Amine Mosbah
C1816,F2355,05/2023,lingerie.tn,Zarami Manel Zarami
C1817,F2356,05/2023,Lanci.io,Nada Chatti Mahdi Taghouti Takwa Ben Abdessalem Wifek Ben Romdhane
,F2357,05/2023,SPADES,Karim Gharbi Marcel Deturche Selim Mohamed Gharbi
C1818,F2358,05/2023,Ontej,Mohamed Amine Ouchari Oussema Baklouti
C1819,F2359,05/2023,Ethic Data,achref Baklouti ESazzmaehhra L Hoaumhidchii Aymen Khelifi
C1820,F2360,05/2023,Orizon Booking,Zied Boukadida
C1821,F2361,05/2023,EYE-SPY SECURITY,Basma Ben salah Taher Ben salah
C1822,F2362,05/2023,My3DClothes,Mohamed Ben Arfa Mohamed Raddadi
C1823,F2363,05/2023,fabrication de papier minéral,Hichem Bouguila Mokni Madiha Belhamadi
C1824,F2364,05/2023,Creativecontent,Saber Kohli Moalla Habib Moez Taïeb Habib Baaboura
C1825,F2365,05/2023,algoRyhthme,Maazoun Khaled Maazoun
C1826,F2366,05/2023,SmartPay,Anis Abidi Azza Kooli
C1827,F2330,05/2023,DEEPAI Artificial Intelligence and Softwares,Yosr Halleb Oussama Bahri Mariem Allouche
C1828,F2310,05/2023,ALIFA FOR ANIMAL WELL BEING,Olfa Abid Karim Gharbi
C1829,F2332,05/2023,STE OTOSPEX SOULTIONS,Slim Makhlouf Khaled Omri Ali Amamou
,F2333,05/2023,RAF TELCOS,Yousri Hajri Ahmed Ayadi
C1830,F2367,05/2023,Cercina Artificial Intelligence,Abdelkader Boussetta Youssef Meddeb Nizar Ayari
C1831,F2368,05/2023,National Smart For Green Solutions and Applications,Rami Chermiti
C1832,F2369,06/2023,cookit,Sadri Gargouri Khlil Gargouri
C1833,F2370,06/2023,Bionic Soul,Nada Ghanem
,F2371,06/2023,SamRise,Mohamed Aziz Ben Mahmoud Imed Hanana Mariem Hamzaoui Arbi Soussi Feriel Ben Hassine
,F1919,06/2023,minwin,Ines Borni Mohamed Choucheni Alaa Boukhchina
C1834,F2372,06/2023,Rackham,Mohamed Toumi Djohra Berki
C1835,F2373,06/2023,Proximabel Development,Abbassi Ahdi
C1836,F2374,06/2023,TuniMeet,Business Software and services
C1837,F2374,06/2023,www.kawanin.com,Business Software and services
C1838,F2375,06/2023,ARKHOU-DRONE,Khouloud Mhamdi Elarbi Machraoui
C1839,F2376,06/2023,OPUS LAB,Ahmed Ben Bouzid Mohamed Berber Siwar Gharbi Mohmmed Sayed Hamdi
C1840,F2377,06/2023,LeanTex,Melek Mehrez Nihel Beji Firas Mehrez
C1841,F2378,06/2023,GymSwitch,Wael Lakhrach Siwar Houssaî
C1842,F2379,06/2023,Colisnet,Hiba Mned Habib Chaari Mehdi Ben Hmida Wajdi Bouaziz
C1843,F2380,06/2023,Expy.ai,Slim Nabli Luay Ben Ali
C1844,F2381,06/2023,SKINPHILOSOPHY,khouloud Abada Saida Akermi
C1845,F2382,06/2023,Car Box,Wajih Messaoudi
C1846,F2383,06/2023,So Green,Amira Guesmi
C1847,F2384,06/2023,TuniToonz,Sana Makhloufi
C1848,F2385,06/2023,ENER ZED,Amor El Masri
C1849,F2386,06/2023,CamGoal,Seif Nemri Mohamed Mehdi Ben Mlouka
C1850,F2387,06/2023,Chicify,Mohamed Touhami Rhaima Rehayma Maher
,F2124,06/2023,Ukla,Mohamed Achraf Mrabet Ahmed Gouiaa Mohamed Khalil Hosni
C1851,F2388,06/2023,Book Pickups,Hajer Gabteni
C1852,F2389,06/2023,Ommi,Mohamed Amine Mamlouk
C1853,F2390,06/2023,Padel Up,Eskander Nasri Mehdy Belkhiria Salah Ayed Amine Hammami
C1854,F2391,06/2023,AntiBioGen,Ramzi Laâmouri Chahnez Naccache Iyadh Bouzghiba
C1855,F2392,06/2023,Travelween,Oussama Ben Wafi Safa Ben WafI Sawssen Atoui
C1856,F2393,06/2023,SIGORO,Sirin Zouga Baha Eddine Khelifi
C1857,F2394,06/2023,RGPD Tunisie,Wissal Douissa Rayen Cherni Slim Abdejlil
C1858,F2395,06/2023,A.M.I.S. RESEARCH,Amel Ben Ammar Elgaied Rabie Razgallah
C1859,F2235,06/2023,LABORATOIRE HRIZ PHARMA,Zied Hriz Yosra Tahri
C1860,F2270,06/2023,ITREND TECHNOLOGY,Mohamed Ali Blaiti
C1861,F2095,06/2023,Easy Finance Corporate,Mohamed Khelifi Maher Khelifi
C1862,F2268,06/2023,UNDERSCORE,Mohamed Kristou Mohamed Hedi Jebali
C1863,F2396,07/2023,IHSCEN for Startups,Nadia Kanoun Najia Dhiab
C1864,F2397,07/2023,FININFO SOLUTIONS,Fares Naiet El Gaied
C1865,F1964,07/2023,Damdoum,Faten Matmati
C1866,F2398,07/2023,Block plus plus,Mohamed Dhia Ben Fraj Asma Yousfi
C1867,F2399,07/2023,La Galerie VR,Siryne Elouede Hamza Chakroun Montassar Chakroun
,F2400,07/2023,SK Tech,Sabri Mzoughizoughi Karim Jelliti
C1868,F1654,07/2023,Ghramna / Digital Drina,Ramzi Hmani Leila Slim
C1869,F2401,07/2023,Xtendmind / Novea,Mourad Mezghani Hassan Cheriha Ahmed Ben Hamouda
C1870,F2402,07/2023,PeaceSight,Sarra Ben Romdhane Mehdi Mouelhi
C1871,F2403,07/2023,SahEAT,Emna Rassaa Taha Karoui Mohamed Islem Ben Ali
C1872,F2404,07/2023,UWAS,Houssem Kanzari Mohamed Laouini
C1873,F2405,07/2023,Schwaus,Ahmed Nizar Kalai Ahmed Ben Hassana
C1874,F2406,07/2023,HulpAI,Abir Mahouchi
C1875,F1932,07/2023,Smarting Serve,Mourad Sahloul
C1876,F2407,07/2023,PTITAPTIT,Dhouha Belhaj Yahia Makrem Aoun
C1877,F2408,07/2023,Clic Holidays,Seif Allah Azaiez
C1877,F2409,07/2023,Clic Holidays,Philippe Dedrie
,F2410,07/2023,arsek dripbox,Mohamed El Haj Abdallah Kais Oueslati
C1878,F2411,07/2023,ORcompost,Ahmed Boufahja Emna Boufahja
C1879,F2412,07/2023,United VITO,Nizar Affi
C1880,F2413,07/2023,SUCCESS STUDY,Anissa Najjar Kais Dridi
C1881,F2414,07/2023,NetConf,Houssem Jarraya
C1882,F2415,07/2023,ReBoS,Aymen Mabrouki
C1883,F2416,07/2023,SAVEE,Maher Ben Najm Nabil Ben Najem
C1884,F2417,07/2023,nivanta,Nadhem Lihiouiel Ismail Kahri
C1885,F2418,07/2023,E-mima food,Azzez Moatez Associé azzez Houssem Hamza Gassab
C1886,F2184,07/2023,Fabrication des produits électroniques,Marwene Selmi
,F2419,07/2023,DentistUP,Oussama Souaf Fahmi Haouala Soulaimane Guedria Loua Slama Mohamed Malek
C1887,F2420,07/2023,Sea Safe,Khouloud Bannour Houssem Saadaoui Meriem Zouali
C1888,F2421,07/2023,Vivlio,Nour Salah Asma Mhadheb Ahmed Hamouda Mohamed Fadhel Saada
C1889,F2422,07/2023,Barsha Food,Zeineb Hadj Ali Rania Souei
C1890,F2423,07/2023,TOUTA,Alaa Bouajila Nourhene Mhennaoui Wael Chaouch
C1891,F2424,07/2023,Arès,Ahmed Souissi Zaineb Gabsi Saafi Khalil Younes Mezen
C1892,F2425,07/2023,MSSYNDIC.com,Sami Marouani
C1893,F2313,07/2023,Waqt Tech,Mohamed Regaieg Younes Regaieg Safa Rekik
C1894,F2426,07/2023,AGUA DE SOL TUNISIE,Rami El Golli Luc Metivier
C1895,F2240,07/2023,MOBYERA,Mehdi Romdhane
C1896,F2427,07/2023,HS WARE,Chaker Trabelsi Imen Jridi
,F2428,07/2023,Thiqab,Kaouther Hedhly Hatem Zegnani
C1897,F2207,07/2023,Tym Solutions,Ghofrane Ben Mabrouk Mohamed Khalil Ben Chebil Mohamed Salah Ouelhazi
C1898,F2208,07/2023,Digi Portal,Ikbel Sassi
C1899,F2380,07/2023,Expy,Slim Nabli Luay Ben Ali
C1900,F2349,07/2023,Académie artisanal Arzaak,Jihene Arzaak Eya Akir Racha Chwiref
C1901,F2429,08/2023,Scaylab,Taher Siala
C1902,F2430,08/2023,SD Academy,May Tounsi Farah Tounsi Leila Ben Abdallah
C1903,F2431,08/2023,Deep Camp,Belhassen Chelbi Sabrine Labidi
C1904,F2432,08/2023,clik2read/MIPLIVREL,Ahmed Sami Meksi Mourad Boubaker
C1905,F2433,08/2023,sellya.net,Hamza Zarrouk Rihem Ghzaiel Ala Guezzi
C1906,F2434,08/2023,Verse,Hassen Serkhane Malek Baouindi
C1907,F2435,08/2023,Drop'n Go,Riadh Bouassida Ahmed Bouassida Ramzi Arous
C1908,F2436,08/2023,HygieSys,Jihen Kboubi Aschraf Chadli Chiheb Kboubi Adem Kboubi
C1909,F2437,08/2023,FIDELIUM,Ghaith Ben Mansour
C1910,F2438,08/2023,WOLO,Mohamed Ali Hergli
C1911,F2439,08/2023,Elodox,Hafedh Farhani Abdelrahman Nasser Cyrine Ben Haj Ali
C1912,F2440,08/2023,Restojob,Mortadha Mehri Adem Mehri Mojtabah Mehri
C1913,F1398,08/2023,Yolyc,Amine Maalaoui
C1914,F2441,08/2023,GMT International,Amal Abdelkafi
C1915,F2442,08/2023,EagleEye,Rayen Naimi Dabboussi Hassen Mohamed Amine Naimi
C1916,F2443,08/2023,BTG : Bridging The Gap,Raef RezguI Badis Kardous Chiheb Baazaoui Firas Koraani
C1917,F2444,08/2023,ZMEN,Sarra Goddi Imen Ben Slimen
C1918,F2445,08/2023,dash sports,Melek Chakchouk Bilel Ben Atitallah Jawhar Ben Salem Hatem Halouani
C1919,F2446,08/2023,Tutwide,Jawhar Farhat Sami Hamdi
C1920,F2447,08/2023,Modhif,Achraf Sekri
C1921,F2448,08/2023,TIE-UP,Achouri Iyadh Rami Ksouri
C1922,F2449,08/2023,nextview,Miled Mohamed Mohamed ali Zorgui
C1923,F2450,08/2023,AlloFermli,Naja Benali
,F1613,08/2023,Clic Holidays,Sofienne Mallek
,F1614,08/2023,Clic Holidays,Assil Salah
C1924,F2451,08/2023,IPPO,Ahmed Bouali Mohamed Wassim Abidi Salim Benaoun Hela Msaddek Mohamed Firas Najjar Mohamed Elyes Abidi
C1925,F2452,08/2023,Kardili,Med Mezri Ben Dkhil Hamdi Mokni
C1926,F2314,08/2023,ste vetalyst tech solution,Firas Jribi
C1927,F2414,08/2023,Be Synchro,Houssem Jarraya
,F2453,08/2023,Ziwziw Family Friend ﺔﻠﺋﺎﻌﻟا ﻖﻳﺪﺻ ﻮزﻮز,Mechri Siwar Nawres Mechri Zardi Samar Yassmine Dahmene
C1928,F2454,08/2023,MK Talent,Mehdi Ben Hassine Khaled Ben hassine
,F2234,08/2023,Grün Skincare,Foued Kilani Djazia Messous
C1929,F2377,08/2023,Lean Manufacturing Company,Melek Mehrez Nihel Beji Firas Mehrez
C1930,F2455,08/2023,Gifty,Il Banney Haythem Jihed Chemlali
C1931,F2456,09/2023,Wemake3D,Mathlouthi Abdelmagid Karim Yahyaoui
C1932,F2457,09/2023,Dopawin,Balkis Aifa Rmili Akrem Tarek Ben Ali Achref Rmili
C1933,F2458,09/2023,MAKTOUB TECHNOLOGIES ET SERVICES,Amir Aouididi
C1934,F2459,09/2023,Dactylos Service,Sahar Cheikh
C1935,F2460,09/2023,d-talk,Ali Nakti Saber Bahri Chaima Belhassen
C1936,F2461,09/2023,HAT Information Security Corporate,Anis Fourati Randa Sellami Mohamed Ali Fitouhi
C1937,F2462,09/2023,Inspark,Wael Mlak Salma Sayah ep Mallek
C1938,F2463,09/2023,Abajim.com,Mohamed Ali Zaier Yassine Rhouma Mohamed Ben Romdhan
C1939,F2464,09/2023,ProteiNew,Aamira Ben Aamira Issam Ben Aamira
C1940,F2465,09/2023,Line Analyzer,Ali Ibn Ammar
,F2466,09/2023,Studenty,Nour El Houda benina Rayhane Hedri Mottaki Hajouni Sabryn Hamrouni Belaid Wael
C1941,F2467,09/2023,Digi-QAL,Mathias Wrzoncki Belgacem Toumi Sondess Lazrak
C1942,F2468,09/2023,Virtu-Lab,Mohamed Nahouchi Amrou Kboubi Siwar Ben Nejma
C1943,F2469,09/2023,Neural Genie,Jawher Ressaissi Hatem Ressaissi
C1944,F2470,09/2023,Elsabuy,Hichem Boughdiri
C1945,F2471,09/2023,Docnet,Emna Ouerchfani Aya Ouhichi Ajmi ouerchfani Montassar Zorgani Directeur Technique Imen Ouerchfani Mohamed Ali Jebali Adam Louhichi
C1946,F2472,09/2023,investy,Firas Sfaxi Achraf Ben Hiba Mohamed Rayen Dakhlaoui Leith Cousseni
C1947,F2473,09/2023,IDOS DIGITAL,Ghassen Selmi Amen Mili
C1948,F2474,09/2023,Car Supervision,Jamel Eddine Belmadhkour Letaief Omar
C1949,F2475,09/2023,MyAuto,Hatem Ben Chaabane
C1950,F2476,09/2023,SuperFactorial,Aymen Ben Rjab
C1951,F2477,09/2023,Growth Starter : Plateforme de marketing digital et SEO,Mohamed Mounir Mejri Abdelhakim Jamaaoui Omrane Trabelssi
C1952,F2478,09/2023,Autom8,Dsouli Youssef Aymen Rachdi Hamza Zouari
C1953,F2479,09/2023,Sayart,Amine Hayder
C1954,F2480,09/2023,SARBINI,Skander Guarbaa
C1955,F2481,09/2023,AIO EVENTS,Iyed Ben Messaoud Oussema Rifi Aymen Derouiche Ali Baroudi
C1956,F2482,09/2023,Coccinelle Green,Aymen Ammar
C1957,F2483,09/2023,Weventis,Hadil Abdallah Mohamed Jouneidi Abderrazek Rami Kelboussi Hamza Mansour
C1958,F2484,09/2023,Felbis.ai,Sami Sakly
C1959,F2485,09/2023,Myprint,Salim Sassi
C1960,F2486,09/2023,MData One,Slimen Arnaout Arafet Sbei Tarek Ben Salah Omar Ismail
C1961,F2487,09/2023,TracklyGo,Ahmed Hedi Imed Ayari Lamjed Jedda
C1962,F2488,09/2023,MY EASY TRANSFER,Ismail Khenissi Jabrane Khenissi
C1963,F2413,09/2023,Ambition Study,Anissa Najjar Kais Dridi
,F2489,09/2023,MIGsens,Abdelghani Adnane Khalifa Aguir
C1964,F2490,09/2023,Cell Pulse Harmony,Jridi Jihed Salem Hamidi Halima Mahjoubi Elhem Cheour Neder Hamidi
C1965,F2491,09/2023,SPINSHARE,Wael Lakhrach Siwar Houssaî Hiba Mned
C1966,F2433,09/2023,Sellya Technologies,Hamza Zarrouk Rihem Ghzaiel Ala Guezzi
C1967,F2312,09/2023,Venus Zora Pharm,Zohra Aloui-Zarrouk
C1968,F2492,09/2023,HygieSys Solutions for better tomorrow,Jihen Kboubi Aschraf Chadli Chiheb Kboubi
C1969,F2493,09/2023,Tunealgo,AMdoehmam Kbeodu Mbielki Yacine Maaroufi Amani Khalfaoui
C1970,F2494,10/2023,SmartShift,Anis Chebbi Ouns Taj
C1971,F2495,10/2023,ShippingLog,Sami Jilani Meriem Trabelsi
C1972,F2496,10/2023,COLLARY,Riadh Ben Meftah Jamel Gafsi
C1973,F2497,10/2023,SEA DESIGN LAB/OUTA,Anis Montacer Aymen Souissi Asma Benyoussef Sami Montacer
C1974,F2498,10/2023,Empowair,Atef Meftah Iuliia Matviets
C1975,F2499,10/2023,xscan,Houssem Eddine Rammeh Oussama Ben Wahiba Abderrahim Gdah
C1976,F2500,10/2023,CHITELIX,Kais Aouieb Mohamed Anis Ben Ghalia
C1977,F2501,10/2023,Tadwir,Zeineb Blaiech Dali Blaiech
C1978,F2502,10/2023,Saydalid,Fares Messedi Rayen Miaoui
C1979,F2503,10/2023,Techno Shark,YAahdmhe Kdh Jaelfdaildlaih Ali Jedidi Hsan Jedidi
C1980,F2177,10/2023,Emyehr,Mohamed Aimen Jouini
C1981,F2504,10/2023,SILVER-MADE CONSULTING,Houcem Kolsi Issam Kolsi
C1982,F2505,10/2023,LAND WASH,Mohamed Aziz Landolssi
C1983,F2506,10/2023,HIPPOMED AI,Walid Guellouz
C1984,F2507,10/2023,TBRL,Ilyes Karray Ahmed Azer Ghimeji
C1985,F2508,10/2023,C&S EoleAvia,Sondes Massoudi Chiheb Ben Rekaya
C1986,F2509,10/2023,AquaWise Solutions,Yosri Belhadj Hamdi Maslah May Mallouli
C1987,F2510,10/2023,The pointing graphical tablet,Mohamed Taibah Kais Ben Rhouma Wafa Smaoui
C1988,F2511,10/2023,Gori'fit,Nadhir Chebbi Mohamed Itheb Ben Abbes
C1989,F2512,10/2023,GOATech,Mohamed Najar Seifeddine Adouani Firas Fejjeri
C1990,F2513,10/2023,myparcel.tn,Saaidi Abdel Aziz Safa Soltani
C1991,F2514,10/2023,Tadaa,Amine Ben Hmida
C1992,F2515,10/2023,KYTOSAN TECHNOLOGIES,Adnene Kammoun Mohamed Nassim Chouchene Salah Bannour Wassim Kammoun Khawla Dhahri Nasreddine Soualhia Samia Noureddine
C1993,F2516,10/2023,Haven,Mohamed Khalil Kouki Khaled Ben ammar
C1994,F2517,10/2023,DigiStract,Zaidi Chifa Khadija Louati Ala Eddine Maatoug
C1995,F2518,10/2023,Buy and Save,Marouene Darbi Feten Boukari
C1996,F2519,10/2023,EdgeCube,Alaeddine Ghabi Mohamed Yassin Jemai Taha Yassine Romdhane Mouadh Abdellatif Asma Hammami
C1997,F2520,10/2023,The New Generation : For high energy kids,Wejdane Ksiaa
C1998,F2521,10/2023,Maktba.tn,Rahma Boubaker Boubaker Raed Imen Messaoud
C1999,F1824,10/2023,Éyalla,Bassem Almarzouki
,F2522,10/2023,Abajim.com,Mohamed Ali Zaier Yassine Rhouma Mohamed Ben Romdhane
C2000,F2523,11/2023,Leadership 4.0,Faouzi Gharsalli Khaled Gharsalli
C2001,F2524,11/2023,ApiShield,Ala Eddine Dhaouafi Rayen Nahdi Hédil Fraihi Yassine Ben Ali
,F2525,11/2023,Au delà du Bio,Hajer Terras Heithem Zaghouani Elyes Jeribi
C2002,F2526,11/2023,ProtiBox / Kosmos Tech Innovation,Wassim Amri Asma Kilani
C2003,F2527,11/2023,CarNet,Nabil Ben Nasrallah Sana Balti Wissem Mazgou
C2004,F2528,11/2023,NeuralBey,Mohamed Aziz Chibani Mahdi Lazreg Mechria Mohamed Aziz
C2005,F2529,11/2023,BE-SIYESSAH,Saif Eddine Naffati Fedia Ayari
C2006,F2530,11/2023,Intake,Marouane Trimeche ?
C2007,F2531,11/2023,BRAIN-TEK,Montasser Khamassi Nour El Houda Shili Mohieddine Drissi Slim Griri
C2008,F2532,11/2023,Digital Catering Solution,Salmen Ajili Mahdi Abdelmalek Sahbi Ben hmida
C2009,F2533,11/2023,Deelshop,Hamza Bourougaa Rachwan Tarraf Aziz Kouki
C2010,F2534,11/2023,K-EYES,Zina Gachaoui Ziad Kadhi
C2011,F2535,11/2023,BRIDGE IT,Ibtihel Driss Lassaad Aissa Berraiess Mohamed Ghodbane
,F2536,11/2023,DourbIA,Ines Hassoumi
C2012,F2537,11/2023,Vocalyst,Mohamed Omar Chaari
C2013,F2538,11/2023,STOREX,Mahdi Benabdallah
C2014,F2539,11/2023,X-Green,Azer Taieb Houssem Tayeb
C2015,F2540,11/2023,WeeCode Development,Mouheb Mehdoui Riadh Baroudi
C2016,F2541,11/2023,withe shark kayak,Oussama Noumi Karim Bouchiba Yosri Jlassi
C2017,F2542,11/2023,BuzzBip,Mhamed Ali Ben Mahmoud Walid Tanazefti Sabri Ben Marzouk Youssef Denguir
C2018,F2543,11/2023,LES ÉDITIONS IRIS,Malik Ayachi
C2019,F2544,11/2023,BIM STRATEGY,Khalil Mhamdi
C2020,F2545,11/2023,TestWize,Khaled Saidani Azza Sandly
C2021,F2546,11/2023,Mntly,Hassen Saadi
C2022,F2547,11/2023,VRmersion,Ranim Zouari Sonda Charfi
,F2548,11/2023,Agazone,Mohamed Boussaidi
C2023,F2549,11/2023,Orion,Ghassen Ghouibi Habiba Ben Jabeur
C2024,F2550,11/2023,AhlaBik,Olfa Trabelsi Kessé Emmanuel Sigui
C2025,F2551,11/2023,Chanvision,Mohamed Riahi Yassine Idoudi
C2026,F2552,11/2023,Mellekher,Wassim Hamdani Youssef Zrelli
C2027,F2437,11/2023,GAMAPPS,Ghaith Ben Mansour
C2028,F2411,11/2023,ORcompost solutions naturelles,Ahmed Boufahja Emna Boufahja
,F2412,11/2023,United VITO,Nizar Affi
,F2553,11/2023,SKINPHILOSOPHY,Khouloud Abada Saida Akermi
,F2354,11/2023,Multiverse AI,Aymen Yahyaoui Amine Mosbah
C2029,F2052,11/2023,Société internationale d'élevages des espèces nutri protein,Helmi Abed
C2030,F2347,11/2023,FORCE DE VENTE DIGITAL,Baha Hajri
,F2353,11/2023,OneGlobb,Safouene Ratel Younes Saidani Marouene Ratel
C2031,F2554,12/2023,Top Nearshore,Pierre Maxime
C2032,F2555,12/2023,Link 2 Grow Network,Rym Ayari Walid Ayari
C2033,F2556,12/2023,Vesna Biotech,Hamza MAGRIMariem MAGRIAymen CHEIBI
C2034,F2557,12/2023,DATABLIC,Abir Ben ArbiaAnis Ben ArbiaRami Chermiti
,F2558,12/2023,Go Switch Home,Marwa SettiMohamed Aziz Setti
C2035,F2559,12/2023,UCOD,Mouadh Hsoumi
C2036,F2560,12/2023,MOOM,Maroua Ben Charrada Mohamed Aymen Bachrouch
C2037,F2561,12/2023,RSE Time,Rym Bendhief Akremi Mohamed Hbib Ben Akremi Mohamed Aziz Ben Akremi
C2038,F2345,12/2023,South Fruits Agri,Thouraya Rajah
C2039,F2562,12/2023,Hippomed Entreprise SA,Mohamed Oualid Guellouz Pascaline Mussot
C2040,F2563,12/2023,Contractzlab,Mohamed Rafik Hwimli
C2041,F2564,12/2023,Uvey,Youssef Meddeb
C2042,F2565,12/2023,Tanit.ai,Kais Zhioua
C2043,F2566,12/2023,JIOTIFY,Foued Jaballah Rafik Jaballah
C2044,F2567,12/2023,IOT Bridges,Walid Khenissi
C2045,F2568,12/2023,DeviceSpeak,Makram TorjemenSouissi AlHabib
C2046,F2569,12/2023,WLEDI,Houssem Ben Slama Dhouha Allagui Abderrazak Hakim
C2047,F2570,12/2023,mypharmacy. tn/Sharedpharma,Kais Ben YoussefAymen SellaoutiIssam Moalla
C2048,F2571,12/2023,Gorilla,Aymen KochtiSahar Toujani
C2049,F2572,12/2023,Magic nature,Hela Mghaieth Ahmed Mghaieth
C2050,F2573,12/2023,Food Safety,Majed DammakSaber Naffati
C2051,F2574,12/2023,BRANDYU (application mobile).,Amine OueslatiOumaima MahmoudSoufien Bsili
C2052,F2575,12/2023,Domaine El Htouba,Amine Boufaied
C2053,F2576,12/2023,OLINDIAS,Mohamed Lotfi Sassi
C2054,F2577,12/2023,Kridipay,Amani ChattiMahmoud ChattiMohamed Neji KalboussiMakrem Jlassi
C2055,F2578,12/2023,Afrique vapeur,Saadallah Aymen
C2056,F2579,12/2023,ADDEL,Mouhamed Nourdine GuitouniKarima Tekaya Maghri
C2057,F2580,12/2023,TIKTAK CV,Ibrahim BoubakriBadreddine Ben Cheikh AhmedMoussa Ouechtati
C2058,F2581,12/2023,Ad. Mall,Maha Ben Fredj Malek Ben Fredj Mouna Karoui
C2059,F2582,12/2023,Tanit Corporate Solutions,Raed Harzalli Mohamed Aymen Zarouk
C2060,F2583,12/2023,Doken,Achref Hafedh
C2061,F2584,12/2023,E-NERGIZE,Mohamed Rached Bedis Bergaoui
C2062,F2585,12/2023,Olive Oil Connection,Walid MezghaniAmani Ghezal
C2063,F2586,12/2023,Icecubex,Kcharem AhmedOmar Ahmed
C2064,F2587,12/2023,Wittverse,Myriem Slama
C2065,F2588,12/2023,ANCA BOX,Ahmed Mahouachi Oumaima Ghali Amal Daoudi Hamdi Ben Brahim
C2066,F2589,12/2023,Cyra Auto Tunisie,Sirine BelhassenAbdelkader Belhassen
C2067,F2590,12/2023,EVOPACK BIO,Aram Ben Salem Awatef Sadki Afnene Ben salem
C2068,F2591,12/2023,NutriCode,Rym Gamra
,F2375,12/2023,ARKHOU-DRONE,Khouloud Mhamdi Elarbi Machraoui
C2069,F2376,12/2023,OPUSLAB EdTECH,Ahmed Ben Bouzid Mohamed Berber Siwar Gharbi Mohmmed Sayed Hamdi
C2070,F2592,12/2023,OCEAN SOFT,Habib Chaari Mehdi Ben Hmida Wajdi Buaziz
,F2593,12/2023,ProteiNew,Amira Ben Amira Issam Ben Amira
C2071,F2594,01/2024,Catchy,Zakaria Glenza Souhail Saihi
C2072,F2595,01/2024,Atome Academy,Zeidoun Meksi Adnen Somai Jawhar Mtar Adnen Somai Yasser Joudi
C2073,F2596,01/2024,ALIDADE,Mejdi Gaddouch Monia Grtimene
C2074,F2597,01/2024,Hi Interns,Hazem Hamrouni Khalil Bessaad
C2075,F2598,01/2024,Pedago,Helmi Benameur Fares Gaida Sofiene Gharbi Ahmed Berred El Montassar Belleh Gaida Mohamed Amine Ghazouani Wassim Affes
C2076,F2599,01/2024,FlexyFleet,Karim Ben Fadhel
C2077,F2600,01/2024,kortable,Syrine Abidi
C2078,F2601,01/2024,COSMETIQUE BIO-PHYTO,Manel Mallek
C2079,F2602,01/2024,Caire Health AI,Tekaya Oussama Hamdi Belhassen Mohtadi Ben Fraj Daniel Angloher
C2080,F2603,01/2024,officent,Saif Eddine BorgholKamel Ben AnayaAsma MethamemSoulayma Dhiab
C2081,F2604,01/2024,InnoDeep,Hamdi Mustapha Majdi Jaber
C2082,F0299,01/2024,Qualimaker,Mehdi Zaabar
C2083,F2605,01/2024,eco Gwatring,Oussama Houcine Najem Ddine Souheil Elhoucine
C2084,F2606,01/2024,VISIMEDIA,Ikram Ben Sassi
C2085,F2607,01/2024,Quokka Agency,Bassem Lamouchi Hedi Manai
C2086,F2608,01/2024,Karthago Machine,Achraf Bleili
C2087,F2609,01/2024,Everwed,Ahmed Ben Attia Mehdi Trabelsi Ahmed Missaoui Anis Mimech
C2088,F2610,01/2024,lebondeal,Fares Jabloun
C2089,F2611,01/2024,AIPenetraGuard,Hamzaoui Sofiene Hamzaoui Noureddine Sfaxi Ameur
C2090,F2612,01/2024,Discover Tunisia,Danden Ahmed Touati Selsebil
C2091,F2613,01/2024,Ticka,Mohamed Benyagoub Said Abderrahmen Minyar Meksi
C2092,F2614,01/2024,Festime,Nasreddine Ragam Ragam Amine
,F2289,01/2024,SOK'ARI,Manel Mrad Mohamed Amine Mrad
C2093,F2615,01/2024,BNJMO,Mohamed Ben Jazia
C2094,F2616,01/2024,Qrisp,Mohamed Amine Bellili Mohamed Rayen Sadkaoui Mohamed Aziz Saouabi
C2095,F2617,01/2024,ExpatEase,Hassen Saadi Ilef Karray Sarah Gannoun
C2096,F2618,01/2024,WeeTest,Senda Khemiri
C2097,F2619,01/2024,ZINA,Dridi Bachir
C2098,F2620,01/2024,HART Gaming,Molka Nasraoui Dhafer Amine Nasraoui Nasraoui Azza
C2071,F2594,01/2024,Catchy,Zakaria Glenza Souhail Saihi
,F1773,01/2024,arsek dripbox,Mohamed Haj Abdallah Kais Oueslati
C2099,F2531,01/2024,OCTOMIRO,Montasser Khamassi Nour El Houda Shili Mohieddine Drissi Slim Griri
C2100,F2621,01/2024,COHEALTH,Fares Messedi Rayen Miaoui Yadh Khalfallah
C2101,F2468,01/2024,VLSoft,Mohamed Nahouchi Amrou Kboubi Siwar Ben Nejma
C2102,F1932,01/2024,Code Pro Qr,Mourad Sahloul
C2103,F2622,01/2024,D Customized Solution,Salmen Ajili Mahdi Abdelmalek Sahbi Ben Hmida
,F2623,02/2024,WEeFARM,Jasser Ben Saad Rayen Ben saad Ayeb Rihab
C2104,F2624,02/2024,SupplyzPro,Seddik Houimli Jacer Smat Koutheir Cherni Mohamed Amine Abdenadher Hazem Housseini
C2105,F2625,02/2024,ConvergenceAI,Mohamed Yassine Letaief Hajer Hraghi
C2106,F2626,02/2024,TRUSTABLE,Ghazi Maatoug Yi Shi Olivier Patole
C2107,F2627,02/2024,Spooky And Diva,Mohamed Jemiai Mohamed Taieb Jemiai
C2108,F2628,02/2024,eduhelper,Mootaz Hammami
C2109,F2629,02/2024,BiBoo Children's planet,Jihed Aboulkacem Mohamed Dinari
C2110,F2630,02/2024,eyodoo,Yassine Ajili Abdelwafi Jennayeh
C2111,F2631,02/2024,Moncoin,Ahmed Sahraoui Saber Sahraoui
C2112,F2632,02/2024,PlagPrevent,Amir Kboubi Feres Othman
C2113,F2633,02/2024,Ligne 13,Fahd Hannachi Asma Ladjimi
C2114,F2634,02/2024,Student Life Style,Safa Ben Romdhane Wouroud Zemzem Amira Grendi
C2115,F2635,02/2024,ParkiHouni,Hammami Tarek Mohamed Aymen Mechergui
C2116,F2636,02/2024,Cherry ERP,Mohamed Amine Khemiri Maroua Ellouze
C2117,F2637,02/2024,WeenPan,Arbi Ben bazza Lokmani Yassine Sana Hamdi Jamila Ghediri
C2118,F2638,02/2024,Dari,Souheil Bouzouita Chebaane Med Aziz
C2119,F2639,02/2024,La réalité augmentée au service de la médecine,Oualid Kilani
C2120,F2640,02/2024,Owlinks,Mohamed Kchaou Amine Guermazi
C2121,F2641,02/2024,Averroes Software,Sofiene Salem
C2122,F2642,02/2024,brinnovat blockhaus,Fethi Laabidi Haithem Abderrahmene
C2123,F2643,02/2024,KAÏNAU,Mouna Boussetta
C2124,F2644,02/2024,NAÂMÀ,Tesnim Jaziri
C2125,F2645,02/2024,Solar Chain,Ismail Khlif Maram Arfaoui Yessin Khlìf
C2126,F2646,02/2024,YallaPlay,Ayoub Debbichi Hedi Slim
C2127,F2647,02/2024,CarCare,Nour Abbous Hamza Omar
C2128,F2648,02/2024,Erp indusoft,Ayoub Ben Abdallah Chadi Belguith
C2129,F2649,02/2024,2BM - Business Builder by MedSirat,Mohamed Rached Jomni Donia Barakati Hanen Bouamoud Souheil Skouri
C2130,F2650,02/2024,Bolt Pick-Up,Omar Baccar Hager Bouchoucha
C2131,F2651,02/2024,MyMy,Myriam karoui Ines Karoui
C2132,F2652,02/2024,Royaume d'amande,Hejer Kamoun Ghada Daoud Hajkacem Eya
C2133,F2653,02/2024,SKILLS 4 AFRICA,Nouha Bouwazra Intidhar Nakouri Basma Selmi
C2134,F2654,02/2024,COOP'ESS,Wajdi Boufaroi Abdelkader Lakhal Boufarwa Wiem Hakim Kadhi
C2135,F2655,02/2024,Flavor Med Fish,Jarraya Mahdi Ahmed Ben Rhaiem
C2136,F2656,03/2024,Tunisia Podcasts,Raouia Khedher
C2137,F2657,03/2024,XtendMedical par XtendMind,Mourad Mezghenni TechLead Informatique Ahmed Ben Hamouda Hassan Cheriha
C2138,F2658,03/2024,Société : Learnset / Premier projet : Medset,Oussema Rhif Rached Fares Mohamed Ali Chemli Mohamed Skander Soltane
C2139,F2659,03/2024,OrderTech,Chokri Rayani Jaafer Chniter Jihen Haddad
C2140,F2660,03/2024,ROUNDESK TECHNOLOGIE,Franck Legendre
C2141,F2661,03/2024,CNM Community Hub,Fethi zoghlami Slim Abeidi Makrem Jebali Alaa Sebai
C2142,F2662,03/2024,EuroVet Veterinaire,Riadh Zaidi
C2143,F2663,03/2024,Deevium,Ala Eddine Hsairi Raed Jridi
C2144,F2664,03/2024,Foootly,Imen Saidi Zakaria Magouri Sadok Kzadri
C2145,F2665,03/2024,mekadesk.com,Feres Okbi Ali Benmohamed Youssef Kzadri
C2146,F2666,03/2024,Innoway Solutions,Alaa Maaoui
C2147,F2667,03/2024,Green wall,Tesnime Khemiri Balkis Bettoumi Mohamed Aziz Laourine
C2148,F2668,03/2024,AGARUW HUB,Mejda Khaled Zeineb Ben Abdallah Hedi BenRomdhane
C2149,F2669,03/2024,"CC - Colombus Capital, The Infinite Trust",Mezri Karoui Eymen Errais
C2150,F2425,03/2024,MSSyndic,Sami Marouani
C2151,F2670,03/2024,Responsible Cyber,Magda Chelly Mikko Laaksonen
C2152,F2671,03/2024,Speedy ERP,Kais Chehuma
C2153,F2672,03/2024,OPTOSCOPIA Intelligent Diagnostic Analyzers,Marouen Akermi Francesc Gomez
C2154,F2673,03/2024,LUNETTEC,Mouna Abid Yosr Ghozzi Sonia Abid
C2155,F2674,03/2024,Noumeo Solutions,Mohamed Zlizi
C2156,F2675,03/2024,AIBC,Med khalil Bousnina Rahma Bousnina
C2157,F2676,03/2024,TRENA,Ala Larbi Hatem Benchikh Dorra Fredj
C2158,F2677,03/2024,Mozolang,Moez Debara Jamila Khmiss Hussein Dbara
C2159,F2678,03/2024,éco-lavage,Nader Dermech Maha Nacer
C2160,F2679,03/2024,SM Business,Moez Ben Moelli Safa Kanzari
C2161,F2680,03/2024,a'BroadStudent,Zied Kacem Nour elhouda Issaoui Issam Kacem
C2162,F2681,03/2024,ServiDrone Solutions,Mohamed Achref Hamdouni Hassen Mokadem
C2163,F2682,03/2024,Twiza,Aziz Masmoudi Youssef Masmoudi Edam Hamza Omaima Daoud Rim Mtibaa
C2164,F2683,03/2024,Kidso,Mohamed ali Abbes Houssem Hammami Boussarsar Ahmed Amine
C2165,F2684,03/2024,Ehdilou,Chaker Lazzez Ben Amor Omar aziz
C2166,F2685,03/2024,Nour Expert Telecom,Ali Ibn ammar
C2167,F2686,03/2024,AltaDigit,Houssem eddine Rammeh Oussama Ben Wahiba Abderrahim Gdah
C2168,F2687,03/2024,CHERRY SOFT,Khemiri Mohamed Amine Maroua Ellouze
C2169,F2467,03/2024,DQAL,Mathias Wrzoncki Belgacem Toumi Sondess Lazrak
C2170,F2688,04/2024,xgol,Karim Bahi Iheb Jendoubi Souad Annabi
C2171,F2689,04/2024,Graines Academy,Sana Ksouri Dhouha Ksouri Mohamed Ghassen Fhimi
C2172,F2488,04/2024,EASY TRANSFER,Ismail Khenissi Jabrane Khenissi
C2173,F2690,04/2024,conception de biocapteur pour la,Idméetenc Btiioonse dnesso bractéries dans le lait
C2174,F2691,04/2024,Tissu.tn | Mercerie.tn,Malek Dhahri Majdi Dhahri Moez Dhahri
C2175,F2692,04/2024,ISTYA NATURAL POOL,Nawel Dghim Aziza Ibn Hadj Hassine Mohamed Nefaa Dghim
,F2693,04/2024,Gori'fit,Nadhir Chebbi Mohamed Itheb Ben Abbes Ahmed Méchergui
C2176,F2694,04/2024,TunBra,Montassar Moussa Firas Rouine Mhamed Moncer
C2177,F2695,04/2024,SAFESPHERE,Maher Fekih Samar Ouni
C2178,F2696,04/2024,123booking,Mahdi Taghouti Akram Rekik
C2179,F2697,04/2024,Perro,Mohamed Yassine Brahem Hiba Mateur Ahmed Bechir Mezhoud Salah Dabbech Aicha Farah Souelmi
C2180,F2698,04/2024,ACRIDIDEA,Noura Ayadi Najet Ayadi
C2181,F2699,04/2024,ALTABIB,Mohamed Ali Ben Chaabane Hadhami Ghaffari
C2182,F2700,04/2024,ITri,Majdi Ben Farhat Hanen Louati Ramzi Halouani
C2183,F2154,04/2024,Hapivot,Francois Dejeager Anis Dabbebi Saber Jelassi
C2184,F2701,04/2024,R&D=Riders and Drivers,Sana Elleuch Mohamed Elleuch
C2185,F2702,04/2024,Scale Pro,Makrem Chakchouk
C2186,F2703,04/2024,PERMA EMERGENCY ASSISTANCE,Marwa Abrougui Mustapha Nasraoui Fares Hana
C2187,F2704,04/2024,Eside,Mohamed Jaidane Abdallah Raies Raed Debbabi
C2188,F2705,04/2024,MINA,Moutaa Madani Rihem Madani
C2189,F2706,04/2024,JAWI,Omar Trabelsi Karim Trabelsi
C2190,F2707,04/2024,Vivala Travel,Achraf Kacem Marwen Mahmoud
C2191,F2708,04/2024,Uni-Job,IAmhemne Sde Hlmchiaichi Mouheb Eddine Saadaoui Bairem Khedhri
C2192,F2709,04/2024,Smart Cars Solutions,Mohamed Ksantini Mohamed Karray Nesrine Triki Associée Amina Turki Sirine ammar Ameni Ellouze
C2193,F2710,04/2024,Loc-Waste,Asma Fattouch Mohamed Amine Ben Amor Ela Manai Houssem Ben Haj Boubaker
C2194,F2711,04/2024,Swiftlane,Rayen Naimi Mohamed Sofiene Barka
C2195,F2712,04/2024,Kickoff,Med Mezri Ben Dkhil Hamdi Mokni Yassine Youssef
C2196,F2713,04/2024,content360,Slim Zghal Momtez Ayadi
C2197,F2714,04/2024,Eco Vélo,Lotfi Sahli Zeineb Sahli Mounira Cherif Kaouther Sahli
C2198,F2715,04/2024,Charliz,Walid mansia Maaref Yathreb Daboussi Rima Hajer Ayari
,F2716,04/2024,TIE-UP,Iyadh Achouri Rami Ksouri
C2199,F2717,04/2024,Torrecarb,Amin Limaiem
C2200,F2718,04/2024,ROAMINGO,Saddem Abderrahmen Achref Jannene Sadok Saddem Mahmoud Ellouze Saddem Yassin Amor Kerkeni
C2201,F2719,04/2024,Exam-Craft,Khaled Khelifi Abrar Hammami
C2202,F2720,04/2024,Fastoch Car Wash,Hedi Affes
C2203,F2721,04/2024,TrackSite,Hamza Sakarni Chayma sakrani
C2204,F2722,04/2024,LEBESTY,Mohamed Tlili Ikram Zakkour
,F2672,04/2024,OPTOSCOPIA Intelligent Diagnostic Analyzers,Marouen Akermi Francesc Gomez
C2205,F2669,04/2024,COLOMBUS CAPITAL,Mezri Karoui Eymen Errais
,F0299,04/2024,Qualimaker,Mehdi Zaabar
,F2723,04/2024,CHITELIX,Aouaieb Kais Mohamed Anis Ben Ghalia
C2206,F2565,04/2024,Tanit HealthCare Technologies,Kais Zhioua
C2207,F2724,05/2024,DentaMeet,Fares Karbia
C2207,F2725,05/2024,DentaMeet,Mohamed Islem Ben Ali
,F2726,05/2024,SahEAT,Taha Karoui
,F2727,05/2024,SahEAT,Bessem Bousselmi
C2208,F2728,05/2024,IoTbyte,Haithem Dabboussi
C2209,F1520,05/2024,WeGestU,Lassaad Ben Rejeb
C2209,F2729,05/2024,WeGestU,Wiem Ben Mahmoud
C2210,F2730,05/2024,KidzRise,Dhia EL Arbi
C2210,F2373,05/2024,KidzRise,Abbassi Ahdi
,F2731,05/2024,Proximabel Development,TakiEddine Ben Messaoud
C2211,F2732,05/2024,KDM,Noura Kotti
C2211,F2733,05/2024,KDM,Kantaoui Gallas
C2212,F2734,05/2024,Satisfy Insight,Yosr Halleb
C2212,F2735,05/2024,Satisfy Insight,Anis Sehili
C2212,F2736,05/2024,Satisfy Insight,Ahmed Lachtar
C2212,F2737,05/2024,Satisfy Insight,Karem Chatti
C2212,F2738,05/2024,Satisfy Insight,Mouhamed Louay Tebourski
C2213,F2739,05/2024,Volo,Achref Mejri
C2213,F0625,05/2024,Volo,Mohamed Amine Jendoubi
C2213,F2740,05/2024,Volo,Mohamed El Arbi Bessalah
C2213,F2741,05/2024,Volo,Sofien Guesmi
C2214,F2742,05/2024,tipstalks,Mraihi Ilies
C2215,F2743,05/2024,Riven Crown,Menjli Aymen
C2215,F2744,05/2024,Riven Crown,Amira Bacha
C2216,F2745,05/2024,U!NOW,Oussama Elayeb
C2216,F2746,05/2024,U!NOW,Amani Bacha
C2216,F2747,05/2024,U!NOW,Ben Abdallah Taoufik
C2216,F2748,05/2024,U!NOW,Mohamed Ali Ben Abdallah
C2217,F2749,05/2024,Tim'ess,Dorra Bouguella
C2217,F2750,05/2024,Tim'ess,Rania Chouchane
C2217,F2751,05/2024,Tim'ess,Chouikhi Seif
C2218,F2752,05/2024,DRIVOXE.,Ranyme Trabelsy
C2218,F2753,05/2024,DRIVOXE.,Yassine Chaabane
C2219,F2754,05/2024,DAKTARI,Yassine Kasraoui
C2219,F2755,05/2024,DAKTARI,Firas Belgouthi
C2219,F2756,05/2024,DAKTARI,Anis Dhifaoui
C2220,F2757,05/2024,Société livraison ija,Nazih Dhifaoui
C2221,F2758,05/2024,Louna,Bilel Basly
C2221,F2759,05/2024,Louna,Abdelbasset Dhrif
C2222,F2760,05/2024,DEGLOLIVA,Amel Trabelsi
C2223,F2761,05/2024,AGRONIX,Wissem Ben Amor
C2223,F2762,05/2024,AGRONIX,Rashed Bedhiafi
C2224,F2763,05/2024,Qoon,Amine Lamine
C2225,F2764,05/2024,Mat7irch,Ali Horchani
C2225,F2765,05/2024,Mat7irch,Badii Gharbi
C2226,F2766,05/2024,NEXTOOLS,Haythem Hamdani
C2226,F2767,05/2024,NEXTOOLS,Walid Jemaa
C2226,F2768,05/2024,NEXTOOLS,Rahma Dhib
C2227,F2769,05/2024,Joyness,Rahma Hadj Ali
C2227,F2770,05/2024,Joyness,El Abed Ilyes
C2227,F2771,05/2024,Joyness,Zayneb Aouani
C2228,F2772,05/2024,Keef,Ihab Kahri
C2229,F2773,05/2024,ADAM DIGITAL CARD,Haythem Belhaj
C2229,F2774,05/2024,ADAM DIGITAL CARD,Amel Haddad
C2230,F2775,05/2024,Rewardini,Shili Badie
C2230,F2776,05/2024,Rewardini,Chiraz Othmani
C2230,F2777,05/2024,Rewardini,Meher farhat
C2231,F2778,05/2024,Jek Job,Ismail El Hamad
C2231,F2779,05/2024,Jek Job,Adnan Ben Youssef
C2231,F2780,05/2024,Jek Job,Amine Ben Dhiab
C2232,F2781,05/2024,Medidoc,Jamel Malek
C2232,F2782,05/2024,Medidoc,Fakhreddine Kraiem
C2232,F2783,05/2024,Medidoc,Mehdi Zine Abidine Aidoudi
C2232,F2784,05/2024,Medidoc,Malek Taktak
C2233,F2785,05/2024,pathtrail,Zied Chraiet
C2233,F2786,05/2024,pathtrail,Oussama Jedda
C2233,F2787,05/2024,pathtrail,Rejeb Chaalia
C2234,F2788,05/2024,Alt Doc,Hamdi Bouabdallah
C2234,F2789,05/2024,Alt Doc,Khaled Hadj Ali
C2234,F2790,05/2024,Alt Doc,Baha Eddine Missaoui
C2235,F2791,05/2024,CraftARoom,Wassim Hamdaoui
C2235,F2792,05/2024,CraftARoom,Siwar Missaoui
C2236,F2793,05/2024,CLUB,Ghaith Labbèdi
C2236,F0116,05/2024,CLUB,Seifeddine Ben Hamouda
C2237,F2794,05/2024,Perfect Gen,Mohamed Hizabri
C2237,F2795,05/2024,Perfect Gen,Issam Nouri
C2238,F2796,05/2024,Smart Farm Solutions,Béchir Ben Brika
C2239,F2797,05/2024,Oratio,Oussema Chelly
C2239,F2798,05/2024,Oratio,Yosri Ayadi
C2240,F2799,05/2024,Numeryx MEA,Omar Turki
C2240,F0857,05/2024,Numeryx MEA,Jamel Hattay
C2241,F2800,05/2024,Télésurveillance profonde des patients via une plateforme clinique de suivi médical,Faiza Hadid
C2241,F2801,05/2024,Télésurveillance profonde des patients via une plateforme clinique de suivi médical,Younes Ben Salah
C2241,F0858,05/2024,Télésurveillance profonde des patients via une plateforme clinique de suivi médical,Samir Belaid
C2241,F0859,05/2024,Télésurveillance profonde des patients via une plateforme clinique de suivi médical,Mohsen Machhout
C2242,F2802,05/2024,TECHPRO SOLUTION,AYMEN BENSALEM
,F2803,05/2024,HIVE,Adam Ounis
,F2804,05/2024,ACRIDIDEA,Noura Ayadi
,F2805,05/2024,ACRIDIDEA,Najet Ayadi
C2243,F2536,05/2024,culturify,Ines Hassoumi
C2244,F2806,05/2024,R H A development,Hamza Bourougaa
C2244,F2807,05/2024,R H A development,Rachwan Tarraf
,F2808,05/2024,Contractzlab,Aziz Kouki
,F2563,05/2024,Contractzlab,Mohamed Rafik Hwimli
C2245,F2276,05/2024,JIOTIFY Solutions,Foued Jaballah
C2245,F1787,05/2024,JIOTIFY Solutions,Rafik Jaballah
C2247,F2809,06/2024,Kumeza,Meriam Ben Doudou Yazid Abela
,F2810,06/2024,SNO,Walid Ksouri Ismail Benmiled
C2248,F2811,06/2024,Guepard,Koutheir Cherni Ghassen Menaouar Hani Chalouati
C2249,F2812,06/2024,PROXECO,Bayrem Benaglia Walid Kacem
C2250,F2813,06/2024,Inkylab Technologies,Malek Khadhraoui Rami Dridi Ghazi Nhidi Amal Aoun Adel Ben Salem Abed Issam
C2251,F2176,06/2024,Odeev Tennex,Chahine Hamila
C2252,F2814,06/2024,IDIRIS,Mohamed Kallel Imène Khanfir Kallel Amin Kallel
C2253,F2815,06/2024,Freelances.tn,Sadok Feki Sylvain Dienst
,F2816,06/2024,Orion,Ghassen Ghouibi
C2254,F2817,06/2024,HANDISUCCESS INTERNATIONAL,Nejah Cherif Nour El Houda Cherif
C2255,F2818,06/2024,DAR BLOCKCHAIN,Jaafar saied
C2256,F2819,06/2024,SPR01,Haithem Besghaier
C2257,F2820,06/2024,CARWAYS,Hamdi Zaghouani Oumayma Boughdiri Yosra Benbrahem
C2258,F2821,06/2024,Astratransit,Yosra Ahmed Majdi Ahmed Najoua Kassaoui
C2259,F2822,06/2024,Greeny Soliutions,Oussema Gharsalli Mohamed Zied Madini Seifeddin Jenifen
C2260,F2823,06/2024,SYSNAPSUS,Mohamed Ben Mahmoud Mohamed Hechmi Louzir
C2261,F2824,06/2024,REFLECTION ENGINEERING CONSULTING REC,Yasmine Boudhina
C2262,F2825,06/2024,Educap,Sabri Oui Lobna Lahmar
C2263,F2826,06/2024,Data Scale,Mayssem Ben Ammar Wassim Mjahed
C2264,F2827,06/2024,AVATAR ID /THINKNEO,Leith Mokaddem Sarah Ksibi
C2265,F2828,06/2024,Mariage Tunisie,Sanaa Wajdi
C2266,F2829,06/2024,ITMMA,Amine Mhedhbi
C2267,F2830,06/2024,BATIPRICE,Akrem Zribi Khaled Mokni
C2268,F2831,06/2024,Craft'y,Arij Tounsi Ahmed Jannadi
C2269,F2832,06/2024,Devortex,Maher Amara Ahmed Guizani
C2270,F2833,06/2024,Koonwell,Mohamed Bayar
C2271,F2834,06/2024,Kidzy Lab,Rami Rouini Bouissa Mohamed Moez Tabia
C2272,F2835,06/2024,Econolotech,Nabil Gafsi
C2273,F2836,06/2024,DestockingPartner,Slim Zorgati
C2274,F2837,06/2024,Good Partners Cluster,Mohamed Aziz Khayat Wael Benelkhayatia Hella dridi
C2275,F2838,06/2024,Ketrone,Sadry El Materi Aicha Chaar
C2276,F2839,06/2024,Vap Shoes,Med Aymen Doufeni
C2277,F2840,06/2024,LACARTECO,Maha Ben Arbia Aymen Kooli
C2278,F2841,06/2024,Estishara,Ali Dahmani
C2279,F2842,06/2024,MyAmbassador,Hadil Abdallah Bilel Gharbi
C2280,F2843,06/2024,DEFENDR,Mottaki Hajouni Seifeddine Bahroun Mouhamed Ali Barbouchi
C2281,F2844,06/2024,Oscaro,Mahmoud Siala Mohamed Siala Boubaker Siala
C2282,F2845,06/2024,Société Espoir services assistance des urgences,Arbi Ben Bazza Lokmani Yassine Sana Hamdi Jamila Ghediri
C2283,F2846,06/2024,Officent IT,Saied Eddine Borghol Kamel Ben Anaya Asma Methamem Soulayma Dhiab
C2284,F2847,06/2024,BOOK NOW,Akram Rekik
C2285,F2848,07/2024,ASTRUM BIOTECH,Mamdouh Ben Ali Manel Ben Ali
C2286,F2849,07/2024,Ecojina,Kaouther El Mejdi Sara El Fray
C2287,F2850,07/2024,FAANG,Badis Zormati Gouty Bassem Rihab Lajmi
C2288,F2182,07/2024,Laboratoires hygie,Sahbi Ben Lamine
C2289,F2851,07/2024,Sinister scripts studios,Ines Barkaoui Rihab Bejaoui
C2290,F2852,07/2024,Boukle Waste Management,Mohamed Wassim Hamrouni Rania Matoussi
C2291,F2853,07/2024,Addvocate AI,Mohamed Ridha Mami Sofyan Chekir
C2292,F2854,07/2024,Odin international services and consulting,Abdelaziz Ben Othman
C2293,F2855,07/2024,Flayes,Mohamed Amine Dridi Mahdi Said Khairi Hammami
,F2829,07/2024,ITMMA,Amine Mhedhbi
C2294,F2856,07/2024,LR CONFORT MOBILITE,Mahdi Oueslati Yassmine Gritli Aymen Masmoudi Zeynab Gritli Imen Oueslati
C2295,F2857,07/2024,EduZen,Ibtihel Driss Wahib Zerrim Khouloud Rinez Jihen Rahmouni
C2296,F2858,07/2024,YOPEX,Mouhib Touaiti
C2297,F2859,07/2024,ZAYOLI,Cheima Cherih Leila Rekbi
C2298,F2860,07/2024,Vegana,Mehdi Ben Hamouda
C2299,F2861,07/2024,Aventoura,Sami Amri Mohamed Ali Maazoun Dhia Saadi
C2300,F2862,07/2024,Paytea,Tarek Zouari Rania Kammoun
C2301,F2863,07/2024,Galilei,Amir Askri
C2302,F2864,07/2024,Bimpack,Ghassen Boufaden Atef Mechken
C2303,F2865,07/2024,MACONDO ENGINEERING,Haythem Maddouri yahya Machat
C2304,F2866,07/2024,Infinite communities,Shayma Kaabi Aymen Touhent Karim Gharbi
C2305,F2867,07/2024,Smart Escape,Fatma Techini Ahmed Yassine Chouk
C2306,F2868,07/2024,Be-Smart,Guerfela Mohamed amine Mohamed Salah Maaref Khadraoui Khaled Yesser Ajili
C2307,F2869,07/2024,GERONET,Mohamed Marouane BEN ROMDHANE Mohamed Nagga Chiheb Chabou Abdallah Taouil Hassene Tebourbi
C2308,F2870,07/2024,yes we can,Amine Ben Ahmed Oussama Ata Hamdi Bouazizi
C2309,F2871,07/2024,Barzakh,Maher Zoghlami Marwen msehli
C2310,F2872,07/2024,ThinkAI,Mohamed Hamza Badr Mehdi Badr Oussama Badr
C2311,F2873,07/2024,Cadrini,Ranim Naceur Samir Bouzayani Habib Bouzoffara Hadil Drissi
C2312,F2874,07/2024,Sentinelia,Nour El Imen Mouaffek
C2313,F2875,07/2024,Dry Rolls,Mouna Souissi Nizar Louhichi
C2314,F2876,07/2024,PROBOUTIK TUNISIA,Thierno Sakho Sabri Daassi
C2315,F2877,07/2024,HRMAPS,Denis Le Chevalier Rami Bouafif Rahma Kaaouana Pierre Mongenie Saleme Naceur
C2316,F2878,07/2024,twinnoverse,Mahran Abid Adam Bouchaala
,F2879,07/2024,tipstalks,Sofien Guesmi Mraihi Ilies
C2317,F2880,08/2024,SHIPPER,Racem Chakroun Becem Zaghden
C2318,F2881,08/2024,Smart Gros,Nabil Khedhri Irad Khedhri Sami Bouzekri
C2319,F2882,08/2024,NextGen Coding,Mohamed Amine El Ouederni
,F2177,08/2024,Emyehr,Mohamed Aimen Jouini
C2320,F2883,08/2024,Optypro.net,Oussama Meknassi
C2321,F2884,08/2024,Production d’additifs alimentaires animale et consulting,Marwa Mekni Toujani
,F2885,08/2024,BuzzBip,Mhamed Ali Ben Mahmoud Walid Tanazefti
C2322,F2886,08/2024,Kidcare,Yosra Ouertani
C2323,F2887,08/2024,Alexis,Jawher Ben Arbia Amira Oueslati Imen Wartani Wiem Almahjoubi
C2324,F2888,08/2024,SYNAPSE-HR,Mohamed Amine Boussarsar Amira Eddhib
C2325,F2889,08/2024,Cluebox Tunisia,Yaniss Aïche Bretislav Simral Bert De Maeyer
,F2607,08/2024,Quokka Agency,Bassem Lamouchi Hedi Manai
C2326,F2890,08/2024,SOCIETE VAERDIA SOLUTIONS,Aymen BOUNEB Meryam Brahim Bilale Chaudhry
C2327,F2891,08/2024,DOCTUNITY,Khairi Brahmi
C2328,F2892,08/2024,FairConnect MEA,Malek Belhaj Moez Ben Hajhmida
,F2186,08/2024,AsOne4Health,Abdelhalim Rafrafi
C2329,F2893,08/2024,Logidoo,Mehrez Slaimia Traore Tamsir Ousmane Tabara Diop Sassy Diop Papa Birame Sene Mohamed Alaoui
C2330,F2894,08/2024,Flexy stores,Khalsi Firas Brahim Ben Salah
C2331,F2895,08/2024,Plateforme Mobile dédiée à la vente et à l'achat d'articles d'occasion pour enfants,Nesrine Bouaziz
C2332,F2896,08/2024,LiteSell,Mohamed Ali Ben Dhiab Youssef Ben Abdellatif Lina Abdejlil Sami Labbane Dit Kalti
C2333,F2897,08/2024,AIGENTLAB,Moatez Chraiet
C2334,F2898,08/2024,Educfr,Rached Gharbi
C2335,F2899,08/2024,UNIGROS,Saadallah Idriss Haythem Khalfaoui
C2336,F2900,08/2024,Switch - Plateforme de diagnostic et de conduite au changement numérique,Mohamed Bouazza Marouane Noamen Toumi
C2337,F2901,08/2024,NOMAD Robotics,Foued Elkamel Roua Ben Abdessalem Nada Ben Abdessalem
C2338,F2902,08/2024,Biscuify,Salem Hasseni
C2339,F2903,08/2024,Kdayes,Bilel Naffeti Mahrez Ourabi Aya Benhmida
C2340,F2904,08/2024,ClickEvent,Issam Eddine Bouhouch
C2341,F2905,08/2024,TakwirTek,Rouwaid Arfa
C2342,F2906,08/2024,nativeads.ai,Al Kallel Wael Abid
C2343,F2907,08/2024,code.tn,Ahmed Chouihi
C2344,F2908,08/2024,PSYC,Slim Labbane Dit Kalti Sami Labbane Dit Kalti Zeineb EL Fekih
,F2089,08/2024,STEMA-Do,Arbia Hosni
C2345,F2909,08/2024,Rcrooter,Ghofrane Ben atia Mohamed Yousfi
C2346,F2910,08/2024,PINE NEEDLES SOLUTION,Ben Abdallah Taoufik Mohamed Ali BEN ABDALLAH Dorra Bouguella Rania Chouchane
C2347,F2640,08/2024,Owlinks Technologies Co,Mohamed Kchaou Amine Guermazi
,F2911,08/2024,DRIVOXE.,Chouikhi Seif Ranyme Trabelsy
C2348,F2819,08/2024,SPR 01 Labs,Haithem Besghaier
C2349,F2671,08/2024,NANOSOFT,Kais Chehuma
C2350,F2912,09/2024,QUOPROD,Majdi Ben Slama Mohamad Koubar Kelven Raymond
C2351,F2913,09/2024,Converty,Ayoub Nejem Sami Kammoun Ahmed Abid Ali Sakka
C2352,F2914,09/2024,EDUCATE ME,Mohamed Abderrahim Khouaja Ala Eddine Khouja
C2353,F2915,09/2024,ALDER Green Solutions,Mhamed Raboudi Thamer Dridi
C2354,F2916,09/2024,Hannibal VR,Fourat Beji Abdelaziz Ayed Imen Lazhar Aya Nouira
C2355,F2917,09/2024,Gifted,Farah Hamrouni Rabii Ben Tili
C2356,F2918,09/2024,Business Academy,Nour Rafiâa KALLEL Walid KALLEL
C2357,F2919,09/2024,Krypton,Mehemed Bougsea Joscha Raue
C2358,F2920,09/2024,Order Station,Aziz Benchedli Ahmed Selmi
C2359,F2921,09/2024,CWcloud,KAahrmime dT oHuenrsmiassi Anas Neumann driss Neumann Habib Bane
,F2922,09/2024,mintounes,Beldi Zied Anis Harzallah Ghizlaine Beldi
C2360,F2923,09/2024,VYZYOSCHOOL,Marwa Mhedhebi
C2361,F2924,09/2024,TerraSens,Manel Ennahedh Mohamed Rajhi Jamila Tarhouni Salma Bouabdellaoui
C2362,F2925,09/2024,Syndiki,Haroun Cheriha
C2363,F2926,09/2024,Moonlight AI TN,Christian Ruiz Nicole Romano Stefan Habringer
C2364,F2927,09/2024,Rebelink,Faiza Skandarni
C2365,F2928,09/2024,K-Noon,Ghaith Troudi Ramla Baccar
C2366,F2929,09/2024,STE ZURVANET,Hamza Othmani Lobna Hamdi
C2367,F2930,09/2024,InnovAir,Nassira Barhoumi Mrabet Omar Marwen El bari
C2368,F2931,09/2024,Park&Charge by Asteroidea,Ghassen Chattouna Rami Hedfi Zied Bradai
C2369,F2932,09/2024,Quark,Maher Sellami
,F2933,09/2024,Ukla,Mohamed Achraf Mrabet
C2370,F2934,09/2024,Boomsnap,Seif Allah Ben othmen Anas Ben Ali Slim Khaled
C2371,F2935,09/2024,Mansour the Rebel Tarinet Village -MRTC REDEEM,Meycem Naceur
C2372,F2936,09/2024,sari3,Oussama Ben Chaabane Ghassen Ben Saoud
C2373,F2937,09/2024,Assist IT,Mohamed Ben Othman Maissa Sekrafi
C2374,F2938,09/2024,Cogeex,Racem Smaoui Rania Ghorbel Abir Smaoui
C2375,F2939,09/2024,Battel Lab,Karim Bouzid Hakim Azzouz
C2376,F2940,09/2024,Slayton,Sana Boubaker Nadege Legendre Franck Legendre
C2377,F2941,09/2024,Digi Up Agri,Abdellatif Zied Saada Manel Hamed Achref Amri
C2378,F2942,09/2024,LearnA,Dhiaeddine Gharsallah Omar Masmoudi
C2379,F2943,09/2024,wyngo,Bilel Rahmouni
C2380,F2944,09/2024,QuantoTrade,Mahdi Chaari Ons Hadrich
C2381,F2945,09/2024,Bio Green Pousses,KElhyaersi dLdaidnjeim Dierbali Hamza Aljane Taha Khoubaib Naffeti
,F2946,09/2024,Astratransit,Yosra Ahmed Majdi Ahmed
,F2947,09/2024,Aventoura,NSaamjoiu Aam Kraissaoui Mohamed Ali Maazoun
,F2948,09/2024,AGARUW HUB,Dhia Saadi Mejda Khaled Zeineb Ben Abdallah Hedi BenRomdhane
,F2700,09/2024,ITri,Majdi Ben Farhat Hanen Louati Ramzi Halouani
,F2154,09/2024,Hapivot,Francois Dejeager Anis Dabbebi Saber Jelassi
,F2949,10/2024,Coloc'Qui,Chaima Torkhani Marwa Torkhani Mohamed Aziz Saouabi Mohamed Amine Hamdi
,F2576,10/2024,OLINDIAS,Mohamed Lotfi Sassi
C2382,F2950,10/2024,Ailine Pro,Ines Achour Saif Chtourou Nadra Achour
C2383,F2951,10/2024,LR Move,Mahdi Oueslati Yassmine Gritli
C2384,F2952,10/2024,PlayHalla,ZGehyanitahb SGariditalini AMyomsaeanb M Baosumsboiuhdi IYmatehnr eObu Seasildaatini
C2385,F2953,10/2024,Renaissance,Morsi Feki Souleyma Khadhraoui
C2386,F2954,10/2024,Twins,Olfa Bilel Ala cherni
,F2955,10/2024,AIO EVENTS,Iyed Ben Massoud Oussama Errifi Derouich Aymen Ali Baroudi
C2387,F2956,10/2024,TOLLXPRESS,Mondher Ayadi Yosri Ayadi
C2388,F2374,10/2024,Receeto,Business Software and services
C2389,F2957,10/2024,Save the Plate,Dhia Eddine Zouari Sarra Soussia
C2390,F2958,10/2024,SV LAB,Aymen Bjaoui Marzouki Mohamed Amine Moez Ben Mosbah
C2391,F2959,10/2024,mevenda,Mohamed Hajjem Amal Hemdana Hamza Borchani
C2392,F2374,10/2024,In2-Technologies,Business Software and services
C2393,F2960,10/2024,Skazy Tunisia,Selim Mhedhbi Mohamed Sabri Belgaroui Hatem Bellagi
C2394,F2961,10/2024,Oop'la,Marwa Baccouche Faouzi Kadous
C2395,F2962,10/2024,Mathix Academy,Khalil Ben Ali Zied Ben Mansour Zahra Ideba
C2396,F2963,10/2024,AlphaDeep Solutions,Aziz Khalsi Mohsen Khalsi
C2397,F2964,10/2024,Retraite en soleil,MMaahledki EKshsaolusiaied
C2398,F2965,10/2024,RecoLab,Ossama Hidri Manel Ben hassine Ahmed Welhezi
C2399,F2966,10/2024,imt/tradrly,Salah Sammari
C2400,F2967,10/2024,Zeus Labs,Mahran Farhat
C2401,F2968,10/2024,Sesamum Nutrition,Amiri Ibtissem Nour Ghazouani
C2402,F2969,10/2024,HEALIO,Ahmed Choucheni Nabil Majoul Emna Argoubi Emna Sahraoui Elyes Darghouth
,F2360,10/2024,Orizon Booking,Zied Boukadida
C2403,F2970,10/2024,Holistic babe,Hideya Elhadj Said
C2404,F2971,10/2024,Way2Gym,Wellness
C2405,F2374,10/2024,PunicWallet,Business Software and services
C2406,F2972,10/2024,TODO,Commerce and shopping
C2407,F2973,10/2024,AnoYcker,Ad Tech and Creative Tech
C2408,F2974,10/2024,Clicar,Mobility
C2409,F2975,10/2024,SELF NUTRICARE,Selima Elloumi Fatma Elloumi
C2410,F2976,10/2024,SP.one,Mohamed Amin Abdelkefi
C2411,F2977,10/2024,le cabinet,Yosri Gam
C2412,F2978,10/2024,MECAMARKET,Montassar Touati Mehdi Bouchikh
C2413,F2979,10/2024,Coq Pilot,GSahnaan eDmar gThoouumtih Emir Guermazi
C2414,F2980,10/2024,PASS.tn,Ihsen Riahi Marwen Boumiza Bechir Jaballah
C2415,F2981,10/2024,Mobilia.tn,Amir Zouari Omar Abbes Cyrine Zouari
C2416,F2982,10/2024,Zenify Trip,TravelTech
C2417,F2983,10/2024,Petrac,Advanced Manufacturing & Robotics
C2418,F2972,10/2024,Chariotech,Commerce and shopping
C2419,F2984,10/2024,DrugIT,Koussai Salem Haythem Mami Souha Jlassi
C2420,F2985,10/2024,RYBSEN,Yassine Rezgui Adnene Rezgui
,F2859,10/2024,ZAYOLI,Cheima Cherih Leila Rekbi
,F2823,10/2024,SYSNAPSUS,Mohamed Ben Mahmoud Mohamed Hechmi Louzir
,F2374,10/2024,Optypro.net,Business Software and services
,F2699,10/2024,ALTABIB,Mohamed Ali Ben Chaabane Hadhami Ghaffari
,F2374,10/2024,BuzzBip,Business Software and services
,F2743,10/2024,Riven Crown,Menjli Aymen
C2421,F2986,11/2024,esteps Health,Nidhal Louhichi
C2422,F2987,11/2024,CAREDIFY,Abdelhamid Chaoua Radhia Bensaed
C2423,F2988,11/2024,Next Wave Industries,Brahim Douar Mamadou Diouf
C2424,F2989,11/2024,Mobilité Canada,Iyed Ghribi Yves Laprise
C2425,F2990,11/2024,Sheapit,NMaejroiuama E Bl ehna cdhoimudiou Rahma Bendoudou Ltaief Khalil Ahmed Mayara Ahmed Amine Ben Doudou
,F2991,11/2024,Kidcare,Yosra Ouertani Hamza Bentoumi
C2426,F2992,11/2024,9esmi,Rim Ben mansour Aziz Toujani Khalil Ben Cherifa
C2427,F2993,11/2024,SKILINK AI,Nadhir Khayati Naoufel Khayati
,F2994,11/2024,Techno Shark,Ahmed Jedidi Hsan Jedidi Ali Jedidi
C2428,F2995,11/2024,WiseShare,Skander Harzi
C2429,F2996,11/2024,Lynx-ERP,Lotfi Kolsi Amani Kolsi
,F2985,11/2024,RYBSEN,Yassine Rezgui Adnene Rezgui
C2430,F2997,11/2024,ZKBDI Protocol,Mohamed Aymen Ben Abdallah
C2431,F2998,11/2024,OORB Open Organic Robotics,Kayoum Djedidi Azer ben abdallah Bassem Gouti Basly Asma
C2432,F2999,11/2024,MEMORALITY,Mariem Kamoun Ouael Ben Amara Mohamed Alaaeddine Ben Hamza
C2433,F3000,11/2024,Lura,Sana Sammari Chadha Grami
C2434,F3001,11/2024,ECOCODE,Ghazi Mhiri Ghassen Ghribi Ons Njeh
C2435,F3002,11/2024,Namlatic,Amara Amaouz
C2436,F3003,11/2024,HAROON,Wafa Makni
C2437,F3004,11/2024,YESS MIND SOLUTIONS,Alaeddine Mansouri
,F3005,11/2024,Docnet,Emna Ouerchfani Ramzi Salem Issam Guezmir Ajmi ouerchfani Abbassi Mohamed Mohamed Bechir Kefi Montassar Zorgani Fadwa Jenzri Safi Chaabene
C2438,F3006,11/2024,NEUTRINO,Mohamed Mourad Bejaoui Boubaker Jemni
C2439,F3007,11/2024,edulysa,KYoaumsesel Mf Aolmusisaa Slim Almia
C2440,F3008,11/2024,OPTIMIZI TECH,Mohamed Fakher Mhiri Zied Zouaoui Med Yassine Baccouche Seif Ben Mansour
C2441,F3009,11/2024,Magic Real Solution,Floriano Arcaro
C2442,F3010,11/2024,DEEPROF,Ayoub Abraich Omar Kouki
C2443,F3011,11/2024,Vortex Battle,Khaled Ben ammar Mohamed Khalil Kouki
C2444,F3012,11/2024,Designland,Mohamed Benyaiche Mohamed Chams Eddine Frikha
C2445,F3013,11/2024,NovaPyramidReef-NPR,AMmoanrgai SRoauyeisnsi HMaomhzaam Terda bFedlhsiila
,F3014,11/2024,SIGORO,IBsoleumla aGrheas zHaoouusisem Baha Eddine Khelifi
C2446,F3015,11/2024,AgricoTech,Azer Guesmi Amal Trabelsi Mohamed Iheb Bouraoui Abdelkader Borcheni
C2447,F3016,11/2024,HEIA,Yesmine Ben Ameur Sirine Ben Ameur Karim Ben Sghaier
C2448,F3017,11/2024,BxB Studio,Yassine Boumaiza
C2449,F3018,11/2024,Nuzhet,Felhi Bahaeddine Abidii Hassen Radhwen Moslah
C2450,F3019,11/2024,NEXD.PM,Mehdi Bhiri
C2451,F3020,11/2024,Tak Tak,Alaa Ben Said Mohamed Aziz Ben Said Sonia Najjar
C2452,F3021,11/2024,Doxaria,Walid Msekni Ghassen Bettaieb Kaies Lamiri Mohamed Dhouib Wassim Znaidi
C2453,F3022,11/2024,Smart work,Nizar Ben Younes Bilel Najeh Rania Haddad
C2454,F3023,11/2024,NOURRICO,Mohamed Youssef Sghaier Omar Mokadem Achraf Trad Sami Tfifha
C2455,F3024,11/2024,Blend Pixel Studio,Omar Zouari Mohamed Achraf Zouari
C2456,F3025,11/2024,PayTouch OÜ ( Point of Sales ),Riadh Haddad
,F3026,11/2024,In2-Technologies,Selim Hadj Khalifa Ilyes Tlili
,F3027,11/2024,U!NOW,Amira Bacha Oussama Elayeb Amani Bacha
C2457,F3028,12/2024,Millim,Ayed Mami Khalil Turki Ayoub Kammoun Rahma Ben Abid
C2458,F3029,12/2024,T7D Gaming,Houcem Maiza
C2459,F1490,12/2024,ORGAXYA,Ghaleb Ben Ali Karim Daghari
C2460,F3030,12/2024,Nexaminds,Mohamed Aziz Fekih Ali Hamza Nasra
C2461,F3031,12/2024,SELLMAX,Mohamed El Kamel Amine Abdennour Ayoub Nejem Marouane Khadhraoui
C2462,F3032,12/2024,Droppy,Helmi Cherif Sana Ben Rahma Imen Nasri Rania Amamou
C2463,F3033,12/2024,Depogro,Abdelkader Ben khalifa Aymen Manai
C2464,F1750,12/2024,Elastic-Watch,Abdelmonam Kouka Ayed Akrout
,F2703,12/2024,PERMA EMERGENCY ASSISTANCE,Marwa Abrougui Mustapha Nasraoui Fares Hana
C2465,F3034,12/2024,SMARTBAT,Yassine Ben Himene Mohamed Skander Ben Himene
C2466,F3035,12/2024,IsOne Hr,Meryam Boughzala Louay Atoui Bilel Ben Salem
C2467,F3036,12/2024,BeEmo,Tijani Boujdaria Minyar Meksi Walid Jlassi Mohamed Rouini
C2468,F3037,12/2024,linkbook,Malak Belkacem Dhia Fekih Mohamed Mehdi Nouira
C2469,F3038,12/2024,Mashroom,Rahma Ayari Anis Benna
C2470,F3039,12/2024,Dagish,Touati Selsebil Rania Mani
C2471,F3040,12/2024,Sport federation,Radhouen Assakra
C2472,F3041,12/2024,mypharmacy.tn,Aymen Sellaouti Kais Ben Youssef
C2473,F3042,12/2024,SOASY,sHseadmi BMeon aAllbabess Naoufel Amri
C2474,F3043,12/2024,MedSyn,Malek Gharsallah Faouzi Nouira
C2475,F0732,12/2024,IBDAA ACADEMY,Fethi Zoghlami
C2476,F3044,12/2024,Medactis,Karim Rekik
C2477,F3045,12/2024,Aupiq,Sameh Ghanmi
C2478,F3046,12/2024,Elites united for tax and legal services,Mohamed monem Kahouli
C2479,F3047,12/2024,Haier HR,Moetaz Ben Charrada
C2480,F3048,12/2024,"LA PAILLETTE A nous, A vous, A leur",Chouka Brahim
C2481,F3049,12/2024,Ôravie,Monia Ezzalfani
C2482,F3050,12/2024,By4IM,Yosri Ben Hmida
C2483,F3051,12/2024,Verdolive,Ghanem Iheb Omayma Dammak
C2484,F3052,12/2024,Académie ACAM,Julie Déry Nicole Gosselin
C2485,F3053,12/2024,WAKKIL,Mouna Ben Hassine
C2486,F3054,12/2024,ABRID,Ines Ben Abdallah Marwa Boubaker
C2487,F3055,12/2024,Propertates,Emna Siala Monem Hmila Mohamed Jasser Ben Smida
C2488,F3056,12/2024,Cash Flow,Aymen Bouzgarrou Ichrak Bouzgarrou Chirine Bouzgarrou
C2489,F3057,12/2024,Maktoub,Mohamed Guemri Souhail Kaboura
C2490,F3058,12/2024,check'n,Charbeji Mohamed Majd Karim Atrous Khalil Ben Ticha
C2491,F3059,12/2024,Improve,Fawzy Othman
C2492,F3060,12/2024,Rhai,Ilyes ali Jeridi
C2493,F3061,12/2024,Multipay,Iskander Kamel Fhima Majdoub Hazem Med Khalfallah
C2494,F3062,12/2024,MarketMe,Samar Saidi Haifa Ben Khalaf
C2495,F3063,01/2025,Vie verte BSF,Faoizia Mehdhaoui
C2496,F3064,01/2025,Docic,Sofiane Trabelsi Sami Kallel Myriam Mouakhar
C2497,F3065,01/2025,1FOR1 LEARNING,Ferid Hamida Cerine Hamida
C2498,F3066,01/2025,Amperon Technologies,Mohamed Ali Hmida Mariem Mnasri
C2499,F3067,01/2025,Artizone,Fetni Mohamed HAnicwheemr B Aobudkmenihnaadher Ahmed Besrour
C2500,F3068,01/2025,Pass excellence,Wiem Klaa Rim Kassous Yassine Chaker
,F2906,01/2025,nativeads.ai,Al Kallel Wael Abid
C2501,F3069,01/2025,Otravers,Yecin Dridi Alaa Edinee Ben Mbarek
C2502,F3070,01/2025,Readdly,Taycir Chouk Fares Ben Younes
,F3071,01/2025,Dari,Souheil Bouzouita
C2503,F3072,01/2025,Spirunat,Mohamed Latiri Adnane Kacem Aziza Ibn Hadj Hassine
C2504,F3073,01/2025,E-edu,Mehdi Chelly
C2505,F3074,01/2025,Glamour,Mohamed Yacine Missaoui
C2506,F3075,01/2025,HOUKOUK.TECH,Mohsen Bouzid Eya Bouzid Rayen Bouzid
C2507,F3076,01/2025,EDUCARE,Lilia Kamoun
C2508,F3077,01/2025,VIRTUAL ERA,Imed Mabrouk Abdelkarim Mars
C2509,F3078,01/2025,Thagamuta Agro,Dhouha Azri Affi Khouloud
C2510,F2841,01/2025,Esticharati,Ali Dahmani
C2511,F3079,01/2025,Tale Platform,Arbi Soussi Fakhreddine Belgaied
C2512,F3080,01/2025,PERF ANALYSIS CONSULTING,Mohamed Ayachi
C2513,F3081,01/2025,SOFTAVERA TUNISIE,Abdelkarim Friaa Bechir Ben Abdallah
C2514,F3082,01/2025,Naraggara,Rihab Jandoubi
C2515,F3083,01/2025,BinYdik,Aymen Fteiti Hana Jerbi
C2516,F3084,01/2025,MDBIM Innovations,Mohamed Messaoudi Zied Messaoudi
C2517,F3085,01/2025,MBH expertise,Nizar Saidi Mokhtar Abidi
C2518,F3086,01/2025,Ta7richa,EFalykehsr eNdedffiantei Lakhoua
C2519,F3087,01/2025,Zamzema,Lassaad Aouina Mouna Khelifi
C2520,F3088,01/2025,Edu Memes (مﯾﻠﻌﺗﻟا و مﯾﻣﻟا),Mouhamed Nourdine Guitouni Guetat Louay
C2521,F3089,01/2025,DiDonData,Sirine Belhassen Aymen Setti
C2522,F3090,01/2025,PEDALII,Hassen Saadi Mohamed Karim Bchni Sana Ben Thayer Chayma Ben Yahia
C2523,F3091,01/2025,Fiscal Suite,Ahmed Lasmar Racem Ben Amar Malak Hachicha
C2524,F3092,01/2025,APPLICATION MOBILE ANTI- GASPILLAGE ALIMENTAIRE : SMARTDEAL,Anis Bouhali Abdessalem Karoui
C2525,F3093,01/2025,WEFE TECH,Mounir Brik Ons Brik
C2526,F3094,01/2025,DroneVision,Amira Karoui Oussama Cherni
C2527,F3095,01/2025,Mellek Real Estate Platform,Mastouri Kayser Kallboussi Souad
C2528,F3096,01/2025,HASHTI,Ibrahim Goddi
,F2676,01/2025,TRENA,Ala Larbi Hatem Benchikh Dorra Fredj
,F3097,01/2025,Keef,Zayneb Aouani Mohamed Amine Bellili Ihab Kahri
C2529,F3098,01/2025,Bibinet,Amel Jebali Roua Boubakri Arbi Ben Bazza Lasaad Guesmi
,F2923,01/2025,VYZYOSCHOOL,Marwa Mhedhebi
,F2374,01/2025,ECOCODE,Business Software and services
,F3099,01/2025,linkbook,EdTech
,F2374,01/2025,Paytea,Business Software and services
,F2884,01/2025,Production d’additifs alimentaires animale et consulting,Marwa Mekni Toujani
C2530,F3100,02/2025,Al Shamela Sports,Louay Elaroui Elaroui Mohamed Ali Fawzi
C2531,F3101,02/2025,Panne.auto,Mohamed Ramzi Hamza Amel Ouechtati
,F3102,02/2025,dash sports,Melek Chakchouk Jawhar Ben Salem Hatem Halouani Bilel Ben atitallah
,F2632,02/2025,PlagPrevent,Amir Kboubi Feres Othman
C2532,F3103,02/2025,Lalla Horti,Fathia Mosbahi
C2533,F3104,02/2025,Qubitron-AI,Marouane Salhi Adel Trabelsi Abidi Mongi
C2534,F3105,02/2025,SOFTSYS INTERNATIONALE SARL,Ghazi Askri
C2535,F3106,02/2025,Cleanance,Hela Mghaieth Asma Mghaieth Fatma Mghaieth
C2536,F3107,02/2025,Imaginario Ai,Jose Puga Abdelhak Loukkal
,F2564,02/2025,Uvey,Youssef Meddeb
C2537,F3108,02/2025,Connecteur bipolaire à serrage indépendant (CB-SI),Amor Bouchiba
C2538,F3109,02/2025,Incyia,Khalil Bourguiba Fatma Jedidi
C2539,F3110,02/2025,klemy,Hassine Achour
C2540,F2545,02/2025,TestoHire,Khaled Saidani Azza Sandly
C2541,F3111,02/2025,DootiFy,Rafik Gharbi
C2542,F2514,02/2025,Business Room,Amine Ben Hmida
,F3112,02/2025,DEFENDR,Mottaki Hajouni Seifeddine Bahroun Wael yahiaoui
C2543,F3113,02/2025,MYCLINIC.TN,Abderrahmen Kriaa Yesmin Maalej
C2544,F3114,02/2025,DIPAWER,Maha Essoussi Francois Bioche Mohamed ali Jelidi
,F3115,02/2025,Ontej,Mohamed Amine Ouchari Ezzahra Hamdi Achref Baklouti
,F3116,02/2025,Educap,Sabri Ouni Lobna Lahmar
C2545,F3117,02/2025,INNOSYS,Abd El Aziz Trabelsi Rached Troudi
C2546,F3118,02/2025,Farness,Mohamed Wassim Mnaouar Atef Ahmadi Mourad Boussaid
C2547,F3119,02/2025,Optimisation des procédés de transformation de matières plastiques via simulation nomérique_,Hend Jaoua Walid Bahloul
C2548,F3120,02/2025,Industrie 4.0 TroClub,Mohamed Ben Yedder Moez Missaoui Sofiene Mouldi Sana El Mouldi Nada Souli
C2549,F3121,02/2025,Tartaruga Catamaran,Riadh Sghaier TJeaarenk R Mobeesrsta oSoumdimereux Wassima Ben Adjemia
C2550,F3122,02/2025,Way Interactive Convergence Tunisia,Alibrandi Antonio Soumaya Htira
C2551,F3123,02/2025,Amilcar Technologies,Mohamed Alla Eddine Behi
C2552,F3124,02/2025,Loomexa,Ghouila Ghassen Safoine Touil
C2553,F3125,02/2025,Ctasim,Mayara Ezdini Anis Mahmoud Idrak Ezdini
C2554,F3126,02/2025,SANITIO,Amira Jaafar
C2555,F3127,02/2025,MedSkool,Oussama Ben Salha Mohamed Taib Ben Salha Kais Ben Salem
C2556,F3128,02/2025,Renty,Aymen Missaoui
C2557,F3129,02/2025,Tyme,Omar Boukottaya Houda Ourimi
C2558,F3130,02/2025,TECHPIONEER Embedded Solutions,Imen Zayene
C2559,F3131,02/2025,EcoMov: TryBike,Ahmed Khadhraoui
,F2830,02/2025,BATIPRICE,Akrem Zribi Khaled Mokni
C2560,F3132,02/2025,Statiscom,Youssef Cherif Siala Majdi
C2561,F3133,02/2025,Edyard,Aymen Labidi Raja Khalfa Zouhour Nawali
,F3134,02/2025,Synapse,Mohamed Ali Kaddour Youssef Meddeb Béchir Becha
C2562,F3135,02/2025,IntakeAi,Aziz Meddeb Adem Nouira Mohamed Aziz Mehdoui
C2563,F3136,02/2025,Cw Cloud,Ahmed Hermassi Anas Neumann Idriss Neumann Habib Bane
,F2638,02/2025,Dari,Souheil Bouzouita Chebaane Med Aziz
,F2960,02/2025,Skazy Tunisia,Selim Mhedhbi Mohamed Sabri Belgaroui Hatem Bellagi
,F3035,02/2025,IsOne Hr,Meryam Boughzala Louay Atoui Bilel Ben Salem
,F3137,03/2025,SOK'ARI,Manel Mrad Mohamed Amine Mrad Mohamed Rached Nabouli
,F2853,03/2025,Addvocate AI,Mohamed Ridha Mami Sofyan Chekir
C2564,F2646,03/2025,yalla play,Ayoub Debbichi Hedi Slim
C2565,F3138,03/2025,BYOKOB Cosmetics,Rebeh Dabbaghui Jihen Ben Mohamed
,F3139,03/2025,Oratio,Oussama Chelly
C2566,F3140,03/2025,Inveep,Ramzi Houidi Abdlkerim Haddad Aziz Boubakri Rachida Harabi Saddam Harabi
C2567,F3141,03/2025,TENDER FLOW,Charfeddine BenSlama Maissa Maatoug Slim Bhiri Aymen Talbi
C2568,F3142,03/2025,EyeFish,Wajih El Hadj Youssef Manel Lakhal Kharroubi Fehmi
C2569,F3143,03/2025,ITS boX,Badr Houssem Mejri Wajdi
C2570,F3144,03/2025,Bestrade,Mourad Zid Khaled Klai Heithem Jeljli Héla Ben Ammar
C2571,F3145,03/2025,AuroraIQ,Amina Mseddi Aymen Frikha
C2572,F3146,03/2025,BATISTUDIO.TN,Emna Mtimet
C2573,F3147,03/2025,Bi2M,Salem Mabrouki
C2574,F3148,03/2025,CLICK AND COLLECT,Khaireddine Ben Merdes
,F3149,03/2025,WeeTest,Senda Khemiri Hajer Gafsi
C2575,F3150,03/2025,Palmyra,Wael Hadji
C2576,F3151,03/2025,Asfora,Emmanuel Bruno
C2577,F3152,03/2025,Karlezas,Badis El Ouni Mouhamed Ala Zied Jemal
C2578,F3153,03/2025,Thymsys,Ramy Hamza
C2579,F3154,03/2025,CODOC,Mouheb Merii Jerbi Rahma
C2580,F3155,03/2025,LogIn,Ahmed Riza
C2581,F3156,04/2025,KIAN TECHNOLOGY – Plateforme Itona,Nezih Dammak
C2582,F3157,04/2025,Pigmentoco,Amal Chebbi Ayoub Lassoued
C2583,F3158,04/2025,Algora Group,Afef Othman Hayouni Rafedh
C2584,F3159,04/2025,EyeFish/ExypnoTech,Wajih El Hadj Youssef Manel Lakhal Fehmi Kharroubi
C2585,F3160,04/2025,Inst ar,Mariem Dhaouadi Yassine Ajroud Abd Razek Dhaouadi
C2586,F3161,04/2025,WattyGo : Founisseur 100% Tunisien de solutions intelligentes de recharge pour Véhicules Electriques,Haythem Belmabrouk Khaled Fourati Mondher Makni
C2587,F3162,04/2025,Pharmaco,Ahmed Ben Issia Fattouma Sana Ben Issia
C2588,F3163,04/2025,Waaw,Mohamed ThamlaOui Said Kouki Ikdem Ben Mbarek
C2589,F3164,04/2025,Gamefy Academy,Aymen Jadallah
C2590,F3165,04/2025,TenasBook,Wiem Ben Yahia Wael Ben Yahia
C2591,F3166,04/2025,Owe,Adel Kmiha Bilel Gtifi
C2592,F3167,04/2025,CRISPY DOC,Mohamed Bouazza
C2593,F0116,04/2025,PerfectGen,Seifeddine Ben Hamouda
C2594,F3168,04/2025,RD Nexa,Ridha Chammam Nouha Slimane
C2595,F3169,04/2025,AGHSALNI,Dhiya Edine Selmi Mohamed Mehrzi
C2596,F3170,04/2025,ATLAS Robotics,Mohamed Amine Ben Farhat Yasser Bououd
C2597,F3171,04/2025,DG TWIN,Malek Baklouti Mohamed Yassine Yahia
C2598,F3172,04/2025,PLANIF PAY,Houssem Djelassi
,F2829,04/2025,ITMMA,Amine Mhedhbi
,F2860,04/2025,Vegana,Mehdi Ben Hamouda
C2599,F3173,04/2025,DecliTech,Saifeddine Berhouma
C2599,F3174,04/2025,DecliTech,Salma Berhouma
,F2925,04/2025,Syndiki,Haroun Cheriha
,F2961,04/2025,Oop'la,Marwa Baccouche Faouzi Kadous
,F2926,04/2025,Moonlight AI TN,Christian Ruiz Nicole Romano Stefan Habringer
,F3175,04/2025,Order Station,Aziz Benchedli Ahmed Selmi Karim Tounsi
,F2919,04/2025,Krypton,Mehemed Bougsea Joscha Raue
,F2922,04/2025,mintounes,Beldi Zied Anis Harzallah Ghizlaine Beldi
,F3003,04/2025,HAROON,Wafa Makni
,F2998,04/2025,OORB Open Organic Robotics,Kayoum Djedidi Azer ben abdallah Bassem Gouti Basly Asma
C2600,F3176,05/2025,DentistUP / Yiatros Community,Oussama Souaf Loua Slama Fahmi Haouala Mohamed Malek Wassim Limam
,F2827,05/2025,AVATAR ID /THINKNEO,Leith Mokaddem Sarah Ksibi
C2601,F3177,05/2025,ProVerdy,Souha Bejaoui Rahma Abida
C2602,F3178,05/2025,SMARTWEYS,Moez Farhat Ahmed Hedi Lamjed Jedda
C2603,F3179,05/2025,Door Knock Pro,Mohamed amine Guettat Tommy Gendreau
C2604,F3180,05/2025,Mnara,Moez Ouali Mohamed Souidi
C2605,F3181,05/2025,Fallah.ai,Youssef Askri
,F3182,05/2025,Ukla,Mohamed Achraf Mrabet Chaima Somai
C2606,F3183,05/2025,Apeiron AI,Sofiene Salem Seyfeddine Salem
,F3184,05/2025,Digi Up Agri,Abdellatif Saada Hazem Kilani
,F3185,05/2025,DR.WELL,Walid Bayoudhi
C2607,F3186,05/2025,Deepconvo,Skander Kallel Fares Kallel
C2608,F3187,05/2025,BIOMIDEX,Sami Maalej Houda Ayadi Ahlem Ammar
,F3188,05/2025,Slayton,Sana Boubaker Franck Legendre
C2609,F3189,05/2025,eejar,Oussema Bennour Ahmed Ben Othman
C2610,F3190,05/2025,Senbiosys Tunisia,Walid Hached Taha Ben Mrad
C2611,F3191,05/2025,TMAPS,Ahmed Ben Salha
C2612,F3192,05/2025,LKESSA,Chahine Fersi Nour Saied Fahmy Abdslem Fersi
C2613,F3193,05/2025,Waste Wise Solution,Chiheb Mouelhi Mahdi Souki
C2614,F3194,05/2025,Aycheek,Mohamed Khalil Ben Mohamed Mohamed Amine Ben Samir Fedi Chebbi
C2615,F3195,05/2025,Eggmed,Akram Azaiez
C2616,F3196,05/2025,Yakoota,Mohamed Baccouche
C2617,F3197,05/2025,BiPER Therapeutics,Mehdi Chelbi Stephane Rocchi Cyril Ronco Rachid Benhida
C2618,F3198,05/2025,ASSALNI-AI,Achref Ktita
C2619,F3199,05/2025,Taniterra,Nadhem Chroudi Mohamed Ahmed Ben Messaoud Rania Negra Samir Bouzayani
C2620,F3200,05/2025,Styly,Soumaya Sebai
C2621,F3201,05/2025,Passionne12,Tarek Zinelabidine
,F3202,05/2025,Cogeex,Racem Smaoui Rania Ghorbel Abir Smaoui Tahani Taktak
C2622,F3203,05/2025,ecoplat,Aziz Snoussi Sonia Kaak
C2623,F3204,05/2025,Anqua Edge Innovation,Ghada Lachhab
,F3205,05/2025,Tawelti,Malek Bahroun Bilel Makhlouf
C2624,F3206,05/2025,Wiser Design Technology Tunisia,Mohamed Mehdi Baccouche
C2625,F3207,05/2025,HORIZOP ENERGY,Mohamed Chriha Ahmed Dhia Labidi
C2626,F3208,05/2025,LSpace,Elyes Kouki
C2627,F3209,05/2025,Budgeteuse,Chaieb Oumayma Saied Firas Chaieb
C2628,F3210,05/2025,Chkobba Heroes,Amine Arous Ahmed Khemiri
C2629,F3211,05/2025,ichrili.tn,Skander Khiari Slim Khiari Ilyes Essid
C2630,F3212,05/2025,Nest360,Ameni Tombari Mariem Azaiez Syrine Chebbi
C2631,F3213,05/2025,HandiArtisan,Nejah Cherif Tito Cappellaro Mohamed Khalil Zouari
C2632,F3214,05/2025,Quantumium AI,Youssef Gaaliche Bassem khelifi
C2633,F3215,05/2025,Hkeyetna,Manel Guizani Achref Mabrouk
C2634,F3216,05/2025,Swipe,Karim Mathlouthi
C2635,F3217,05/2025,Yeiza,Lotfi Cherif Karim Ayadi Olivia Gallardo
C2636,F3218,05/2025,Smart Net,Anis Mrad Oumaima Benamar
C2637,F3219,05/2025,DOCTOURI,Mohamed Tarek Ben Abdelhamid Ahmed Souhaieb Souissi Malek Hentati
C2638,F3220,05/2025,STE TABHOTEL DIGITAL,Tarek Hammami Fabrice Goussin
C2639,F3204,05/2025,Anqua Edge Innovations,Ghada Lachhab
,F3000,05/2025,Lura,Sana Sammari Chadha Grami
,F3070,05/2025,Readdly,Taycir Chouk Fares Ben Younes
,F2545,05/2025,TestoHire,Khaled Saidani Azza Sandly
C2640,F1836,06/2025,Thunder code,Karim Jouini Jihed Othmani
C2641,F3221,06/2025,Healio Technology,Nabil Majoul Emna Sahraoui Elyes Darghouth Emna Argoubi Ahmad Choucheni
,F3222,06/2025,Business Academy,Nour Rafiâa Kallel Walid Kallel
C2642,F3223,06/2025,KeplerAi,Mohamed Bahri Hayet Rais ep Skandrani
C2643,F3224,06/2025,Dose'On,Mohamed Cherif Mohamed Tanfous
,F3225,06/2025,Save the Plate,Dhia Eddine Zouari Sarra Soussia Hadil Yahyaoui
C2644,F3226,06/2025,VitaDood,Ines Alaya
C2645,F3227,06/2025,etanfidh-solution digitale pour huissiers,Hichem Ben Dai
C2646,F3228,06/2025,Digehealth TN,Nour Ghalia Abassi Lyle Halliday Marcel Wuethrich Daniel Pohl
C2647,F3229,06/2025,Jeridschool,Rouissi Khaled Youssef Degachi
C2648,F3230,06/2025,Carbotracker,Safa Bouhjar Aya Bouhlali Amira Yahmadi Maher Amara
C2649,F3231,06/2025,Preemptix,Khaled Bendriss Khalil Bendriss
C2650,F3232,06/2025,Wealthy Technology,Rakia Jaziri Asma Jouini
C2651,F3233,06/2025,QueDCo,Ramzi Nasr
C2652,F3234,06/2025,EKRI,Mohamed Elyes Ben Haj Kbair Marouene Draoui
C2653,F3235,06/2025,Rakis Technology,Thouraya Ftouh Walker Daniel Atherton
C2654,F3236,06/2025,Academia Hub,Abderrahmen Feki
C2655,F3237,06/2025,A plus Trade and Forwarding Solutions,Asswar Boulifi Boulifi Oussama
C2656,F3238,06/2025,MENUPRO,Wathek Bellah Jaballah
C2657,F3239,06/2025,AgriSmart,Khelifi Ali Nama Hamdi
C2658,F3240,06/2025,Version Healthy,Ghada Cherif
C2659,F3241,06/2025,Tuniform,Yacine Aridhi Wassim Aloui
C2660,F3242,06/2025,NINGEN,Ali Hamouda
C2661,F3243,06/2025,LEGALYZ,Khalil Bessaad Aymen El Kadhi Hassen Noamen
C2662,F3244,06/2025,Clean2win,Mohamed khalil Aniba Sameh Sellami Yassine Aniba
C2663,F3245,06/2025,Investir UTILE,Fatma Kobbi Abdelkader Boussetta
C2664,F3246,06/2025,Tanit Sign,Houssem Eddine Kthiri
C2665,F3247,06/2025,TechBoss Women,Rihab Yakoubi Mohamed Yakoubi
C2666,F3248,06/2025,Dronia,Karim Tajer Moez Bhar
C2667,F3249,06/2025,Neuraeon,Saifeddine Bouaouina
C2668,F3250,06/2025,Collabera,Mohamed Rami Zairi
C2669,F3251,06/2025,Tuniwave Sounds,Belgacem Bougrine Mohamed Aouini Maram Touati
C2670,F3252,06/2025,VivaLoka,Rabâa Jnifi Lamjed Ben amor
C2671,F3253,06/2025,QuickMatch,Oumayma Jouini Nidhal Amara Houssem Farah
C2672,F2942,06/2025,Solvizor,Dhiaeddine Gharsallah Omar Masmoudi
C2673,F3254,06/2025,ConvergeInnov,Hela Mkadmi Hamza Mkadmi
,F3145,06/2025,AuroraIQ,Amina Mseddi Aymen Frikha
,F3109,06/2025,Incyia,Khalil Bourguiba Fatma Jedidi
,F3194,06/2025,Aycheek,Mohamed Khalil Ben Mohamed Mohamed Amine Ben Samir Fedi Chebbi
,F3036,06/2025,BeEmo,Tijani Boujdaria Minyar Meksi Walid Jlassi Mohamed Rouini
,F3144,06/2025,Bestrade,Mourad Zid Khaled Klai Heithem Jeljli Héla Ben Ammar
C2674,F3255,07/2025,SUPERHOST,Yassine Mamlouk Nadine Kochbati Achref Chafter Omar Belguith
C2675,F3256,07/2025,SELF,Selima Elloumi Fatma ELLOUMI
C2676,F3257,07/2025,TH Ventures,Ryadh BOUSLAMA
C2677,F2826,07/2025,Data scale Ai,Mayssem Ben Ammar Wassim Mjahed
C2678,F3258,07/2025,QHBuild,Mehdi Abdi
C2679,F3259,07/2025,MedCity,yassin Guirat ala eddine maatoug ines msekni Fadi Kacem Mohamed Arbi Baklouti Mounira Zouaghi nada bougoffa
C2680,F3260,07/2025,Assistant Manager IA QHSE,Khayri Romdhani hachicha Mohamed taher
C2681,F3261,07/2025,Stocki,Mohamed Hajri jdidi hamdi
C2682,F3262,07/2025,Palm.ai,Hela Atmani
C2683,F3263,07/2025,Poly,Mohamed Taha Sta fares makki
C2684,F3264,07/2025,Flexee Pay,Mohamed BADRI
C2685,F3265,07/2025,Locknest Pro TN,Marie Baudlot Pierre LE ROY
C2686,F3266,07/2025,PHYLIA TECHNOLOGY,mohamed cherif oussayef
C2687,F3267,07/2025,Kruzr,houssam hamdi
C2688,F3268,07/2025,Palmyra platform,wael hadji Elfazaa Majdeddine hamrouni Adnen
C2689,F3269,07/2025,Kiffcom Tunisie,Ludovic MOTTINI Paul Fafard
C2690,F3270,07/2025,SPORT MATES,Imed Jabnouni
C2691,F3271,07/2025,Qromo,Mahdi Ben Ameur Maryem Chakroun Mouhib Hermi
C2692,F3272,07/2025,NOURRI CO,mohamed youssef sghaier Sami Tfifha salma chaieb
C2693,F3273,07/2025,le trading automatisé sur le marché du Forex,ismail mekki
C2694,F3274,07/2025,GreenDream.world,Amine Dhbaibi Achraf Khelil
C2695,F3275,07/2025,HiredUp,Mehdi KHELIL Amira Chebbi Nader SAIDI
C2696,F3276,07/2025,Fok Nje7ik,Omar Riahi
C2697,F2387,07/2025,TakTak Food,Mohamed Touhami Rhaima Rehayma Maher
C2698,F3277,07/2025,Foodieri,Sabrine Hammami Sabrine Golli Dina Mechergui
C2699,F3278,07/2025,D.A LABTECH,Moheb Awichewi Taher Damak
C2700,F3279,07/2025,Production des blocs de bois brut par,Mlaa vnaslooruisria Mtioonh admese ddé Aclhiets de palmier
C2701,F3280,07/2025,FinAIBot,Ichrak Bouzgarrou
C2702,F3281,07/2025,mechi Tunisie,Malek Mansour
,F3038,07/2025,Mashroom,Rahma Ayari Anis Benna
,F3282,07/2025,Pharmaco,Ahmed Ben Issia Fattouma Sana Be
,F3108,07/2025,Connecteur bipolaire à serrage indépendant (CB-SI),Amor Bouchiba
,F3143,07/2025,ITS boX,Badr Houssem Mejri Wajdi
,F3193,07/2025,Waste Wise Solution,Chiheb Mouelhi Mahdi Souki
,F3283,08/2025,Karhabti.app,Amina Chouchane Adnen Mrad
C2703,F3284,08/2025,Dawwerni,Mohsen Fennira
C2704,F3285,08/2025,Deepic,Ahmed Ghazi BLAIECH Amir Bouden Khaoula BRAIKI
C2705,F3286,08/2025,WELLNESS HUB,YOUSSEF BOUSSAADA
,F3287,08/2025,Doxaria,wassim znaidi Ghassen Bettaieb Kaies Lamiri
C2706,F3288,08/2025,Sté Green Nonwoven Visline G N V,Mohamed Dhouib wael chambah
,F3289,08/2025,Tak Tak,Alaa BEN SAID Sonia Najjar Mohamed Aziz Ben Said
C2707,F3290,08/2025,Talifouni+,Baha Kaabaoui
C2708,F3291,08/2025,Rhizome,Adnène Bouderbala
C2709,F3292,08/2025,Hanoutik,Mohamed Yassine Derbel Adem Bouatay Mouhaned Ben Abdelhafidh
C2710,F3293,08/2025,Erpy,Ali Nasr
C2711,F3294,08/2025,Play and Code,Taha Jlassi ramla el ayeb ep jlassi Karim JLASSI
C2712,F3295,08/2025,OraNext AI,Aymen Yahyaoui Maher Boughdiri Iheb Chhaibi
C2713,F3296,08/2025,Park & Charge,WRaamssii mHe Sdlfiiti Zied Bradai Ghassen Chattouna
C2714,F3297,08/2025,Fast Help,Malek Ben hassine
C2715,F3298,08/2025,CLUBI,kaies bedoui Aymen BEDOUI Kaies Bedoui
C2716,F3299,08/2025,Ordering Dashboard Solution (ODS),Houssem Gharsalli
,F3300,08/2025,MData One,Omar ISMAIL Arafet Sbei Slimen ARNAOUT
C2717,F3301,08/2025,DoWell,TMaorehka mBeend STaalyaehb Mokni Med Amine Ladib Elyes Mlawah
C2718,F3302,08/2025,Te Quaero,Gorgueb Mouhamed Nadhem dalel chahed trabelsi nasredine
C2719,F3303,08/2025,Exposia,Ilyes Ahmed Oussama Belaid Guizeni
C2720,F3304,08/2025,Habitiz,Issam Bouhouch
C2721,F3305,08/2025,Kharajni.tn,Mohamed Béchir Lansari Yasmine Ansari Taha Dahech
C2722,F3306,08/2025,Farbi.tn,Omar GASSAB GHALLEB Mohamed Mustapha
C2723,F3307,08/2025,Badel,sfaxi firas
C2724,F3308,08/2025,TRUSTMOVE TUNISIA,Mehdi Hammami
C2725,F2643,08/2025,SANEOB,Mouna Boussetta
C2726,F3309,08/2025,KSIBA,Roua Boussetta Noureddine Rezgui
C2727,F3310,08/2025,Terrametrics,Amine Ferjani Hanedi Elleuch
C2728,F3311,08/2025,Booklyne,amine raouafi yassine labiedh youssef arrari
C2729,F3312,08/2025,CashFloow,Aymen Bouzgarrou
,F3313,08/2025,Verdolive,Menyar Debbebi marwa essid ghanem iheb
C2730,F3314,08/2025,LexIA,Nidhal Rahali asma taba Mouhanned Rahali
C2731,F3315,08/2025,compta-smart,saber ghanmi
C2732,F3316,08/2025,ICHFINI,afef Akremi
,F3317,08/2025,Rendez vous,ghada khedira kais boumaiza
C2733,F3318,08/2025,BioH2O,Ameni Kabboudi
,F3319,08/2025,AZRO EVENTS,TIJANI RKIWA AFEF BOUAZIZI
C2734,F3320,08/2025,Stocky Downy,othmani moufida
C2735,F3321,08/2025,Technozor,SLIM BOUFADEN AMIRA BEN JEMAA zied boufaden
C2736,F3322,08/2025,Recolab technologies,Ahmed Welhezi Manel BEN HASSINE Ossama Hidri
,F2564,08/2025,Uvey,Youssef Meddeb
,F3323,08/2025,DEFENDR,Mottaki Hajouni Seifeddine Bahroun
,F3324,08/2025,Waaw,WMaeolh yaamhieado ui ThamlaOui Said Kouki
,F3325,08/2025,Stocki,Ikdem Ben MohMambaerde kHajri jdidi hamdi
C2737,F3326,08/2025,CarboTraker,SAFA BOUHJAR Aya Bouhlali Amira Yahmadi
,F3327,08/2025,klemy,maher amara Hassine Achour
,F3111,08/2025,DootiFy,Rafik Gharbi
,F3113,08/2025,MYCLINIC.TN,Abderrahmen Kriaa Yesmin Maalej
,F2514,08/2025,Business Room,Amine Ben Hmida
C2738,F3328,09/2025,PSYNARIOS,Mohamed Ali Gamha
C2739,F3329,09/2025,Ligalo,Alaa Adouni Salem Moussa Adouni
C2740,F3330,09/2025,Flashbac,Mohamed Mouhib Meddeb Hazem Ben Saria
,F3331,09/2025,The pointing graphical tablet,Mohamed Taibah Mohamed Kais Ben Rhouma
C2741,F3332,09/2025,Trip Hive,Ben thabet Mohamed Charfeddine Aziza Souaf Amir Rebhi Amira
C2742,F3333,09/2025,ProgressBox,Hamden Nasri Khouloud Missaoui houssem ben brahim Abdelhakim Haddad
C2743,F3334,09/2025,El Qemma,oueslati salim Mehdi Essalah
C2744,F3335,09/2025,Gotei,khaled makhlouf Amine Ben Messaoud assad yahyawi
C2745,F3336,09/2025,نﯾﺗﻣﺎﻣﯾﻟا LYAMAMATAYN,SABRINE MARZOUGUI Kawther Marzouki Norene Sakouhi
C2746,F3337,09/2025,DIA industries,Mohamed Yessine KSIBI Dia Ali Hamza Bouajila Mehdi ZAYET
C2747,F3338,09/2025,VIBE FLOW AI,Ali Abdallah ala touati
,F3017,09/2025,BxB Studio,Yassine Boumaiza
C2748,F3339,09/2025,Boon,Safa Bouabdallah
C2749,F3340,09/2025,Millisave,Fatma Bouhajeb Ibrahim Daami Mahmoud DAAMI
,F3341,09/2025,akarat.tn,Amari Aida
C2750,F3342,09/2025,OptiPlanex,Amal Louati
C2751,F3343,09/2025,URBANAV,Saifeddine Bessaidi
C2752,F3344,09/2025,Darraja,aziz zaag Aymen Bouhaha
C2753,F3345,09/2025,لﻣﻋ 3MAL,Mohamed Bayar SADRI BEN AHMED
C2754,F3346,09/2025,TeraaVerra,Abdlkerim Haddad Hazem Majdoub Fhima Iskander
C2755,F3347,09/2025,MedicusAI,Ismail Hamdi Yahia Boussaid Shady Hamrouni
C2756,F3348,09/2025,Eco block,Hamza Elmabrouk oussama bagga
C2757,F3349,09/2025,Quinexa,Saiff Eddine Ben Boudguiga
C2758,F3350,09/2025,Tajjer,Oussama Abdallah
C2759,F3351,09/2025,Cloud Commit Software Solutions,Mohammed Amine Dridi
,F3141,09/2025,TENDER FLOW,Charfeddine BenSlama Maissa Maatoug Slim Bhiri Aymen Talbi
,F3262,09/2025,Palm.ai,Hela Atmani
,F3352,09/2025,Digehealth TN,NOUR GHALIA ABASSI Lyle Halliday Marcel Wuethrich Daniel Pohl
,F3292,09/2025,Hanoutik,Mohamed Yassine Derbel Adem Bouatay Mouhaned Ben Abdelhafidh
,F3161,09/2025,WattyGo : Founisseur 100% Tunisien de solutions intelligentes de recharge pour Véhicules Electriques,Haythem Belmabrouk Khaled Fourati Mondher Makni
,F3290,09/2025,Talifouni+,Baha Kaabaoui
C2760,F3353,10/2025,PAYDAY TAKAFUL,Mohamed Anouar Gadhoum Marouan OMEZZINE Shaher Abbas
C2761,F3354,10/2025,Eddium Platinuim,Nasri Ala Aniba Yosra
C2762,F3355,10/2025,CADUSAY,Karim Rekik Amir Knani
C2763,F3356,10/2025,Scientiworld,Mohamed Dhia Fredj Safa Ben Romdhane Khaled Khelifi
C2764,F3357,10/2025,Footlink.tn,Abdelhalim Alahoum Anis NAJJAR
C2765,F3358,10/2025,One Beauty,Abderrahman Jalled Rachwan Tarraf Skander Ouni
C2766,F3359,10/2025,EGAMarketplace,Mourad Benyounes Hichem Chouaibi
C2767,F3360,10/2025,Shoot,Yassine BEN GHANEM Souhail SBOUI Marwa ANNEBI
C2768,F3361,10/2025,HistoryConneXion,Malek Ben yaghlane
C2769,F3362,10/2025,Clubedge,Yassine Ahmed Fedi Khaled Mohamed hedi MAGHREBI Achraf HADRICH
C2770,F3363,10/2025,COLEA AgriTech,Thaer Tafesh Matthias Würtenberger
C2771,F3364,10/2025,AIVIA,Ahmed Gargouri Youssef Boutaleb Moez Zouari MOHAMED ALI KHEMAKHEM Rafik Rekhis Manel Kallel
C2772,F3365,10/2025,Absher AI,Ghada Eladeb Yahya Samet Mohamed Hachicha Mohamed Regaya
C2773,F3366,10/2025,SymbioWave,Oussama Ben Salem
C2774,F3367,10/2025,Raba7ni,Ali Boukhris salim dagdoug taieb ben ali
C2775,F3368,10/2025,Compta Smart Solution,Ahmed Zahaf Mohamed Elyas Bazazi Hedi Zahaf
C2776,F3369,10/2025,innovia360,slim zghal Momtez AYADI
C2777,F3370,10/2025,SerBot,Chawki Gharsellaoui Mbarki Kabil Hmercha Amjed Wael Hichri
C2778,F3371,10/2025,Cogitoly,Nada Mejri Issam Mellah
C2779,F3372,10/2025,RMC,Rahma zbidi anis hdhili KHALIL BELLALI
C2780,F3373,10/2025,ONE ERP,mohamed ali Derbel AFFES BILEL Mahdi Chiha
C2781,F3374,10/2025,Price Forging,Mohamed Chtiba Walid Makhlouf
,F3080,10/2025,PERF ANALYSIS CONSULTING,Mohamed Ayachi
C2782,F3375,10/2025,wedo distribution services,Mohamed Riahi
C2783,F3376,10/2025,Innoteam Solutions,Radhouen Boughanmi Hijen EL KHALIFI
C2784,F3377,10/2025,B-SMART GO,rayen trabelsi Mohamed Trabelsi Trabelsi Iyed
C2785,F3378,10/2025,Bid Shine,Taha Triki Mejdi Dhokar
C2786,F3379,10/2025,Etudianet/Studianat,Maria Amaidi Montassar Jandoubi Hadil Ltifi
C2787,F3380,10/2025,tenjah,Ahmed Ben Aissa
C2788,F3381,10/2025,Encore Bon,Firas Ellini Ezzeddine Jrad
C2789,F3382,10/2025,XMap,Samir AKACHI Manel Affi khouloud affi Chedy HORCHANI
C2790,F3383,10/2025,LuxePass,mohamed ben mrad
C2791,F3384,10/2025,SidiChat,Mhimdi Mouhib amen allah fraj
C2792,F3385,10/2025,Vybtor,Walid Mezghani AMANI GHEZAL Achraf Kchaou
C2793,F3386,10/2025,Key Marketplace,Mohamed Wael Daly Dorra Haddad
C2794,F3387,10/2025,Next Afri Log,Hatem Chatti Mohamed touijer
C2795,F3388,10/2025,Tache-Lik,Mohamed Abidi Oussama Aissaoui Yassine Cherif
C2796,F3389,10/2025,TUNIAI,Houssem aouedni
C2797,F3390,10/2025,Bloom Venom,issam hmandi ghanem toumi Imen Rabeh
C2798,F3391,10/2025,EduImpact.tn,Jilani Garraoui
C2799,F3392,10/2025,ARTROK,Feres Messaoudi
,F3393,10/2025,Preemptix,Khaled BEN DRISS Khalil Bendriss
,F3191,10/2025,TMAPS,Ahmed Ben Salha
,F2940,10/2025,Slayton,Sana Boubaker Nadege Legendre Franck Legendre
,F3263,10/2025,Poly,Mohamed Taha Sta fares makki
,F3197,10/2025,BiPER Therapeutics,Mehdi Chelbi Stephane Rocchi Cyril Ronco Rachid Benhida
,F3190,10/2025,Senbiosys Tunisia,Walid Hached Taha Ben Mrad
,F3259,10/2025,MedCity,yassin Guirat ala eddine maatoug ines msekni Fadi Kacem Mohamed Arbi Baklouti Mounira Zouaghi nada bougoffa
,F3394,10/2025,Jeridschool,Rouissi Khaled youssef degachi
,F3395,10/2025,Wealthy Technology,Rakia JAZIRI Asma Jouini
,F3192,10/2025,LKESSA,Chahine Fersi Nour Saied Fahmy Abdslem Fersi
C2800,F3396,11/2025,SEEVEND INDUSTRIES,Saifallah Labidi
,F3397,11/2025,edulysa,Youssef Almia Slim Almia
,F3398,11/2025,Kridipay,Amani CHATTI Mahmoud Chatti Mohamed Neji KALBOUSSI
,F3399,11/2025,Ketrone,Sadry El Materi
C2801,F3400,11/2025,SOCIETE BE WISE,Makrem Ellouze
C2802,F3401,11/2025,Joya,Rayan Goucha
C2803,F3402,11/2025,SYLA AI TUNISIA,Houssem NOURI
C2804,F3403,11/2025,Predict'O Energy,Hamdi KHADHRAOUI Oumayma Allouch Olfa Jrad Akrem Khadhraoui
C2805,F3404,11/2025,BioExpert,Mohamed Ouni Skander Guarbaa khalil ben abdallah
C2806,F3405,11/2025,216Bot,Manel CHAABANE Ahmed Mahouachi Mohamed Dhaou Mohamed Akremi
C2807,F3406,11/2025,trendytek E-Learning,jlassi baha eddine
C2808,F3407,11/2025,SBA CONSULT,Saber BEN AMMAR Ons Toujani
C2809,F3408,11/2025,MelqartX Corp,Rami Slimene Imtinen AYARI
C2810,F3409,11/2025,Jhezi.tn,Hassan DHIB Ameni Teka
C2811,F3410,11/2025,Iridium X,Salaheddine Ogontayo Abir Daoud Bilel Zahi
,F3411,11/2025,فرید حول العالم,Triki Omar Souhir Manai
C2812,F3412,11/2025,kobox designs,slim kamoun
C2813,F3413,11/2025,Smart Maker,Adel BRAHAM nouha braham
,F3414,11/2025,AgroGrowth,sami arfaoui
C2814,F3415,11/2025,Letusdify,Mohamed Salah Tammar Iheb Ghazala
C2815,F3416,11/2025,ReMine Technologies,Borhane Ben Said Anis Djedidi
C2816,F3417,11/2025,Lift&Eat,Hamdi Jouini Hamdi Jouini Khazri Mouna
C2817,F3418,11/2025,Tender,mazen slama Iheb Lafi Islem Ferchichi
C2818,F3419,11/2025,EmberForge Tech,ahmed amine kamoun
C2819,F3420,11/2025,MedSearch IA,Zoubaier Bouajaja
C2820,F3421,11/2025,AD Vertising,Nadine Askri Mongi Dali Wael Gamaoun
C2821,F3422,11/2025,AXIOM décorticage IA,Foued Jaballah Farid Drifa
C2822,F3423,11/2025,Choufli,Moez BEN GHARBIA Ramzi Tounsi Kamel BEN GHARBIA
C2823,F3424,11/2025,Oria,Mohamed AYADI Mayssa Moussa eya makhlouf
C2824,F3425,11/2025,Clic SOS,Anis Essid Mezni Hiba
C2825,F3426,11/2025,Triptopie,achref ayari
C2826,F3427,11/2025,TooFresh,Motez Mhadhbi Awatef Zid Mhadhbi Shady Ben Henda Dhia Ben hadj hssin Mohamed anis Lejmi Moussa
C2827,F3428,11/2025,EcoRecy,Achraf BLEILI Achraf BLEILI
C2828,F3429,11/2025,Kidin,Firas ABDELMAJID
C2829,F3430,11/2025,CarbonTrack,Houssem Ben Malek Marwa Metsahel
,F3431,11/2025,Bibinet,Amel Jebali Arbi Ben Bazza Rim Harabi Roua Boubakri Manel Saadaoui
C2830,F3432,11/2025,GuaranteePay – Lasweq,Oussema Ben Barka
C2831,F3433,11/2025,MCS - Mediterranean Creative Studio,Yosri Ayed Anis Lahouar Mohamed Kamergi
C2832,F3434,11/2025,Reality Tunisia Branch,BAKABAS ALI Seifeddine Souissi
,F3435,11/2025,AIVIA,Ahmed Gargouri Youssef Boutaleb Moez Zouari AMED ALI KHEMAK Rafik Rekhis Manel Kallel
,F3436,11/2025,Vegana,ehdi Ben Hamoud
,F3437,11/2025,EKRI,med Elyes BEN HAJ Marouene Draoui
,F3264,11/2025,Flexee Pay,Mohamed BADRI
,F3438,11/2025,eejar,Oussema Bennour hmed Ben Othman
,F3371,11/2025,Cogitoly,Nada Mejri Issam Mellah
,F3185,11/2025,DR.WELL,Walid Bayoudhi
,F3439,11/2025,Gotei,khaled makhlouf mine Ben Messaou assad yahyawi
C2833,F3440,12/2025,EVIMO,Achraf GHARSALLI Seif SASSI
,F3441,12/2025,Log'In,Ahmed RIZA
C2834,F2475,12/2025,Spark Auto,Hatem Ben Chaabane
C2835,F3442,12/2025,Yalen Sentinel,Aymen Medimagh Amal Araoud Abir Ben Khalifa
,F3443,12/2025,DecliTech,Saifeddine Berhouma Salma Berhouma
C2836,F3444,12/2025,Future is Now,Tarek Khemiri
C2837,F3445,12/2025,FielMedina,Mohamed Touati
C2838,F3446,12/2025,DashMaster,ahmed walha Achraf Karoui
C2839,F3447,12/2025,AionTime,Nieze Ben Mansour Marwen Saad Malek Ben Haj Amor
C2840,F3448,12/2025,Real Time Data Loger – RTDL,Mokhtar HARRABI Adam Ben Slama Mohamed Ameur BEN ABDESSALEM
C2841,F3449,12/2025,Sawakni,Firas meddeb Baffoun Aziz
C2842,F3450,12/2025,Moodicament,Roua Bargaoui Mohamed Haroun Ouanes Ala Ben Aicha
C2843,F3451,12/2025,FISSA3/URBAN CARTAGO SARL,Elyes Boukettaya yacine boukattaya
C2844,F3452,12/2025,Yaluna,Aziz Chaibi
C2845,F3453,12/2025,WAW - When And Where,Ben Tanfous Ahmed Maya Ben Tanfous Kaïsha Guiga
C2846,F3454,12/2025,VAERDIA SOLUTIONS,Aymen BOUNEB
C2847,F3455,12/2025,MEDA,Houcemeddine kallel nizar besbes Wafa Neifar
C2848,F3456,12/2025,Société Méditerranéenne de Distillerie Artisanale,Mortadha Ouadday Amen Allah El Hechi
C2849,F3457,12/2025,PREDSiGHTX,Alaeddine BOUHJAR Montacer Benromdhane
C2850,F3458,12/2025,Aidloy,Achref ESSEFI Skander EL FEKIH
C2851,F3459,12/2025,Lanci Deliveries,Hassen Younsi Achraf Ben Soltane Ghassen Ben Ghorbal
,F3460,12/2025,eduhelper,Moataz Hammami
C2852,F3461,12/2025,myPharmacy,aymen sellaouti Kais Ben youssef Issam Moalla
C2853,F3462,12/2025,BRIDGSIGN,Salah Sammari Rouine Firas Mhamed Moncer Montassar Moussa
C2854,F3463,12/2025,Jizzar,Jassem Khemiri Sadok Khemiri
C2855,F3464,12/2025,Thanna Téléassistance,Tijani Aziz Feki
C2856,F3465,12/2025,safka online,souda faycal
C2857,F3466,12/2025,Grenova– Gamme Écoresponsable de Produits Primaires à Base de Grenade,Mahbouli Rhouma Najla
C2858,F3467,12/2025,MAKASSUR,MARIEM KAMOUN
C2859,F3468,12/2025,Dingo,Ali Ahmed khaled Rami LAJMI Dorra Fattoum
C2860,F3469,12/2025,Laformatik.ai,amine touihri oueslati Aya Daas Samar adem seddik
C2861,F3470,12/2025,Kopno Game,Seifeddine Bzainia Souaf Houssemdine Abdelaziz BEN MAHMOUD
C2862,F3471,12/2025,SaveMe,Aya Ben hriz
C2863,F3472,12/2025,Koolny,Chaima Rebai Mohamed Hachemi BEN HAJ ALI Salma BEN HADJ ALI
C2864,F3473,12/2025,makadija,Marouene Belkhiria Samia Khadija Belkhiria
C2865,F3474,12/2025,"Couche IA génératrice de workflow, Interfaces homme machine et reporting IA",Hayet Zguem Yahia Ben Cheikh
C2866,F3475,12/2025,Annuaire Service,Nebil Othman
C2867,F3476,12/2025,Deepinfluence,ghanem toumi tarek bani Mohamed Baha Eddine Baghdadi Montassar TOUATI Nabil Boukhdhir Marwa Moussi
C2868,F3477,12/2025,Night Panel,iheb haouech Marwen Zitouni
C2869,F3478,12/2025,InsurLink,Ahmed LIMAM Ilyes Limem
C2870,F3479,12/2025,FTOUH pharmaceuticals,mahdi ftouh
,F3020,12/2025,Tak Tak,Alaa Ben Said Mohamed Aziz Ben Said Sonia Najjar
,F3297,12/2025,Fast Help,Malek Ben hassine
,F3360,12/2025,Shoot,Yassine BEN GHANEM Souhail SBOUI Marwa ANNEBI
,F3258,12/2025,QHBuild,Mehdi Abdi
,F3480,12/2025,etanfidh-solution digitale pour huissiers,hichem ben dai
,F3366,12/2025,SymbioWave,Oussama Ben Salem
,F3481,12/2025,ProgressBox,Khouloud Missaoui houssem ben brahim Abdelhakim Haddad
,F3482,12/2025,BioExpert,Mohamed Ouni Skander Guarbaa khalil ben abdallah Manel CHAABANE
,F3260,12/2025,Assistant Manager IA QHSE,Khayri Romdhani hachicha Mohamed taher
,F3367,12/2025,Raba7ni,Ali Boukhris salim dagdoug taieb ben ali
C2871,F3483,01/2026,"IMMUNO KAAR : (IMMU CAR- DER ) : Gamme de Phyto médicaments spécifiques pour: immunité, cardiologie carcinologie, cicatrisation et dermopharmacie .",ZOHRA KECHIDA Ilem hassairi
C2872,F3484,01/2026,Arcube,Harvey Lowe Prithveesh Nallamilli
C2873,F3485,01/2026,GoToGreen,Nour Jdey Ferid Kamel
C2874,F3486,01/2026,OTARI,Youssef Abdeljaoued Raed Seddik
C2875,F3487,01/2026,Yes-Sir,FEDI SOUILEM
C2876,F3488,01/2026,HopeVisionAI,amira karoui Oussama Cherni
C2877,F3489,01/2026,SAHTEE,abderrahmen abdelkabir Slaheddine Dardouri
C2878,F3490,01/2026,ALBUPAD-NA,Eya ALOUI
C2879,F3491,01/2026,Riyasol,Asma Ferchichi Houda Ferchichi
C2880,F3492,01/2026,Qubit Labs Tunis,Marouane Salhi Hatem Eldakhakhni
C2881,F3493,01/2026,Nuraxis Ai,Hammadi Kadri Mohamed KADRI Wissal Rouabeh
C2882,F3494,01/2026,The Landlord Manager,Farouk Ben Achour
C2883,F3495,01/2026,TFCx,Rached Khalil Mariem Babay Rouis
C2884,F3496,01/2026,DURABILIS CONSULTING,Yassine RAHMOUNI Tahar Rahmouni RAHMOUNI Yassine
C2885,F3497,01/2026,RDVEXPRESS,Noureddine DBOUBA
C2886,F3498,01/2026,Automatizi,Lassaad Ben Rejeb Yosra Youssef
C2887,F3499,01/2026,TINNOBOTICS,Gharssallah Alaa Mohamed Firas Gabsi
C2888,F3500,01/2026,Attoset - The Work OS for Intelligent Work Management,Youssef Mejri Rayen Inoubli Mohamed habib Grami Chaima Ben Mahmoud
C2889,F3501,01/2026,GensisCode,yassin gmati maram guenouati
C2890,F3502,01/2026,Nexor Robotics,mohamed amine ziedi Naim Ezzdini Manar Daghsni Oussama Yaakoubi Sonia Amamou
C2891,F3503,01/2026,CvHub,Ali Nahdi
C2892,F3504,01/2026,CarthaPos,Oussama ferjani Mohamed ali Mankai
C2893,F3505,01/2026,OpenSOC,Mohamed Karim KECHALFI
C2894,F3506,01/2026,SM Drone,Skander Amamou Farah Chenchah
C2895,F3507,01/2026,Eyproc,saif ouhaibi Jaweher Khmiri Naceur ELLOUZE
C2896,F3508,01/2026,JeelQuest,Sabrine Hamrouni Charrad Chamseddine ala Akrichi Badereddine Fadhlaoui Hatem Benechikh
C2897,F3509,01/2026,9atratech,Mohamed Amine Mhadhbi
C2898,F3510,01/2026,AL BAYEN,BEN YAGOUTA Abdelbari Wrida BEN YAGOUTA
C2899,F3511,01/2026,Enissay Studio,Yassine Sellami Siwar Fourati wael sellami Mohamed Ilyas Abdelkefi
C2900,F2615,01/2026,BNJMO Studios,Mohamed Ben Jazia
,F3291,01/2026,Rhizome,Adnène Bouderbala
C2901,F3368,01/2026,Compta Smart Solutions,Ahmed Zahaf Mohamed Elyas Bazazi Hedi Zahaf
,F3512,01/2026,DIA industries,Mohamed Yessine KSIBI Ham D za ia B A o l u i ajila A Mehdi ZAYET
C2902,F3446,01/2026,Dash Master,ahmed walha Achraf Karoui
,F3293,01/2026,Erpy,Ali Nasr
,F3513,01/2026,Park & Charge,Rami Hedfi Zied Bradai Ghassen Chattouna
,F3329,01/2026,Ligalo,Alaa Adouni Salem Moussa Adouni
C2903,F3514,02/2026,HEXA5 SOLUTIONS,Mohamed TLICH
C2904,F3515,02/2026,MASSAR PERFECTION,Mahmoud Trabelsi
C2905,F3516,02/2026,Kessa,Chaibi Ahmed Fares
C2906,F3517,02/2026,My Quality Assistant Team /,Saadi Ismail
C2907,F3518,02/2026,ALGORIA FACTORY,wissem barouni Wissem Abdelhak Abdallah Ben jamaa
C2908,F3519,02/2026,citrustech,Insaf Ben Othman
C2909,F3520,02/2026,Estimo,Mohamed Amir Boufaden
C2910,F3521,02/2026,Intheair Labs,Marion Sardou Bruno GUTTON Olivier Apicella
C2911,F3522,02/2026,Teleon,Karim Ben Khaled
C2912,F3523,02/2026,Talento,Ghazi Smach
C2913,F3524,02/2026,Freshk,Mohamed aziz Hlaoua zied harzallah Rayane Ben abdelhalid Bouaziz Wissem
C2914,F3525,02/2026,cognitiex,mohamed aymen hassen amine salah hassen
C2915,F3526,02/2026,Fastoch,Affes Hedi Khaled Affes
C2916,F3200,02/2026,Styly App,Soumaya Sebai
C2917,F3527,02/2026,ERPOptic,Akrimi IHEB mohamed amine saadaoui
C2918,F3528,02/2026,Diyese-GEN,Adnen Selmi Zied Selmi
C2919,F3529,02/2026,GALYLIO,Tajer Karim Wala Naghmouchi Haydar Boudhrioua
C2920,F3530,02/2026,Hamo,Nawres Askri belhadj amir OMualeride mYa Bhyean MHomhaadmed Ala Din Habibi
,F3531,02/2026,WEFE TECH,Mounir Brik Wafa Helali Ons brik
C2921,F3532,02/2026,Darli,Wajdi Hajji
C2922,F3533,02/2026,Inlumya,Rayen Souissi
C2923,F3534,02/2026,e-syndic,mohamed ghorbel Maher Ben Gaied
C2924,F3535,02/2026,Tunisia Camp,Wael zahra Neji Khouja
C2925,F3536,02/2026,Integrated Analysis and Decision Solution,Mohamed Hedi Jebara
C2926,F3537,02/2026,Spovio,wael nouira mohamed khalil Askri
C2927,F3538,02/2026,zitoun ai technology lab,houssem zitoun
C2928,F3539,02/2026,Promoet,Adnene Marnissi Abdallah Lahbib JAMEL EDDINE EL MOUELHI
C2929,F3540,02/2026,Sensei AI,Majed ELBOUR Youssef Baklouti
C2930,F3541,02/2026,KweekTech,mohamed gassoumi Gannoun Ahmed
C2931,F3542,02/2026,Tiejob,Mortadha El mehri Mojtabah Mehri MEHRI Adem Amine Mehri
C2932,F3543,02/2026,Edutime,Guettat Sabeur Yessine Ben amor
C2933,F3544,02/2026,ZIARA,Wakassi Badra FOUAD BATROUNI
C2934,F3545,02/2026,LysiteK,Kawther MEKNI Marwa MEKNI Sohaib MEDINI
C2935,F3546,02/2026,Casanova,mohamed Idriss Tamni Landolsi Sabrine Mohamed Amine Harbaoui
C2936,F3547,02/2026,Padel Insights,mahdi jmal Adam Bouchaala
C2937,F3548,02/2026,AutoSimix,yassine karaouli Rami Mazouzi
,F3369,02/2026,innovia360,slim zghal Momtez AYADI
C2938,F3448,02/2026,Real Time Data Logger-RTDL,Mokhtar HARRABI Adam Ben Slama Mohamed Ameur BEN ABDESSALEM
,F3549,02/2026,The pointing graphical tablet,Mohamed Taibah Mohamed Kais A Ben Rhouma
,F3550,03/2026,DigiQuorum,Nawel Brahmi Sofiane MABROUK
C2939,F3551,03/2026,WIDITION,Mériem Jaïdane Nader Mechergui Neska Elhaouij
,F3552,03/2026,LEGALYZ,Aymen El Kadhi Khalil Bessaad hassen noamen
C2940,F3553,03/2026,Talent 619,Saifeddine Mgasseb bacha baha eddine
C2941,F3554,03/2026,ComptaRise,karim Nouira Ines Ben khalifa
,F3555,03/2026,Wiser Design Technology Tunisia,MOHAMED MEHDI BACCOUCHE MOHAMED LOTFI DEROUICHE bilal cammoun
C2942,F3556,03/2026,Pharma link,Omar Haffoudhi Hassen Hafoudhi Anis Hafoudhi Wafa Aouine
C2943,F3557,03/2026,Fitories,Anas HAJLAOUI Sofiene Ben romdhane Sami sghaier
C2944,F3558,03/2026,WattzHub Tunisie,Oumayma AMRI
C2945,F3559,03/2026,CnBees,Jaouher Mghirbi Adel Ghorbel
C2946,F3560,03/2026,TrinovaQ,Raef Ben Jeddou Hela Bouallegue
C2947,F3561,03/2026,Cosmos,Iyed Gabsi mohamed dahmani
,F3562,03/2026,Foodieri,Sabrine Hammami Dina Mechergui Sabrine Golli
C2948,F3563,03/2026,RASD - Risk Assessment & Security Dashboard,Houcem KOLSI
C2949,F3564,03/2026,Optiflows,Jihed El Hak Bakalti Mohamed Aziz Ayadi
C2950,F3565,03/2026,Drivi.tn,Mohamed Salah Ayari Mohamed Aissa MAAMER Med Ben aoun
C2951,F3566,03/2026,Degla,Aziz Hanafi Ahmed Mohmedzain
C2952,F3567,03/2026,Elbat7a.tn,Chiheb Chammem abdelaziz ben yahia Oussama Ben achour
C2953,F3568,03/2026,B-CAR,Adnen Romdhane Siwar Hafian
C2954,F3569,03/2026,N2VERSE,Nizar JLASSI Rym Sghaier
C2955,F3570,03/2026,Confirmed,chahine elamri
,F3571,03/2026,Taniterra,Nadhem Chroudi
C2956,F3572,03/2026,LoopImpact,Imed Hamdi
C2957,F3573,03/2026,Vexylio Reg.,AHMED TARHOUNI TRABELSI
C2958,F3574,03/2026,DigiTechBridge360,Kalai Mohamed Selim Gatti Anis Wahabi
C2959,F3575,03/2026,Djanguil,Mehdi KHECHINE HAYTHEM BEN KAAB Hmida Ben Tili
C2960,F3576,03/2026,DropWise Technologie,Souhail Daoued Moatez Chraiet Zouhaiera Abdaoui
C2961,F3577,03/2026,Kiloklean,Yassine BELHEDI
C2962,F3578,03/2026,NB PRODUCTS,Nesrine Ben Ali khouloud lazher
C2963,F3579,03/2026,DataIndus,MOHAMED AZIZ BEN MAHMOUD
C2964,F3580,03/2026,NexioT,Mefteh Wajdi Lilia Sfaxi Ben Nasr Nejib
C2965,F3581,03/2026,xshop,Mounir Riahi
C2966,F3582,03/2026,cantinou,Mohamed BOUHAMED
C2967,F3583,03/2026,MindCura,dhia eddine ftiss Basma Souani Tayssir Ben Nehia
C2968,F3584,03/2026,KindOfHero,Raouya Kriaa Chadi Ayari
C2969,F3585,03/2026,Plantini,Mouhamed Wassim Mbarek Mouhamed Wassim Mbarek Hanine ABBES
C2970,F3586,03/2026,SkySwift Medical,Kamel Djouaihia Kamel Djouaihia
C2971,F3587,03/2026,Cure Care,Walid Jemaa Mohamed Dhaouafi Bechir Yacoubi Arafet Toubib
C2972,F3588,03/2026,VLOX,Mouhamed Ben salah
C2973,F3589,03/2026,Société DoYield Tunisie / Projet RevMate,Chedi Chaari Chedi Chaari Gaëtan Gil
,F3195,03/2026,Eggmed,Akram Azaiez
,F3330,03/2026,Flashbac,Mohamed Mouhib Meddeb Hazem Ben Saria
C2974,F3445,03/2026,Fiel Medina,Mohamed Touati
,F3590,03/2026,Trip Hive,Ben thabet Mohamed Charfeddine Aziza Souaf Amir Rebhi Amira Hamden Nasri
C2975,F3591,04/2026,Ecoshare,Hadda Jaouabi
C2976,F3592,04/2026,MyLabSkills,KHEMAIS BEN MUSTAPHA firas khlil Seif Eddine Trabelsi Mondher KHELIFI Sabrine FKAIER
C2977,F3593,04/2026,WiHelp,Mohamed Ghaith Welhezi
C2978,F3594,04/2026,YesCodi,Oumaima Abidi Ahmed Chouihi
C2979,F3595,04/2026,Chimie Verte,Mohamed Ali Megdich Ahmed cherif Issa Elloumi Nizar Bellakhal
C2980,F3596,04/2026,PolstarAI,slim haj salah Ben Araar Mortadha Nour Daas
C2981,F3597,04/2026,agri résilience,Moez DAKHLAOUI YESSER MREZGUA Sami Hedda
C2982,F3598,04/2026,Chabaqa,wyssem neila louay rjili Mariem ben ali Yassine Aniba
C2983,F3599,04/2026,EUKLYDIA,oumeima LAIFA
C2984,F3600,04/2026,TransitTN,saber mekki
C2985,F3601,04/2026,Qvision,Elyes Elbez
C2986,F3602,04/2026,Houny,Bilel Chamkhi Rami BenDhia
C2987,F3603,04/2026,Alhazen AI,Aymen Mejri Belgacem Bouallegue
C2988,F3604,04/2026,Ask Tanit,Safa Jemli Ouni Sabri Rami Hdhili jihene ouled Seghaier
C2989,F3605,04/2026,Roots Care Cubes,Asma Omri Bechir Bellasfar
C2990,F3606,04/2026,moujib.com,Khalil Jedda
C2991,F3607,04/2026,Twee Ai,sabri baccar Ahmed Jerbi Abdelmalek Abassisse
C2992,F3608,04/2026,AL RAZI AI,slim soussia yahya soussia
C2993,F3609,04/2026,Talent Verse,Bilel Bellili Skander Chelbi Samia Chelbi
C2994,F3610,04/2026,société VISENIOUS SUARL,RAMZI JOGJOG
,F3043,04/2026,MedSyn,Malek Gharsallah Faouzi Nouira
C2995,F3611,04/2026,Discounts,Mohamed Talel Torkhani
C2996,F3612,04/2026,Hotelgenius.app,Oussema Bouaissi
C2997,F3613,04/2026,eco green watering / eco xtreme,Oussama houcine
C2998,F3614,04/2026,Tshopily,Malak Grami Chourouk Chaker
C2999,F3615,04/2026,PARPECO,Karim trifi
C3000,F3616,04/2026,DIGIMY,oueslati ahmed Houssem Wasleti
C3001,F3617,04/2026,TUTLAYT TRANSLATIONS,Mustapha Bouarrouj Mustapha Bouarrouyj
C3002,F3618,04/2026,Terraconnect,Ben Abdallah Taoufik Achref Jarray Khaled Hammami khalil mansour Nagati Mahmoud Jhinaoui Ariij Mohamed Ali Ben Abdallah
C3003,F3619,04/2026,EcomEyes,Seifeddine Seghaier Hani Hamrouni
C3004,F3620,04/2026,Omni Links,Ismail Ben Salah
C3005,F3621,04/2026,SMARTCO,Bezzine Marwen
C3006,F3622,04/2026,360TN,Riadh DJELASSI
C3007,F3623,04/2026,FitoGramme,Mohamed Amine Toumi Yessine Bouaziz
C3008,F3624,04/2026,Meta Health,Sami LOUKIL Ines Halouani
C3009,F3625,04/2026,Noqlah,Habil Amri
C3010,F3626,04/2026,SmartGEO,Wala Naghmouchi
C3011,F3627,04/2026,Proovlab,Mohamed AZAOUZI Aziz Frikha Sana Boujaafar
C3012,F3361,04/2026,History Connexion,Malek Ben yaghlane
C3013,F3362,04/2026,Clubedge Digital Systems,Yassine Ahmed Fedi Khaled Mohamed hedi MAGHREBI Achraf HADRICH
,F3363,04/2026,COLEA AgriTech,Thaer Tafesh Matthias Würtenberger
,F3365,04/2026,Absher AI,Ghada Eladeb Yahya Samet Mohamed Hachicha Mohamed Regaya
C3017,F3628,05/2026,AL idhafa,Gassoumi Faouzi Souhaiel Mnasri nourelhouda Abdellaoui
C3018,F3629,05/2026,Ansab ب سنأ,omar hamza sfaxi Ayman Jemaa
C3019,F3630,05/2026,Biopot,AMAL MEDHIOUB bilel kharrat
C3020,F3631,05/2026,neptune.tn,mohamed amine trabelsi
,F3632,05/2026,Ontej,Mohamed Amine Ouchari
C3021,F3633,05/2026,Brimind,ABDERRAHMEN BRINIS
C3022,F3634,05/2026,Estateboost,Achref ksontini Hamza Ksontini Nadia Bellagha
C3023,F3635,05/2026,OKGO,Farouk Mestiri Mouhib Daly Mariem Bouzekri
C3024,F3636,05/2026,Sidekick4All ONETEEM Tunisia SUARL,Yassin Ben Naceur
C3025,F3637,05/2026,Legatio Technologies,Mohamed amine samet
C3026,F3638,05/2026,INOVENTIS,Eddaly Nassim Mohamed Youssef ZRIG Rania Fatnassi
C3027,F3639,05/2026,PLATEFORME AUTOMOBILE INTELLIGENTE,Wassim Mallouli Marwa Maalej soufien kallel
C3028,F3640,05/2026,Qodecheck,Imed Neifar
C3029,F3641,05/2026,TaskWise AI,Yosr Brahim Mehdi Laourine
C3030,F3642,05/2026,ThreeRust Engine,Aymen Kmama
C3031,F3643,05/2026,Tunisie Freelance,slim skhab Nabila Toumi
C3032,F3644,05/2026,cleanoov,soulaymen bayoudh ilef Sfar Ali Barhoumi
C3033,F3645,05/2026,BAYYOU LABS,Salah SKANDER AYARI Wassim Maamouri
C3034,F3646,05/2026,YuboKits,Saoud Ayoub amara iyed
C3035,F3647,05/2026,BlueBox Labs,Seifollah Hadrich Rihab Ben Ameur
C3036,F3648,05/2026,kounfit,ben hajji zakaria
C3037,F3649,05/2026,MOSOFTY,Mohamed Kefi
C3038,F3650,05/2026,Komein,Oussema Attia fares ben hmida Mauadh Bachtobji
C3039,F3651,05/2026,CorHexia,Ahmed Bannour baha benchaabane
C3040,F3652,05/2026,Workior,Maroua Mejbri Bedi MEJBRI Ghazi Mejbri Mohamed Malek Mejbri
C3041,F3653,05/2026,LeaCall,Oumayma Jouini Nidhal Amara farah houssem
C3042,F3654,05/2026,SIROCCO (Jobinterview.live),Omar CHERIF
C3043,F2828,05/2026,Mariage TN,Sanaa Wajdi
,F3655,05/2026,Farness,Atef Ahmadi Mourad Boussaid
C3044,F3656,05/2026,Revisplus,achraf ben jebara Emna Ghariani
C3045,F3096,05/2026,Playfast,Ibrahim Goddi
C3046,F3657,05/2026,DossiMed,Yasmine BOUDHINA
C3047,F3658,05/2026,ALCURA,Abdelnacer BOUTABBA amel zahlila
C3048,F3659,05/2026,Twelev8,Hatem Chabchoub
C3049,F3660,05/2026,Tadbir AI,Hamdi KHADHRAOUi
C3049,F3661,05/2026,Tadbir AI,O umayma Allouch
C3049,F3662,05/2026,Tadbir AI,Olfa
C3049,F3663,05/2026,Tadbir AI,Jrad
C3049,F3664,05/2026,Tadbir AI,Akrem Khadhraoui
,F3665,05/2026,Qubit Labs Tunis,Marouane Salhi
,F3666,05/2026,Qubit Labs Tunis,Hatem Eldakhakhni
,F3615,05/2026,PARPECO,Karim trifi
,F3487,05/2026,Yes-Sir,FEDI SOUILEM
,F3667,05/2026,Freshk,Mohamed aziz
,F3668,05/2026,Freshk,Hlaoua zied
,F3669,05/2026,Freshk,harzallah Rayane Ben abdelhalid
,F3670,05/2026,Freshk,Boua ziz Wissem
C3051,F3671,06/2026,Dourou,Omar Maghraoui
C3052,F3672,06/2026,Athletika,Jihed Bousnina
,F2643,06/2026,SANEOB,Mouna Boussetta
,F3673,06/2026,DrugIT,Koussai Salem Nejla Stambouli Mohamed Aziz Elhif Jawher Khalifa roua ben braiek amel chaoueli Yasmine Ben Ghali samar hasnaoui maher mahoumdi haythem mami souha jelassi amir ben hassine
C3053,F3674,06/2026,M2P INNOVATION,Mehdi Ben Younes Ahmad Mohammad Awad Abu Fares Feras Alkhiami
C3054,F3675,06/2026,Drive N Go Mobile Car Solutions,Jihene Ben Nasser Abdallah Ben Zribia
C3055,F3676,06/2026,IFBW,Fathi Houaichine Lionel HAMMAN
C3056,F3677,06/2026,MedCalc,Mohamed Aziz Rouis
C3057,F2042,06/2026,montransporteur,Karim Gharbi
C3058,F3678,06/2026,BeanBack,Jaouher Ben Ali
C3059,F3679,06/2026,Imperia AI,Ahmed Mkacher Selmi Khalil Yassin Manita
C3060,F3680,06/2026,Ktebi Ktebek,Mohamed Boumaiza
C3061,F3681,06/2026,Fouteta,abdelaziz belhadjhassine
C3062,F3420,06/2026,CLEVERSCHED,Zoubaier Bouajaja
C3063,F3682,06/2026,Barakeat,Yassine Zaghouani Youssef Chebil
C3064,F3683,06/2026,Nexæra AI,Jihed Raissi Mariem Djobbi
C3065,F3684,06/2026,Chaima Création,Chaima MBARKI
C3066,F3685,06/2026,Rinpen,khaoula Ben Ahmed Hamdi Rebhi Mohamed Hmidi Mohamed Aziz AGUILI Zeyneb Ibrahim
C3067,F3686,06/2026,MediSync,Kaouther Farhaoui Riadh ELEUCHI
C3068,F3687,06/2026,SAVE YOUR ENERGY,Amine Derbel
C3069,F3688,06/2026,Integrated Robotics & Intelligent Systems (IRIS),Foued Elkamel
C3070,F3689,06/2026,BE THE BOSS ACADEMY,Wahida Labidi Houssem CHARFI
C3071,F3690,06/2026,Tundata,Haydar Boudhrioua KARIM TEJER
,F3691,06/2026,Kruzr,houssem eddin hamdi
C3072,F3692,06/2026,OrdoScope,Ali Ben Brahim Hazem JDAY
C3073,F3693,06/2026,ARTCHAD,Chadha Driss
C3074,F3694,06/2026,smartbook.tn,azizi dhafer Nidhal Azizi
C3075,F3695,06/2026,CARBOLIA,Mohamed Najeh ISSAOUI Ahmed CHAOUCHI
C3076,F3696,06/2026,Tikana,Sana Elfaleh Sahbi KHALFALLAH
C3077,F3697,06/2026,Pixelgate studio,elyes chater Amira Cheniour azer echeikh
,F3698,06/2026,Verdolive,ghanem iheb
C3078,F3699,06/2026,ConneXtream,Salwa Makni Ghassen Latrach
C3079,F3700,06/2026,Semsem,Karim Tounsi Yasmine AMARA Kais Tounsi
C3080,F3701,06/2026,ShadowTwin,Mohamed Amin Ben Said
C3081,F3702,06/2026,Medify VR,Abdelaziz Ayed
C3082,F3703,06/2026,DEVENCE LAB,Rami jaouadi Jaouadi Iheb
C3083,F3704,06/2026,Xapp,Youssef Fessi
C3084,F3705,06/2026,GP9,Mohsen Zarrouk
C3085,F3636,06/2026,ONETEEM TUNISIA SUARL,Yassin Ben Naceur
C3086,F3564,06/2026,Optiflows Technologies,Jihed El Hak Bakalti Mohamed Aziz Ayadi
C3087,F3523,06/2026,TALENTO NETWORK,Ghazi Smach
,F3594,06/2026,YesCodi,Oumaima Abidi Ahmed Chouihi
C3090,F3706,10/2020,Fidelicia,Tommy Piedbois
C3091,F3707,10/2020,Qartaj,Moncef Ben Rajeb
C3091,F3708,10/2020,Qartaj,Yahyaoui Faouzi
C3092,F3709,10/2020,Animadop,khalil ben said
C3092,F3710,10/2020,Animadop,Fatma Essafi
C3093,F3711,10/2020,EATISY,Walid Baltagi
C3093,F0739,10/2020,EATISY,Hamed Baltagi
C3093,F3712,10/2020,EATISY,Chekib Chakroun
C3093,F3713,10/2020,EATISY,Chedi Chakroun
,F0462,10/2020,NG Technologies,Moez Ben Mbarka
,F3714,10/2020,NG Technologies,Mohamed Ali Tarhouni
,F1029,10/2020,NG Technologies,Khadija Ferjani
C3094,F3715,10/2020,LES SOUKS.COM SARL,Nour El Houda Kaouach
C3094,F3716,10/2020,LES SOUKS.COM SARL,Hichem Mathlouthi
C3095,F3717,10/2020,Knowledge and Business Intelligence Integration,Zina Douar
C3095,F3718,10/2020,Knowledge and Business Intelligence Integration,Brahim Douar
C3096,F3719,10/2020,Toumi Electronics,Ali Toumi
C3097,F3720,10/2020,Caprigène Impact Investing,Mongi Kaddoussi
C3098,F3721,10/2020,Marhba.tn Experiences,Farouk Oueslati
C3098,F3722,10/2020,Marhba.tn Experiences,Dorsaf Touil
,F1209,10/2020,Fantastic Mall,Mohamed Torkhani
,F1210,10/2020,Fantastic Mall,Talel Mouaada
,F3723,10/2020,Fantastic Mall,Mohamed El kamel
,F1212,10/2020,Fantastic Mall,Saber Ben Ahmed
,F1213,10/2020,Fantastic Mall,Sahbi Ben Fredj
C3099,F3724,10/2020,E W,Mohamed Baazaoui
,F3725,10/2020,Creometry,Mounir Ghlaiel
,F3726,10/2020,Creometry,Aymen El Amri
C3100,F3727,10/2020,Liberrex,Achraf Ammar
C3101,F3728,10/2020,بﺎﺗﻛ ﺔﻠﺣر Journey,Houssem Baaka
C3101,F3729,10/2020,بﺎﺗﻛ ﺔﻠﺣر Journey,Aya Achour
C3101,F3730,10/2020,بﺎﺗﻛ ﺔﻠﺣر Journey,Bilal Nsib
C3102,F3731,10/2020,Keto Life Style,Yesmine Ben Ameur
C3102,F3732,10/2020,Keto Life Style,Mohamed Ali Rekik
C3103,F3733,10/2020,ECG Lab,Hatem Rabeh
C3103,F3734,10/2020,ECG Lab,Adel Fardi
C3103,F3735,10/2020,ECG Lab,Ayoub Belfekih
C3104,F3736,10/2020,VIRGIN,Ahmed Aziz Chaker
C3104,F3737,10/2020,VIRGIN,Mourad CHAKER
C3105,F3738,10/2020,international business space,Ghada Sayeh Cherif
C3105,F3739,10/2020,international business space,Foued Cherif
C3106,F3740,10/2020,DIGIWAY SOLUTIONS,Malek Othmane
C3106,F3741,10/2020,DIGIWAY SOLUTIONS,Houssem Lahbacha
C3107,F3742,10/2020,INTERNATIONAL COACH START-UP,Imen Jabri
C3107,F3743,10/2020,INTERNATIONAL COACH START-UP,Bilel Amdouni
C3107,F3744,10/2020,INTERNATIONAL COACH START-UP,Neceur Kaleche
C3108,F3745,10/2020,eStores Factory,Radhouane Farhat
C3108,F3746,10/2020,eStores Factory,Hatem Ammar
C3108,F3747,10/2020,eStores Factory,Ahmed Khlif
C3109,F3748,10/2020,ibtikar,Tawfik Twil
C3109,F3749,10/2020,ibtikar,Fatma Twil
C3110,F3750,10/2020,EXPLOIT CONSULT,Hichem Sfayhi
C3111,F3751,10/2020,Classroom,Yousser Boulifa
C3112,F3752,10/2020,prognet,Chaima Ishak
,F3753,10/2020,Elastic-Solutions,Abdelmonam Kouka
,F3754,10/2020,Elastic-Solutions,Ayed Akrout
C3113,F3755,10/2020,EVENT-TECH 3D,Maher Sassi
C3113,F3756,10/2020,EVENT-TECH 3D,Chams Chouchene
C3114,F3757,10/2020,GestiOs,Amani Ghezal
C3115,F3758,10/2020,9dhaya.tn,Hatem Haj Mefteh
C3115,F3759,10/2020,9dhaya.tn,Sami Ben arfa
C3116,F3760,10/2020,Business Medical Revolution,Haykel Beji
,F1525,10/2020,FUGLAB,Belgacem Negrini
C3117,F3761,10/2020,www.Legalup.tn,Khaled Sfar
C3117,F3762,10/2020,www.Legalup.tn,Hsan Trabelsi
C3118,F1932,10/2020,ReserviTounsi,Mourad Sahloul
C3118,F3763,10/2020,ReserviTounsi,Ramez Zormati
C3118,F3764,10/2020,ReserviTounsi,Heni S'himi
C3119,F3765,10/2020,La Moudha.tn,Adam Boulila
C3119,F3766,10/2020,La Moudha.tn,Cyrine Bel Haj Khalifa
C3119,F3767,10/2020,La Moudha.tn,Hamdi Abidi
,F3768,10/2020,forsaty,Mohamed slimeni
,F3769,10/2020,forsaty,Lobna Dhaou
,F3770,10/2020,StockPad,Mechria Rafik
C3120,F3771,10/2020,ELECTRICITY B2B,Ghazi Chebbi
C3121,F3772,10/2020,FlahaTek,Marwa Fersi
C3121,F3773,10/2020,FlahaTek,Sawssen Bouguerra
C3122,F3774,10/2020,PLEXUS,Kirmene Marzouki
C3122,F3775,10/2020,PLEXUS,Sarah Ben Slimene
C3122,F3776,10/2020,PLEXUS,Hedia Kochkar
C3123,F3777,10/2020,Tunisia-cryptomonnaies,Ghanem Feki
C3123,F3778,10/2020,Tunisia-cryptomonnaies,Marwa Ksibi
C3123,F3779,10/2020,Tunisia-cryptomonnaies,Dhia Rekik
C3124,F0637,10/2020,Tynass information technologie,Karim Hermi
C3124,F3780,10/2020,Tynass information technologie,Samy Ben Chaalia
C3124,F3781,10/2020,Tynass information technologie,khalil Ben Ali
C3125,F0250,10/2020,PEPOLLS,Omar Bouattay
C3125,F0530,10/2020,PEPOLLS,Jihed Rahmouni
C3125,F0531,10/2020,PEPOLLS,Jihen Rahmouni
C3126,F0575,10/2020,DariDar Corporation,Taha Khaled
C3126,F3782,10/2020,DariDar Corporation,Chamseddine Bouhouch
C3127,F0775,10/2020,Robo Care,Imen Hbiri
C3127,F0776,10/2020,Robo Care,Abdelaziz Kallel
,F0952,10/2020,Amonak,Jean Philippe Kokora
,F0953,10/2020,Amonak,Joseph Adai
C3128,F3783,10/2020,"AREV ""Makhbazti Digitale""",Marwen Khemis
C3129,F0521,10/2020,Fasteas technology,Kais Ben Ayed
C3129,F3784,10/2020,Fasteas technology,Meriem El May
C3130,F0045,10/2020,ilboursa.com / Société African Web Company,Ismail Ben Sassi
C3130,F0046,10/2020,ilboursa.com / Société African Web Company,Rodolphe Villaes
C3130,F3785,10/2020,ilboursa.com / Société African Web Company,Omar El Oudi
C3130,F3786,10/2020,ilboursa.com / Société African Web Company,Kouakou Dankoua Agree
